config_name,config_id,dU,dV,dW,sigma,n_samples,stable_without_diffusion,diego_turing,shaberi_total,shaberi_type_I,shaberi_type_II,shaberi_hopf,filter_count,rob_diego,rob_shaberi_total,rob_shaberi_type_I
NEW_RMT_1823_Type1_Control_Slow,0,0.1,0.1,0.1,0.1,500000,500000,0,0,0,0,0,0,0.0,0.0,0.0
NEW_RMT_1823_Type1_Control_Slow,0,0.1,0.1,0.1,0.2,500000,500000,0,0,0,0,0,0,0.0,0.0,0.0
NEW_RMT_1823_Type1_Control_Slow,0,0.1,0.1,0.1,0.3,500000,500000,0,0,0,0,0,0,0.0,0.0,0.0
NEW_RMT_1823_Type1_Control_Slow,0,0.1,0.1,0.1,0.4,500000,499562,0,0,0,0,0,0,0.0,0.0,0.0
NEW_RMT_1823_Type1_Control_Slow,0,0.1,0.1,0.1,0.5,500000,495492,0,0,0,0,0,0,0.0,0.0,0.0
NEW_RMT_1823_Type1_Control_Slow,0,0.1,0.1,0.1,0.58,500000,486045,0,0,0,0,0,0,0.0,0.0,0.0
NEW_RMT_1823_Type1_Control_Slow,0,0.1,0.1,0.1,0.6,500000,482662,0,0,0,0,0,0,0.0,0.0,0.0
NEW_RMT_1823_Type1_Control_Slow,0,0.1,0.1,0.1,0.7,500000,460928,0,0,0,0,0,0,0.0,0.0,0.0
NEW_RMT_1823_Type1_Control_Slow,0,0.1,0.1,0.1,0.8,500000,433280,0,0,0,0,0,0,0.0,0.0,0.0
NEW_RMT_1823_Type1_Control_Slow,0,0.1,0.1,0.1,0.9,500000,403439,0,0,0,0,0,0,0.0,0.0,0.0
NEW_RMT_1823_Type1_Control_Slow,0,0.1,0.1,0.1,1.0,500000,374064,0,0,0,0,0,0,0.0,0.0,0.0
NEW_RMT_1823_Type1_Control_Slow,0,0.1,0.1,0.1,1.1,500000,346492,0,0,0,0,0,0,0.0,0.0,0.0
NEW_RMT_1823_Type1_Control_Slow,0,0.1,0.1,0.1,1.2,500000,321234,0,0,0,0,0,0,0.0,0.0,0.0
NEW_RMT_1823_Type1_Control_Slow,0,0.1,0.1,0.1,1.3,500000,298617,0,0,0,0,0,0,0.0,0.0,0.0
NEW_RMT_1823_Type1_Control_Slow,0,0.1,0.1,0.1,1.4,500000,278542,0,0,0,0,0,0,0.0,0.0,0.0
NEW_RMT_1823_Type1_Control_Slow,0,0.1,0.1,0.1,1.5,500000,260816,0,0,0,0,0,0,0.0,0.0,0.0
NEW_RMT_1823_Type1_Control_Slow,0,0.1,0.1,0.1,1.6,500000,245068,0,0,0,0,0,0,0.0,0.0,0.0
NEW_RMT_1823_Type1_Control_Slow,0,0.1,0.1,0.1,1.8,500000,219021,0,0,0,0,0,0,0.0,0.0,0.0
NEW_RMT_1823_Type1_Control_Slow,0,0.1,0.1,0.1,2.0,500000,198141,0,0,0,0,0,0,0.0,0.0,0.0
NEW_RMT_1823_Type1_Control_Slow,0,0.1,0.1,0.1,2.2,500000,181037,0,0,0,0,0,0,0.0,0.0,0.0
NEW_RMT_1823_Type1_Control_Slow,0,0.1,0.1,0.1,2.4,500000,166960,0,0,0,0,0,0,0.0,0.0,0.0
NEW_RMT_1823_Type1_Control_Slow,0,0.1,0.1,0.1,2.6,500000,155337,0,0,0,0,0,0,0.0,0.0,0.0
NEW_RMT_1823_Type1_Control_Slow,0,0.1,0.1,0.1,2.8,500000,145463,0,0,0,0,0,0,0.0,0.0,0.0
NEW_RMT_1823_Type1_Control_Slow,0,0.1,0.1,0.1,3.0,500000,137181,0,0,0,0,0,0,0.0,0.0,0.0
NEW_RMT_1823_Type1_Control_Slow,0,0.1,0.1,0.1,3.2,500000,130047,0,0,0,0,0,0,0.0,0.0,0.0
NEW_RMT_1823_Type1_Control_Slow,0,0.1,0.1,0.1,3.4,500000,123759,0,0,0,0,0,0,0.0,0.0,0.0
NEW_RMT_1823_Type1_Control_Slow,0,0.1,0.1,0.1,3.6,500000,118333,0,0,0,0,0,0,0.0,0.0,0.0
NEW_RMT_1823_Type1_Control_Slow,0,0.1,0.1,0.1,3.8,500000,113543,0,0,0,0,0,0,0.0,0.0,0.0
NEW_RMT_1823_Type1_Control_Slow,0,0.1,0.1,0.1,4.0,500000,109120,0,0,0,0,0,0,0.0,0.0,0.0
NEW_RMT_1823_Type1_Control_Slow,0,0.1,0.1,0.1,4.5,500000,99915,0,0,0,0,0,0,0.0,0.0,0.0
NEW_RMT_1823_Type1_Control_Slow,0,0.1,0.1,0.1,5.0,500000,92591,0,0,0,0,0,0,0.0,0.0,0.0
NEW_RMT_1823_Type1_Control_Slow,0,0.1,0.1,0.1,5.5,500000,86521,0,0,0,0,0,0,0.0,0.0,0.0
NEW_RMT_1823_Type1_Control_Slow,0,0.1,0.1,0.1,6.0,500000,81401,0,0,0,0,0,0,0.0,0.0,0.0
NEW_RMT_1823_Type1_Control_Slow,0,0.1,0.1,0.1,7.0,500000,73173,0,0,0,0,0,0,0.0,0.0,0.0
NEW_RMT_1823_Type1_Control_Slow,0,0.1,0.1,0.1,8.0,500000,66833,0,0,0,0,0,0,0.0,0.0,0.0
NEW_RMT_1823_Type1_Control_Slow,0,0.1,0.1,0.1,9.0,500000,61663,0,0,0,0,0,0,0.0,0.0,0.0
NEW_RMT_1823_Type1_Control_Slow,0,0.1,0.1,0.1,10.0,500000,57346,0,0,0,0,0,0,0.0,0.0,0.0
NEW_RMT_1823_Type1_Control_Equal,1,1.0,1.0,1.0,0.1,500000,500000,0,0,0,0,0,0,0.0,0.0,0.0
NEW_RMT_1823_Type1_Control_Equal,1,1.0,1.0,1.0,0.2,500000,500000,0,0,0,0,0,0,0.0,0.0,0.0
NEW_RMT_1823_Type1_Control_Equal,1,1.0,1.0,1.0,0.3,500000,500000,0,0,0,0,0,0,0.0,0.0,0.0
NEW_RMT_1823_Type1_Control_Equal,1,1.0,1.0,1.0,0.4,500000,499562,0,0,0,0,0,0,0.0,0.0,0.0
NEW_RMT_1823_Type1_Control_Equal,1,1.0,1.0,1.0,0.5,500000,495492,0,0,0,0,0,0,0.0,0.0,0.0
NEW_RMT_1823_Type1_Control_Equal,1,1.0,1.0,1.0,0.58,500000,486045,0,0,0,0,0,0,0.0,0.0,0.0
NEW_RMT_1823_Type1_Control_Equal,1,1.0,1.0,1.0,0.6,500000,482662,0,0,0,0,0,0,0.0,0.0,0.0
NEW_RMT_1823_Type1_Control_Equal,1,1.0,1.0,1.0,0.7,500000,460928,0,0,0,0,0,0,0.0,0.0,0.0
NEW_RMT_1823_Type1_Control_Equal,1,1.0,1.0,1.0,0.8,500000,433280,0,0,0,0,0,0,0.0,0.0,0.0
NEW_RMT_1823_Type1_Control_Equal,1,1.0,1.0,1.0,0.9,500000,403439,0,0,0,0,0,0,0.0,0.0,0.0
NEW_RMT_1823_Type1_Control_Equal,1,1.0,1.0,1.0,1.0,500000,374064,0,0,0,0,0,0,0.0,0.0,0.0
NEW_RMT_1823_Type1_Control_Equal,1,1.0,1.0,1.0,1.1,500000,346492,0,0,0,0,0,0,0.0,0.0,0.0
NEW_RMT_1823_Type1_Control_Equal,1,1.0,1.0,1.0,1.2,500000,321234,0,0,0,0,0,0,0.0,0.0,0.0
NEW_RMT_1823_Type1_Control_Equal,1,1.0,1.0,1.0,1.3,500000,298617,0,0,0,0,0,0,0.0,0.0,0.0
NEW_RMT_1823_Type1_Control_Equal,1,1.0,1.0,1.0,1.4,500000,278542,0,0,0,0,0,0,0.0,0.0,0.0
NEW_RMT_1823_Type1_Control_Equal,1,1.0,1.0,1.0,1.5,500000,260816,0,0,0,0,0,0,0.0,0.0,0.0
NEW_RMT_1823_Type1_Control_Equal,1,1.0,1.0,1.0,1.6,500000,245068,0,0,0,0,0,0,0.0,0.0,0.0
NEW_RMT_1823_Type1_Control_Equal,1,1.0,1.0,1.0,1.8,500000,219021,0,0,0,0,0,0,0.0,0.0,0.0
NEW_RMT_1823_Type1_Control_Equal,1,1.0,1.0,1.0,2.0,500000,198141,0,0,0,0,0,0,0.0,0.0,0.0
NEW_RMT_1823_Type1_Control_Equal,1,1.0,1.0,1.0,2.2,500000,181037,0,0,0,0,0,0,0.0,0.0,0.0
NEW_RMT_1823_Type1_Control_Equal,1,1.0,1.0,1.0,2.4,500000,166960,0,0,0,0,0,0,0.0,0.0,0.0
NEW_RMT_1823_Type1_Control_Equal,1,1.0,1.0,1.0,2.6,500000,155337,0,0,0,0,0,0,0.0,0.0,0.0
NEW_RMT_1823_Type1_Control_Equal,1,1.0,1.0,1.0,2.8,500000,145463,0,0,0,0,0,0,0.0,0.0,0.0
NEW_RMT_1823_Type1_Control_Equal,1,1.0,1.0,1.0,3.0,500000,137181,0,0,0,0,0,0,0.0,0.0,0.0
NEW_RMT_1823_Type1_Control_Equal,1,1.0,1.0,1.0,3.2,500000,130047,0,0,0,0,0,0,0.0,0.0,0.0
NEW_RMT_1823_Type1_Control_Equal,1,1.0,1.0,1.0,3.4,500000,123759,0,0,0,0,0,0,0.0,0.0,0.0
NEW_RMT_1823_Type1_Control_Equal,1,1.0,1.0,1.0,3.6,500000,118333,0,0,0,0,0,0,0.0,0.0,0.0
NEW_RMT_1823_Type1_Control_Equal,1,1.0,1.0,1.0,3.8,500000,113543,0,0,0,0,0,0,0.0,0.0,0.0
NEW_RMT_1823_Type1_Control_Equal,1,1.0,1.0,1.0,4.0,500000,109120,0,0,0,0,0,0,0.0,0.0,0.0
NEW_RMT_1823_Type1_Control_Equal,1,1.0,1.0,1.0,4.5,500000,99915,0,0,0,0,0,0,0.0,0.0,0.0
NEW_RMT_1823_Type1_Control_Equal,1,1.0,1.0,1.0,5.0,500000,92591,0,0,0,0,0,0,0.0,0.0,0.0
NEW_RMT_1823_Type1_Control_Equal,1,1.0,1.0,1.0,5.5,500000,86521,0,0,0,0,0,0,0.0,0.0,0.0
NEW_RMT_1823_Type1_Control_Equal,1,1.0,1.0,1.0,6.0,500000,81401,0,0,0,0,0,0,0.0,0.0,0.0
NEW_RMT_1823_Type1_Control_Equal,1,1.0,1.0,1.0,7.0,500000,73173,0,0,0,0,0,0,0.0,0.0,0.0
NEW_RMT_1823_Type1_Control_Equal,1,1.0,1.0,1.0,8.0,500000,66833,0,0,0,0,0,0,0.0,0.0,0.0
NEW_RMT_1823_Type1_Control_Equal,1,1.0,1.0,1.0,9.0,500000,61663,0,0,0,0,0,0,0.0,0.0,0.0
NEW_RMT_1823_Type1_Control_Equal,1,1.0,1.0,1.0,10.0,500000,57346,0,0,0,0,0,0,0.0,0.0,0.0
NEW_RMT_1823_Type1_Control_Fast,2,10.0,10.0,10.0,0.1,500000,500000,0,0,0,0,0,0,0.0,0.0,0.0
NEW_RMT_1823_Type1_Control_Fast,2,10.0,10.0,10.0,0.2,500000,500000,0,0,0,0,0,0,0.0,0.0,0.0
NEW_RMT_1823_Type1_Control_Fast,2,10.0,10.0,10.0,0.3,500000,500000,0,0,0,0,0,0,0.0,0.0,0.0
NEW_RMT_1823_Type1_Control_Fast,2,10.0,10.0,10.0,0.4,500000,499562,0,0,0,0,0,0,0.0,0.0,0.0
NEW_RMT_1823_Type1_Control_Fast,2,10.0,10.0,10.0,0.5,500000,495492,0,0,0,0,0,0,0.0,0.0,0.0
NEW_RMT_1823_Type1_Control_Fast,2,10.0,10.0,10.0,0.58,500000,486045,0,0,0,0,0,0,0.0,0.0,0.0
NEW_RMT_1823_Type1_Control_Fast,2,10.0,10.0,10.0,0.6,500000,482662,0,0,0,0,0,0,0.0,0.0,0.0
NEW_RMT_1823_Type1_Control_Fast,2,10.0,10.0,10.0,0.7,500000,460928,0,0,0,0,0,0,0.0,0.0,0.0
NEW_RMT_1823_Type1_Control_Fast,2,10.0,10.0,10.0,0.8,500000,433280,0,0,0,0,0,0,0.0,0.0,0.0
NEW_RMT_1823_Type1_Control_Fast,2,10.0,10.0,10.0,0.9,500000,403439,0,0,0,0,0,0,0.0,0.0,0.0
NEW_RMT_1823_Type1_Control_Fast,2,10.0,10.0,10.0,1.0,500000,374064,0,0,0,0,0,0,0.0,0.0,0.0
NEW_RMT_1823_Type1_Control_Fast,2,10.0,10.0,10.0,1.1,500000,346492,0,0,0,0,0,0,0.0,0.0,0.0
NEW_RMT_1823_Type1_Control_Fast,2,10.0,10.0,10.0,1.2,500000,321234,0,0,0,0,0,0,0.0,0.0,0.0
NEW_RMT_1823_Type1_Control_Fast,2,10.0,10.0,10.0,1.3,500000,298617,0,0,0,0,0,0,0.0,0.0,0.0
NEW_RMT_1823_Type1_Control_Fast,2,10.0,10.0,10.0,1.4,500000,278542,0,0,0,0,0,0,0.0,0.0,0.0
NEW_RMT_1823_Type1_Control_Fast,2,10.0,10.0,10.0,1.5,500000,260816,0,0,0,0,0,0,0.0,0.0,0.0
NEW_RMT_1823_Type1_Control_Fast,2,10.0,10.0,10.0,1.6,500000,245068,0,0,0,0,0,0,0.0,0.0,0.0
NEW_RMT_1823_Type1_Control_Fast,2,10.0,10.0,10.0,1.8,500000,219021,0,0,0,0,0,0,0.0,0.0,0.0
NEW_RMT_1823_Type1_Control_Fast,2,10.0,10.0,10.0,2.0,500000,198141,0,0,0,0,0,0,0.0,0.0,0.0
NEW_RMT_1823_Type1_Control_Fast,2,10.0,10.0,10.0,2.2,500000,181037,0,0,0,0,0,0,0.0,0.0,0.0
NEW_RMT_1823_Type1_Control_Fast,2,10.0,10.0,10.0,2.4,500000,166960,0,0,0,0,0,0,0.0,0.0,0.0
NEW_RMT_1823_Type1_Control_Fast,2,10.0,10.0,10.0,2.6,500000,155337,0,0,0,0,0,0,0.0,0.0,0.0
NEW_RMT_1823_Type1_Control_Fast,2,10.0,10.0,10.0,2.8,500000,145463,0,0,0,0,0,0,0.0,0.0,0.0
NEW_RMT_1823_Type1_Control_Fast,2,10.0,10.0,10.0,3.0,500000,137181,0,0,0,0,0,0,0.0,0.0,0.0
NEW_RMT_1823_Type1_Control_Fast,2,10.0,10.0,10.0,3.2,500000,130047,0,0,0,0,0,0,0.0,0.0,0.0
NEW_RMT_1823_Type1_Control_Fast,2,10.0,10.0,10.0,3.4,500000,123759,0,0,0,0,0,0,0.0,0.0,0.0
NEW_RMT_1823_Type1_Control_Fast,2,10.0,10.0,10.0,3.6,500000,118333,0,0,0,0,0,0,0.0,0.0,0.0
NEW_RMT_1823_Type1_Control_Fast,2,10.0,10.0,10.0,3.8,500000,113543,0,0,0,0,0,0,0.0,0.0,0.0
NEW_RMT_1823_Type1_Control_Fast,2,10.0,10.0,10.0,4.0,500000,109120,0,0,0,0,0,0,0.0,0.0,0.0
NEW_RMT_1823_Type1_Control_Fast,2,10.0,10.0,10.0,4.5,500000,99915,0,0,0,0,0,0,0.0,0.0,0.0
NEW_RMT_1823_Type1_Control_Fast,2,10.0,10.0,10.0,5.0,500000,92591,0,0,0,0,0,0,0.0,0.0,0.0
NEW_RMT_1823_Type1_Control_Fast,2,10.0,10.0,10.0,5.5,500000,86521,0,0,0,0,0,0,0.0,0.0,0.0
NEW_RMT_1823_Type1_Control_Fast,2,10.0,10.0,10.0,6.0,500000,81401,0,0,0,0,0,0,0.0,0.0,0.0
NEW_RMT_1823_Type1_Control_Fast,2,10.0,10.0,10.0,7.0,500000,73173,0,0,0,0,0,0,0.0,0.0,0.0
NEW_RMT_1823_Type1_Control_Fast,2,10.0,10.0,10.0,8.0,500000,66833,0,0,0,0,0,0,0.0,0.0,0.0
NEW_RMT_1823_Type1_Control_Fast,2,10.0,10.0,10.0,9.0,500000,61663,0,0,0,0,0,0,0.0,0.0,0.0
NEW_RMT_1823_Type1_Control_Fast,2,10.0,10.0,10.0,10.0,500000,57346,0,0,0,0,0,0,0.0,0.0,0.0
NEW_RMT_1823_Type1_UFast_Unequal1,3,10.0,1.0,1.0,0.1,500000,500000,0,0,0,0,0,0,0.0,0.0,0.0
NEW_RMT_1823_Type1_UFast_Unequal1,3,10.0,1.0,1.0,0.2,500000,500000,0,0,0,0,0,0,0.0,0.0,0.0
NEW_RMT_1823_Type1_UFast_Unequal1,3,10.0,1.0,1.0,0.3,500000,500000,0,0,0,0,0,0,0.0,0.0,0.0
NEW_RMT_1823_Type1_UFast_Unequal1,3,10.0,1.0,1.0,0.4,500000,499562,0,0,0,0,0,0,0.0,0.0,0.0
NEW_RMT_1823_Type1_UFast_Unequal1,3,10.0,1.0,1.0,0.5,500000,495492,0,0,0,0,0,0,0.0,0.0,0.0
NEW_RMT_1823_Type1_UFast_Unequal1,3,10.0,1.0,1.0,0.58,500000,486045,24,24,24,0,0,0,0.0048,0.0048,0.0048
NEW_RMT_1823_Type1_UFast_Unequal1,3,10.0,1.0,1.0,0.6,500000,482662,26,26,26,0,0,0,0.0052,0.0052,0.0052
NEW_RMT_1823_Type1_UFast_Unequal1,3,10.0,1.0,1.0,0.7,500000,460928,115,115,115,0,0,0,0.023,0.023,0.023
NEW_RMT_1823_Type1_UFast_Unequal1,3,10.0,1.0,1.0,0.8,500000,433280,305,305,305,0,0,0,0.061,0.061,0.061
NEW_RMT_1823_Type1_UFast_Unequal1,3,10.0,1.0,1.0,0.9,500000,403439,637,637,637,0,0,0,0.1274,0.1274,0.1274
NEW_RMT_1823_Type1_UFast_Unequal1,3,10.0,1.0,1.0,1.0,500000,374064,1064,1064,1064,0,0,0,0.2128,0.2128,0.2128
NEW_RMT_1823_Type1_UFast_Unequal1,3,10.0,1.0,1.0,1.1,500000,346492,1673,1673,1673,0,0,0,0.3346,0.3346,0.3346
NEW_RMT_1823_Type1_UFast_Unequal1,3,10.0,1.0,1.0,1.2,500000,321234,2374,2374,2374,0,0,0,0.4748,0.4748,0.4748
NEW_RMT_1823_Type1_UFast_Unequal1,3,10.0,1.0,1.0,1.3,500000,298617,3063,3063,3063,0,0,0,0.6126,0.6126,0.6126
NEW_RMT_1823_Type1_UFast_Unequal1,3,10.0,1.0,1.0,1.4,500000,278542,3837,3837,3837,0,0,0,0.7674,0.7674,0.7674
NEW_RMT_1823_Type1_UFast_Unequal1,3,10.0,1.0,1.0,1.5,500000,260816,4625,4625,4625,0,0,0,0.925,0.925,0.925
NEW_RMT_1823_Type1_UFast_Unequal1,3,10.0,1.0,1.0,1.6,500000,245068,5376,5376,5376,0,0,0,1.0752,1.0752,1.0752
NEW_RMT_1823_Type1_UFast_Unequal1,3,10.0,1.0,1.0,1.8,500000,219021,6794,6794,6794,0,0,0,1.3588,1.3588,1.3588
NEW_RMT_1823_Type1_UFast_Unequal1,3,10.0,1.0,1.0,2.0,500000,198141,8160,8160,8160,0,0,0,1.632,1.632,1.632
NEW_RMT_1823_Type1_UFast_Unequal1,3,10.0,1.0,1.0,2.2,500000,181037,9354,9354,9354,0,0,0,1.8708,1.8708,1.8708
NEW_RMT_1823_Type1_UFast_Unequal1,3,10.0,1.0,1.0,2.4,500000,166960,10392,10392,10392,0,0,0,2.0784,2.0784,2.0784
NEW_RMT_1823_Type1_UFast_Unequal1,3,10.0,1.0,1.0,2.6,500000,155337,11156,11156,11156,0,0,0,2.2312,2.2312,2.2312
NEW_RMT_1823_Type1_UFast_Unequal1,3,10.0,1.0,1.0,2.8,500000,145463,11946,11946,11946,0,0,0,2.3892,2.3892,2.3892
NEW_RMT_1823_Type1_UFast_Unequal1,3,10.0,1.0,1.0,3.0,500000,137181,12579,12579,12579,0,0,0,2.5158,2.5158,2.5158
NEW_RMT_1823_Type1_UFast_Unequal1,3,10.0,1.0,1.0,3.2,500000,130047,13070,13070,13070,0,0,0,2.614,2.614,2.614
NEW_RMT_1823_Type1_UFast_Unequal1,3,10.0,1.0,1.0,3.4,500000,123759,13427,13427,13427,0,0,0,2.6854,2.6854,2.6854
NEW_RMT_1823_Type1_UFast_Unequal1,3,10.0,1.0,1.0,3.6,500000,118333,13847,13847,13847,0,0,0,2.7694,2.7694,2.7694
NEW_RMT_1823_Type1_UFast_Unequal1,3,10.0,1.0,1.0,3.8,500000,113543,14186,14186,14186,0,0,0,2.8372,2.8372,2.8372
NEW_RMT_1823_Type1_UFast_Unequal1,3,10.0,1.0,1.0,4.0,500000,109120,14295,14295,14295,0,0,0,2.859,2.859,2.859
NEW_RMT_1823_Type1_UFast_Unequal1,3,10.0,1.0,1.0,4.5,500000,99915,14622,14622,14622,0,0,0,2.9244,2.9244,2.9244
NEW_RMT_1823_Type1_UFast_Unequal1,3,10.0,1.0,1.0,5.0,500000,92591,14916,14916,14916,0,0,0,2.9832,2.9832,2.9832
NEW_RMT_1823_Type1_UFast_Unequal1,3,10.0,1.0,1.0,5.5,500000,86521,14875,14875,14875,0,0,0,2.975,2.975,2.975
NEW_RMT_1823_Type1_UFast_Unequal1,3,10.0,1.0,1.0,6.0,500000,81401,14788,14788,14788,0,0,0,2.9576,2.9576,2.9576
NEW_RMT_1823_Type1_UFast_Unequal1,3,10.0,1.0,1.0,7.0,500000,73173,14402,14402,14402,0,0,0,2.8804,2.8804,2.8804
NEW_RMT_1823_Type1_UFast_Unequal1,3,10.0,1.0,1.0,8.0,500000,66833,13922,13922,13922,0,0,0,2.7844,2.7844,2.7844
NEW_RMT_1823_Type1_UFast_Unequal1,3,10.0,1.0,1.0,9.0,500000,61663,13322,13322,13322,0,0,0,2.6644,2.6644,2.6644
NEW_RMT_1823_Type1_UFast_Unequal1,3,10.0,1.0,1.0,10.0,500000,57346,12867,12867,12867,0,0,0,2.5734,2.5734,2.5734
NEW_RMT_1823_Type1_UFast_Unequal2,4,1.0,0.1,0.1,0.1,500000,500000,0,0,0,0,0,0,0.0,0.0,0.0
NEW_RMT_1823_Type1_UFast_Unequal2,4,1.0,0.1,0.1,0.2,500000,500000,0,0,0,0,0,0,0.0,0.0,0.0
NEW_RMT_1823_Type1_UFast_Unequal2,4,1.0,0.1,0.1,0.3,500000,500000,0,0,0,0,0,0,0.0,0.0,0.0
NEW_RMT_1823_Type1_UFast_Unequal2,4,1.0,0.1,0.1,0.4,500000,499562,0,0,0,0,0,0,0.0,0.0,0.0
NEW_RMT_1823_Type1_UFast_Unequal2,4,1.0,0.1,0.1,0.5,500000,495492,0,0,0,0,0,0,0.0,0.0,0.0
NEW_RMT_1823_Type1_UFast_Unequal2,4,1.0,0.1,0.1,0.58,500000,486045,24,24,24,0,0,0,0.0048,0.0048,0.0048
NEW_RMT_1823_Type1_UFast_Unequal2,4,1.0,0.1,0.1,0.6,500000,482662,27,27,27,0,0,0,0.0054,0.0054,0.0054
NEW_RMT_1823_Type1_UFast_Unequal2,4,1.0,0.1,0.1,0.7,500000,460928,121,121,121,0,0,0,0.0242,0.0242,0.0242
NEW_RMT_1823_Type1_UFast_Unequal2,4,1.0,0.1,0.1,0.8,500000,433280,318,318,318,0,0,0,0.0636,0.0636,0.0636
NEW_RMT_1823_Type1_UFast_Unequal2,4,1.0,0.1,0.1,0.9,500000,403439,655,655,655,0,0,0,0.131,0.131,0.131
NEW_RMT_1823_Type1_UFast_Unequal2,4,1.0,0.1,0.1,1.0,500000,374064,1096,1096,1096,0,0,0,0.2192,0.2192,0.2192
NEW_RMT_1823_Type1_UFast_Unequal2,4,1.0,0.1,0.1,1.1,500000,346492,1703,1703,1703,0,0,0,0.3406,0.3406,0.3406
NEW_RMT_1823_Type1_UFast_Unequal2,4,1.0,0.1,0.1,1.2,500000,321234,2412,2412,2412,0,0,0,0.4824,0.4824,0.4824
NEW_RMT_1823_Type1_UFast_Unequal2,4,1.0,0.1,0.1,1.3,500000,298617,3115,3115,3115,0,0,0,0.623,0.623,0.623
NEW_RMT_1823_Type1_UFast_Unequal2,4,1.0,0.1,0.1,1.4,500000,278542,3885,3885,3885,0,0,0,0.777,0.777,0.777
NEW_RMT_1823_Type1_UFast_Unequal2,4,1.0,0.1,0.1,1.5,500000,260816,4696,4696,4696,0,0,0,0.9392,0.9392,0.9392
NEW_RMT_1823_Type1_UFast_Unequal2,4,1.0,0.1,0.1,1.6,500000,245068,5443,5443,5443,0,0,0,1.0886,1.0886,1.0886
NEW_RMT_1823_Type1_UFast_Unequal2,4,1.0,0.1,0.1,1.8,500000,219021,6866,6866,6866,0,0,0,1.3732,1.3732,1.3732
NEW_RMT_1823_Type1_UFast_Unequal2,4,1.0,0.1,0.1,2.0,500000,198141,8226,8226,8226,0,0,0,1.6452,1.6452,1.6452
NEW_RMT_1823_Type1_UFast_Unequal2,4,1.0,0.1,0.1,2.2,500000,181037,9414,9414,9414,0,0,0,1.8828,1.8828,1.8828
NEW_RMT_1823_Type1_UFast_Unequal2,4,1.0,0.1,0.1,2.4,500000,166960,10466,10466,10466,0,0,0,2.0932,2.0932,2.0932
NEW_RMT_1823_Type1_UFast_Unequal2,4,1.0,0.1,0.1,2.6,500000,155337,11232,11232,11232,0,0,0,2.2464,2.2464,2.2464
NEW_RMT_1823_Type1_UFast_Unequal2,4,1.0,0.1,0.1,2.8,500000,145463,12015,12015,12015,0,0,0,2.403,2.403,2.403
NEW_RMT_1823_Type1_UFast_Unequal2,4,1.0,0.1,0.1,3.0,500000,137181,12639,12639,12639,0,0,0,2.5278,2.5278,2.5278
NEW_RMT_1823_Type1_UFast_Unequal2,4,1.0,0.1,0.1,3.2,500000,130047,13130,13130,13130,0,0,0,2.626,2.626,2.626
NEW_RMT_1823_Type1_UFast_Unequal2,4,1.0,0.1,0.1,3.4,500000,123759,13484,13484,13484,0,0,0,2.6968,2.6968,2.6968
NEW_RMT_1823_Type1_UFast_Unequal2,4,1.0,0.1,0.1,3.6,500000,118333,13900,13900,13900,0,0,0,2.78,2.78,2.78
NEW_RMT_1823_Type1_UFast_Unequal2,4,1.0,0.1,0.1,3.8,500000,113543,14233,14233,14233,0,0,0,2.8466,2.8466,2.8466
NEW_RMT_1823_Type1_UFast_Unequal2,4,1.0,0.1,0.1,4.0,500000,109120,14349,14349,14349,0,0,0,2.8698,2.8698,2.8698
NEW_RMT_1823_Type1_UFast_Unequal2,4,1.0,0.1,0.1,4.5,500000,99915,14663,14663,14663,0,0,0,2.9326,2.9326,2.9326
NEW_RMT_1823_Type1_UFast_Unequal2,4,1.0,0.1,0.1,5.0,500000,92591,14943,14943,14943,0,0,0,2.9886,2.9886,2.9886
NEW_RMT_1823_Type1_UFast_Unequal2,4,1.0,0.1,0.1,5.5,500000,86521,14907,14907,14907,0,0,0,2.9814,2.9814,2.9814
NEW_RMT_1823_Type1_UFast_Unequal2,4,1.0,0.1,0.1,6.0,500000,81401,14827,14827,14827,0,0,0,2.9654,2.9654,2.9654
NEW_RMT_1823_Type1_UFast_Unequal2,4,1.0,0.1,0.1,7.0,500000,73173,14424,14424,14418,6,0,0,2.8848,2.8848,2.8836
NEW_RMT_1823_Type1_UFast_Unequal2,4,1.0,0.1,0.1,8.0,500000,66833,13938,13938,13915,23,0,0,2.7876,2.7876,2.783
NEW_RMT_1823_Type1_UFast_Unequal2,4,1.0,0.1,0.1,9.0,500000,61663,13335,13335,13275,60,0,0,2.667,2.667,2.655
NEW_RMT_1823_Type1_UFast_Unequal2,4,1.0,0.1,0.1,10.0,500000,57346,12889,12889,12758,131,0,0,2.5778,2.5778,2.5516
NEW_RMT_1823_Type1_UFast_Unequal3,5,10.0,0.1,1.0,0.1,500000,500000,0,0,0,0,0,0,0.0,0.0,0.0
NEW_RMT_1823_Type1_UFast_Unequal3,5,10.0,0.1,1.0,0.2,500000,500000,0,0,0,0,0,0,0.0,0.0,0.0
NEW_RMT_1823_Type1_UFast_Unequal3,5,10.0,0.1,1.0,0.3,500000,500000,0,0,0,0,0,0,0.0,0.0,0.0
NEW_RMT_1823_Type1_UFast_Unequal3,5,10.0,0.1,1.0,0.4,500000,499562,0,0,0,0,0,0,0.0,0.0,0.0
NEW_RMT_1823_Type1_UFast_Unequal3,5,10.0,0.1,1.0,0.5,500000,495492,10,10,10,0,0,0,0.002,0.002,0.002
NEW_RMT_1823_Type1_UFast_Unequal3,5,10.0,0.1,1.0,0.58,500000,486045,73,73,73,0,0,0,0.0146,0.0146,0.0146
NEW_RMT_1823_Type1_UFast_Unequal3,5,10.0,0.1,1.0,0.6,500000,482662,99,99,99,0,0,0,0.0198,0.0198,0.0198
NEW_RMT_1823_Type1_UFast_Unequal3,5,10.0,0.1,1.0,0.7,500000,460928,330,330,330,0,0,0,0.066,0.066,0.066
NEW_RMT_1823_Type1_UFast_Unequal3,5,10.0,0.1,1.0,0.8,500000,433280,750,750,750,0,0,0,0.15,0.15,0.15
NEW_RMT_1823_Type1_UFast_Unequal3,5,10.0,0.1,1.0,0.9,500000,403439,1417,1417,1417,0,0,0,0.2834,0.2834,0.2834
NEW_RMT_1823_Type1_UFast_Unequal3,5,10.0,0.1,1.0,1.0,500000,374064,2214,2214,2214,0,0,0,0.4428,0.4428,0.4428
NEW_RMT_1823_Type1_UFast_Unequal3,5,10.0,0.1,1.0,1.1,500000,346492,3215,3215,3215,0,0,0,0.643,0.643,0.643
NEW_RMT_1823_Type1_UFast_Unequal3,5,10.0,0.1,1.0,1.2,500000,321234,4291,4291,4291,0,0,0,0.8582,0.8582,0.8582
NEW_RMT_1823_Type1_UFast_Unequal3,5,10.0,0.1,1.0,1.3,500000,298617,5344,5344,5344,0,0,0,1.0688,1.0688,1.0688
NEW_RMT_1823_Type1_UFast_Unequal3,5,10.0,0.1,1.0,1.4,500000,278542,6407,6407,6407,0,0,0,1.2814,1.2814,1.2814
NEW_RMT_1823_Type1_UFast_Unequal3,5,10.0,0.1,1.0,1.5,500000,260816,7574,7574,7574,0,0,0,1.5148,1.5148,1.5148
NEW_RMT_1823_Type1_UFast_Unequal3,5,10.0,0.1,1.0,1.6,500000,245068,8538,8538,8538,0,0,0,1.7076,1.7076,1.7076
NEW_RMT_1823_Type1_UFast_Unequal3,5,10.0,0.1,1.0,1.8,500000,219021,10453,10453,10453,0,0,0,2.0906,2.0906,2.0906
NEW_RMT_1823_Type1_UFast_Unequal3,5,10.0,0.1,1.0,2.0,500000,198141,12188,12188,12188,0,0,0,2.4376,2.4376,2.4376
NEW_RMT_1823_Type1_UFast_Unequal3,5,10.0,0.1,1.0,2.2,500000,181037,13480,13480,13480,0,0,0,2.696,2.696,2.696
NEW_RMT_1823_Type1_UFast_Unequal3,5,10.0,0.1,1.0,2.4,500000,166960,14527,14527,14527,0,0,0,2.9054,2.9054,2.9054
NEW_RMT_1823_Type1_UFast_Unequal3,5,10.0,0.1,1.0,2.6,500000,155337,15516,15516,15516,0,0,0,3.1032,3.1032,3.1032
NEW_RMT_1823_Type1_UFast_Unequal3,5,10.0,0.1,1.0,2.8,500000,145463,16314,16314,16314,0,0,0,3.2628,3.2628,3.2628
NEW_RMT_1823_Type1_UFast_Unequal3,5,10.0,0.1,1.0,3.0,500000,137181,16870,16870,16870,0,0,0,3.374,3.374,3.374
NEW_RMT_1823_Type1_UFast_Unequal3,5,10.0,0.1,1.0,3.2,500000,130047,17345,17345,17345,0,0,0,3.469,3.469,3.469
NEW_RMT_1823_Type1_UFast_Unequal3,5,10.0,0.1,1.0,3.4,500000,123759,17651,17651,17651,0,0,0,3.5302,3.5302,3.5302
NEW_RMT_1823_Type1_UFast_Unequal3,5,10.0,0.1,1.0,3.6,500000,118333,18046,18046,18046,0,0,0,3.6092,3.6092,3.6092
NEW_RMT_1823_Type1_UFast_Unequal3,5,10.0,0.1,1.0,3.8,500000,113543,18314,18314,18314,0,0,0,3.6628,3.6628,3.6628
NEW_RMT_1823_Type1_UFast_Unequal3,5,10.0,0.1,1.0,4.0,500000,109120,18341,18341,18341,0,0,0,3.6682,3.6682,3.6682
NEW_RMT_1823_Type1_UFast_Unequal3,5,10.0,0.1,1.0,4.5,500000,99915,18560,18560,18560,0,0,0,3.712,3.712,3.712
NEW_RMT_1823_Type1_UFast_Unequal3,5,10.0,0.1,1.0,5.0,500000,92591,18684,18684,18684,0,0,0,3.7368,3.7368,3.7368
NEW_RMT_1823_Type1_UFast_Unequal3,5,10.0,0.1,1.0,5.5,500000,86521,18436,18436,18436,0,0,0,3.6872,3.6872,3.6872
NEW_RMT_1823_Type1_UFast_Unequal3,5,10.0,0.1,1.0,6.0,500000,81401,18166,18166,18166,0,0,0,3.6332,3.6332,3.6332
NEW_RMT_1823_Type1_UFast_Unequal3,5,10.0,0.1,1.0,7.0,500000,73173,17386,17386,17386,0,0,0,3.4772,3.4772,3.4772
NEW_RMT_1823_Type1_UFast_Unequal3,5,10.0,0.1,1.0,8.0,500000,66833,16635,16635,16635,0,0,0,3.327,3.327,3.327
NEW_RMT_1823_Type1_UFast_Unequal3,5,10.0,0.1,1.0,9.0,500000,61663,15831,15831,15831,0,0,0,3.1662,3.1662,3.1662
NEW_RMT_1823_Type1_UFast_Unequal3,5,10.0,0.1,1.0,10.0,500000,57346,15060,15060,15060,0,0,0,3.012,3.012,3.012
NEW_RMT_1823_Type1_UFast_Unequal4,6,10.0,1.0,0.1,0.1,500000,500000,0,0,0,0,0,0,0.0,0.0,0.0
NEW_RMT_1823_Type1_UFast_Unequal4,6,10.0,1.0,0.1,0.2,500000,500000,0,0,0,0,0,0,0.0,0.0,0.0
NEW_RMT_1823_Type1_UFast_Unequal4,6,10.0,1.0,0.1,0.3,500000,500000,0,0,0,0,0,0,0.0,0.0,0.0
NEW_RMT_1823_Type1_UFast_Unequal4,6,10.0,1.0,0.1,0.4,500000,499562,0,0,0,0,0,0,0.0,0.0,0.0
NEW_RMT_1823_Type1_UFast_Unequal4,6,10.0,1.0,0.1,0.5,500000,495492,22,22,22,0,0,0,0.0044,0.0044,0.0044
NEW_RMT_1823_Type1_UFast_Unequal4,6,10.0,1.0,0.1,0.58,500000,486045,117,117,117,0,0,0,0.0234,0.0234,0.0234
NEW_RMT_1823_Type1_UFast_Unequal4,6,10.0,1.0,0.1,0.6,500000,482662,152,152,152,0,0,0,0.0304,0.0304,0.0304
NEW_RMT_1823_Type1_UFast_Unequal4,6,10.0,1.0,0.1,0.7,500000,460928,493,493,493,0,0,0,0.0986,0.0986,0.0986
NEW_RMT_1823_Type1_UFast_Unequal4,6,10.0,1.0,0.1,0.8,500000,433280,1089,1089,1089,0,0,0,0.2178,0.2178,0.2178
NEW_RMT_1823_Type1_UFast_Unequal4,6,10.0,1.0,0.1,0.9,500000,403439,2065,2065,2065,0,0,0,0.413,0.413,0.413
NEW_RMT_1823_Type1_UFast_Unequal4,6,10.0,1.0,0.1,1.0,500000,374064,3190,3190,3190,0,0,0,0.638,0.638,0.638
NEW_RMT_1823_Type1_UFast_Unequal4,6,10.0,1.0,0.1,1.1,500000,346492,4626,4626,4626,0,0,0,0.9252,0.9252,0.9252
NEW_RMT_1823_Type1_UFast_Unequal4,6,10.0,1.0,0.1,1.2,500000,321234,6131,6131,6131,0,0,0,1.2262,1.2262,1.2262
NEW_RMT_1823_Type1_UFast_Unequal4,6,10.0,1.0,0.1,1.3,500000,298617,7662,7662,7662,0,0,0,1.5324,1.5324,1.5324
NEW_RMT_1823_Type1_UFast_Unequal4,6,10.0,1.0,0.1,1.4,500000,278542,9161,9161,9161,0,0,0,1.8322,1.8322,1.8322
NEW_RMT_1823_Type1_UFast_Unequal4,6,10.0,1.0,0.1,1.5,500000,260816,10733,10733,10733,0,0,0,2.1466,2.1466,2.1466
NEW_RMT_1823_Type1_UFast_Unequal4,6,10.0,1.0,0.1,1.6,500000,245068,12148,12148,12148,0,0,0,2.4296,2.4296,2.4296
NEW_RMT_1823_Type1_UFast_Unequal4,6,10.0,1.0,0.1,1.8,500000,219021,14885,14885,14885,0,0,0,2.977,2.977,2.977
NEW_RMT_1823_Type1_UFast_Unequal4,6,10.0,1.0,0.1,2.0,500000,198141,17484,17484,17484,0,0,0,3.4968,3.4968,3.4968
NEW_RMT_1823_Type1_UFast_Unequal4,6,10.0,1.0,0.1,2.2,500000,181037,19417,19417,19417,0,0,0,3.8834,3.8834,3.8834
NEW_RMT_1823_Type1_UFast_Unequal4,6,10.0,1.0,0.1,2.4,500000,166960,21186,21186,21186,0,0,0,4.2372,4.2372,4.2372
NEW_RMT_1823_Type1_UFast_Unequal4,6,10.0,1.0,0.1,2.6,500000,155337,22723,22723,22723,0,0,0,4.5446,4.5446,4.5446
NEW_RMT_1823_Type1_UFast_Unequal4,6,10.0,1.0,0.1,2.8,500000,145463,23873,23873,23873,0,0,0,4.7746,4.7746,4.7746
NEW_RMT_1823_Type1_UFast_Unequal4,6,10.0,1.0,0.1,3.0,500000,137181,24906,24906,24906,0,0,0,4.9812,4.9812,4.9812
NEW_RMT_1823_Type1_UFast_Unequal4,6,10.0,1.0,0.1,3.2,500000,130047,25726,25726,25726,0,0,0,5.1452,5.1452,5.1452
NEW_RMT_1823_Type1_UFast_Unequal4,6,10.0,1.0,0.1,3.4,500000,123759,26494,26494,26494,0,0,0,5.2988,5.2988,5.2988
NEW_RMT_1823_Type1_UFast_Unequal4,6,10.0,1.0,0.1,3.6,500000,118333,27231,27231,27231,0,0,0,5.4462,5.4462,5.4462
NEW_RMT_1823_Type1_UFast_Unequal4,6,10.0,1.0,0.1,3.8,500000,113543,27855,27855,27855,0,0,0,5.571,5.571,5.571
NEW_RMT_1823_Type1_UFast_Unequal4,6,10.0,1.0,0.1,4.0,500000,109120,28161,28161,28161,0,0,0,5.6322,5.6322,5.6322
NEW_RMT_1823_Type1_UFast_Unequal4,6,10.0,1.0,0.1,4.5,500000,99915,28846,28846,28846,0,0,0,5.7692,5.7692,5.7692
NEW_RMT_1823_Type1_UFast_Unequal4,6,10.0,1.0,0.1,5.0,500000,92591,29213,29213,29213,0,0,0,5.8426,5.8426,5.8426
NEW_RMT_1823_Type1_UFast_Unequal4,6,10.0,1.0,0.1,5.5,500000,86521,29316,29316,29316,0,0,0,5.8632,5.8632,5.8632
NEW_RMT_1823_Type1_UFast_Unequal4,6,10.0,1.0,0.1,6.0,500000,81401,29290,29290,29290,0,0,0,5.858,5.858,5.858
NEW_RMT_1823_Type1_UFast_Unequal4,6,10.0,1.0,0.1,7.0,500000,73173,28699,28699,28699,0,0,0,5.7398,5.7398,5.7398
NEW_RMT_1823_Type1_UFast_Unequal4,6,10.0,1.0,0.1,8.0,500000,66833,28058,28058,28058,0,0,0,5.6116,5.6116,5.6116
NEW_RMT_1823_Type1_UFast_Unequal4,6,10.0,1.0,0.1,9.0,500000,61663,27357,27357,27357,0,0,0,5.4714,5.4714,5.4714
NEW_RMT_1823_Type1_UFast_Unequal4,6,10.0,1.0,0.1,10.0,500000,57346,26437,26437,26437,0,0,0,5.2874,5.2874,5.2874
NEW_RMT_1823_Type1_UFast_Unequal5,7,10.0,0.1,0.1,0.1,500000,500000,0,0,0,0,0,0,0.0,0.0,0.0
NEW_RMT_1823_Type1_UFast_Unequal5,7,10.0,0.1,0.1,0.2,500000,500000,0,0,0,0,0,0,0.0,0.0,0.0
NEW_RMT_1823_Type1_UFast_Unequal5,7,10.0,0.1,0.1,0.3,500000,500000,0,0,0,0,0,0,0.0,0.0,0.0
NEW_RMT_1823_Type1_UFast_Unequal5,7,10.0,0.1,0.1,0.4,500000,499562,12,12,12,0,0,0,0.0024,0.0024,0.0024
NEW_RMT_1823_Type1_UFast_Unequal5,7,10.0,0.1,0.1,0.5,500000,495492,163,163,163,0,0,0,0.0326,0.0326,0.0326
NEW_RMT_1823_Type1_UFast_Unequal5,7,10.0,0.1,0.1,0.58,500000,486045,561,561,561,0,0,0,0.1122,0.1122,0.1122
NEW_RMT_1823_Type1_UFast_Unequal5,7,10.0,0.1,0.1,0.6,500000,482662,719,719,719,0,0,0,0.1438,0.1438,0.1438
NEW_RMT_1823_Type1_UFast_Unequal5,7,10.0,0.1,0.1,0.7,500000,460928,1907,1907,1907,0,0,0,0.3814,0.3814,0.3814
NEW_RMT_1823_Type1_UFast_Unequal5,7,10.0,0.1,0.1,0.8,500000,433280,3607,3607,3607,0,0,0,0.7214,0.7214,0.7214
NEW_RMT_1823_Type1_UFast_Unequal5,7,10.0,0.1,0.1,0.9,500000,403439,5947,5947,5947,0,0,0,1.1894,1.1894,1.1894
NEW_RMT_1823_Type1_UFast_Unequal5,7,10.0,0.1,0.1,1.0,500000,374064,8567,8567,8567,0,0,0,1.7134,1.7134,1.7134
NEW_RMT_1823_Type1_UFast_Unequal5,7,10.0,0.1,0.1,1.1,500000,346492,11149,11149,11149,0,0,0,2.2298,2.2298,2.2298
NEW_RMT_1823_Type1_UFast_Unequal5,7,10.0,0.1,0.1,1.2,500000,321234,14019,14019,14019,0,0,0,2.8038,2.8038,2.8038
NEW_RMT_1823_Type1_UFast_Unequal5,7,10.0,0.1,0.1,1.3,500000,298617,16434,16434,16434,0,0,0,3.2868,3.2868,3.2868
NEW_RMT_1823_Type1_UFast_Unequal5,7,10.0,0.1,0.1,1.4,500000,278542,18971,18971,18971,0,0,0,3.7942,3.7942,3.7942
NEW_RMT_1823_Type1_UFast_Unequal5,7,10.0,0.1,0.1,1.5,500000,260816,21132,21132,21132,0,0,0,4.2264,4.2264,4.2264
NEW_RMT_1823_Type1_UFast_Unequal5,7,10.0,0.1,0.1,1.6,500000,245068,23241,23241,23241,0,0,0,4.6482,4.6482,4.6482
NEW_RMT_1823_Type1_UFast_Unequal5,7,10.0,0.1,0.1,1.8,500000,219021,27011,27011,27011,0,0,0,5.4022,5.4022,5.4022
NEW_RMT_1823_Type1_UFast_Unequal5,7,10.0,0.1,0.1,2.0,500000,198141,30229,30229,30229,0,0,0,6.0458,6.0458,6.0458
NEW_RMT_1823_Type1_UFast_Unequal5,7,10.0,0.1,0.1,2.2,500000,181037,32513,32513,32513,0,0,0,6.5026,6.5026,6.5026
NEW_RMT_1823_Type1_UFast_Unequal5,7,10.0,0.1,0.1,2.4,500000,166960,34414,34414,34414,0,0,0,6.8828,6.8828,6.8828
NEW_RMT_1823_Type1_UFast_Unequal5,7,10.0,0.1,0.1,2.6,500000,155337,35808,35808,35808,0,0,0,7.1616,7.1616,7.1616
NEW_RMT_1823_Type1_UFast_Unequal5,7,10.0,0.1,0.1,2.8,500000,145463,37067,37067,37067,0,0,0,7.4134,7.4134,7.4134
NEW_RMT_1823_Type1_UFast_Unequal5,7,10.0,0.1,0.1,3.0,500000,137181,38103,38103,38103,0,0,0,7.6206,7.6206,7.6206
NEW_RMT_1823_Type1_UFast_Unequal5,7,10.0,0.1,0.1,3.2,500000,130047,38897,38897,38897,0,0,0,7.7794,7.7794,7.7794
NEW_RMT_1823_Type1_UFast_Unequal5,7,10.0,0.1,0.1,3.4,500000,123759,39484,39484,39484,0,0,0,7.8968,7.8968,7.8968
NEW_RMT_1823_Type1_UFast_Unequal5,7,10.0,0.1,0.1,3.6,500000,118333,39969,39969,39969,0,0,0,7.9938,7.9938,7.9938
NEW_RMT_1823_Type1_UFast_Unequal5,7,10.0,0.1,0.1,3.8,500000,113543,40355,40355,40355,0,0,0,8.071,8.071,8.071
NEW_RMT_1823_Type1_UFast_Unequal5,7,10.0,0.1,0.1,4.0,500000,109120,40416,40416,40416,0,0,0,8.0832,8.0832,8.0832
NEW_RMT_1823_Type1_UFast_Unequal5,7,10.0,0.1,0.1,4.5,500000,99915,40487,40487,40487,0,0,0,8.0974,8.0974,8.0974
NEW_RMT_1823_Type1_UFast_Unequal5,7,10.0,0.1,0.1,5.0,500000,92591,40415,40415,40415,0,0,0,8.083,8.083,8.083
NEW_RMT_1823_Type1_UFast_Unequal5,7,10.0,0.1,0.1,5.5,500000,86521,39999,39999,39999,0,0,0,7.9998,7.9998,7.9998
NEW_RMT_1823_Type1_UFast_Unequal5,7,10.0,0.1,0.1,6.0,500000,81401,39317,39317,39314,3,0,0,7.8634,7.8634,7.8628
NEW_RMT_1823_Type1_UFast_Unequal5,7,10.0,0.1,0.1,7.0,500000,73173,37878,37878,37861,17,0,0,7.5756,7.5756,7.5722
NEW_RMT_1823_Type1_UFast_Unequal5,7,10.0,0.1,0.1,8.0,500000,66833,36438,36438,36382,56,0,0,7.2876,7.2876,7.2764
NEW_RMT_1823_Type1_UFast_Unequal5,7,10.0,0.1,0.1,9.0,500000,61663,34897,34897,34757,140,0,0,6.9794,6.9794,6.9514
NEW_RMT_1823_Type1_UFast_Unequal5,7,10.0,0.1,0.1,10.0,500000,57346,33300,33300,33048,252,0,0,6.66,6.66,6.6096
NEW_RMT_1823_Type2_UFreeze_Equal1,8,0.0,1.0,1.0,0.1,500000,500000,0,0,0,0,0,0,0.0,0.0,0.0
NEW_RMT_1823_Type2_UFreeze_Equal1,8,0.0,1.0,1.0,0.2,500000,500000,0,0,0,0,0,0,0.0,0.0,0.0
NEW_RMT_1823_Type2_UFreeze_Equal1,8,0.0,1.0,1.0,0.3,500000,500000,0,0,0,0,0,0,0.0,0.0,0.0
NEW_RMT_1823_Type2_UFreeze_Equal1,8,0.0,1.0,1.0,0.4,500000,499562,0,0,0,0,0,0,0.0,0.0,0.0
NEW_RMT_1823_Type2_UFreeze_Equal1,8,0.0,1.0,1.0,0.5,500000,495492,0,0,0,0,0,0,0.0,0.0,0.0
NEW_RMT_1823_Type2_UFreeze_Equal1,8,0.0,1.0,1.0,0.58,500000,486045,0,0,0,0,0,0,0.0,0.0,0.0
NEW_RMT_1823_Type2_UFreeze_Equal1,8,0.0,1.0,1.0,0.6,500000,482662,0,0,0,0,0,0,0.0,0.0,0.0
NEW_RMT_1823_Type2_UFreeze_Equal1,8,0.0,1.0,1.0,0.7,500000,460928,0,0,0,0,0,0,0.0,0.0,0.0
NEW_RMT_1823_Type2_UFreeze_Equal1,8,0.0,1.0,1.0,0.8,500000,433280,0,0,0,0,0,0,0.0,0.0,0.0
NEW_RMT_1823_Type2_UFreeze_Equal1,8,0.0,1.0,1.0,0.9,500000,403439,0,0,0,0,0,0,0.0,0.0,0.0
NEW_RMT_1823_Type2_UFreeze_Equal1,8,0.0,1.0,1.0,1.0,500000,374064,0,0,0,0,0,0,0.0,0.0,0.0
NEW_RMT_1823_Type2_UFreeze_Equal1,8,0.0,1.0,1.0,1.1,500000,346492,0,0,0,0,0,0,0.0,0.0,0.0
NEW_RMT_1823_Type2_UFreeze_Equal1,8,0.0,1.0,1.0,1.2,500000,321234,0,0,0,0,0,0,0.0,0.0,0.0
NEW_RMT_1823_Type2_UFreeze_Equal1,8,0.0,1.0,1.0,1.3,500000,298617,0,0,0,0,0,0,0.0,0.0,0.0
NEW_RMT_1823_Type2_UFreeze_Equal1,8,0.0,1.0,1.0,1.4,500000,278542,0,0,0,0,0,0,0.0,0.0,0.0
NEW_RMT_1823_Type2_UFreeze_Equal1,8,0.0,1.0,1.0,1.5,500000,260816,0,0,0,0,0,0,0.0,0.0,0.0
NEW_RMT_1823_Type2_UFreeze_Equal1,8,0.0,1.0,1.0,1.6,500000,245068,0,0,0,0,0,0,0.0,0.0,0.0
NEW_RMT_1823_Type2_UFreeze_Equal1,8,0.0,1.0,1.0,1.8,500000,219021,0,0,0,0,0,0,0.0,0.0,0.0
NEW_RMT_1823_Type2_UFreeze_Equal1,8,0.0,1.0,1.0,2.0,500000,198141,0,0,0,0,0,0,0.0,0.0,0.0
NEW_RMT_1823_Type2_UFreeze_Equal1,8,0.0,1.0,1.0,2.2,500000,181037,0,0,0,0,0,0,0.0,0.0,0.0
NEW_RMT_1823_Type2_UFreeze_Equal1,8,0.0,1.0,1.0,2.4,500000,166960,0,0,0,0,0,0,0.0,0.0,0.0
NEW_RMT_1823_Type2_UFreeze_Equal1,8,0.0,1.0,1.0,2.6,500000,155337,0,0,0,0,0,0,0.0,0.0,0.0
NEW_RMT_1823_Type2_UFreeze_Equal1,8,0.0,1.0,1.0,2.8,500000,145463,0,0,0,0,0,0,0.0,0.0,0.0
NEW_RMT_1823_Type2_UFreeze_Equal1,8,0.0,1.0,1.0,3.0,500000,137181,0,0,0,0,0,0,0.0,0.0,0.0
NEW_RMT_1823_Type2_UFreeze_Equal1,8,0.0,1.0,1.0,3.2,500000,130047,0,0,0,0,0,0,0.0,0.0,0.0
NEW_RMT_1823_Type2_UFreeze_Equal1,8,0.0,1.0,1.0,3.4,500000,123759,0,0,0,0,0,0,0.0,0.0,0.0
NEW_RMT_1823_Type2_UFreeze_Equal1,8,0.0,1.0,1.0,3.6,500000,118333,0,0,0,0,1,0,0.0,0.0,0.0
NEW_RMT_1823_Type2_UFreeze_Equal1,8,0.0,1.0,1.0,3.8,500000,113543,0,0,0,0,1,0,0.0,0.0,0.0
NEW_RMT_1823_Type2_UFreeze_Equal1,8,0.0,1.0,1.0,4.0,500000,109120,0,0,0,0,2,0,0.0,0.0,0.0
NEW_RMT_1823_Type2_UFreeze_Equal1,8,0.0,1.0,1.0,4.5,500000,99915,0,0,0,0,4,0,0.0,0.0,0.0
NEW_RMT_1823_Type2_UFreeze_Equal1,8,0.0,1.0,1.0,5.0,500000,92591,0,0,0,0,6,0,0.0,0.0,0.0
NEW_RMT_1823_Type2_UFreeze_Equal1,8,0.0,1.0,1.0,5.5,500000,86521,0,0,0,0,14,0,0.0,0.0,0.0
NEW_RMT_1823_Type2_UFreeze_Equal1,8,0.0,1.0,1.0,6.0,500000,81401,0,0,0,0,19,0,0.0,0.0,0.0
NEW_RMT_1823_Type2_UFreeze_Equal1,8,0.0,1.0,1.0,7.0,500000,73173,0,0,0,0,34,0,0.0,0.0,0.0
NEW_RMT_1823_Type2_UFreeze_Equal1,8,0.0,1.0,1.0,8.0,500000,66833,0,0,0,0,60,0,0.0,0.0,0.0
NEW_RMT_1823_Type2_UFreeze_Equal1,8,0.0,1.0,1.0,9.0,500000,61663,0,0,0,0,80,0,0.0,0.0,0.0
NEW_RMT_1823_Type2_UFreeze_Equal1,8,0.0,1.0,1.0,10.0,500000,57346,0,0,0,0,112,0,0.0,0.0,0.0
NEW_RMT_1823_Type2_UFreeze_Equal2,9,0.0,0.1,0.1,0.1,500000,500000,0,0,0,0,0,0,0.0,0.0,0.0
NEW_RMT_1823_Type2_UFreeze_Equal2,9,0.0,0.1,0.1,0.2,500000,500000,0,0,0,0,0,0,0.0,0.0,0.0
NEW_RMT_1823_Type2_UFreeze_Equal2,9,0.0,0.1,0.1,0.3,500000,500000,0,0,0,0,0,0,0.0,0.0,0.0
NEW_RMT_1823_Type2_UFreeze_Equal2,9,0.0,0.1,0.1,0.4,500000,499562,0,0,0,0,0,0,0.0,0.0,0.0
NEW_RMT_1823_Type2_UFreeze_Equal2,9,0.0,0.1,0.1,0.5,500000,495492,0,0,0,0,0,0,0.0,0.0,0.0
NEW_RMT_1823_Type2_UFreeze_Equal2,9,0.0,0.1,0.1,0.58,500000,486045,0,0,0,0,0,0,0.0,0.0,0.0
NEW_RMT_1823_Type2_UFreeze_Equal2,9,0.0,0.1,0.1,0.6,500000,482662,0,0,0,0,0,0,0.0,0.0,0.0
NEW_RMT_1823_Type2_UFreeze_Equal2,9,0.0,0.1,0.1,0.7,500000,460928,0,0,0,0,0,0,0.0,0.0,0.0
NEW_RMT_1823_Type2_UFreeze_Equal2,9,0.0,0.1,0.1,0.8,500000,433280,0,0,0,0,0,0,0.0,0.0,0.0
NEW_RMT_1823_Type2_UFreeze_Equal2,9,0.0,0.1,0.1,0.9,500000,403439,0,0,0,0,0,0,0.0,0.0,0.0
NEW_RMT_1823_Type2_UFreeze_Equal2,9,0.0,0.1,0.1,1.0,500000,374064,0,0,0,0,0,0,0.0,0.0,0.0
NEW_RMT_1823_Type2_UFreeze_Equal2,9,0.0,0.1,0.1,1.1,500000,346492,0,0,0,0,0,0,0.0,0.0,0.0
NEW_RMT_1823_Type2_UFreeze_Equal2,9,0.0,0.1,0.1,1.2,500000,321234,0,0,0,0,0,0,0.0,0.0,0.0
NEW_RMT_1823_Type2_UFreeze_Equal2,9,0.0,0.1,0.1,1.3,500000,298617,0,0,0,0,0,0,0.0,0.0,0.0
NEW_RMT_1823_Type2_UFreeze_Equal2,9,0.0,0.1,0.1,1.4,500000,278542,0,0,0,0,0,0,0.0,0.0,0.0
NEW_RMT_1823_Type2_UFreeze_Equal2,9,0.0,0.1,0.1,1.5,500000,260816,0,0,0,0,0,0,0.0,0.0,0.0
NEW_RMT_1823_Type2_UFreeze_Equal2,9,0.0,0.1,0.1,1.6,500000,245068,0,0,0,0,0,0,0.0,0.0,0.0
NEW_RMT_1823_Type2_UFreeze_Equal2,9,0.0,0.1,0.1,1.8,500000,219021,0,0,0,0,0,0,0.0,0.0,0.0
NEW_RMT_1823_Type2_UFreeze_Equal2,9,0.0,0.1,0.1,2.0,500000,198141,0,0,0,0,0,0,0.0,0.0,0.0
NEW_RMT_1823_Type2_UFreeze_Equal2,9,0.0,0.1,0.1,2.2,500000,181037,0,0,0,0,0,0,0.0,0.0,0.0
NEW_RMT_1823_Type2_UFreeze_Equal2,9,0.0,0.1,0.1,2.4,500000,166960,0,0,0,0,0,0,0.0,0.0,0.0
NEW_RMT_1823_Type2_UFreeze_Equal2,9,0.0,0.1,0.1,2.6,500000,155337,0,0,0,0,0,0,0.0,0.0,0.0
NEW_RMT_1823_Type2_UFreeze_Equal2,9,0.0,0.1,0.1,2.8,500000,145463,0,0,0,0,0,0,0.0,0.0,0.0
NEW_RMT_1823_Type2_UFreeze_Equal2,9,0.0,0.1,0.1,3.0,500000,137181,0,0,0,0,0,0,0.0,0.0,0.0
NEW_RMT_1823_Type2_UFreeze_Equal2,9,0.0,0.1,0.1,3.2,500000,130047,0,0,0,0,0,0,0.0,0.0,0.0
NEW_RMT_1823_Type2_UFreeze_Equal2,9,0.0,0.1,0.1,3.4,500000,123759,0,0,0,0,0,0,0.0,0.0,0.0
NEW_RMT_1823_Type2_UFreeze_Equal2,9,0.0,0.1,0.1,3.6,500000,118333,0,0,0,0,1,0,0.0,0.0,0.0
NEW_RMT_1823_Type2_UFreeze_Equal2,9,0.0,0.1,0.1,3.8,500000,113543,0,0,0,0,1,0,0.0,0.0,0.0
NEW_RMT_1823_Type2_UFreeze_Equal2,9,0.0,0.1,0.1,4.0,500000,109120,0,0,0,0,2,0,0.0,0.0,0.0
NEW_RMT_1823_Type2_UFreeze_Equal2,9,0.0,0.1,0.1,4.5,500000,99915,0,0,0,0,4,0,0.0,0.0,0.0
NEW_RMT_1823_Type2_UFreeze_Equal2,9,0.0,0.1,0.1,5.0,500000,92591,0,0,0,0,6,0,0.0,0.0,0.0
NEW_RMT_1823_Type2_UFreeze_Equal2,9,0.0,0.1,0.1,5.5,500000,86521,0,0,0,0,14,0,0.0,0.0,0.0
NEW_RMT_1823_Type2_UFreeze_Equal2,9,0.0,0.1,0.1,6.0,500000,81401,0,0,0,0,19,0,0.0,0.0,0.0
NEW_RMT_1823_Type2_UFreeze_Equal2,9,0.0,0.1,0.1,7.0,500000,73173,0,0,0,0,34,0,0.0,0.0,0.0
NEW_RMT_1823_Type2_UFreeze_Equal2,9,0.0,0.1,0.1,8.0,500000,66833,0,0,0,0,60,0,0.0,0.0,0.0
NEW_RMT_1823_Type2_UFreeze_Equal2,9,0.0,0.1,0.1,9.0,500000,61663,0,0,0,0,80,0,0.0,0.0,0.0
NEW_RMT_1823_Type2_UFreeze_Equal2,9,0.0,0.1,0.1,10.0,500000,57346,0,0,0,0,112,0,0.0,0.0,0.0
NEW_RMT_1823_Type2_UFreeze_Equal3,10,0.0,10.0,10.0,0.1,500000,500000,0,0,0,0,0,0,0.0,0.0,0.0
NEW_RMT_1823_Type2_UFreeze_Equal3,10,0.0,10.0,10.0,0.2,500000,500000,0,0,0,0,0,0,0.0,0.0,0.0
NEW_RMT_1823_Type2_UFreeze_Equal3,10,0.0,10.0,10.0,0.3,500000,500000,0,0,0,0,0,0,0.0,0.0,0.0
NEW_RMT_1823_Type2_UFreeze_Equal3,10,0.0,10.0,10.0,0.4,500000,499562,0,0,0,0,0,0,0.0,0.0,0.0
NEW_RMT_1823_Type2_UFreeze_Equal3,10,0.0,10.0,10.0,0.5,500000,495492,0,0,0,0,0,0,0.0,0.0,0.0
NEW_RMT_1823_Type2_UFreeze_Equal3,10,0.0,10.0,10.0,0.58,500000,486045,0,0,0,0,0,0,0.0,0.0,0.0
NEW_RMT_1823_Type2_UFreeze_Equal3,10,0.0,10.0,10.0,0.6,500000,482662,0,0,0,0,0,0,0.0,0.0,0.0
NEW_RMT_1823_Type2_UFreeze_Equal3,10,0.0,10.0,10.0,0.7,500000,460928,0,0,0,0,0,0,0.0,0.0,0.0
NEW_RMT_1823_Type2_UFreeze_Equal3,10,0.0,10.0,10.0,0.8,500000,433280,0,0,0,0,0,0,0.0,0.0,0.0
NEW_RMT_1823_Type2_UFreeze_Equal3,10,0.0,10.0,10.0,0.9,500000,403439,0,0,0,0,0,0,0.0,0.0,0.0
NEW_RMT_1823_Type2_UFreeze_Equal3,10,0.0,10.0,10.0,1.0,500000,374064,0,0,0,0,0,0,0.0,0.0,0.0
NEW_RMT_1823_Type2_UFreeze_Equal3,10,0.0,10.0,10.0,1.1,500000,346492,0,0,0,0,0,0,0.0,0.0,0.0
NEW_RMT_1823_Type2_UFreeze_Equal3,10,0.0,10.0,10.0,1.2,500000,321234,0,0,0,0,0,0,0.0,0.0,0.0
NEW_RMT_1823_Type2_UFreeze_Equal3,10,0.0,10.0,10.0,1.3,500000,298617,0,0,0,0,0,0,0.0,0.0,0.0
NEW_RMT_1823_Type2_UFreeze_Equal3,10,0.0,10.0,10.0,1.4,500000,278542,0,0,0,0,0,0,0.0,0.0,0.0
NEW_RMT_1823_Type2_UFreeze_Equal3,10,0.0,10.0,10.0,1.5,500000,260816,0,0,0,0,0,0,0.0,0.0,0.0
NEW_RMT_1823_Type2_UFreeze_Equal3,10,0.0,10.0,10.0,1.6,500000,245068,0,0,0,0,0,0,0.0,0.0,0.0
NEW_RMT_1823_Type2_UFreeze_Equal3,10,0.0,10.0,10.0,1.8,500000,219021,0,0,0,0,0,0,0.0,0.0,0.0
NEW_RMT_1823_Type2_UFreeze_Equal3,10,0.0,10.0,10.0,2.0,500000,198141,0,0,0,0,0,0,0.0,0.0,0.0
NEW_RMT_1823_Type2_UFreeze_Equal3,10,0.0,10.0,10.0,2.2,500000,181037,0,0,0,0,0,0,0.0,0.0,0.0
NEW_RMT_1823_Type2_UFreeze_Equal3,10,0.0,10.0,10.0,2.4,500000,166960,0,0,0,0,0,0,0.0,0.0,0.0
NEW_RMT_1823_Type2_UFreeze_Equal3,10,0.0,10.0,10.0,2.6,500000,155337,0,0,0,0,0,0,0.0,0.0,0.0
NEW_RMT_1823_Type2_UFreeze_Equal3,10,0.0,10.0,10.0,2.8,500000,145463,0,0,0,0,0,0,0.0,0.0,0.0
NEW_RMT_1823_Type2_UFreeze_Equal3,10,0.0,10.0,10.0,3.0,500000,137181,0,0,0,0,0,0,0.0,0.0,0.0
NEW_RMT_1823_Type2_UFreeze_Equal3,10,0.0,10.0,10.0,3.2,500000,130047,0,0,0,0,0,0,0.0,0.0,0.0
NEW_RMT_1823_Type2_UFreeze_Equal3,10,0.0,10.0,10.0,3.4,500000,123759,0,0,0,0,0,0,0.0,0.0,0.0
NEW_RMT_1823_Type2_UFreeze_Equal3,10,0.0,10.0,10.0,3.6,500000,118333,0,0,0,0,1,0,0.0,0.0,0.0
NEW_RMT_1823_Type2_UFreeze_Equal3,10,0.0,10.0,10.0,3.8,500000,113543,0,0,0,0,1,0,0.0,0.0,0.0
NEW_RMT_1823_Type2_UFreeze_Equal3,10,0.0,10.0,10.0,4.0,500000,109120,0,0,0,0,2,0,0.0,0.0,0.0
NEW_RMT_1823_Type2_UFreeze_Equal3,10,0.0,10.0,10.0,4.5,500000,99915,0,0,0,0,4,0,0.0,0.0,0.0
NEW_RMT_1823_Type2_UFreeze_Equal3,10,0.0,10.0,10.0,5.0,500000,92591,0,0,0,0,6,0,0.0,0.0,0.0
NEW_RMT_1823_Type2_UFreeze_Equal3,10,0.0,10.0,10.0,5.5,500000,86521,0,0,0,0,14,0,0.0,0.0,0.0
NEW_RMT_1823_Type2_UFreeze_Equal3,10,0.0,10.0,10.0,6.0,500000,81401,0,0,0,0,18,0,0.0,0.0,0.0
NEW_RMT_1823_Type2_UFreeze_Equal3,10,0.0,10.0,10.0,7.0,500000,73173,0,0,0,0,33,0,0.0,0.0,0.0
NEW_RMT_1823_Type2_UFreeze_Equal3,10,0.0,10.0,10.0,8.0,500000,66833,0,0,0,0,59,0,0.0,0.0,0.0
NEW_RMT_1823_Type2_UFreeze_Equal3,10,0.0,10.0,10.0,9.0,500000,61663,0,0,0,0,78,0,0.0,0.0,0.0
NEW_RMT_1823_Type2_UFreeze_Equal3,10,0.0,10.0,10.0,10.0,500000,57346,0,0,0,0,110,0,0.0,0.0,0.0
NEW_RMT_1823_Type2_UFreeze_Unequal1,11,0.0,1.0,0.1,0.1,500000,500000,0,0,0,0,0,0,0.0,0.0,0.0
NEW_RMT_1823_Type2_UFreeze_Unequal1,11,0.0,1.0,0.1,0.2,500000,500000,0,0,0,0,0,0,0.0,0.0,0.0
NEW_RMT_1823_Type2_UFreeze_Unequal1,11,0.0,1.0,0.1,0.3,500000,500000,0,0,0,0,0,0,0.0,0.0,0.0
NEW_RMT_1823_Type2_UFreeze_Unequal1,11,0.0,1.0,0.1,0.4,500000,499562,0,0,0,0,0,0,0.0,0.0,0.0
NEW_RMT_1823_Type2_UFreeze_Unequal1,11,0.0,1.0,0.1,0.5,500000,495492,0,0,0,0,0,0,0.0,0.0,0.0
NEW_RMT_1823_Type2_UFreeze_Unequal1,11,0.0,1.0,0.1,0.58,500000,486045,0,0,0,0,0,0,0.0,0.0,0.0
NEW_RMT_1823_Type2_UFreeze_Unequal1,11,0.0,1.0,0.1,0.6,500000,482662,0,0,0,0,0,0,0.0,0.0,0.0
NEW_RMT_1823_Type2_UFreeze_Unequal1,11,0.0,1.0,0.1,0.7,500000,460928,0,0,0,0,0,0,0.0,0.0,0.0
NEW_RMT_1823_Type2_UFreeze_Unequal1,11,0.0,1.0,0.1,0.8,500000,433280,0,0,0,0,0,0,0.0,0.0,0.0
NEW_RMT_1823_Type2_UFreeze_Unequal1,11,0.0,1.0,0.1,0.9,500000,403439,0,0,0,0,0,0,0.0,0.0,0.0
NEW_RMT_1823_Type2_UFreeze_Unequal1,11,0.0,1.0,0.1,1.0,500000,374064,0,0,0,0,0,0,0.0,0.0,0.0
NEW_RMT_1823_Type2_UFreeze_Unequal1,11,0.0,1.0,0.1,1.1,500000,346492,0,0,0,0,0,0,0.0,0.0,0.0
NEW_RMT_1823_Type2_UFreeze_Unequal1,11,0.0,1.0,0.1,1.2,500000,321234,0,0,0,0,0,0,0.0,0.0,0.0
NEW_RMT_1823_Type2_UFreeze_Unequal1,11,0.0,1.0,0.1,1.3,500000,298617,0,0,0,0,0,0,0.0,0.0,0.0
NEW_RMT_1823_Type2_UFreeze_Unequal1,11,0.0,1.0,0.1,1.4,500000,278542,0,0,0,0,0,0,0.0,0.0,0.0
NEW_RMT_1823_Type2_UFreeze_Unequal1,11,0.0,1.0,0.1,1.5,500000,260816,0,0,0,0,0,0,0.0,0.0,0.0
NEW_RMT_1823_Type2_UFreeze_Unequal1,11,0.0,1.0,0.1,1.6,500000,245068,0,0,0,0,0,0,0.0,0.0,0.0
NEW_RMT_1823_Type2_UFreeze_Unequal1,11,0.0,1.0,0.1,1.8,500000,219021,0,0,0,0,0,0,0.0,0.0,0.0
NEW_RMT_1823_Type2_UFreeze_Unequal1,11,0.0,1.0,0.1,2.0,500000,198141,0,0,0,0,0,0,0.0,0.0,0.0
NEW_RMT_1823_Type2_UFreeze_Unequal1,11,0.0,1.0,0.1,2.2,500000,181037,0,0,0,0,0,0,0.0,0.0,0.0
NEW_RMT_1823_Type2_UFreeze_Unequal1,11,0.0,1.0,0.1,2.4,500000,166960,0,0,0,0,0,0,0.0,0.0,0.0
NEW_RMT_1823_Type2_UFreeze_Unequal1,11,0.0,1.0,0.1,2.6,500000,155337,0,0,0,0,0,0,0.0,0.0,0.0
NEW_RMT_1823_Type2_UFreeze_Unequal1,11,0.0,1.0,0.1,2.8,500000,145463,0,0,0,0,0,0,0.0,0.0,0.0
NEW_RMT_1823_Type2_UFreeze_Unequal1,11,0.0,1.0,0.1,3.0,500000,137181,0,0,0,0,0,0,0.0,0.0,0.0
NEW_RMT_1823_Type2_UFreeze_Unequal1,11,0.0,1.0,0.1,3.2,500000,130047,0,0,0,0,0,0,0.0,0.0,0.0
NEW_RMT_1823_Type2_UFreeze_Unequal1,11,0.0,1.0,0.1,3.4,500000,123759,0,0,0,0,0,0,0.0,0.0,0.0
NEW_RMT_1823_Type2_UFreeze_Unequal1,11,0.0,1.0,0.1,3.6,500000,118333,0,0,0,0,0,0,0.0,0.0,0.0
NEW_RMT_1823_Type2_UFreeze_Unequal1,11,0.0,1.0,0.1,3.8,500000,113543,0,0,0,0,0,0,0.0,0.0,0.0
NEW_RMT_1823_Type2_UFreeze_Unequal1,11,0.0,1.0,0.1,4.0,500000,109120,0,0,0,0,0,0,0.0,0.0,0.0
NEW_RMT_1823_Type2_UFreeze_Unequal1,11,0.0,1.0,0.1,4.5,500000,99915,0,0,0,0,0,0,0.0,0.0,0.0
NEW_RMT_1823_Type2_UFreeze_Unequal1,11,0.0,1.0,0.1,5.0,500000,92591,0,0,0,0,0,0,0.0,0.0,0.0
NEW_RMT_1823_Type2_UFreeze_Unequal1,11,0.0,1.0,0.1,5.5,500000,86521,0,0,0,0,0,0,0.0,0.0,0.0
NEW_RMT_1823_Type2_UFreeze_Unequal1,11,0.0,1.0,0.1,6.0,500000,81401,0,0,0,0,0,0,0.0,0.0,0.0
NEW_RMT_1823_Type2_UFreeze_Unequal1,11,0.0,1.0,0.1,7.0,500000,73173,0,0,0,0,0,0,0.0,0.0,0.0
NEW_RMT_1823_Type2_UFreeze_Unequal1,11,0.0,1.0,0.1,8.0,500000,66833,0,0,0,0,0,0,0.0,0.0,0.0
NEW_RMT_1823_Type2_UFreeze_Unequal1,11,0.0,1.0,0.1,9.0,500000,61663,0,0,0,0,0,0,0.0,0.0,0.0
NEW_RMT_1823_Type2_UFreeze_Unequal1,11,0.0,1.0,0.1,10.0,500000,57346,0,0,0,0,0,0,0.0,0.0,0.0
NEW_RMT_1823_Type2_UFreeze_Unequal2,12,0.0,0.1,1.0,0.1,500000,500000,0,0,0,0,0,0,0.0,0.0,0.0
NEW_RMT_1823_Type2_UFreeze_Unequal2,12,0.0,0.1,1.0,0.2,500000,500000,0,0,0,0,0,0,0.0,0.0,0.0
NEW_RMT_1823_Type2_UFreeze_Unequal2,12,0.0,0.1,1.0,0.3,500000,500000,0,0,0,0,0,0,0.0,0.0,0.0
NEW_RMT_1823_Type2_UFreeze_Unequal2,12,0.0,0.1,1.0,0.4,500000,499562,0,0,0,0,0,0,0.0,0.0,0.0
NEW_RMT_1823_Type2_UFreeze_Unequal2,12,0.0,0.1,1.0,0.5,500000,495492,0,0,0,0,0,0,0.0,0.0,0.0
NEW_RMT_1823_Type2_UFreeze_Unequal2,12,0.0,0.1,1.0,0.58,500000,486045,0,0,0,0,0,0,0.0,0.0,0.0
NEW_RMT_1823_Type2_UFreeze_Unequal2,12,0.0,0.1,1.0,0.6,500000,482662,0,0,0,0,0,0,0.0,0.0,0.0
NEW_RMT_1823_Type2_UFreeze_Unequal2,12,0.0,0.1,1.0,0.7,500000,460928,0,0,0,0,0,0,0.0,0.0,0.0
NEW_RMT_1823_Type2_UFreeze_Unequal2,12,0.0,0.1,1.0,0.8,500000,433280,0,0,0,0,0,0,0.0,0.0,0.0
NEW_RMT_1823_Type2_UFreeze_Unequal2,12,0.0,0.1,1.0,0.9,500000,403439,0,0,0,0,0,0,0.0,0.0,0.0
NEW_RMT_1823_Type2_UFreeze_Unequal2,12,0.0,0.1,1.0,1.0,500000,374064,0,0,0,0,0,0,0.0,0.0,0.0
NEW_RMT_1823_Type2_UFreeze_Unequal2,12,0.0,0.1,1.0,1.1,500000,346492,0,0,0,0,0,0,0.0,0.0,0.0
NEW_RMT_1823_Type2_UFreeze_Unequal2,12,0.0,0.1,1.0,1.2,500000,321234,0,0,0,0,0,0,0.0,0.0,0.0
NEW_RMT_1823_Type2_UFreeze_Unequal2,12,0.0,0.1,1.0,1.3,500000,298617,0,0,0,0,0,0,0.0,0.0,0.0
NEW_RMT_1823_Type2_UFreeze_Unequal2,12,0.0,0.1,1.0,1.4,500000,278542,0,0,0,0,0,0,0.0,0.0,0.0
NEW_RMT_1823_Type2_UFreeze_Unequal2,12,0.0,0.1,1.0,1.5,500000,260816,0,0,0,0,0,0,0.0,0.0,0.0
NEW_RMT_1823_Type2_UFreeze_Unequal2,12,0.0,0.1,1.0,1.6,500000,245068,0,0,0,0,0,0,0.0,0.0,0.0
NEW_RMT_1823_Type2_UFreeze_Unequal2,12,0.0,0.1,1.0,1.8,500000,219021,0,0,0,0,0,0,0.0,0.0,0.0
NEW_RMT_1823_Type2_UFreeze_Unequal2,12,0.0,0.1,1.0,2.0,500000,198141,0,0,0,0,0,0,0.0,0.0,0.0
NEW_RMT_1823_Type2_UFreeze_Unequal2,12,0.0,0.1,1.0,2.2,500000,181037,0,0,0,0,0,0,0.0,0.0,0.0
NEW_RMT_1823_Type2_UFreeze_Unequal2,12,0.0,0.1,1.0,2.4,500000,166960,0,0,0,0,0,0,0.0,0.0,0.0
NEW_RMT_1823_Type2_UFreeze_Unequal2,12,0.0,0.1,1.0,2.6,500000,155337,0,0,0,0,3,0,0.0,0.0,0.0
NEW_RMT_1823_Type2_UFreeze_Unequal2,12,0.0,0.1,1.0,2.8,500000,145463,0,0,0,0,5,0,0.0,0.0,0.0
NEW_RMT_1823_Type2_UFreeze_Unequal2,12,0.0,0.1,1.0,3.0,500000,137181,0,0,0,0,9,0,0.0,0.0,0.0
NEW_RMT_1823_Type2_UFreeze_Unequal2,12,0.0,0.1,1.0,3.2,500000,130047,0,0,0,0,15,0,0.0,0.0,0.0
NEW_RMT_1823_Type2_UFreeze_Unequal2,12,0.0,0.1,1.0,3.4,500000,123759,0,0,0,0,26,0,0.0,0.0,0.0
NEW_RMT_1823_Type2_UFreeze_Unequal2,12,0.0,0.1,1.0,3.6,500000,118333,0,0,0,0,43,0,0.0,0.0,0.0
NEW_RMT_1823_Type2_UFreeze_Unequal2,12,0.0,0.1,1.0,3.8,500000,113543,0,0,0,0,55,0,0.0,0.0,0.0
NEW_RMT_1823_Type2_UFreeze_Unequal2,12,0.0,0.1,1.0,4.0,500000,109120,0,0,0,0,85,0,0.0,0.0,0.0
NEW_RMT_1823_Type2_UFreeze_Unequal2,12,0.0,0.1,1.0,4.5,500000,99915,0,0,0,0,148,0,0.0,0.0,0.0
NEW_RMT_1823_Type2_UFreeze_Unequal2,12,0.0,0.1,1.0,5.0,500000,92591,0,0,0,0,238,0,0.0,0.0,0.0
NEW_RMT_1823_Type2_UFreeze_Unequal2,12,0.0,0.1,1.0,5.5,500000,86521,0,0,0,0,361,0,0.0,0.0,0.0
NEW_RMT_1823_Type2_UFreeze_Unequal2,12,0.0,0.1,1.0,6.0,500000,81401,0,0,0,0,489,0,0.0,0.0,0.0
NEW_RMT_1823_Type2_UFreeze_Unequal2,12,0.0,0.1,1.0,7.0,500000,73173,0,0,0,0,736,0,0.0,0.0,0.0
NEW_RMT_1823_Type2_UFreeze_Unequal2,12,0.0,0.1,1.0,8.0,500000,66833,0,0,0,0,937,0,0.0,0.0,0.0
NEW_RMT_1823_Type2_UFreeze_Unequal2,12,0.0,0.1,1.0,9.0,500000,61663,0,0,0,0,1157,0,0.0,0.0,0.0
NEW_RMT_1823_Type2_UFreeze_Unequal2,12,0.0,0.1,1.0,10.0,500000,57346,0,0,0,0,1328,0,0.0,0.0,0.0
NEW_RMT_1823_Type2_UFreeze_Unequal3,13,0.0,10.0,1.0,0.1,500000,500000,0,0,0,0,0,0,0.0,0.0,0.0
NEW_RMT_1823_Type2_UFreeze_Unequal3,13,0.0,10.0,1.0,0.2,500000,500000,0,0,0,0,0,0,0.0,0.0,0.0
NEW_RMT_1823_Type2_UFreeze_Unequal3,13,0.0,10.0,1.0,0.3,500000,500000,0,0,0,0,0,0,0.0,0.0,0.0
NEW_RMT_1823_Type2_UFreeze_Unequal3,13,0.0,10.0,1.0,0.4,500000,499562,0,0,0,0,0,0,0.0,0.0,0.0
NEW_RMT_1823_Type2_UFreeze_Unequal3,13,0.0,10.0,1.0,0.5,500000,495492,0,0,0,0,0,0,0.0,0.0,0.0
NEW_RMT_1823_Type2_UFreeze_Unequal3,13,0.0,10.0,1.0,0.58,500000,486045,0,0,0,0,0,0,0.0,0.0,0.0
NEW_RMT_1823_Type2_UFreeze_Unequal3,13,0.0,10.0,1.0,0.6,500000,482662,0,0,0,0,0,0,0.0,0.0,0.0
NEW_RMT_1823_Type2_UFreeze_Unequal3,13,0.0,10.0,1.0,0.7,500000,460928,0,0,0,0,0,0,0.0,0.0,0.0
NEW_RMT_1823_Type2_UFreeze_Unequal3,13,0.0,10.0,1.0,0.8,500000,433280,0,0,0,0,0,0,0.0,0.0,0.0
NEW_RMT_1823_Type2_UFreeze_Unequal3,13,0.0,10.0,1.0,0.9,500000,403439,0,0,0,0,0,0,0.0,0.0,0.0
NEW_RMT_1823_Type2_UFreeze_Unequal3,13,0.0,10.0,1.0,1.0,500000,374064,0,0,0,0,0,0,0.0,0.0,0.0
NEW_RMT_1823_Type2_UFreeze_Unequal3,13,0.0,10.0,1.0,1.1,500000,346492,0,0,0,0,0,0,0.0,0.0,0.0
NEW_RMT_1823_Type2_UFreeze_Unequal3,13,0.0,10.0,1.0,1.2,500000,321234,0,0,0,0,0,0,0.0,0.0,0.0
NEW_RMT_1823_Type2_UFreeze_Unequal3,13,0.0,10.0,1.0,1.3,500000,298617,0,0,0,0,0,0,0.0,0.0,0.0
NEW_RMT_1823_Type2_UFreeze_Unequal3,13,0.0,10.0,1.0,1.4,500000,278542,0,0,0,0,0,0,0.0,0.0,0.0
NEW_RMT_1823_Type2_UFreeze_Unequal3,13,0.0,10.0,1.0,1.5,500000,260816,0,0,0,0,0,0,0.0,0.0,0.0
NEW_RMT_1823_Type2_UFreeze_Unequal3,13,0.0,10.0,1.0,1.6,500000,245068,0,0,0,0,0,0,0.0,0.0,0.0
NEW_RMT_1823_Type2_UFreeze_Unequal3,13,0.0,10.0,1.0,1.8,500000,219021,0,0,0,0,0,0,0.0,0.0,0.0
NEW_RMT_1823_Type2_UFreeze_Unequal3,13,0.0,10.0,1.0,2.0,500000,198141,0,0,0,0,0,0,0.0,0.0,0.0
NEW_RMT_1823_Type2_UFreeze_Unequal3,13,0.0,10.0,1.0,2.2,500000,181037,0,0,0,0,0,0,0.0,0.0,0.0
NEW_RMT_1823_Type2_UFreeze_Unequal3,13,0.0,10.0,1.0,2.4,500000,166960,0,0,0,0,0,0,0.0,0.0,0.0
NEW_RMT_1823_Type2_UFreeze_Unequal3,13,0.0,10.0,1.0,2.6,500000,155337,0,0,0,0,0,0,0.0,0.0,0.0
NEW_RMT_1823_Type2_UFreeze_Unequal3,13,0.0,10.0,1.0,2.8,500000,145463,0,0,0,0,0,0,0.0,0.0,0.0
NEW_RMT_1823_Type2_UFreeze_Unequal3,13,0.0,10.0,1.0,3.0,500000,137181,0,0,0,0,0,0,0.0,0.0,0.0
NEW_RMT_1823_Type2_UFreeze_Unequal3,13,0.0,10.0,1.0,3.2,500000,130047,0,0,0,0,0,0,0.0,0.0,0.0
NEW_RMT_1823_Type2_UFreeze_Unequal3,13,0.0,10.0,1.0,3.4,500000,123759,0,0,0,0,0,0,0.0,0.0,0.0
NEW_RMT_1823_Type2_UFreeze_Unequal3,13,0.0,10.0,1.0,3.6,500000,118333,0,0,0,0,0,0,0.0,0.0,0.0
NEW_RMT_1823_Type2_UFreeze_Unequal3,13,0.0,10.0,1.0,3.8,500000,113543,0,0,0,0,0,0,0.0,0.0,0.0
NEW_RMT_1823_Type2_UFreeze_Unequal3,13,0.0,10.0,1.0,4.0,500000,109120,0,0,0,0,0,0,0.0,0.0,0.0
NEW_RMT_1823_Type2_UFreeze_Unequal3,13,0.0,10.0,1.0,4.5,500000,99915,0,0,0,0,0,0,0.0,0.0,0.0
NEW_RMT_1823_Type2_UFreeze_Unequal3,13,0.0,10.0,1.0,5.0,500000,92591,0,0,0,0,0,0,0.0,0.0,0.0
NEW_RMT_1823_Type2_UFreeze_Unequal3,13,0.0,10.0,1.0,5.5,500000,86521,0,0,0,0,0,0,0.0,0.0,0.0
NEW_RMT_1823_Type2_UFreeze_Unequal3,13,0.0,10.0,1.0,6.0,500000,81401,0,0,0,0,0,0,0.0,0.0,0.0
NEW_RMT_1823_Type2_UFreeze_Unequal3,13,0.0,10.0,1.0,7.0,500000,73173,0,0,0,0,0,0,0.0,0.0,0.0
NEW_RMT_1823_Type2_UFreeze_Unequal3,13,0.0,10.0,1.0,8.0,500000,66833,0,0,0,0,0,0,0.0,0.0,0.0
NEW_RMT_1823_Type2_UFreeze_Unequal3,13,0.0,10.0,1.0,9.0,500000,61663,0,0,0,0,0,0,0.0,0.0,0.0
NEW_RMT_1823_Type2_UFreeze_Unequal3,13,0.0,10.0,1.0,10.0,500000,57346,0,0,0,0,0,0,0.0,0.0,0.0
NEW_RMT_1823_Type2_UFreeze_Unequal4,14,0.0,1.0,10.0,0.1,500000,500000,0,0,0,0,0,0,0.0,0.0,0.0
NEW_RMT_1823_Type2_UFreeze_Unequal4,14,0.0,1.0,10.0,0.2,500000,500000,0,0,0,0,0,0,0.0,0.0,0.0
NEW_RMT_1823_Type2_UFreeze_Unequal4,14,0.0,1.0,10.0,0.3,500000,500000,0,0,0,0,0,0,0.0,0.0,0.0
NEW_RMT_1823_Type2_UFreeze_Unequal4,14,0.0,1.0,10.0,0.4,500000,499562,0,0,0,0,0,0,0.0,0.0,0.0
NEW_RMT_1823_Type2_UFreeze_Unequal4,14,0.0,1.0,10.0,0.5,500000,495492,0,0,0,0,0,0,0.0,0.0,0.0
NEW_RMT_1823_Type2_UFreeze_Unequal4,14,0.0,1.0,10.0,0.58,500000,486045,0,0,0,0,0,0,0.0,0.0,0.0
NEW_RMT_1823_Type2_UFreeze_Unequal4,14,0.0,1.0,10.0,0.6,500000,482662,0,0,0,0,0,0,0.0,0.0,0.0
NEW_RMT_1823_Type2_UFreeze_Unequal4,14,0.0,1.0,10.0,0.7,500000,460928,0,0,0,0,0,0,0.0,0.0,0.0
NEW_RMT_1823_Type2_UFreeze_Unequal4,14,0.0,1.0,10.0,0.8,500000,433280,0,0,0,0,0,0,0.0,0.0,0.0
NEW_RMT_1823_Type2_UFreeze_Unequal4,14,0.0,1.0,10.0,0.9,500000,403439,0,0,0,0,0,0,0.0,0.0,0.0
NEW_RMT_1823_Type2_UFreeze_Unequal4,14,0.0,1.0,10.0,1.0,500000,374064,0,0,0,0,0,0,0.0,0.0,0.0
NEW_RMT_1823_Type2_UFreeze_Unequal4,14,0.0,1.0,10.0,1.1,500000,346492,0,0,0,0,0,0,0.0,0.0,0.0
NEW_RMT_1823_Type2_UFreeze_Unequal4,14,0.0,1.0,10.0,1.2,500000,321234,0,0,0,0,0,0,0.0,0.0,0.0
NEW_RMT_1823_Type2_UFreeze_Unequal4,14,0.0,1.0,10.0,1.3,500000,298617,0,0,0,0,0,0,0.0,0.0,0.0
NEW_RMT_1823_Type2_UFreeze_Unequal4,14,0.0,1.0,10.0,1.4,500000,278542,0,0,0,0,0,0,0.0,0.0,0.0
NEW_RMT_1823_Type2_UFreeze_Unequal4,14,0.0,1.0,10.0,1.5,500000,260816,0,0,0,0,0,0,0.0,0.0,0.0
NEW_RMT_1823_Type2_UFreeze_Unequal4,14,0.0,1.0,10.0,1.6,500000,245068,0,0,0,0,0,0,0.0,0.0,0.0
NEW_RMT_1823_Type2_UFreeze_Unequal4,14,0.0,1.0,10.0,1.8,500000,219021,0,0,0,0,0,0,0.0,0.0,0.0
NEW_RMT_1823_Type2_UFreeze_Unequal4,14,0.0,1.0,10.0,2.0,500000,198141,0,0,0,0,0,0,0.0,0.0,0.0
NEW_RMT_1823_Type2_UFreeze_Unequal4,14,0.0,1.0,10.0,2.2,500000,181037,0,0,0,0,0,0,0.0,0.0,0.0
NEW_RMT_1823_Type2_UFreeze_Unequal4,14,0.0,1.0,10.0,2.4,500000,166960,0,0,0,0,0,0,0.0,0.0,0.0
NEW_RMT_1823_Type2_UFreeze_Unequal4,14,0.0,1.0,10.0,2.6,500000,155337,0,0,0,0,3,0,0.0,0.0,0.0
NEW_RMT_1823_Type2_UFreeze_Unequal4,14,0.0,1.0,10.0,2.8,500000,145463,0,0,0,0,5,0,0.0,0.0,0.0
NEW_RMT_1823_Type2_UFreeze_Unequal4,14,0.0,1.0,10.0,3.0,500000,137181,0,0,0,0,9,0,0.0,0.0,0.0
NEW_RMT_1823_Type2_UFreeze_Unequal4,14,0.0,1.0,10.0,3.2,500000,130047,0,0,0,0,14,0,0.0,0.0,0.0
NEW_RMT_1823_Type2_UFreeze_Unequal4,14,0.0,1.0,10.0,3.4,500000,123759,0,0,0,0,26,0,0.0,0.0,0.0
NEW_RMT_1823_Type2_UFreeze_Unequal4,14,0.0,1.0,10.0,3.6,500000,118333,0,0,0,0,42,0,0.0,0.0,0.0
NEW_RMT_1823_Type2_UFreeze_Unequal4,14,0.0,1.0,10.0,3.8,500000,113543,0,0,0,0,53,0,0.0,0.0,0.0
NEW_RMT_1823_Type2_UFreeze_Unequal4,14,0.0,1.0,10.0,4.0,500000,109120,0,0,0,0,83,0,0.0,0.0,0.0
NEW_RMT_1823_Type2_UFreeze_Unequal4,14,0.0,1.0,10.0,4.5,500000,99915,0,0,0,0,146,0,0.0,0.0,0.0
NEW_RMT_1823_Type2_UFreeze_Unequal4,14,0.0,1.0,10.0,5.0,500000,92591,0,0,0,0,237,0,0.0,0.0,0.0
NEW_RMT_1823_Type2_UFreeze_Unequal4,14,0.0,1.0,10.0,5.5,500000,86521,0,0,0,0,356,0,0.0,0.0,0.0
NEW_RMT_1823_Type2_UFreeze_Unequal4,14,0.0,1.0,10.0,6.0,500000,81401,0,0,0,0,483,0,0.0,0.0,0.0
NEW_RMT_1823_Type2_UFreeze_Unequal4,14,0.0,1.0,10.0,7.0,500000,73173,0,0,0,0,732,0,0.0,0.0,0.0
NEW_RMT_1823_Type2_UFreeze_Unequal4,14,0.0,1.0,10.0,8.0,500000,66833,0,0,0,0,927,0,0.0,0.0,0.0
NEW_RMT_1823_Type2_UFreeze_Unequal4,14,0.0,1.0,10.0,9.0,500000,61663,0,0,0,0,1149,0,0.0,0.0,0.0
NEW_RMT_1823_Type2_UFreeze_Unequal4,14,0.0,1.0,10.0,10.0,500000,57346,0,0,0,0,1322,0,0.0,0.0,0.0
NEW_RMT_1823_Type2_UFreeze_Unequal5,15,0.0,0.1,10.0,0.1,500000,500000,0,0,0,0,0,0,0.0,0.0,0.0
NEW_RMT_1823_Type2_UFreeze_Unequal5,15,0.0,0.1,10.0,0.2,500000,500000,0,0,0,0,0,0,0.0,0.0,0.0
NEW_RMT_1823_Type2_UFreeze_Unequal5,15,0.0,0.1,10.0,0.3,500000,500000,0,0,0,0,0,0,0.0,0.0,0.0
NEW_RMT_1823_Type2_UFreeze_Unequal5,15,0.0,0.1,10.0,0.4,500000,499562,0,0,0,0,0,0,0.0,0.0,0.0
NEW_RMT_1823_Type2_UFreeze_Unequal5,15,0.0,0.1,10.0,0.5,500000,495492,0,0,0,0,0,0,0.0,0.0,0.0
NEW_RMT_1823_Type2_UFreeze_Unequal5,15,0.0,0.1,10.0,0.58,500000,486045,0,0,0,0,0,0,0.0,0.0,0.0
NEW_RMT_1823_Type2_UFreeze_Unequal5,15,0.0,0.1,10.0,0.6,500000,482662,0,0,0,0,0,0,0.0,0.0,0.0
NEW_RMT_1823_Type2_UFreeze_Unequal5,15,0.0,0.1,10.0,0.7,500000,460928,0,0,0,0,0,0,0.0,0.0,0.0
NEW_RMT_1823_Type2_UFreeze_Unequal5,15,0.0,0.1,10.0,0.8,500000,433280,0,0,0,0,0,0,0.0,0.0,0.0
NEW_RMT_1823_Type2_UFreeze_Unequal5,15,0.0,0.1,10.0,0.9,500000,403439,0,0,0,0,0,0,0.0,0.0,0.0
NEW_RMT_1823_Type2_UFreeze_Unequal5,15,0.0,0.1,10.0,1.0,500000,374064,0,0,0,0,0,0,0.0,0.0,0.0
NEW_RMT_1823_Type2_UFreeze_Unequal5,15,0.0,0.1,10.0,1.1,500000,346492,0,0,0,0,0,0,0.0,0.0,0.0
NEW_RMT_1823_Type2_UFreeze_Unequal5,15,0.0,0.1,10.0,1.2,500000,321234,0,0,0,0,0,0,0.0,0.0,0.0
NEW_RMT_1823_Type2_UFreeze_Unequal5,15,0.0,0.1,10.0,1.3,500000,298617,0,0,0,0,0,0,0.0,0.0,0.0
NEW_RMT_1823_Type2_UFreeze_Unequal5,15,0.0,0.1,10.0,1.4,500000,278542,0,0,0,0,0,0,0.0,0.0,0.0
NEW_RMT_1823_Type2_UFreeze_Unequal5,15,0.0,0.1,10.0,1.5,500000,260816,0,0,0,0,0,0,0.0,0.0,0.0
NEW_RMT_1823_Type2_UFreeze_Unequal5,15,0.0,0.1,10.0,1.6,500000,245068,0,0,0,0,0,0,0.0,0.0,0.0
NEW_RMT_1823_Type2_UFreeze_Unequal5,15,0.0,0.1,10.0,1.8,500000,219021,0,0,0,0,0,0,0.0,0.0,0.0
NEW_RMT_1823_Type2_UFreeze_Unequal5,15,0.0,0.1,10.0,2.0,500000,198141,0,0,0,0,0,0,0.0,0.0,0.0
NEW_RMT_1823_Type2_UFreeze_Unequal5,15,0.0,0.1,10.0,2.2,500000,181037,0,0,0,0,0,0,0.0,0.0,0.0
NEW_RMT_1823_Type2_UFreeze_Unequal5,15,0.0,0.1,10.0,2.4,500000,166960,0,0,0,0,2,0,0.0,0.0,0.0
NEW_RMT_1823_Type2_UFreeze_Unequal5,15,0.0,0.1,10.0,2.6,500000,155337,0,0,0,0,4,0,0.0,0.0,0.0
NEW_RMT_1823_Type2_UFreeze_Unequal5,15,0.0,0.1,10.0,2.8,500000,145463,0,0,0,0,10,0,0.0,0.0,0.0
NEW_RMT_1823_Type2_UFreeze_Unequal5,15,0.0,0.1,10.0,3.0,500000,137181,0,0,0,0,20,0,0.0,0.0,0.0
NEW_RMT_1823_Type2_UFreeze_Unequal5,15,0.0,0.1,10.0,3.2,500000,130047,0,0,0,0,42,0,0.0,0.0,0.0
NEW_RMT_1823_Type2_UFreeze_Unequal5,15,0.0,0.1,10.0,3.4,500000,123759,0,0,0,0,68,0,0.0,0.0,0.0
NEW_RMT_1823_Type2_UFreeze_Unequal5,15,0.0,0.1,10.0,3.6,500000,118333,0,0,0,0,105,0,0.0,0.0,0.0
NEW_RMT_1823_Type2_UFreeze_Unequal5,15,0.0,0.1,10.0,3.8,500000,113543,0,0,0,0,134,0,0.0,0.0,0.0
NEW_RMT_1823_Type2_UFreeze_Unequal5,15,0.0,0.1,10.0,4.0,500000,109120,0,0,0,0,166,0,0.0,0.0,0.0
NEW_RMT_1823_Type2_UFreeze_Unequal5,15,0.0,0.1,10.0,4.5,500000,99915,0,0,0,0,309,0,0.0,0.0,0.0
NEW_RMT_1823_Type2_UFreeze_Unequal5,15,0.0,0.1,10.0,5.0,500000,92591,0,0,0,0,485,0,0.0,0.0,0.0
NEW_RMT_1823_Type2_UFreeze_Unequal5,15,0.0,0.1,10.0,5.5,500000,86521,0,0,0,0,698,0,0.0,0.0,0.0
NEW_RMT_1823_Type2_UFreeze_Unequal5,15,0.0,0.1,10.0,6.0,500000,81401,0,0,0,0,898,0,0.0,0.0,0.0
NEW_RMT_1823_Type2_UFreeze_Unequal5,15,0.0,0.1,10.0,7.0,500000,73173,0,0,0,0,1324,0,0.0,0.0,0.0
NEW_RMT_1823_Type2_UFreeze_Unequal5,15,0.0,0.1,10.0,8.0,500000,66833,0,0,0,0,1719,0,0.0,0.0,0.0
NEW_RMT_1823_Type2_UFreeze_Unequal5,15,0.0,0.1,10.0,9.0,500000,61663,0,0,0,0,2092,0,0.0,0.0,0.0
NEW_RMT_1823_Type2_UFreeze_Unequal5,15,0.0,0.1,10.0,10.0,500000,57346,0,0,0,0,2422,0,0.0,0.0,0.0
NEW_RMT_1823_Type2_UFreeze_Unequal6,16,0.0,10.0,0.1,0.1,500000,500000,0,0,0,0,0,0,0.0,0.0,0.0
NEW_RMT_1823_Type2_UFreeze_Unequal6,16,0.0,10.0,0.1,0.2,500000,500000,0,0,0,0,0,0,0.0,0.0,0.0
NEW_RMT_1823_Type2_UFreeze_Unequal6,16,0.0,10.0,0.1,0.3,500000,500000,0,0,0,0,0,0,0.0,0.0,0.0
NEW_RMT_1823_Type2_UFreeze_Unequal6,16,0.0,10.0,0.1,0.4,500000,499562,0,0,0,0,0,0,0.0,0.0,0.0
NEW_RMT_1823_Type2_UFreeze_Unequal6,16,0.0,10.0,0.1,0.5,500000,495492,0,0,0,0,0,0,0.0,0.0,0.0
NEW_RMT_1823_Type2_UFreeze_Unequal6,16,0.0,10.0,0.1,0.58,500000,486045,0,0,0,0,0,0,0.0,0.0,0.0
NEW_RMT_1823_Type2_UFreeze_Unequal6,16,0.0,10.0,0.1,0.6,500000,482662,0,0,0,0,0,0,0.0,0.0,0.0
NEW_RMT_1823_Type2_UFreeze_Unequal6,16,0.0,10.0,0.1,0.7,500000,460928,0,0,0,0,0,0,0.0,0.0,0.0
NEW_RMT_1823_Type2_UFreeze_Unequal6,16,0.0,10.0,0.1,0.8,500000,433280,0,0,0,0,0,0,0.0,0.0,0.0
NEW_RMT_1823_Type2_UFreeze_Unequal6,16,0.0,10.0,0.1,0.9,500000,403439,0,0,0,0,0,0,0.0,0.0,0.0
NEW_RMT_1823_Type2_UFreeze_Unequal6,16,0.0,10.0,0.1,1.0,500000,374064,0,0,0,0,0,0,0.0,0.0,0.0
NEW_RMT_1823_Type2_UFreeze_Unequal6,16,0.0,10.0,0.1,1.1,500000,346492,0,0,0,0,0,0,0.0,0.0,0.0
NEW_RMT_1823_Type2_UFreeze_Unequal6,16,0.0,10.0,0.1,1.2,500000,321234,0,0,0,0,0,0,0.0,0.0,0.0
NEW_RMT_1823_Type2_UFreeze_Unequal6,16,0.0,10.0,0.1,1.3,500000,298617,0,0,0,0,0,0,0.0,0.0,0.0
NEW_RMT_1823_Type2_UFreeze_Unequal6,16,0.0,10.0,0.1,1.4,500000,278542,0,0,0,0,0,0,0.0,0.0,0.0
NEW_RMT_1823_Type2_UFreeze_Unequal6,16,0.0,10.0,0.1,1.5,500000,260816,0,0,0,0,0,0,0.0,0.0,0.0
NEW_RMT_1823_Type2_UFreeze_Unequal6,16,0.0,10.0,0.1,1.6,500000,245068,0,0,0,0,0,0,0.0,0.0,0.0
NEW_RMT_1823_Type2_UFreeze_Unequal6,16,0.0,10.0,0.1,1.8,500000,219021,0,0,0,0,0,0,0.0,0.0,0.0
NEW_RMT_1823_Type2_UFreeze_Unequal6,16,0.0,10.0,0.1,2.0,500000,198141,0,0,0,0,0,0,0.0,0.0,0.0
NEW_RMT_1823_Type2_UFreeze_Unequal6,16,0.0,10.0,0.1,2.2,500000,181037,0,0,0,0,0,0,0.0,0.0,0.0
NEW_RMT_1823_Type2_UFreeze_Unequal6,16,0.0,10.0,0.1,2.4,500000,166960,0,0,0,0,0,0,0.0,0.0,0.0
NEW_RMT_1823_Type2_UFreeze_Unequal6,16,0.0,10.0,0.1,2.6,500000,155337,0,0,0,0,0,0,0.0,0.0,0.0
NEW_RMT_1823_Type2_UFreeze_Unequal6,16,0.0,10.0,0.1,2.8,500000,145463,0,0,0,0,0,0,0.0,0.0,0.0
NEW_RMT_1823_Type2_UFreeze_Unequal6,16,0.0,10.0,0.1,3.0,500000,137181,0,0,0,0,0,0,0.0,0.0,0.0
NEW_RMT_1823_Type2_UFreeze_Unequal6,16,0.0,10.0,0.1,3.2,500000,130047,0,0,0,0,0,0,0.0,0.0,0.0
NEW_RMT_1823_Type2_UFreeze_Unequal6,16,0.0,10.0,0.1,3.4,500000,123759,0,0,0,0,0,0,0.0,0.0,0.0
NEW_RMT_1823_Type2_UFreeze_Unequal6,16,0.0,10.0,0.1,3.6,500000,118333,0,0,0,0,0,0,0.0,0.0,0.0
NEW_RMT_1823_Type2_UFreeze_Unequal6,16,0.0,10.0,0.1,3.8,500000,113543,0,0,0,0,0,0,0.0,0.0,0.0
NEW_RMT_1823_Type2_UFreeze_Unequal6,16,0.0,10.0,0.1,4.0,500000,109120,0,0,0,0,0,0,0.0,0.0,0.0
NEW_RMT_1823_Type2_UFreeze_Unequal6,16,0.0,10.0,0.1,4.5,500000,99915,0,0,0,0,0,0,0.0,0.0,0.0
NEW_RMT_1823_Type2_UFreeze_Unequal6,16,0.0,10.0,0.1,5.0,500000,92591,0,0,0,0,0,0,0.0,0.0,0.0
NEW_RMT_1823_Type2_UFreeze_Unequal6,16,0.0,10.0,0.1,5.5,500000,86521,0,0,0,0,0,0,0.0,0.0,0.0
NEW_RMT_1823_Type2_UFreeze_Unequal6,16,0.0,10.0,0.1,6.0,500000,81401,0,0,0,0,0,0,0.0,0.0,0.0
NEW_RMT_1823_Type2_UFreeze_Unequal6,16,0.0,10.0,0.1,7.0,500000,73173,0,0,0,0,0,0,0.0,0.0,0.0
NEW_RMT_1823_Type2_UFreeze_Unequal6,16,0.0,10.0,0.1,8.0,500000,66833,0,0,0,0,0,0,0.0,0.0,0.0
NEW_RMT_1823_Type2_UFreeze_Unequal6,16,0.0,10.0,0.1,9.0,500000,61663,0,0,0,0,0,0,0.0,0.0,0.0
NEW_RMT_1823_Type2_UFreeze_Unequal6,16,0.0,10.0,0.1,10.0,500000,57346,0,0,0,0,0,0,0.0,0.0,0.0
NEW_RMT_1823_Type3_WFreeze_Equal1,17,1.0,1.0,0.0,0.1,500000,500000,0,0,0,0,0,0,0.0,0.0,0.0
NEW_RMT_1823_Type3_WFreeze_Equal1,17,1.0,1.0,0.0,0.2,500000,500000,0,0,0,0,0,0,0.0,0.0,0.0
NEW_RMT_1823_Type3_WFreeze_Equal1,17,1.0,1.0,0.0,0.3,500000,500000,0,0,0,0,0,0,0.0,0.0,0.0
NEW_RMT_1823_Type3_WFreeze_Equal1,17,1.0,1.0,0.0,0.4,500000,499562,0,0,0,0,0,0,0.0,0.0,0.0
NEW_RMT_1823_Type3_WFreeze_Equal1,17,1.0,1.0,0.0,0.5,500000,495492,0,0,0,0,0,0,0.0,0.0,0.0
NEW_RMT_1823_Type3_WFreeze_Equal1,17,1.0,1.0,0.0,0.58,500000,486045,0,0,0,0,0,0,0.0,0.0,0.0
NEW_RMT_1823_Type3_WFreeze_Equal1,17,1.0,1.0,0.0,0.6,500000,482662,0,0,0,0,0,0,0.0,0.0,0.0
NEW_RMT_1823_Type3_WFreeze_Equal1,17,1.0,1.0,0.0,0.7,500000,460928,1,1,1,0,0,0,0.0002,0.0002,0.0002
NEW_RMT_1823_Type3_WFreeze_Equal1,17,1.0,1.0,0.0,0.8,500000,433280,6,6,6,0,0,0,0.0012,0.0012,0.0012
NEW_RMT_1823_Type3_WFreeze_Equal1,17,1.0,1.0,0.0,0.9,500000,403439,19,19,19,0,0,0,0.0038,0.0038,0.0038
NEW_RMT_1823_Type3_WFreeze_Equal1,17,1.0,1.0,0.0,1.0,500000,374064,64,64,64,0,0,0,0.0128,0.0128,0.0128
NEW_RMT_1823_Type3_WFreeze_Equal1,17,1.0,1.0,0.0,1.1,500000,346492,134,134,134,0,0,0,0.0268,0.0268,0.0268
NEW_RMT_1823_Type3_WFreeze_Equal1,17,1.0,1.0,0.0,1.2,500000,321234,248,248,248,0,0,0,0.0496,0.0496,0.0496
NEW_RMT_1823_Type3_WFreeze_Equal1,17,1.0,1.0,0.0,1.3,500000,298617,404,404,404,0,0,0,0.0808,0.0808,0.0808
NEW_RMT_1823_Type3_WFreeze_Equal1,17,1.0,1.0,0.0,1.4,500000,278542,602,602,602,0,0,0,0.1204,0.1204,0.1204
NEW_RMT_1823_Type3_WFreeze_Equal1,17,1.0,1.0,0.0,1.5,500000,260816,844,844,844,0,0,0,0.1688,0.1688,0.1688
NEW_RMT_1823_Type3_WFreeze_Equal1,17,1.0,1.0,0.0,1.6,500000,245068,1146,1146,1146,0,0,0,0.2292,0.2292,0.2292
NEW_RMT_1823_Type3_WFreeze_Equal1,17,1.0,1.0,0.0,1.8,500000,219021,1882,1882,1882,0,0,0,0.3764,0.3764,0.3764
NEW_RMT_1823_Type3_WFreeze_Equal1,17,1.0,1.0,0.0,2.0,500000,198141,2688,2688,2688,0,0,0,0.5376,0.5376,0.5376
NEW_RMT_1823_Type3_WFreeze_Equal1,17,1.0,1.0,0.0,2.2,500000,181037,3453,3453,3453,0,0,0,0.6906,0.6906,0.6906
NEW_RMT_1823_Type3_WFreeze_Equal1,17,1.0,1.0,0.0,2.4,500000,166960,4385,4385,4385,0,0,0,0.877,0.877,0.877
NEW_RMT_1823_Type3_WFreeze_Equal1,17,1.0,1.0,0.0,2.6,500000,155337,5168,5168,5168,0,0,0,1.0336,1.0336,1.0336
NEW_RMT_1823_Type3_WFreeze_Equal1,17,1.0,1.0,0.0,2.8,500000,145463,6071,6071,6071,0,0,0,1.2142,1.2142,1.2142
NEW_RMT_1823_Type3_WFreeze_Equal1,17,1.0,1.0,0.0,3.0,500000,137181,6798,6798,6798,0,0,0,1.3596,1.3596,1.3596
NEW_RMT_1823_Type3_WFreeze_Equal1,17,1.0,1.0,0.0,3.2,500000,130047,7507,7507,7507,0,0,0,1.5014,1.5014,1.5014
NEW_RMT_1823_Type3_WFreeze_Equal1,17,1.0,1.0,0.0,3.4,500000,123759,8225,8225,8225,0,0,0,1.645,1.645,1.645
NEW_RMT_1823_Type3_WFreeze_Equal1,17,1.0,1.0,0.0,3.6,500000,118333,8864,8864,8864,0,0,0,1.7728,1.7728,1.7728
NEW_RMT_1823_Type3_WFreeze_Equal1,17,1.0,1.0,0.0,3.8,500000,113543,9529,9529,9529,0,0,0,1.9058,1.9058,1.9058
NEW_RMT_1823_Type3_WFreeze_Equal1,17,1.0,1.0,0.0,4.0,500000,109120,10068,10068,10068,0,0,0,2.0136,2.0136,2.0136
NEW_RMT_1823_Type3_WFreeze_Equal1,17,1.0,1.0,0.0,4.5,500000,99915,11144,11144,11144,0,0,0,2.2288,2.2288,2.2288
NEW_RMT_1823_Type3_WFreeze_Equal1,17,1.0,1.0,0.0,5.0,500000,92591,12187,12187,12187,0,0,0,2.4374,2.4374,2.4374
NEW_RMT_1823_Type3_WFreeze_Equal1,17,1.0,1.0,0.0,5.5,500000,86521,12947,12947,12945,2,0,0,2.5894,2.5894,2.589
NEW_RMT_1823_Type3_WFreeze_Equal1,17,1.0,1.0,0.0,6.0,500000,81401,13571,13571,13561,10,0,0,2.7142,2.7142,2.7122
NEW_RMT_1823_Type3_WFreeze_Equal1,17,1.0,1.0,0.0,7.0,500000,73173,14437,14437,14397,40,0,0,2.8874,2.8874,2.8794
NEW_RMT_1823_Type3_WFreeze_Equal1,17,1.0,1.0,0.0,8.0,500000,66833,14951,14951,14828,123,0,0,2.9902,2.9902,2.9656
NEW_RMT_1823_Type3_WFreeze_Equal1,17,1.0,1.0,0.0,9.0,500000,61663,15260,15260,15023,237,0,0,3.052,3.052,3.0046
NEW_RMT_1823_Type3_WFreeze_Equal1,17,1.0,1.0,0.0,10.0,500000,57346,15448,15448,15016,432,0,0,3.0896,3.0896,3.0032
NEW_RMT_1823_Type3_WFreeze_Equal2,18,0.1,0.1,0.0,0.1,500000,500000,0,0,0,0,0,0,0.0,0.0,0.0
NEW_RMT_1823_Type3_WFreeze_Equal2,18,0.1,0.1,0.0,0.2,500000,500000,0,0,0,0,0,0,0.0,0.0,0.0
NEW_RMT_1823_Type3_WFreeze_Equal2,18,0.1,0.1,0.0,0.3,500000,500000,0,0,0,0,0,0,0.0,0.0,0.0
NEW_RMT_1823_Type3_WFreeze_Equal2,18,0.1,0.1,0.0,0.4,500000,499562,0,0,0,0,0,0,0.0,0.0,0.0
NEW_RMT_1823_Type3_WFreeze_Equal2,18,0.1,0.1,0.0,0.5,500000,495492,0,0,0,0,0,0,0.0,0.0,0.0
NEW_RMT_1823_Type3_WFreeze_Equal2,18,0.1,0.1,0.0,0.58,500000,486045,0,0,0,0,0,0,0.0,0.0,0.0
NEW_RMT_1823_Type3_WFreeze_Equal2,18,0.1,0.1,0.0,0.6,500000,482662,0,0,0,0,0,0,0.0,0.0,0.0
NEW_RMT_1823_Type3_WFreeze_Equal2,18,0.1,0.1,0.0,0.7,500000,460928,1,1,1,0,0,0,0.0002,0.0002,0.0002
NEW_RMT_1823_Type3_WFreeze_Equal2,18,0.1,0.1,0.0,0.8,500000,433280,6,6,6,0,0,0,0.0012,0.0012,0.0012
NEW_RMT_1823_Type3_WFreeze_Equal2,18,0.1,0.1,0.0,0.9,500000,403439,19,19,19,0,0,0,0.0038,0.0038,0.0038
NEW_RMT_1823_Type3_WFreeze_Equal2,18,0.1,0.1,0.0,1.0,500000,374064,65,65,65,0,0,0,0.013,0.013,0.013
NEW_RMT_1823_Type3_WFreeze_Equal2,18,0.1,0.1,0.0,1.1,500000,346492,136,136,136,0,0,0,0.0272,0.0272,0.0272
NEW_RMT_1823_Type3_WFreeze_Equal2,18,0.1,0.1,0.0,1.2,500000,321234,249,249,249,0,0,0,0.0498,0.0498,0.0498
NEW_RMT_1823_Type3_WFreeze_Equal2,18,0.1,0.1,0.0,1.3,500000,298617,405,405,405,0,0,0,0.081,0.081,0.081
NEW_RMT_1823_Type3_WFreeze_Equal2,18,0.1,0.1,0.0,1.4,500000,278542,604,604,604,0,0,0,0.1208,0.1208,0.1208
NEW_RMT_1823_Type3_WFreeze_Equal2,18,0.1,0.1,0.0,1.5,500000,260816,849,849,849,0,0,0,0.1698,0.1698,0.1698
NEW_RMT_1823_Type3_WFreeze_Equal2,18,0.1,0.1,0.0,1.6,500000,245068,1151,1151,1150,1,0,0,0.2302,0.2302,0.23
NEW_RMT_1823_Type3_WFreeze_Equal2,18,0.1,0.1,0.0,1.8,500000,219021,1886,1886,1885,1,0,0,0.3772,0.3772,0.377
NEW_RMT_1823_Type3_WFreeze_Equal2,18,0.1,0.1,0.0,2.0,500000,198141,2693,2693,2684,9,0,0,0.5386,0.5386,0.5368
NEW_RMT_1823_Type3_WFreeze_Equal2,18,0.1,0.1,0.0,2.2,500000,181037,3463,3463,3425,38,0,0,0.6926,0.6926,0.685
NEW_RMT_1823_Type3_WFreeze_Equal2,18,0.1,0.1,0.0,2.4,500000,166960,4392,4392,4295,97,0,0,0.8784,0.8784,0.859
NEW_RMT_1823_Type3_WFreeze_Equal2,18,0.1,0.1,0.0,2.6,500000,155337,5182,5182,4988,194,0,0,1.0364,1.0364,0.9976
NEW_RMT_1823_Type3_WFreeze_Equal2,18,0.1,0.1,0.0,2.8,500000,145463,6077,6077,5717,360,0,0,1.2154,1.2154,1.1434
NEW_RMT_1823_Type3_WFreeze_Equal2,18,0.1,0.1,0.0,3.0,500000,137181,6808,6808,6250,558,0,0,1.3616,1.3616,1.25
NEW_RMT_1823_Type3_WFreeze_Equal2,18,0.1,0.1,0.0,3.2,500000,130047,7513,7513,6732,781,0,0,1.5026,1.5026,1.3464
NEW_RMT_1823_Type3_WFreeze_Equal2,18,0.1,0.1,0.0,3.4,500000,123759,8235,8235,7125,1110,0,0,1.647,1.647,1.425
NEW_RMT_1823_Type3_WFreeze_Equal2,18,0.1,0.1,0.0,3.6,500000,118333,8872,8872,7394,1478,0,0,1.7744,1.7744,1.4788
NEW_RMT_1823_Type3_WFreeze_Equal2,18,0.1,0.1,0.0,3.8,500000,113543,9537,9537,7644,1893,0,0,1.9074,1.9074,1.5288
NEW_RMT_1823_Type3_WFreeze_Equal2,18,0.1,0.1,0.0,4.0,500000,109120,10077,10077,7794,2283,0,0,2.0154,2.0154,1.5588
NEW_RMT_1823_Type3_WFreeze_Equal2,18,0.1,0.1,0.0,4.5,500000,99915,11151,11151,7791,3356,0,4,2.2302,2.2302,1.5582
NEW_RMT_1823_Type3_WFreeze_Equal2,18,0.1,0.1,0.0,5.0,500000,92591,12198,12198,7632,4544,0,22,2.4396,2.4396,1.5264
NEW_RMT_1823_Type3_WFreeze_Equal2,18,0.1,0.1,0.0,5.5,500000,86521,12958,12958,7148,5739,0,71,2.5916,2.5916,1.4296
NEW_RMT_1823_Type3_WFreeze_Equal2,18,0.1,0.1,0.0,6.0,500000,81401,13576,13576,6743,6678,0,155,2.7152,2.7152,1.3486
NEW_RMT_1823_Type3_WFreeze_Equal2,18,0.1,0.1,0.0,7.0,500000,73173,14442,14442,5789,8166,0,487,2.8884,2.8884,1.1578
NEW_RMT_1823_Type3_WFreeze_Equal2,18,0.1,0.1,0.0,8.0,500000,66833,14932,14932,4847,8926,0,1159,2.9864,2.9864,0.9694
NEW_RMT_1823_Type3_WFreeze_Equal2,18,0.1,0.1,0.0,9.0,500000,61663,15228,15228,4050,9137,0,2041,3.0456,3.0456,0.81
NEW_RMT_1823_Type3_WFreeze_Equal2,18,0.1,0.1,0.0,10.0,500000,57346,15373,15373,3303,9010,0,3060,3.0746,3.0746,0.6606
NEW_RMT_1823_Type3_WFreeze_Equal3,19,10.0,10.0,0.0,0.1,500000,500000,0,0,0,0,0,0,0.0,0.0,0.0
NEW_RMT_1823_Type3_WFreeze_Equal3,19,10.0,10.0,0.0,0.2,500000,500000,0,0,0,0,0,0,0.0,0.0,0.0
NEW_RMT_1823_Type3_WFreeze_Equal3,19,10.0,10.0,0.0,0.3,500000,500000,0,0,0,0,0,0,0.0,0.0,0.0
NEW_RMT_1823_Type3_WFreeze_Equal3,19,10.0,10.0,0.0,0.4,500000,499562,0,0,0,0,0,0,0.0,0.0,0.0
NEW_RMT_1823_Type3_WFreeze_Equal3,19,10.0,10.0,0.0,0.5,500000,495492,0,0,0,0,0,0,0.0,0.0,0.0
NEW_RMT_1823_Type3_WFreeze_Equal3,19,10.0,10.0,0.0,0.58,500000,486045,0,0,0,0,0,0,0.0,0.0,0.0
NEW_RMT_1823_Type3_WFreeze_Equal3,19,10.0,10.0,0.0,0.6,500000,482662,0,0,0,0,0,0,0.0,0.0,0.0
NEW_RMT_1823_Type3_WFreeze_Equal3,19,10.0,10.0,0.0,0.7,500000,460928,0,0,0,0,0,0,0.0,0.0,0.0
NEW_RMT_1823_Type3_WFreeze_Equal3,19,10.0,10.0,0.0,0.8,500000,433280,3,3,3,0,0,0,0.0006,0.0006,0.0006
NEW_RMT_1823_Type3_WFreeze_Equal3,19,10.0,10.0,0.0,0.9,500000,403439,17,17,17,0,0,0,0.0034,0.0034,0.0034
NEW_RMT_1823_Type3_WFreeze_Equal3,19,10.0,10.0,0.0,1.0,500000,374064,60,60,60,0,0,0,0.012,0.012,0.012
NEW_RMT_1823_Type3_WFreeze_Equal3,19,10.0,10.0,0.0,1.1,500000,346492,125,125,125,0,0,0,0.025,0.025,0.025
NEW_RMT_1823_Type3_WFreeze_Equal3,19,10.0,10.0,0.0,1.2,500000,321234,234,234,234,0,0,0,0.0468,0.0468,0.0468
NEW_RMT_1823_Type3_WFreeze_Equal3,19,10.0,10.0,0.0,1.3,500000,298617,378,378,378,0,0,0,0.0756,0.0756,0.0756
NEW_RMT_1823_Type3_WFreeze_Equal3,19,10.0,10.0,0.0,1.4,500000,278542,557,557,557,0,0,0,0.1114,0.1114,0.1114
NEW_RMT_1823_Type3_WFreeze_Equal3,19,10.0,10.0,0.0,1.5,500000,260816,816,816,816,0,0,0,0.1632,0.1632,0.1632
NEW_RMT_1823_Type3_WFreeze_Equal3,19,10.0,10.0,0.0,1.6,500000,245068,1099,1099,1099,0,0,0,0.2198,0.2198,0.2198
NEW_RMT_1823_Type3_WFreeze_Equal3,19,10.0,10.0,0.0,1.8,500000,219021,1830,1830,1830,0,0,0,0.366,0.366,0.366
NEW_RMT_1823_Type3_WFreeze_Equal3,19,10.0,10.0,0.0,2.0,500000,198141,2608,2608,2608,0,0,0,0.5216,0.5216,0.5216
NEW_RMT_1823_Type3_WFreeze_Equal3,19,10.0,10.0,0.0,2.2,500000,181037,3379,3379,3379,0,0,0,0.6758,0.6758,0.6758
NEW_RMT_1823_Type3_WFreeze_Equal3,19,10.0,10.0,0.0,2.4,500000,166960,4302,4302,4302,0,0,0,0.8604,0.8604,0.8604
NEW_RMT_1823_Type3_WFreeze_Equal3,19,10.0,10.0,0.0,2.6,500000,155337,5073,5073,5073,0,0,0,1.0146,1.0146,1.0146
NEW_RMT_1823_Type3_WFreeze_Equal3,19,10.0,10.0,0.0,2.8,500000,145463,6001,6001,6001,0,0,0,1.2002,1.2002,1.2002
NEW_RMT_1823_Type3_WFreeze_Equal3,19,10.0,10.0,0.0,3.0,500000,137181,6710,6710,6710,0,0,0,1.342,1.342,1.342
NEW_RMT_1823_Type3_WFreeze_Equal3,19,10.0,10.0,0.0,3.2,500000,130047,7418,7418,7418,0,0,0,1.4836,1.4836,1.4836
NEW_RMT_1823_Type3_WFreeze_Equal3,19,10.0,10.0,0.0,3.4,500000,123759,8133,8133,8133,0,0,0,1.6266,1.6266,1.6266
NEW_RMT_1823_Type3_WFreeze_Equal3,19,10.0,10.0,0.0,3.6,500000,118333,8778,8778,8778,0,0,0,1.7556,1.7556,1.7556
NEW_RMT_1823_Type3_WFreeze_Equal3,19,10.0,10.0,0.0,3.8,500000,113543,9432,9432,9432,0,0,0,1.8864,1.8864,1.8864
NEW_RMT_1823_Type3_WFreeze_Equal3,19,10.0,10.0,0.0,4.0,500000,109120,9975,9975,9975,0,0,0,1.995,1.995,1.995
NEW_RMT_1823_Type3_WFreeze_Equal3,19,10.0,10.0,0.0,4.5,500000,99915,11063,11063,11063,0,0,0,2.2126,2.2126,2.2126
NEW_RMT_1823_Type3_WFreeze_Equal3,19,10.0,10.0,0.0,5.0,500000,92591,12111,12111,12111,0,0,0,2.4222,2.4222,2.4222
NEW_RMT_1823_Type3_WFreeze_Equal3,19,10.0,10.0,0.0,5.5,500000,86521,12868,12868,12868,0,0,0,2.5736,2.5736,2.5736
NEW_RMT_1823_Type3_WFreeze_Equal3,19,10.0,10.0,0.0,6.0,500000,81401,13514,13514,13514,0,0,0,2.7028,2.7028,2.7028
NEW_RMT_1823_Type3_WFreeze_Equal3,19,10.0,10.0,0.0,7.0,500000,73173,14376,14376,14376,0,0,0,2.8752,2.8752,2.8752
NEW_RMT_1823_Type3_WFreeze_Equal3,19,10.0,10.0,0.0,8.0,500000,66833,14910,14910,14910,0,0,0,2.982,2.982,2.982
NEW_RMT_1823_Type3_WFreeze_Equal3,19,10.0,10.0,0.0,9.0,500000,61663,15215,15215,15215,0,0,0,3.043,3.043,3.043
NEW_RMT_1823_Type3_WFreeze_Equal3,19,10.0,10.0,0.0,10.0,500000,57346,15409,15409,15409,0,0,0,3.0818,3.0818,3.0818
NEW_RMT_1823_Type3_WFreeze_Unequal1,20,1.0,0.1,0.0,0.1,500000,500000,0,0,0,0,0,0,0.0,0.0,0.0
NEW_RMT_1823_Type3_WFreeze_Unequal1,20,1.0,0.1,0.0,0.2,500000,500000,0,0,0,0,0,0,0.0,0.0,0.0
NEW_RMT_1823_Type3_WFreeze_Unequal1,20,1.0,0.1,0.0,0.3,500000,500000,0,0,0,0,0,0,0.0,0.0,0.0
NEW_RMT_1823_Type3_WFreeze_Unequal1,20,1.0,0.1,0.0,0.4,500000,499562,0,0,0,0,0,0,0.0,0.0,0.0
NEW_RMT_1823_Type3_WFreeze_Unequal1,20,1.0,0.1,0.0,0.5,500000,495492,26,26,26,0,0,0,0.0052,0.0052,0.0052
NEW_RMT_1823_Type3_WFreeze_Unequal1,20,1.0,0.1,0.0,0.58,500000,486045,144,144,144,0,0,0,0.0288,0.0288,0.0288
NEW_RMT_1823_Type3_WFreeze_Unequal1,20,1.0,0.1,0.0,0.6,500000,482662,202,202,202,0,0,0,0.0404,0.0404,0.0404
NEW_RMT_1823_Type3_WFreeze_Unequal1,20,1.0,0.1,0.0,0.7,500000,460928,603,603,603,0,0,0,0.1206,0.1206,0.1206
NEW_RMT_1823_Type3_WFreeze_Unequal1,20,1.0,0.1,0.0,0.8,500000,433280,1317,1317,1317,0,0,0,0.2634,0.2634,0.2634
NEW_RMT_1823_Type3_WFreeze_Unequal1,20,1.0,0.1,0.0,0.9,500000,403439,2438,2438,2438,0,0,0,0.4876,0.4876,0.4876
NEW_RMT_1823_Type3_WFreeze_Unequal1,20,1.0,0.1,0.0,1.0,500000,374064,3704,3704,3704,0,0,0,0.7408,0.7408,0.7408
NEW_RMT_1823_Type3_WFreeze_Unequal1,20,1.0,0.1,0.0,1.1,500000,346492,5267,5267,5267,0,0,0,1.0534,1.0534,1.0534
NEW_RMT_1823_Type3_WFreeze_Unequal1,20,1.0,0.1,0.0,1.2,500000,321234,7011,7011,7011,0,0,0,1.4022,1.4022,1.4022
NEW_RMT_1823_Type3_WFreeze_Unequal1,20,1.0,0.1,0.0,1.3,500000,298617,8616,8616,8616,0,0,0,1.7232,1.7232,1.7232
NEW_RMT_1823_Type3_WFreeze_Unequal1,20,1.0,0.1,0.0,1.4,500000,278542,10313,10313,10313,0,0,0,2.0626,2.0626,2.0626
NEW_RMT_1823_Type3_WFreeze_Unequal1,20,1.0,0.1,0.0,1.5,500000,260816,12041,12041,12040,1,0,0,2.4082,2.4082,2.408
NEW_RMT_1823_Type3_WFreeze_Unequal1,20,1.0,0.1,0.0,1.6,500000,245068,13598,13598,13597,1,0,0,2.7196,2.7196,2.7194
NEW_RMT_1823_Type3_WFreeze_Unequal1,20,1.0,0.1,0.0,1.8,500000,219021,16579,16579,16576,3,0,0,3.3158,3.3158,3.3152
NEW_RMT_1823_Type3_WFreeze_Unequal1,20,1.0,0.1,0.0,2.0,500000,198141,19343,19343,19318,25,0,0,3.8686,3.8686,3.8636
NEW_RMT_1823_Type3_WFreeze_Unequal1,20,1.0,0.1,0.0,2.2,500000,181037,21511,21511,21445,66,0,0,4.3022,4.3022,4.289
NEW_RMT_1823_Type3_WFreeze_Unequal1,20,1.0,0.1,0.0,2.4,500000,166960,23407,23407,23235,172,0,0,4.6814,4.6814,4.647
NEW_RMT_1823_Type3_WFreeze_Unequal1,20,1.0,0.1,0.0,2.6,500000,155337,25009,25009,24655,354,0,0,5.0018,5.0018,4.931
NEW_RMT_1823_Type3_WFreeze_Unequal1,20,1.0,0.1,0.0,2.8,500000,145463,26303,26303,25735,568,0,0,5.2606,5.2606,5.147
NEW_RMT_1823_Type3_WFreeze_Unequal1,20,1.0,0.1,0.0,3.0,500000,137181,27396,27396,26550,846,0,0,5.4792,5.4792,5.31
NEW_RMT_1823_Type3_WFreeze_Unequal1,20,1.0,0.1,0.0,3.2,500000,130047,28416,28416,27178,1238,0,0,5.6832,5.6832,5.4356
NEW_RMT_1823_Type3_WFreeze_Unequal1,20,1.0,0.1,0.0,3.4,500000,123759,29187,29187,27497,1690,0,0,5.8374,5.8374,5.4994
NEW_RMT_1823_Type3_WFreeze_Unequal1,20,1.0,0.1,0.0,3.6,500000,118333,30060,30060,27850,2210,0,0,6.012,6.012,5.57
NEW_RMT_1823_Type3_WFreeze_Unequal1,20,1.0,0.1,0.0,3.8,500000,113543,30702,30702,27955,2747,0,0,6.1404,6.1404,5.591
NEW_RMT_1823_Type3_WFreeze_Unequal1,20,1.0,0.1,0.0,4.0,500000,109120,31035,31035,27710,3325,0,0,6.207,6.207,5.542
NEW_RMT_1823_Type3_WFreeze_Unequal1,20,1.0,0.1,0.0,4.5,500000,99915,31850,31850,26969,4881,0,0,6.37,6.37,5.3938
NEW_RMT_1823_Type3_WFreeze_Unequal1,20,1.0,0.1,0.0,5.0,500000,92591,32338,32338,25839,6499,0,0,6.4676,6.4676,5.1678
NEW_RMT_1823_Type3_WFreeze_Unequal1,20,1.0,0.1,0.0,5.5,500000,86521,32538,32538,24450,8088,0,0,6.5076,6.5076,4.89
NEW_RMT_1823_Type3_WFreeze_Unequal1,20,1.0,0.1,0.0,6.0,500000,81401,32505,32505,22982,9523,0,0,6.501,6.501,4.5964
NEW_RMT_1823_Type3_WFreeze_Unequal1,20,1.0,0.1,0.0,7.0,500000,73173,31992,31992,19992,12000,0,0,6.3984,6.3984,3.9984
NEW_RMT_1823_Type3_WFreeze_Unequal1,20,1.0,0.1,0.0,8.0,500000,66833,31426,31426,17322,14104,0,0,6.2852,6.2852,3.4644
NEW_RMT_1823_Type3_WFreeze_Unequal1,20,1.0,0.1,0.0,9.0,500000,61663,30683,30683,14868,15815,0,0,6.1366,6.1366,2.9736
NEW_RMT_1823_Type3_WFreeze_Unequal1,20,1.0,0.1,0.0,10.0,500000,57346,29829,29829,12813,17016,0,0,5.9658,5.9658,2.5626
NEW_RMT_1823_Type3_WFreeze_Unequal2,21,0.1,1.0,0.0,0.1,500000,500000,0,0,0,0,0,0,0.0,0.0,0.0
NEW_RMT_1823_Type3_WFreeze_Unequal2,21,0.1,1.0,0.0,0.2,500000,500000,0,0,0,0,0,0,0.0,0.0,0.0
NEW_RMT_1823_Type3_WFreeze_Unequal2,21,0.1,1.0,0.0,0.3,500000,500000,0,0,0,0,0,0,0.0,0.0,0.0
NEW_RMT_1823_Type3_WFreeze_Unequal2,21,0.1,1.0,0.0,0.4,500000,499562,0,0,0,0,0,0,0.0,0.0,0.0
NEW_RMT_1823_Type3_WFreeze_Unequal2,21,0.1,1.0,0.0,0.5,500000,495492,0,0,0,0,0,0,0.0,0.0,0.0
NEW_RMT_1823_Type3_WFreeze_Unequal2,21,0.1,1.0,0.0,0.58,500000,486045,0,0,0,0,0,0,0.0,0.0,0.0
NEW_RMT_1823_Type3_WFreeze_Unequal2,21,0.1,1.0,0.0,0.6,500000,482662,0,0,0,0,0,0,0.0,0.0,0.0
NEW_RMT_1823_Type3_WFreeze_Unequal2,21,0.1,1.0,0.0,0.7,500000,460928,0,0,0,0,0,0,0.0,0.0,0.0
NEW_RMT_1823_Type3_WFreeze_Unequal2,21,0.1,1.0,0.0,0.8,500000,433280,0,0,0,0,0,0,0.0,0.0,0.0
NEW_RMT_1823_Type3_WFreeze_Unequal2,21,0.1,1.0,0.0,0.9,500000,403439,0,0,0,0,0,0,0.0,0.0,0.0
NEW_RMT_1823_Type3_WFreeze_Unequal2,21,0.1,1.0,0.0,1.0,500000,374064,0,0,0,0,0,0,0.0,0.0,0.0
NEW_RMT_1823_Type3_WFreeze_Unequal2,21,0.1,1.0,0.0,1.1,500000,346492,0,0,0,0,0,0,0.0,0.0,0.0
NEW_RMT_1823_Type3_WFreeze_Unequal2,21,0.1,1.0,0.0,1.2,500000,321234,0,0,0,0,0,0,0.0,0.0,0.0
NEW_RMT_1823_Type3_WFreeze_Unequal2,21,0.1,1.0,0.0,1.3,500000,298617,0,0,0,0,0,0,0.0,0.0,0.0
NEW_RMT_1823_Type3_WFreeze_Unequal2,21,0.1,1.0,0.0,1.4,500000,278542,0,0,0,0,0,0,0.0,0.0,0.0
NEW_RMT_1823_Type3_WFreeze_Unequal2,21,0.1,1.0,0.0,1.5,500000,260816,0,0,0,0,0,0,0.0,0.0,0.0
NEW_RMT_1823_Type3_WFreeze_Unequal2,21,0.1,1.0,0.0,1.6,500000,245068,0,0,0,0,0,0,0.0,0.0,0.0
NEW_RMT_1823_Type3_WFreeze_Unequal2,21,0.1,1.0,0.0,1.8,500000,219021,0,0,0,0,0,0,0.0,0.0,0.0
NEW_RMT_1823_Type3_WFreeze_Unequal2,21,0.1,1.0,0.0,2.0,500000,198141,0,0,0,0,0,0,0.0,0.0,0.0
NEW_RMT_1823_Type3_WFreeze_Unequal2,21,0.1,1.0,0.0,2.2,500000,181037,1,1,1,0,0,0,0.0002,0.0002,0.0002
NEW_RMT_1823_Type3_WFreeze_Unequal2,21,0.1,1.0,0.0,2.4,500000,166960,8,8,8,0,0,0,0.0016,0.0016,0.0016
NEW_RMT_1823_Type3_WFreeze_Unequal2,21,0.1,1.0,0.0,2.6,500000,155337,14,14,14,0,0,0,0.0028,0.0028,0.0028
NEW_RMT_1823_Type3_WFreeze_Unequal2,21,0.1,1.0,0.0,2.8,500000,145463,28,28,28,0,0,0,0.0056,0.0056,0.0056
NEW_RMT_1823_Type3_WFreeze_Unequal2,21,0.1,1.0,0.0,3.0,500000,137181,55,55,55,0,0,0,0.011,0.011,0.011
NEW_RMT_1823_Type3_WFreeze_Unequal2,21,0.1,1.0,0.0,3.2,500000,130047,70,70,70,0,0,0,0.014,0.014,0.014
NEW_RMT_1823_Type3_WFreeze_Unequal2,21,0.1,1.0,0.0,3.4,500000,123759,119,119,119,0,0,0,0.0238,0.0238,0.0238
NEW_RMT_1823_Type3_WFreeze_Unequal2,21,0.1,1.0,0.0,3.6,500000,118333,168,168,168,0,0,0,0.0336,0.0336,0.0336
NEW_RMT_1823_Type3_WFreeze_Unequal2,21,0.1,1.0,0.0,3.8,500000,113543,214,214,214,0,0,0,0.0428,0.0428,0.0428
NEW_RMT_1823_Type3_WFreeze_Unequal2,21,0.1,1.0,0.0,4.0,500000,109120,299,299,299,0,0,0,0.0598,0.0598,0.0598
NEW_RMT_1823_Type3_WFreeze_Unequal2,21,0.1,1.0,0.0,4.5,500000,99915,512,512,512,0,0,0,0.1024,0.1024,0.1024
NEW_RMT_1823_Type3_WFreeze_Unequal2,21,0.1,1.0,0.0,5.0,500000,92591,766,766,766,0,0,0,0.1532,0.1532,0.1532
NEW_RMT_1823_Type3_WFreeze_Unequal2,21,0.1,1.0,0.0,5.5,500000,86521,996,996,995,1,0,0,0.1992,0.1992,0.199
NEW_RMT_1823_Type3_WFreeze_Unequal2,21,0.1,1.0,0.0,6.0,500000,81401,1293,1293,1288,5,0,0,0.2586,0.2586,0.2576
NEW_RMT_1823_Type3_WFreeze_Unequal2,21,0.1,1.0,0.0,7.0,500000,73173,1819,1819,1801,18,0,0,0.3638,0.3638,0.3602
NEW_RMT_1823_Type3_WFreeze_Unequal2,21,0.1,1.0,0.0,8.0,500000,66833,2303,2303,2230,73,0,0,0.4606,0.4606,0.446
NEW_RMT_1823_Type3_WFreeze_Unequal2,21,0.1,1.0,0.0,9.0,500000,61663,2689,2689,2527,162,0,0,0.5378,0.5378,0.5054
NEW_RMT_1823_Type3_WFreeze_Unequal2,21,0.1,1.0,0.0,10.0,500000,57346,3131,3131,2846,285,0,0,0.6262,0.6262,0.5692
NEW_RMT_1823_Type3_WFreeze_Unequal3,22,10.0,1.0,0.0,0.1,500000,500000,0,0,0,0,0,0,0.0,0.0,0.0
NEW_RMT_1823_Type3_WFreeze_Unequal3,22,10.0,1.0,0.0,0.2,500000,500000,0,0,0,0,0,0,0.0,0.0,0.0
NEW_RMT_1823_Type3_WFreeze_Unequal3,22,10.0,1.0,0.0,0.3,500000,500000,0,0,0,0,0,0,0.0,0.0,0.0
NEW_RMT_1823_Type3_WFreeze_Unequal3,22,10.0,1.0,0.0,0.4,500000,499562,0,0,0,0,0,0,0.0,0.0,0.0
NEW_RMT_1823_Type3_WFreeze_Unequal3,22,10.0,1.0,0.0,0.5,500000,495492,25,25,25,0,0,0,0.005,0.005,0.005
NEW_RMT_1823_Type3_WFreeze_Unequal3,22,10.0,1.0,0.0,0.58,500000,486045,139,139,139,0,0,0,0.0278,0.0278,0.0278
NEW_RMT_1823_Type3_WFreeze_Unequal3,22,10.0,1.0,0.0,0.6,500000,482662,194,194,194,0,0,0,0.0388,0.0388,0.0388
NEW_RMT_1823_Type3_WFreeze_Unequal3,22,10.0,1.0,0.0,0.7,500000,460928,592,592,592,0,0,0,0.1184,0.1184,0.1184
NEW_RMT_1823_Type3_WFreeze_Unequal3,22,10.0,1.0,0.0,0.8,500000,433280,1291,1291,1291,0,0,0,0.2582,0.2582,0.2582
NEW_RMT_1823_Type3_WFreeze_Unequal3,22,10.0,1.0,0.0,0.9,500000,403439,2407,2407,2407,0,0,0,0.4814,0.4814,0.4814
NEW_RMT_1823_Type3_WFreeze_Unequal3,22,10.0,1.0,0.0,1.0,500000,374064,3666,3666,3666,0,0,0,0.7332,0.7332,0.7332
NEW_RMT_1823_Type3_WFreeze_Unequal3,22,10.0,1.0,0.0,1.1,500000,346492,5221,5221,5221,0,0,0,1.0442,1.0442,1.0442
NEW_RMT_1823_Type3_WFreeze_Unequal3,22,10.0,1.0,0.0,1.2,500000,321234,6963,6963,6963,0,0,0,1.3926,1.3926,1.3926
NEW_RMT_1823_Type3_WFreeze_Unequal3,22,10.0,1.0,0.0,1.3,500000,298617,8569,8569,8569,0,0,0,1.7138,1.7138,1.7138
NEW_RMT_1823_Type3_WFreeze_Unequal3,22,10.0,1.0,0.0,1.4,500000,278542,10258,10258,10258,0,0,0,2.0516,2.0516,2.0516
NEW_RMT_1823_Type3_WFreeze_Unequal3,22,10.0,1.0,0.0,1.5,500000,260816,11987,11987,11987,0,0,0,2.3974,2.3974,2.3974
NEW_RMT_1823_Type3_WFreeze_Unequal3,22,10.0,1.0,0.0,1.6,500000,245068,13540,13540,13540,0,0,0,2.708,2.708,2.708
NEW_RMT_1823_Type3_WFreeze_Unequal3,22,10.0,1.0,0.0,1.8,500000,219021,16511,16511,16511,0,0,0,3.3022,3.3022,3.3022
NEW_RMT_1823_Type3_WFreeze_Unequal3,22,10.0,1.0,0.0,2.0,500000,198141,19285,19285,19285,0,0,0,3.857,3.857,3.857
NEW_RMT_1823_Type3_WFreeze_Unequal3,22,10.0,1.0,0.0,2.2,500000,181037,21444,21444,21444,0,0,0,4.2888,4.2888,4.2888
NEW_RMT_1823_Type3_WFreeze_Unequal3,22,10.0,1.0,0.0,2.4,500000,166960,23346,23346,23346,0,0,0,4.6692,4.6692,4.6692
NEW_RMT_1823_Type3_WFreeze_Unequal3,22,10.0,1.0,0.0,2.6,500000,155337,24955,24955,24955,0,0,0,4.991,4.991,4.991
NEW_RMT_1823_Type3_WFreeze_Unequal3,22,10.0,1.0,0.0,2.8,500000,145463,26247,26247,26247,0,0,0,5.2494,5.2494,5.2494
NEW_RMT_1823_Type3_WFreeze_Unequal3,22,10.0,1.0,0.0,3.0,500000,137181,27353,27353,27353,0,0,0,5.4706,5.4706,5.4706
NEW_RMT_1823_Type3_WFreeze_Unequal3,22,10.0,1.0,0.0,3.2,500000,130047,28360,28360,28360,0,0,0,5.672,5.672,5.672
NEW_RMT_1823_Type3_WFreeze_Unequal3,22,10.0,1.0,0.0,3.4,500000,123759,29149,29149,29149,0,0,0,5.8298,5.8298,5.8298
NEW_RMT_1823_Type3_WFreeze_Unequal3,22,10.0,1.0,0.0,3.6,500000,118333,30006,30006,30006,0,0,0,6.0012,6.0012,6.0012
NEW_RMT_1823_Type3_WFreeze_Unequal3,22,10.0,1.0,0.0,3.8,500000,113543,30668,30668,30668,0,0,0,6.1336,6.1336,6.1336
NEW_RMT_1823_Type3_WFreeze_Unequal3,22,10.0,1.0,0.0,4.0,500000,109120,30996,30996,30996,0,0,0,6.1992,6.1992,6.1992
NEW_RMT_1823_Type3_WFreeze_Unequal3,22,10.0,1.0,0.0,4.5,500000,99915,31815,31815,31815,0,0,0,6.363,6.363,6.363
NEW_RMT_1823_Type3_WFreeze_Unequal3,22,10.0,1.0,0.0,5.0,500000,92591,32309,32309,32309,0,0,0,6.4618,6.4618,6.4618
NEW_RMT_1823_Type3_WFreeze_Unequal3,22,10.0,1.0,0.0,5.5,500000,86521,32507,32507,32504,3,0,0,6.5014,6.5014,6.5008
NEW_RMT_1823_Type3_WFreeze_Unequal3,22,10.0,1.0,0.0,6.0,500000,81401,32477,32477,32467,10,0,0,6.4954,6.4954,6.4934
NEW_RMT_1823_Type3_WFreeze_Unequal3,22,10.0,1.0,0.0,7.0,500000,73173,31975,31975,31932,43,0,0,6.395,6.395,6.3864
NEW_RMT_1823_Type3_WFreeze_Unequal3,22,10.0,1.0,0.0,8.0,500000,66833,31418,31418,31292,126,0,0,6.2836,6.2836,6.2584
NEW_RMT_1823_Type3_WFreeze_Unequal3,22,10.0,1.0,0.0,9.0,500000,61663,30673,30673,30422,251,0,0,6.1346,6.1346,6.0844
NEW_RMT_1823_Type3_WFreeze_Unequal3,22,10.0,1.0,0.0,10.0,500000,57346,29821,29821,29372,449,0,0,5.9642,5.9642,5.8744
NEW_RMT_1823_Type3_WFreeze_Unequal4,23,1.0,10.0,0.0,0.1,500000,500000,0,0,0,0,0,0,0.0,0.0,0.0
NEW_RMT_1823_Type3_WFreeze_Unequal4,23,1.0,10.0,0.0,0.2,500000,500000,0,0,0,0,0,0,0.0,0.0,0.0
NEW_RMT_1823_Type3_WFreeze_Unequal4,23,1.0,10.0,0.0,0.3,500000,500000,0,0,0,0,0,0,0.0,0.0,0.0
NEW_RMT_1823_Type3_WFreeze_Unequal4,23,1.0,10.0,0.0,0.4,500000,499562,0,0,0,0,0,0,0.0,0.0,0.0
NEW_RMT_1823_Type3_WFreeze_Unequal4,23,1.0,10.0,0.0,0.5,500000,495492,0,0,0,0,0,0,0.0,0.0,0.0
NEW_RMT_1823_Type3_WFreeze_Unequal4,23,1.0,10.0,0.0,0.58,500000,486045,0,0,0,0,0,0,0.0,0.0,0.0
NEW_RMT_1823_Type3_WFreeze_Unequal4,23,1.0,10.0,0.0,0.6,500000,482662,0,0,0,0,0,0,0.0,0.0,0.0
NEW_RMT_1823_Type3_WFreeze_Unequal4,23,1.0,10.0,0.0,0.7,500000,460928,0,0,0,0,0,0,0.0,0.0,0.0
NEW_RMT_1823_Type3_WFreeze_Unequal4,23,1.0,10.0,0.0,0.8,500000,433280,0,0,0,0,0,0,0.0,0.0,0.0
NEW_RMT_1823_Type3_WFreeze_Unequal4,23,1.0,10.0,0.0,0.9,500000,403439,0,0,0,0,0,0,0.0,0.0,0.0
NEW_RMT_1823_Type3_WFreeze_Unequal4,23,1.0,10.0,0.0,1.0,500000,374064,0,0,0,0,0,0,0.0,0.0,0.0
NEW_RMT_1823_Type3_WFreeze_Unequal4,23,1.0,10.0,0.0,1.1,500000,346492,0,0,0,0,0,0,0.0,0.0,0.0
NEW_RMT_1823_Type3_WFreeze_Unequal4,23,1.0,10.0,0.0,1.2,500000,321234,0,0,0,0,0,0,0.0,0.0,0.0
NEW_RMT_1823_Type3_WFreeze_Unequal4,23,1.0,10.0,0.0,1.3,500000,298617,0,0,0,0,0,0,0.0,0.0,0.0
NEW_RMT_1823_Type3_WFreeze_Unequal4,23,1.0,10.0,0.0,1.4,500000,278542,0,0,0,0,0,0,0.0,0.0,0.0
NEW_RMT_1823_Type3_WFreeze_Unequal4,23,1.0,10.0,0.0,1.5,500000,260816,0,0,0,0,0,0,0.0,0.0,0.0
NEW_RMT_1823_Type3_WFreeze_Unequal4,23,1.0,10.0,0.0,1.6,500000,245068,0,0,0,0,0,0,0.0,0.0,0.0
NEW_RMT_1823_Type3_WFreeze_Unequal4,23,1.0,10.0,0.0,1.8,500000,219021,0,0,0,0,0,0,0.0,0.0,0.0
NEW_RMT_1823_Type3_WFreeze_Unequal4,23,1.0,10.0,0.0,2.0,500000,198141,0,0,0,0,0,0,0.0,0.0,0.0
NEW_RMT_1823_Type3_WFreeze_Unequal4,23,1.0,10.0,0.0,2.2,500000,181037,1,1,1,0,0,0,0.0002,0.0002,0.0002
NEW_RMT_1823_Type3_WFreeze_Unequal4,23,1.0,10.0,0.0,2.4,500000,166960,8,8,8,0,0,0,0.0016,0.0016,0.0016
NEW_RMT_1823_Type3_WFreeze_Unequal4,23,1.0,10.0,0.0,2.6,500000,155337,14,14,14,0,0,0,0.0028,0.0028,0.0028
NEW_RMT_1823_Type3_WFreeze_Unequal4,23,1.0,10.0,0.0,2.8,500000,145463,28,28,28,0,0,0,0.0056,0.0056,0.0056
NEW_RMT_1823_Type3_WFreeze_Unequal4,23,1.0,10.0,0.0,3.0,500000,137181,54,54,54,0,0,0,0.0108,0.0108,0.0108
NEW_RMT_1823_Type3_WFreeze_Unequal4,23,1.0,10.0,0.0,3.2,500000,130047,70,70,70,0,0,0,0.014,0.014,0.014
NEW_RMT_1823_Type3_WFreeze_Unequal4,23,1.0,10.0,0.0,3.4,500000,123759,118,118,118,0,0,0,0.0236,0.0236,0.0236
NEW_RMT_1823_Type3_WFreeze_Unequal4,23,1.0,10.0,0.0,3.6,500000,118333,168,168,168,0,0,0,0.0336,0.0336,0.0336
NEW_RMT_1823_Type3_WFreeze_Unequal4,23,1.0,10.0,0.0,3.8,500000,113543,212,212,212,0,0,0,0.0424,0.0424,0.0424
NEW_RMT_1823_Type3_WFreeze_Unequal4,23,1.0,10.0,0.0,4.0,500000,109120,297,297,297,0,0,0,0.0594,0.0594,0.0594
NEW_RMT_1823_Type3_WFreeze_Unequal4,23,1.0,10.0,0.0,4.5,500000,99915,508,508,508,0,0,0,0.1016,0.1016,0.1016
NEW_RMT_1823_Type3_WFreeze_Unequal4,23,1.0,10.0,0.0,5.0,500000,92591,761,761,761,0,0,0,0.1522,0.1522,0.1522
NEW_RMT_1823_Type3_WFreeze_Unequal4,23,1.0,10.0,0.0,5.5,500000,86521,995,995,995,0,0,0,0.199,0.199,0.199
NEW_RMT_1823_Type3_WFreeze_Unequal4,23,1.0,10.0,0.0,6.0,500000,81401,1286,1286,1286,0,0,0,0.2572,0.2572,0.2572
NEW_RMT_1823_Type3_WFreeze_Unequal4,23,1.0,10.0,0.0,7.0,500000,73173,1816,1816,1816,0,0,0,0.3632,0.3632,0.3632
NEW_RMT_1823_Type3_WFreeze_Unequal4,23,1.0,10.0,0.0,8.0,500000,66833,2297,2297,2297,0,0,0,0.4594,0.4594,0.4594
NEW_RMT_1823_Type3_WFreeze_Unequal4,23,1.0,10.0,0.0,9.0,500000,61663,2685,2685,2685,0,0,0,0.537,0.537,0.537
NEW_RMT_1823_Type3_WFreeze_Unequal4,23,1.0,10.0,0.0,10.0,500000,57346,3128,3128,3128,0,0,0,0.6256,0.6256,0.6256
NEW_RMT_1823_Type3_WFreeze_Unequal5,24,0.1,10.0,0.0,0.1,500000,500000,0,0,0,0,0,0,0.0,0.0,0.0
NEW_RMT_1823_Type3_WFreeze_Unequal5,24,0.1,10.0,0.0,0.2,500000,500000,0,0,0,0,0,0,0.0,0.0,0.0
NEW_RMT_1823_Type3_WFreeze_Unequal5,24,0.1,10.0,0.0,0.3,500000,500000,0,0,0,0,0,0,0.0,0.0,0.0
NEW_RMT_1823_Type3_WFreeze_Unequal5,24,0.1,10.0,0.0,0.4,500000,499562,0,0,0,0,0,0,0.0,0.0,0.0
NEW_RMT_1823_Type3_WFreeze_Unequal5,24,0.1,10.0,0.0,0.5,500000,495492,0,0,0,0,0,0,0.0,0.0,0.0
NEW_RMT_1823_Type3_WFreeze_Unequal5,24,0.1,10.0,0.0,0.58,500000,486045,0,0,0,0,0,0,0.0,0.0,0.0
NEW_RMT_1823_Type3_WFreeze_Unequal5,24,0.1,10.0,0.0,0.6,500000,482662,0,0,0,0,0,0,0.0,0.0,0.0
NEW_RMT_1823_Type3_WFreeze_Unequal5,24,0.1,10.0,0.0,0.7,500000,460928,0,0,0,0,0,0,0.0,0.0,0.0
NEW_RMT_1823_Type3_WFreeze_Unequal5,24,0.1,10.0,0.0,0.8,500000,433280,0,0,0,0,0,0,0.0,0.0,0.0
NEW_RMT_1823_Type3_WFreeze_Unequal5,24,0.1,10.0,0.0,0.9,500000,403439,0,0,0,0,0,0,0.0,0.0,0.0
NEW_RMT_1823_Type3_WFreeze_Unequal5,24,0.1,10.0,0.0,1.0,500000,374064,0,0,0,0,0,0,0.0,0.0,0.0
NEW_RMT_1823_Type3_WFreeze_Unequal5,24,0.1,10.0,0.0,1.1,500000,346492,0,0,0,0,0,0,0.0,0.0,0.0
NEW_RMT_1823_Type3_WFreeze_Unequal5,24,0.1,10.0,0.0,1.2,500000,321234,0,0,0,0,0,0,0.0,0.0,0.0
NEW_RMT_1823_Type3_WFreeze_Unequal5,24,0.1,10.0,0.0,1.3,500000,298617,0,0,0,0,0,0,0.0,0.0,0.0
NEW_RMT_1823_Type3_WFreeze_Unequal5,24,0.1,10.0,0.0,1.4,500000,278542,0,0,0,0,0,0,0.0,0.0,0.0
NEW_RMT_1823_Type3_WFreeze_Unequal5,24,0.1,10.0,0.0,1.5,500000,260816,0,0,0,0,0,0,0.0,0.0,0.0
NEW_RMT_1823_Type3_WFreeze_Unequal5,24,0.1,10.0,0.0,1.6,500000,245068,0,0,0,0,0,0,0.0,0.0,0.0
NEW_RMT_1823_Type3_WFreeze_Unequal5,24,0.1,10.0,0.0,1.8,500000,219021,0,0,0,0,0,0,0.0,0.0,0.0
NEW_RMT_1823_Type3_WFreeze_Unequal5,24,0.1,10.0,0.0,2.0,500000,198141,0,0,0,0,0,0,0.0,0.0,0.0
NEW_RMT_1823_Type3_WFreeze_Unequal5,24,0.1,10.0,0.0,2.2,500000,181037,0,0,0,0,0,0,0.0,0.0,0.0
NEW_RMT_1823_Type3_WFreeze_Unequal5,24,0.1,10.0,0.0,2.4,500000,166960,0,0,0,0,0,0,0.0,0.0,0.0
NEW_RMT_1823_Type3_WFreeze_Unequal5,24,0.1,10.0,0.0,2.6,500000,155337,0,0,0,0,0,0,0.0,0.0,0.0
NEW_RMT_1823_Type3_WFreeze_Unequal5,24,0.1,10.0,0.0,2.8,500000,145463,0,0,0,0,0,0,0.0,0.0,0.0
NEW_RMT_1823_Type3_WFreeze_Unequal5,24,0.1,10.0,0.0,3.0,500000,137181,0,0,0,0,0,0,0.0,0.0,0.0
NEW_RMT_1823_Type3_WFreeze_Unequal5,24,0.1,10.0,0.0,3.2,500000,130047,0,0,0,0,0,0,0.0,0.0,0.0
NEW_RMT_1823_Type3_WFreeze_Unequal5,24,0.1,10.0,0.0,3.4,500000,123759,0,0,0,0,0,0,0.0,0.0,0.0
NEW_RMT_1823_Type3_WFreeze_Unequal5,24,0.1,10.0,0.0,3.6,500000,118333,0,0,0,0,0,0,0.0,0.0,0.0
NEW_RMT_1823_Type3_WFreeze_Unequal5,24,0.1,10.0,0.0,3.8,500000,113543,0,0,0,0,0,0,0.0,0.0,0.0
NEW_RMT_1823_Type3_WFreeze_Unequal5,24,0.1,10.0,0.0,4.0,500000,109120,0,0,0,0,0,0,0.0,0.0,0.0
NEW_RMT_1823_Type3_WFreeze_Unequal5,24,0.1,10.0,0.0,4.5,500000,99915,0,0,0,0,0,0,0.0,0.0,0.0
NEW_RMT_1823_Type3_WFreeze_Unequal5,24,0.1,10.0,0.0,5.0,500000,92591,0,0,0,0,0,0,0.0,0.0,0.0
NEW_RMT_1823_Type3_WFreeze_Unequal5,24,0.1,10.0,0.0,5.5,500000,86521,0,0,0,0,0,0,0.0,0.0,0.0
NEW_RMT_1823_Type3_WFreeze_Unequal5,24,0.1,10.0,0.0,6.0,500000,81401,0,0,0,0,0,0,0.0,0.0,0.0
NEW_RMT_1823_Type3_WFreeze_Unequal5,24,0.1,10.0,0.0,7.0,500000,73173,3,3,3,0,0,0,0.0006,0.0006,0.0006
NEW_RMT_1823_Type3_WFreeze_Unequal5,24,0.1,10.0,0.0,8.0,500000,66833,3,3,3,0,0,0,0.0006,0.0006,0.0006
NEW_RMT_1823_Type3_WFreeze_Unequal5,24,0.1,10.0,0.0,9.0,500000,61663,14,14,14,0,0,0,0.0028,0.0028,0.0028
NEW_RMT_1823_Type3_WFreeze_Unequal5,24,0.1,10.0,0.0,10.0,500000,57346,36,36,36,0,0,0,0.0072,0.0072,0.0072
NEW_RMT_1823_Type3_WFreeze_Unequal6,25,10.0,0.1,0.0,0.1,500000,500000,0,0,0,0,0,0,0.0,0.0,0.0
NEW_RMT_1823_Type3_WFreeze_Unequal6,25,10.0,0.1,0.0,0.2,500000,500000,0,0,0,0,0,0,0.0,0.0,0.0
NEW_RMT_1823_Type3_WFreeze_Unequal6,25,10.0,0.1,0.0,0.3,500000,500000,0,0,0,0,0,0,0.0,0.0,0.0
NEW_RMT_1823_Type3_WFreeze_Unequal6,25,10.0,0.1,0.0,0.4,500000,499562,18,18,18,0,0,0,0.0036,0.0036,0.0036
NEW_RMT_1823_Type3_WFreeze_Unequal6,25,10.0,0.1,0.0,0.5,500000,495492,245,245,245,0,0,0,0.049,0.049,0.049
NEW_RMT_1823_Type3_WFreeze_Unequal6,25,10.0,0.1,0.0,0.58,500000,486045,796,796,796,0,0,0,0.1592,0.1592,0.1592
NEW_RMT_1823_Type3_WFreeze_Unequal6,25,10.0,0.1,0.0,0.6,500000,482662,1013,1013,1013,0,0,0,0.2026,0.2026,0.2026
NEW_RMT_1823_Type3_WFreeze_Unequal6,25,10.0,0.1,0.0,0.7,500000,460928,2658,2658,2658,0,0,0,0.5316,0.5316,0.5316
NEW_RMT_1823_Type3_WFreeze_Unequal6,25,10.0,0.1,0.0,0.8,500000,433280,4853,4853,4853,0,0,0,0.9706,0.9706,0.9706
NEW_RMT_1823_Type3_WFreeze_Unequal6,25,10.0,0.1,0.0,0.9,500000,403439,7752,7752,7752,0,0,0,1.5504,1.5504,1.5504
NEW_RMT_1823_Type3_WFreeze_Unequal6,25,10.0,0.1,0.0,1.0,500000,374064,10835,10835,10835,0,0,0,2.167,2.167,2.167
NEW_RMT_1823_Type3_WFreeze_Unequal6,25,10.0,0.1,0.0,1.1,500000,346492,14037,14037,14037,0,0,0,2.8074,2.8074,2.8074
NEW_RMT_1823_Type3_WFreeze_Unequal6,25,10.0,0.1,0.0,1.2,500000,321234,17283,17283,17283,0,0,0,3.4566,3.4566,3.4566
NEW_RMT_1823_Type3_WFreeze_Unequal6,25,10.0,0.1,0.0,1.3,500000,298617,20145,20145,20145,0,0,0,4.029,4.029,4.029
NEW_RMT_1823_Type3_WFreeze_Unequal6,25,10.0,0.1,0.0,1.4,500000,278542,23058,23058,23058,0,0,0,4.6116,4.6116,4.6116
NEW_RMT_1823_Type3_WFreeze_Unequal6,25,10.0,0.1,0.0,1.5,500000,260816,25695,25695,25694,1,0,0,5.139,5.139,5.1388
NEW_RMT_1823_Type3_WFreeze_Unequal6,25,10.0,0.1,0.0,1.6,500000,245068,28087,28087,28086,1,0,0,5.6174,5.6174,5.6172
NEW_RMT_1823_Type3_WFreeze_Unequal6,25,10.0,0.1,0.0,1.8,500000,219021,32337,32337,32333,4,0,0,6.4674,6.4674,6.4666
NEW_RMT_1823_Type3_WFreeze_Unequal6,25,10.0,0.1,0.0,2.0,500000,198141,35848,35848,35821,27,0,0,7.1696,7.1696,7.1642
NEW_RMT_1823_Type3_WFreeze_Unequal6,25,10.0,0.1,0.0,2.2,500000,181037,38410,38410,38335,75,0,0,7.682,7.682,7.667
NEW_RMT_1823_Type3_WFreeze_Unequal6,25,10.0,0.1,0.0,2.4,500000,166960,40389,40389,40209,180,0,0,8.0778,8.0778,8.0418
NEW_RMT_1823_Type3_WFreeze_Unequal6,25,10.0,0.1,0.0,2.6,500000,155337,42137,42137,41764,373,0,0,8.4274,8.4274,8.3528
NEW_RMT_1823_Type3_WFreeze_Unequal6,25,10.0,0.1,0.0,2.8,500000,145463,43473,43473,42880,593,0,0,8.6946,8.6946,8.576
NEW_RMT_1823_Type3_WFreeze_Unequal6,25,10.0,0.1,0.0,3.0,500000,137181,44591,44591,43699,892,0,0,8.9182,8.9182,8.7398
NEW_RMT_1823_Type3_WFreeze_Unequal6,25,10.0,0.1,0.0,3.2,500000,130047,45453,45453,44154,1299,0,0,9.0906,9.0906,8.8308
NEW_RMT_1823_Type3_WFreeze_Unequal6,25,10.0,0.1,0.0,3.4,500000,123759,46115,46115,44346,1769,0,0,9.223,9.223,8.8692
NEW_RMT_1823_Type3_WFreeze_Unequal6,25,10.0,0.1,0.0,3.6,500000,118333,46615,46615,44302,2313,0,0,9.323,9.323,8.8604
NEW_RMT_1823_Type3_WFreeze_Unequal6,25,10.0,0.1,0.0,3.8,500000,113543,46993,46993,44144,2849,0,0,9.3986,9.3986,8.8288
NEW_RMT_1823_Type3_WFreeze_Unequal6,25,10.0,0.1,0.0,4.0,500000,109120,47163,47163,43716,3447,0,0,9.4326,9.4326,8.7432
NEW_RMT_1823_Type3_WFreeze_Unequal6,25,10.0,0.1,0.0,4.5,500000,99915,47130,47130,42075,5055,0,0,9.426,9.426,8.415
NEW_RMT_1823_Type3_WFreeze_Unequal6,25,10.0,0.1,0.0,5.0,500000,92591,47158,47158,40377,6781,0,0,9.4316,9.4316,8.0754
NEW_RMT_1823_Type3_WFreeze_Unequal6,25,10.0,0.1,0.0,5.5,500000,86521,46566,46566,38173,8393,0,0,9.3132,9.3132,7.6346
NEW_RMT_1823_Type3_WFreeze_Unequal6,25,10.0,0.1,0.0,6.0,500000,81401,45853,45853,35976,9877,0,0,9.1706,9.1706,7.1952
NEW_RMT_1823_Type3_WFreeze_Unequal6,25,10.0,0.1,0.0,7.0,500000,73173,44242,44242,31720,12522,0,0,8.8484,8.8484,6.344
NEW_RMT_1823_Type3_WFreeze_Unequal6,25,10.0,0.1,0.0,8.0,500000,66833,42575,42575,27847,14728,0,0,8.515,8.515,5.5694
NEW_RMT_1823_Type3_WFreeze_Unequal6,25,10.0,0.1,0.0,9.0,500000,61663,40988,40988,24489,16499,0,0,8.1976,8.1976,4.8978
NEW_RMT_1823_Type3_WFreeze_Unequal6,25,10.0,0.1,0.0,10.0,500000,57346,39344,39344,21557,17787,0,0,7.8688,7.8688,4.3114
NEW_RMT_1823_Type3_VFreeze_Equal1,26,1.0,0.0,1.0,0.1,500000,500000,0,0,0,0,0,0,0.0,0.0,0.0
NEW_RMT_1823_Type3_VFreeze_Equal1,26,1.0,0.0,1.0,0.2,500000,500000,0,0,0,0,0,0,0.0,0.0,0.0
NEW_RMT_1823_Type3_VFreeze_Equal1,26,1.0,0.0,1.0,0.3,500000,500000,0,0,0,0,0,0,0.0,0.0,0.0
NEW_RMT_1823_Type3_VFreeze_Equal1,26,1.0,0.0,1.0,0.4,500000,499562,0,0,0,0,0,0,0.0,0.0,0.0
NEW_RMT_1823_Type3_VFreeze_Equal1,26,1.0,0.0,1.0,0.5,500000,495492,0,0,0,0,0,0,0.0,0.0,0.0
NEW_RMT_1823_Type3_VFreeze_Equal1,26,1.0,0.0,1.0,0.58,500000,486045,0,0,0,0,0,0,0.0,0.0,0.0
NEW_RMT_1823_Type3_VFreeze_Equal1,26,1.0,0.0,1.0,0.6,500000,482662,0,0,0,0,0,0,0.0,0.0,0.0
NEW_RMT_1823_Type3_VFreeze_Equal1,26,1.0,0.0,1.0,0.7,500000,460928,0,0,0,0,0,0,0.0,0.0,0.0
NEW_RMT_1823_Type3_VFreeze_Equal1,26,1.0,0.0,1.0,0.8,500000,433280,0,0,0,0,0,0,0.0,0.0,0.0
NEW_RMT_1823_Type3_VFreeze_Equal1,26,1.0,0.0,1.0,0.9,500000,403439,0,0,0,0,0,0,0.0,0.0,0.0
NEW_RMT_1823_Type3_VFreeze_Equal1,26,1.0,0.0,1.0,1.0,500000,374064,0,0,0,0,0,0,0.0,0.0,0.0
NEW_RMT_1823_Type3_VFreeze_Equal1,26,1.0,0.0,1.0,1.1,500000,346492,0,0,0,0,0,0,0.0,0.0,0.0
NEW_RMT_1823_Type3_VFreeze_Equal1,26,1.0,0.0,1.0,1.2,500000,321234,0,0,0,0,0,0,0.0,0.0,0.0
NEW_RMT_1823_Type3_VFreeze_Equal1,26,1.0,0.0,1.0,1.3,500000,298617,0,0,0,0,0,0,0.0,0.0,0.0
NEW_RMT_1823_Type3_VFreeze_Equal1,26,1.0,0.0,1.0,1.4,500000,278542,0,0,0,0,0,0,0.0,0.0,0.0
NEW_RMT_1823_Type3_VFreeze_Equal1,26,1.0,0.0,1.0,1.5,500000,260816,0,0,0,0,0,0,0.0,0.0,0.0
NEW_RMT_1823_Type3_VFreeze_Equal1,26,1.0,0.0,1.0,1.6,500000,245068,0,0,0,0,0,0,0.0,0.0,0.0
NEW_RMT_1823_Type3_VFreeze_Equal1,26,1.0,0.0,1.0,1.8,500000,219021,0,0,0,0,0,0,0.0,0.0,0.0
NEW_RMT_1823_Type3_VFreeze_Equal1,26,1.0,0.0,1.0,2.0,500000,198141,0,0,0,0,0,0,0.0,0.0,0.0
NEW_RMT_1823_Type3_VFreeze_Equal1,26,1.0,0.0,1.0,2.2,500000,181037,0,0,0,0,0,0,0.0,0.0,0.0
NEW_RMT_1823_Type3_VFreeze_Equal1,26,1.0,0.0,1.0,2.4,500000,166960,0,0,0,0,0,0,0.0,0.0,0.0
NEW_RMT_1823_Type3_VFreeze_Equal1,26,1.0,0.0,1.0,2.6,500000,155337,0,0,0,0,0,0,0.0,0.0,0.0
NEW_RMT_1823_Type3_VFreeze_Equal1,26,1.0,0.0,1.0,2.8,500000,145463,0,0,0,0,0,0,0.0,0.0,0.0
NEW_RMT_1823_Type3_VFreeze_Equal1,26,1.0,0.0,1.0,3.0,500000,137181,0,0,0,0,0,0,0.0,0.0,0.0
NEW_RMT_1823_Type3_VFreeze_Equal1,26,1.0,0.0,1.0,3.2,500000,130047,0,0,0,0,0,0,0.0,0.0,0.0
NEW_RMT_1823_Type3_VFreeze_Equal1,26,1.0,0.0,1.0,3.4,500000,123759,0,0,0,0,0,0,0.0,0.0,0.0
NEW_RMT_1823_Type3_VFreeze_Equal1,26,1.0,0.0,1.0,3.6,500000,118333,0,0,0,0,0,0,0.0,0.0,0.0
NEW_RMT_1823_Type3_VFreeze_Equal1,26,1.0,0.0,1.0,3.8,500000,113543,0,0,0,0,0,0,0.0,0.0,0.0
NEW_RMT_1823_Type3_VFreeze_Equal1,26,1.0,0.0,1.0,4.0,500000,109120,0,0,0,0,0,0,0.0,0.0,0.0
NEW_RMT_1823_Type3_VFreeze_Equal1,26,1.0,0.0,1.0,4.5,500000,99915,0,0,0,0,0,0,0.0,0.0,0.0
NEW_RMT_1823_Type3_VFreeze_Equal1,26,1.0,0.0,1.0,5.0,500000,92591,0,0,0,0,0,0,0.0,0.0,0.0
NEW_RMT_1823_Type3_VFreeze_Equal1,26,1.0,0.0,1.0,5.5,500000,86521,0,0,0,0,0,0,0.0,0.0,0.0
NEW_RMT_1823_Type3_VFreeze_Equal1,26,1.0,0.0,1.0,6.0,500000,81401,0,0,0,0,0,0,0.0,0.0,0.0
NEW_RMT_1823_Type3_VFreeze_Equal1,26,1.0,0.0,1.0,7.0,500000,73173,0,0,0,0,0,0,0.0,0.0,0.0
NEW_RMT_1823_Type3_VFreeze_Equal1,26,1.0,0.0,1.0,8.0,500000,66833,0,0,0,0,0,0,0.0,0.0,0.0
NEW_RMT_1823_Type3_VFreeze_Equal1,26,1.0,0.0,1.0,9.0,500000,61663,0,0,0,0,0,0,0.0,0.0,0.0
NEW_RMT_1823_Type3_VFreeze_Equal1,26,1.0,0.0,1.0,10.0,500000,57346,0,0,0,0,0,0,0.0,0.0,0.0
NEW_RMT_1823_Type3_VFreeze_Equal2,27,0.1,0.0,0.1,0.1,500000,500000,0,0,0,0,0,0,0.0,0.0,0.0
NEW_RMT_1823_Type3_VFreeze_Equal2,27,0.1,0.0,0.1,0.2,500000,500000,0,0,0,0,0,0,0.0,0.0,0.0
NEW_RMT_1823_Type3_VFreeze_Equal2,27,0.1,0.0,0.1,0.3,500000,500000,0,0,0,0,0,0,0.0,0.0,0.0
NEW_RMT_1823_Type3_VFreeze_Equal2,27,0.1,0.0,0.1,0.4,500000,499562,0,0,0,0,0,0,0.0,0.0,0.0
NEW_RMT_1823_Type3_VFreeze_Equal2,27,0.1,0.0,0.1,0.5,500000,495492,0,0,0,0,0,0,0.0,0.0,0.0
NEW_RMT_1823_Type3_VFreeze_Equal2,27,0.1,0.0,0.1,0.58,500000,486045,0,0,0,0,0,0,0.0,0.0,0.0
NEW_RMT_1823_Type3_VFreeze_Equal2,27,0.1,0.0,0.1,0.6,500000,482662,0,0,0,0,0,0,0.0,0.0,0.0
NEW_RMT_1823_Type3_VFreeze_Equal2,27,0.1,0.0,0.1,0.7,500000,460928,0,0,0,0,0,0,0.0,0.0,0.0
NEW_RMT_1823_Type3_VFreeze_Equal2,27,0.1,0.0,0.1,0.8,500000,433280,0,0,0,0,0,0,0.0,0.0,0.0
NEW_RMT_1823_Type3_VFreeze_Equal2,27,0.1,0.0,0.1,0.9,500000,403439,0,0,0,0,0,0,0.0,0.0,0.0
NEW_RMT_1823_Type3_VFreeze_Equal2,27,0.1,0.0,0.1,1.0,500000,374064,0,0,0,0,0,0,0.0,0.0,0.0
NEW_RMT_1823_Type3_VFreeze_Equal2,27,0.1,0.0,0.1,1.1,500000,346492,0,0,0,0,0,0,0.0,0.0,0.0
NEW_RMT_1823_Type3_VFreeze_Equal2,27,0.1,0.0,0.1,1.2,500000,321234,0,0,0,0,0,0,0.0,0.0,0.0
NEW_RMT_1823_Type3_VFreeze_Equal2,27,0.1,0.0,0.1,1.3,500000,298617,0,0,0,0,0,0,0.0,0.0,0.0
NEW_RMT_1823_Type3_VFreeze_Equal2,27,0.1,0.0,0.1,1.4,500000,278542,0,0,0,0,0,0,0.0,0.0,0.0
NEW_RMT_1823_Type3_VFreeze_Equal2,27,0.1,0.0,0.1,1.5,500000,260816,0,0,0,0,0,0,0.0,0.0,0.0
NEW_RMT_1823_Type3_VFreeze_Equal2,27,0.1,0.0,0.1,1.6,500000,245068,0,0,0,0,0,0,0.0,0.0,0.0
NEW_RMT_1823_Type3_VFreeze_Equal2,27,0.1,0.0,0.1,1.8,500000,219021,0,0,0,0,0,0,0.0,0.0,0.0
NEW_RMT_1823_Type3_VFreeze_Equal2,27,0.1,0.0,0.1,2.0,500000,198141,0,0,0,0,0,0,0.0,0.0,0.0
NEW_RMT_1823_Type3_VFreeze_Equal2,27,0.1,0.0,0.1,2.2,500000,181037,0,0,0,0,0,0,0.0,0.0,0.0
NEW_RMT_1823_Type3_VFreeze_Equal2,27,0.1,0.0,0.1,2.4,500000,166960,0,0,0,0,0,0,0.0,0.0,0.0
NEW_RMT_1823_Type3_VFreeze_Equal2,27,0.1,0.0,0.1,2.6,500000,155337,0,0,0,0,0,0,0.0,0.0,0.0
NEW_RMT_1823_Type3_VFreeze_Equal2,27,0.1,0.0,0.1,2.8,500000,145463,0,0,0,0,0,0,0.0,0.0,0.0
NEW_RMT_1823_Type3_VFreeze_Equal2,27,0.1,0.0,0.1,3.0,500000,137181,0,0,0,0,0,0,0.0,0.0,0.0
NEW_RMT_1823_Type3_VFreeze_Equal2,27,0.1,0.0,0.1,3.2,500000,130047,0,0,0,0,0,0,0.0,0.0,0.0
NEW_RMT_1823_Type3_VFreeze_Equal2,27,0.1,0.0,0.1,3.4,500000,123759,0,0,0,0,0,0,0.0,0.0,0.0
NEW_RMT_1823_Type3_VFreeze_Equal2,27,0.1,0.0,0.1,3.6,500000,118333,0,0,0,0,0,0,0.0,0.0,0.0
NEW_RMT_1823_Type3_VFreeze_Equal2,27,0.1,0.0,0.1,3.8,500000,113543,0,0,0,0,0,0,0.0,0.0,0.0
NEW_RMT_1823_Type3_VFreeze_Equal2,27,0.1,0.0,0.1,4.0,500000,109120,0,0,0,0,0,0,0.0,0.0,0.0
NEW_RMT_1823_Type3_VFreeze_Equal2,27,0.1,0.0,0.1,4.5,500000,99915,0,0,0,0,0,0,0.0,0.0,0.0
NEW_RMT_1823_Type3_VFreeze_Equal2,27,0.1,0.0,0.1,5.0,500000,92591,0,0,0,0,0,0,0.0,0.0,0.0
NEW_RMT_1823_Type3_VFreeze_Equal2,27,0.1,0.0,0.1,5.5,500000,86521,0,0,0,0,0,0,0.0,0.0,0.0
NEW_RMT_1823_Type3_VFreeze_Equal2,27,0.1,0.0,0.1,6.0,500000,81401,0,0,0,0,0,0,0.0,0.0,0.0
NEW_RMT_1823_Type3_VFreeze_Equal2,27,0.1,0.0,0.1,7.0,500000,73173,0,0,0,0,0,0,0.0,0.0,0.0
NEW_RMT_1823_Type3_VFreeze_Equal2,27,0.1,0.0,0.1,8.0,500000,66833,0,0,0,0,0,0,0.0,0.0,0.0
NEW_RMT_1823_Type3_VFreeze_Equal2,27,0.1,0.0,0.1,9.0,500000,61663,0,0,0,0,0,0,0.0,0.0,0.0
NEW_RMT_1823_Type3_VFreeze_Equal2,27,0.1,0.0,0.1,10.0,500000,57346,0,0,0,0,0,0,0.0,0.0,0.0
NEW_RMT_1823_Type3_VFreeze_Equal3,28,10.0,0.0,10.0,0.1,500000,500000,0,0,0,0,0,0,0.0,0.0,0.0
NEW_RMT_1823_Type3_VFreeze_Equal3,28,10.0,0.0,10.0,0.2,500000,500000,0,0,0,0,0,0,0.0,0.0,0.0
NEW_RMT_1823_Type3_VFreeze_Equal3,28,10.0,0.0,10.0,0.3,500000,500000,0,0,0,0,0,0,0.0,0.0,0.0
NEW_RMT_1823_Type3_VFreeze_Equal3,28,10.0,0.0,10.0,0.4,500000,499562,0,0,0,0,0,0,0.0,0.0,0.0
NEW_RMT_1823_Type3_VFreeze_Equal3,28,10.0,0.0,10.0,0.5,500000,495492,0,0,0,0,0,0,0.0,0.0,0.0
NEW_RMT_1823_Type3_VFreeze_Equal3,28,10.0,0.0,10.0,0.58,500000,486045,0,0,0,0,0,0,0.0,0.0,0.0
NEW_RMT_1823_Type3_VFreeze_Equal3,28,10.0,0.0,10.0,0.6,500000,482662,0,0,0,0,0,0,0.0,0.0,0.0
NEW_RMT_1823_Type3_VFreeze_Equal3,28,10.0,0.0,10.0,0.7,500000,460928,0,0,0,0,0,0,0.0,0.0,0.0
NEW_RMT_1823_Type3_VFreeze_Equal3,28,10.0,0.0,10.0,0.8,500000,433280,0,0,0,0,0,0,0.0,0.0,0.0
NEW_RMT_1823_Type3_VFreeze_Equal3,28,10.0,0.0,10.0,0.9,500000,403439,0,0,0,0,0,0,0.0,0.0,0.0
NEW_RMT_1823_Type3_VFreeze_Equal3,28,10.0,0.0,10.0,1.0,500000,374064,0,0,0,0,0,0,0.0,0.0,0.0
NEW_RMT_1823_Type3_VFreeze_Equal3,28,10.0,0.0,10.0,1.1,500000,346492,0,0,0,0,0,0,0.0,0.0,0.0
NEW_RMT_1823_Type3_VFreeze_Equal3,28,10.0,0.0,10.0,1.2,500000,321234,0,0,0,0,0,0,0.0,0.0,0.0
NEW_RMT_1823_Type3_VFreeze_Equal3,28,10.0,0.0,10.0,1.3,500000,298617,0,0,0,0,0,0,0.0,0.0,0.0
NEW_RMT_1823_Type3_VFreeze_Equal3,28,10.0,0.0,10.0,1.4,500000,278542,0,0,0,0,0,0,0.0,0.0,0.0
NEW_RMT_1823_Type3_VFreeze_Equal3,28,10.0,0.0,10.0,1.5,500000,260816,0,0,0,0,0,0,0.0,0.0,0.0
NEW_RMT_1823_Type3_VFreeze_Equal3,28,10.0,0.0,10.0,1.6,500000,245068,0,0,0,0,0,0,0.0,0.0,0.0
NEW_RMT_1823_Type3_VFreeze_Equal3,28,10.0,0.0,10.0,1.8,500000,219021,0,0,0,0,0,0,0.0,0.0,0.0
NEW_RMT_1823_Type3_VFreeze_Equal3,28,10.0,0.0,10.0,2.0,500000,198141,0,0,0,0,0,0,0.0,0.0,0.0
NEW_RMT_1823_Type3_VFreeze_Equal3,28,10.0,0.0,10.0,2.2,500000,181037,0,0,0,0,0,0,0.0,0.0,0.0
NEW_RMT_1823_Type3_VFreeze_Equal3,28,10.0,0.0,10.0,2.4,500000,166960,0,0,0,0,0,0,0.0,0.0,0.0
NEW_RMT_1823_Type3_VFreeze_Equal3,28,10.0,0.0,10.0,2.6,500000,155337,0,0,0,0,0,0,0.0,0.0,0.0
NEW_RMT_1823_Type3_VFreeze_Equal3,28,10.0,0.0,10.0,2.8,500000,145463,0,0,0,0,0,0,0.0,0.0,0.0
NEW_RMT_1823_Type3_VFreeze_Equal3,28,10.0,0.0,10.0,3.0,500000,137181,0,0,0,0,0,0,0.0,0.0,0.0
NEW_RMT_1823_Type3_VFreeze_Equal3,28,10.0,0.0,10.0,3.2,500000,130047,0,0,0,0,0,0,0.0,0.0,0.0
NEW_RMT_1823_Type3_VFreeze_Equal3,28,10.0,0.0,10.0,3.4,500000,123759,0,0,0,0,0,0,0.0,0.0,0.0
NEW_RMT_1823_Type3_VFreeze_Equal3,28,10.0,0.0,10.0,3.6,500000,118333,0,0,0,0,0,0,0.0,0.0,0.0
NEW_RMT_1823_Type3_VFreeze_Equal3,28,10.0,0.0,10.0,3.8,500000,113543,0,0,0,0,0,0,0.0,0.0,0.0
NEW_RMT_1823_Type3_VFreeze_Equal3,28,10.0,0.0,10.0,4.0,500000,109120,0,0,0,0,0,0,0.0,0.0,0.0
NEW_RMT_1823_Type3_VFreeze_Equal3,28,10.0,0.0,10.0,4.5,500000,99915,0,0,0,0,0,0,0.0,0.0,0.0
NEW_RMT_1823_Type3_VFreeze_Equal3,28,10.0,0.0,10.0,5.0,500000,92591,0,0,0,0,0,0,0.0,0.0,0.0
NEW_RMT_1823_Type3_VFreeze_Equal3,28,10.0,0.0,10.0,5.5,500000,86521,0,0,0,0,0,0,0.0,0.0,0.0
NEW_RMT_1823_Type3_VFreeze_Equal3,28,10.0,0.0,10.0,6.0,500000,81401,0,0,0,0,0,0,0.0,0.0,0.0
NEW_RMT_1823_Type3_VFreeze_Equal3,28,10.0,0.0,10.0,7.0,500000,73173,0,0,0,0,0,0,0.0,0.0,0.0
NEW_RMT_1823_Type3_VFreeze_Equal3,28,10.0,0.0,10.0,8.0,500000,66833,0,0,0,0,0,0,0.0,0.0,0.0
NEW_RMT_1823_Type3_VFreeze_Equal3,28,10.0,0.0,10.0,9.0,500000,61663,0,0,0,0,0,0,0.0,0.0,0.0
NEW_RMT_1823_Type3_VFreeze_Equal3,28,10.0,0.0,10.0,10.0,500000,57346,0,0,0,0,0,0,0.0,0.0,0.0
NEW_RMT_1823_Type3_VFreeze_Unequal1,29,0.1,0.0,1.0,0.1,500000,500000,0,0,0,0,0,0,0.0,0.0,0.0
NEW_RMT_1823_Type3_VFreeze_Unequal1,29,0.1,0.0,1.0,0.2,500000,500000,0,0,0,0,0,0,0.0,0.0,0.0
NEW_RMT_1823_Type3_VFreeze_Unequal1,29,0.1,0.0,1.0,0.3,500000,500000,0,0,0,0,0,0,0.0,0.0,0.0
NEW_RMT_1823_Type3_VFreeze_Unequal1,29,0.1,0.0,1.0,0.4,500000,499562,0,0,0,0,0,0,0.0,0.0,0.0
NEW_RMT_1823_Type3_VFreeze_Unequal1,29,0.1,0.0,1.0,0.5,500000,495492,0,0,0,0,0,0,0.0,0.0,0.0
NEW_RMT_1823_Type3_VFreeze_Unequal1,29,0.1,0.0,1.0,0.58,500000,486045,0,0,0,0,0,0,0.0,0.0,0.0
NEW_RMT_1823_Type3_VFreeze_Unequal1,29,0.1,0.0,1.0,0.6,500000,482662,0,0,0,0,0,0,0.0,0.0,0.0
NEW_RMT_1823_Type3_VFreeze_Unequal1,29,0.1,0.0,1.0,0.7,500000,460928,0,0,0,0,0,0,0.0,0.0,0.0
NEW_RMT_1823_Type3_VFreeze_Unequal1,29,0.1,0.0,1.0,0.8,500000,433280,0,0,0,0,0,0,0.0,0.0,0.0
NEW_RMT_1823_Type3_VFreeze_Unequal1,29,0.1,0.0,1.0,0.9,500000,403439,0,0,0,0,0,0,0.0,0.0,0.0
NEW_RMT_1823_Type3_VFreeze_Unequal1,29,0.1,0.0,1.0,1.0,500000,374064,0,0,0,0,0,0,0.0,0.0,0.0
NEW_RMT_1823_Type3_VFreeze_Unequal1,29,0.1,0.0,1.0,1.1,500000,346492,0,0,0,0,0,0,0.0,0.0,0.0
NEW_RMT_1823_Type3_VFreeze_Unequal1,29,0.1,0.0,1.0,1.2,500000,321234,0,0,0,0,0,0,0.0,0.0,0.0
NEW_RMT_1823_Type3_VFreeze_Unequal1,29,0.1,0.0,1.0,1.3,500000,298617,0,0,0,0,0,0,0.0,0.0,0.0
NEW_RMT_1823_Type3_VFreeze_Unequal1,29,0.1,0.0,1.0,1.4,500000,278542,0,0,0,0,0,0,0.0,0.0,0.0
NEW_RMT_1823_Type3_VFreeze_Unequal1,29,0.1,0.0,1.0,1.5,500000,260816,0,0,0,0,0,0,0.0,0.0,0.0
NEW_RMT_1823_Type3_VFreeze_Unequal1,29,0.1,0.0,1.0,1.6,500000,245068,0,0,0,0,0,0,0.0,0.0,0.0
NEW_RMT_1823_Type3_VFreeze_Unequal1,29,0.1,0.0,1.0,1.8,500000,219021,0,0,0,0,0,0,0.0,0.0,0.0
NEW_RMT_1823_Type3_VFreeze_Unequal1,29,0.1,0.0,1.0,2.0,500000,198141,0,0,0,0,0,0,0.0,0.0,0.0
NEW_RMT_1823_Type3_VFreeze_Unequal1,29,0.1,0.0,1.0,2.2,500000,181037,0,0,0,0,0,0,0.0,0.0,0.0
NEW_RMT_1823_Type3_VFreeze_Unequal1,29,0.1,0.0,1.0,2.4,500000,166960,0,0,0,0,0,0,0.0,0.0,0.0
NEW_RMT_1823_Type3_VFreeze_Unequal1,29,0.1,0.0,1.0,2.6,500000,155337,0,0,0,0,1,0,0.0,0.0,0.0
NEW_RMT_1823_Type3_VFreeze_Unequal1,29,0.1,0.0,1.0,2.8,500000,145463,0,0,0,0,3,0,0.0,0.0,0.0
NEW_RMT_1823_Type3_VFreeze_Unequal1,29,0.1,0.0,1.0,3.0,500000,137181,0,0,0,0,5,0,0.0,0.0,0.0
NEW_RMT_1823_Type3_VFreeze_Unequal1,29,0.1,0.0,1.0,3.2,500000,130047,0,0,0,0,9,0,0.0,0.0,0.0
NEW_RMT_1823_Type3_VFreeze_Unequal1,29,0.1,0.0,1.0,3.4,500000,123759,0,0,0,0,13,0,0.0,0.0,0.0
NEW_RMT_1823_Type3_VFreeze_Unequal1,29,0.1,0.0,1.0,3.6,500000,118333,0,0,0,0,23,0,0.0,0.0,0.0
NEW_RMT_1823_Type3_VFreeze_Unequal1,29,0.1,0.0,1.0,3.8,500000,113543,0,0,0,0,33,0,0.0,0.0,0.0
NEW_RMT_1823_Type3_VFreeze_Unequal1,29,0.1,0.0,1.0,4.0,500000,109120,0,0,0,0,48,0,0.0,0.0,0.0
NEW_RMT_1823_Type3_VFreeze_Unequal1,29,0.1,0.0,1.0,4.5,500000,99915,0,0,0,0,101,0,0.0,0.0,0.0
NEW_RMT_1823_Type3_VFreeze_Unequal1,29,0.1,0.0,1.0,5.0,500000,92591,0,0,0,0,159,0,0.0,0.0,0.0
NEW_RMT_1823_Type3_VFreeze_Unequal1,29,0.1,0.0,1.0,5.5,500000,86521,0,0,0,0,241,0,0.0,0.0,0.0
NEW_RMT_1823_Type3_VFreeze_Unequal1,29,0.1,0.0,1.0,6.0,500000,81401,0,0,0,0,341,0,0.0,0.0,0.0
NEW_RMT_1823_Type3_VFreeze_Unequal1,29,0.1,0.0,1.0,7.0,500000,73173,0,0,0,0,540,0,0.0,0.0,0.0
NEW_RMT_1823_Type3_VFreeze_Unequal1,29,0.1,0.0,1.0,8.0,500000,66833,0,0,0,0,733,0,0.0,0.0,0.0
NEW_RMT_1823_Type3_VFreeze_Unequal1,29,0.1,0.0,1.0,9.0,500000,61663,0,0,0,0,899,0,0.0,0.0,0.0
NEW_RMT_1823_Type3_VFreeze_Unequal1,29,0.1,0.0,1.0,10.0,500000,57346,0,0,0,0,1056,0,0.0,0.0,0.0
NEW_RMT_1823_Type3_VFreeze_Unequal2,30,1.0,0.0,0.1,0.1,500000,500000,0,0,0,0,0,0,0.0,0.0,0.0
NEW_RMT_1823_Type3_VFreeze_Unequal2,30,1.0,0.0,0.1,0.2,500000,500000,0,0,0,0,0,0,0.0,0.0,0.0
NEW_RMT_1823_Type3_VFreeze_Unequal2,30,1.0,0.0,0.1,0.3,500000,500000,0,0,0,0,0,0,0.0,0.0,0.0
NEW_RMT_1823_Type3_VFreeze_Unequal2,30,1.0,0.0,0.1,0.4,500000,499562,0,0,0,0,0,0,0.0,0.0,0.0
NEW_RMT_1823_Type3_VFreeze_Unequal2,30,1.0,0.0,0.1,0.5,500000,495492,16,16,16,0,0,0,0.0032,0.0032,0.0032
NEW_RMT_1823_Type3_VFreeze_Unequal2,30,1.0,0.0,0.1,0.58,500000,486045,90,90,90,0,0,0,0.018,0.018,0.018
NEW_RMT_1823_Type3_VFreeze_Unequal2,30,1.0,0.0,0.1,0.6,500000,482662,119,119,119,0,0,0,0.0238,0.0238,0.0238
NEW_RMT_1823_Type3_VFreeze_Unequal2,30,1.0,0.0,0.1,0.7,500000,460928,383,383,383,0,0,0,0.0766,0.0766,0.0766
NEW_RMT_1823_Type3_VFreeze_Unequal2,30,1.0,0.0,0.1,0.8,500000,433280,856,856,856,0,0,0,0.1712,0.1712,0.1712
NEW_RMT_1823_Type3_VFreeze_Unequal2,30,1.0,0.0,0.1,0.9,500000,403439,1589,1589,1589,0,0,0,0.3178,0.3178,0.3178
NEW_RMT_1823_Type3_VFreeze_Unequal2,30,1.0,0.0,0.1,1.0,500000,374064,2453,2453,2453,0,0,0,0.4906,0.4906,0.4906
NEW_RMT_1823_Type3_VFreeze_Unequal2,30,1.0,0.0,0.1,1.1,500000,346492,3567,3567,3567,0,0,0,0.7134,0.7134,0.7134
NEW_RMT_1823_Type3_VFreeze_Unequal2,30,1.0,0.0,0.1,1.2,500000,321234,4711,4711,4711,0,0,0,0.9422,0.9422,0.9422
NEW_RMT_1823_Type3_VFreeze_Unequal2,30,1.0,0.0,0.1,1.3,500000,298617,5863,5863,5863,0,0,0,1.1726,1.1726,1.1726
NEW_RMT_1823_Type3_VFreeze_Unequal2,30,1.0,0.0,0.1,1.4,500000,278542,6958,6958,6958,0,0,0,1.3916,1.3916,1.3916
NEW_RMT_1823_Type3_VFreeze_Unequal2,30,1.0,0.0,0.1,1.5,500000,260816,8173,8173,8173,0,0,0,1.6346,1.6346,1.6346
NEW_RMT_1823_Type3_VFreeze_Unequal2,30,1.0,0.0,0.1,1.6,500000,245068,9207,9207,9206,1,0,0,1.8414,1.8414,1.8412
NEW_RMT_1823_Type3_VFreeze_Unequal2,30,1.0,0.0,0.1,1.8,500000,219021,11151,11151,11151,0,0,0,2.2302,2.2302,2.2302
NEW_RMT_1823_Type3_VFreeze_Unequal2,30,1.0,0.0,0.1,2.0,500000,198141,12955,12955,12947,8,0,0,2.591,2.591,2.5894
NEW_RMT_1823_Type3_VFreeze_Unequal2,30,1.0,0.0,0.1,2.2,500000,181037,14286,14286,14259,27,0,0,2.8572,2.8572,2.8518
NEW_RMT_1823_Type3_VFreeze_Unequal2,30,1.0,0.0,0.1,2.4,500000,166960,15349,15349,15283,66,0,0,3.0698,3.0698,3.0566
NEW_RMT_1823_Type3_VFreeze_Unequal2,30,1.0,0.0,0.1,2.6,500000,155337,16413,16413,16278,135,0,0,3.2826,3.2826,3.2556
NEW_RMT_1823_Type3_VFreeze_Unequal2,30,1.0,0.0,0.1,2.8,500000,145463,17171,17171,16917,254,0,0,3.4342,3.4342,3.3834
NEW_RMT_1823_Type3_VFreeze_Unequal2,30,1.0,0.0,0.1,3.0,500000,137181,17731,17731,17310,421,0,0,3.5462,3.5462,3.462
NEW_RMT_1823_Type3_VFreeze_Unequal2,30,1.0,0.0,0.1,3.2,500000,130047,18190,18190,17594,596,0,0,3.638,3.638,3.5188
NEW_RMT_1823_Type3_VFreeze_Unequal2,30,1.0,0.0,0.1,3.4,500000,123759,18534,18534,17727,807,0,0,3.7068,3.7068,3.5454
NEW_RMT_1823_Type3_VFreeze_Unequal2,30,1.0,0.0,0.1,3.6,500000,118333,18921,18921,17818,1103,0,0,3.7842,3.7842,3.5636
NEW_RMT_1823_Type3_VFreeze_Unequal2,30,1.0,0.0,0.1,3.8,500000,113543,19145,19145,17749,1396,0,0,3.829,3.829,3.5498
NEW_RMT_1823_Type3_VFreeze_Unequal2,30,1.0,0.0,0.1,4.0,500000,109120,19153,19153,17425,1728,0,0,3.8306,3.8306,3.485
NEW_RMT_1823_Type3_VFreeze_Unequal2,30,1.0,0.0,0.1,4.5,500000,99915,19404,19404,16883,2521,0,0,3.8808,3.8808,3.3766
NEW_RMT_1823_Type3_VFreeze_Unequal2,30,1.0,0.0,0.1,5.0,500000,92591,19450,19450,16083,3367,0,0,3.89,3.89,3.2166
NEW_RMT_1823_Type3_VFreeze_Unequal2,30,1.0,0.0,0.1,5.5,500000,86521,19148,19148,14915,4233,0,0,3.8296,3.8296,2.983
NEW_RMT_1823_Type3_VFreeze_Unequal2,30,1.0,0.0,0.1,6.0,500000,81401,18885,18885,13894,4991,0,0,3.777,3.777,2.7788
NEW_RMT_1823_Type3_VFreeze_Unequal2,30,1.0,0.0,0.1,7.0,500000,73173,18037,18037,11759,6278,0,0,3.6074,3.6074,2.3518
NEW_RMT_1823_Type3_VFreeze_Unequal2,30,1.0,0.0,0.1,8.0,500000,66833,17241,17241,10023,7218,0,0,3.4482,3.4482,2.0046
NEW_RMT_1823_Type3_VFreeze_Unequal2,30,1.0,0.0,0.1,9.0,500000,61663,16386,16386,8431,7955,0,0,3.2772,3.2772,1.6862
NEW_RMT_1823_Type3_VFreeze_Unequal2,30,1.0,0.0,0.1,10.0,500000,57346,15598,15598,7098,8500,0,0,3.1196,3.1196,1.4196
NEW_RMT_1823_Type3_VFreeze_Unequal3,31,0.1,0.0,10.0,0.1,500000,500000,0,0,0,0,0,0,0.0,0.0,0.0
NEW_RMT_1823_Type3_VFreeze_Unequal3,31,0.1,0.0,10.0,0.2,500000,500000,0,0,0,0,0,0,0.0,0.0,0.0
NEW_RMT_1823_Type3_VFreeze_Unequal3,31,0.1,0.0,10.0,0.3,500000,500000,0,0,0,0,0,0,0.0,0.0,0.0
NEW_RMT_1823_Type3_VFreeze_Unequal3,31,0.1,0.0,10.0,0.4,500000,499562,0,0,0,0,0,0,0.0,0.0,0.0
NEW_RMT_1823_Type3_VFreeze_Unequal3,31,0.1,0.0,10.0,0.5,500000,495492,0,0,0,0,0,0,0.0,0.0,0.0
NEW_RMT_1823_Type3_VFreeze_Unequal3,31,0.1,0.0,10.0,0.58,500000,486045,0,0,0,0,0,0,0.0,0.0,0.0
NEW_RMT_1823_Type3_VFreeze_Unequal3,31,0.1,0.0,10.0,0.6,500000,482662,0,0,0,0,0,0,0.0,0.0,0.0
NEW_RMT_1823_Type3_VFreeze_Unequal3,31,0.1,0.0,10.0,0.7,500000,460928,0,0,0,0,0,0,0.0,0.0,0.0
NEW_RMT_1823_Type3_VFreeze_Unequal3,31,0.1,0.0,10.0,0.8,500000,433280,0,0,0,0,0,0,0.0,0.0,0.0
NEW_RMT_1823_Type3_VFreeze_Unequal3,31,0.1,0.0,10.0,0.9,500000,403439,0,0,0,0,0,0,0.0,0.0,0.0
NEW_RMT_1823_Type3_VFreeze_Unequal3,31,0.1,0.0,10.0,1.0,500000,374064,0,0,0,0,0,0,0.0,0.0,0.0
NEW_RMT_1823_Type3_VFreeze_Unequal3,31,0.1,0.0,10.0,1.1,500000,346492,0,0,0,0,0,0,0.0,0.0,0.0
NEW_RMT_1823_Type3_VFreeze_Unequal3,31,0.1,0.0,10.0,1.2,500000,321234,0,0,0,0,0,0,0.0,0.0,0.0
NEW_RMT_1823_Type3_VFreeze_Unequal3,31,0.1,0.0,10.0,1.3,500000,298617,0,0,0,0,0,0,0.0,0.0,0.0
NEW_RMT_1823_Type3_VFreeze_Unequal3,31,0.1,0.0,10.0,1.4,500000,278542,0,0,0,0,0,0,0.0,0.0,0.0
NEW_RMT_1823_Type3_VFreeze_Unequal3,31,0.1,0.0,10.0,1.5,500000,260816,0,0,0,0,0,0,0.0,0.0,0.0
NEW_RMT_1823_Type3_VFreeze_Unequal3,31,0.1,0.0,10.0,1.6,500000,245068,0,0,0,0,0,0,0.0,0.0,0.0
NEW_RMT_1823_Type3_VFreeze_Unequal3,31,0.1,0.0,10.0,1.8,500000,219021,0,0,0,0,0,0,0.0,0.0,0.0
NEW_RMT_1823_Type3_VFreeze_Unequal3,31,0.1,0.0,10.0,2.0,500000,198141,0,0,0,0,0,0,0.0,0.0,0.0
NEW_RMT_1823_Type3_VFreeze_Unequal3,31,0.1,0.0,10.0,2.2,500000,181037,0,0,0,0,0,0,0.0,0.0,0.0
NEW_RMT_1823_Type3_VFreeze_Unequal3,31,0.1,0.0,10.0,2.4,500000,166960,0,0,0,0,2,0,0.0,0.0,0.0
NEW_RMT_1823_Type3_VFreeze_Unequal3,31,0.1,0.0,10.0,2.6,500000,155337,0,0,0,0,4,0,0.0,0.0,0.0
NEW_RMT_1823_Type3_VFreeze_Unequal3,31,0.1,0.0,10.0,2.8,500000,145463,0,0,0,0,10,0,0.0,0.0,0.0
NEW_RMT_1823_Type3_VFreeze_Unequal3,31,0.1,0.0,10.0,3.0,500000,137181,0,0,0,0,18,0,0.0,0.0,0.0
NEW_RMT_1823_Type3_VFreeze_Unequal3,31,0.1,0.0,10.0,3.2,500000,130047,0,0,0,0,37,0,0.0,0.0,0.0
NEW_RMT_1823_Type3_VFreeze_Unequal3,31,0.1,0.0,10.0,3.4,500000,123759,0,0,0,0,66,0,0.0,0.0,0.0
NEW_RMT_1823_Type3_VFreeze_Unequal3,31,0.1,0.0,10.0,3.6,500000,118333,0,0,0,0,97,0,0.0,0.0,0.0
NEW_RMT_1823_Type3_VFreeze_Unequal3,31,0.1,0.0,10.0,3.8,500000,113543,0,0,0,0,133,0,0.0,0.0,0.0
NEW_RMT_1823_Type3_VFreeze_Unequal3,31,0.1,0.0,10.0,4.0,500000,109120,0,0,0,0,160,0,0.0,0.0,0.0
NEW_RMT_1823_Type3_VFreeze_Unequal3,31,0.1,0.0,10.0,4.5,500000,99915,0,0,0,0,296,0,0.0,0.0,0.0
NEW_RMT_1823_Type3_VFreeze_Unequal3,31,0.1,0.0,10.0,5.0,500000,92591,0,0,0,0,466,0,0.0,0.0,0.0
NEW_RMT_1823_Type3_VFreeze_Unequal3,31,0.1,0.0,10.0,5.5,500000,86521,0,0,0,0,678,0,0.0,0.0,0.0
NEW_RMT_1823_Type3_VFreeze_Unequal3,31,0.1,0.0,10.0,6.0,500000,81401,0,0,0,0,874,0,0.0,0.0,0.0
NEW_RMT_1823_Type3_VFreeze_Unequal3,31,0.1,0.0,10.0,7.0,500000,73173,0,0,0,0,1293,0,0.0,0.0,0.0
NEW_RMT_1823_Type3_VFreeze_Unequal3,31,0.1,0.0,10.0,8.0,500000,66833,0,0,0,0,1682,0,0.0,0.0,0.0
NEW_RMT_1823_Type3_VFreeze_Unequal3,31,0.1,0.0,10.0,9.0,500000,61663,0,0,0,0,2048,0,0.0,0.0,0.0
NEW_RMT_1823_Type3_VFreeze_Unequal3,31,0.1,0.0,10.0,10.0,500000,57346,0,0,0,0,2372,0,0.0,0.0,0.0
NEW_RMT_1823_Type3_VFreeze_Unequal4,32,10.0,0.0,0.1,0.1,500000,500000,0,0,0,0,0,0,0.0,0.0,0.0
NEW_RMT_1823_Type3_VFreeze_Unequal4,32,10.0,0.0,0.1,0.2,500000,500000,0,0,0,0,0,0,0.0,0.0,0.0
NEW_RMT_1823_Type3_VFreeze_Unequal4,32,10.0,0.0,0.1,0.3,500000,500000,0,0,0,0,0,0,0.0,0.0,0.0
NEW_RMT_1823_Type3_VFreeze_Unequal4,32,10.0,0.0,0.1,0.4,500000,499562,18,18,18,0,0,0,0.0036,0.0036,0.0036
NEW_RMT_1823_Type3_VFreeze_Unequal4,32,10.0,0.0,0.1,0.5,500000,495492,239,239,239,0,0,0,0.0478,0.0478,0.0478
NEW_RMT_1823_Type3_VFreeze_Unequal4,32,10.0,0.0,0.1,0.58,500000,486045,777,777,777,0,0,0,0.1554,0.1554,0.1554
NEW_RMT_1823_Type3_VFreeze_Unequal4,32,10.0,0.0,0.1,0.6,500000,482662,985,985,985,0,0,0,0.197,0.197,0.197
NEW_RMT_1823_Type3_VFreeze_Unequal4,32,10.0,0.0,0.1,0.7,500000,460928,2577,2577,2577,0,0,0,0.5154,0.5154,0.5154
NEW_RMT_1823_Type3_VFreeze_Unequal4,32,10.0,0.0,0.1,0.8,500000,433280,4692,4692,4692,0,0,0,0.9384,0.9384,0.9384
NEW_RMT_1823_Type3_VFreeze_Unequal4,32,10.0,0.0,0.1,0.9,500000,403439,7504,7504,7504,0,0,0,1.5008,1.5008,1.5008
NEW_RMT_1823_Type3_VFreeze_Unequal4,32,10.0,0.0,0.1,1.0,500000,374064,10462,10462,10462,0,0,0,2.0924,2.0924,2.0924
NEW_RMT_1823_Type3_VFreeze_Unequal4,32,10.0,0.0,0.1,1.1,500000,346492,13545,13545,13545,0,0,0,2.709,2.709,2.709
NEW_RMT_1823_Type3_VFreeze_Unequal4,32,10.0,0.0,0.1,1.2,500000,321234,16707,16707,16707,0,0,0,3.3414,3.3414,3.3414
NEW_RMT_1823_Type3_VFreeze_Unequal4,32,10.0,0.0,0.1,1.3,500000,298617,19473,19473,19473,0,0,0,3.8946,3.8946,3.8946
NEW_RMT_1823_Type3_VFreeze_Unequal4,32,10.0,0.0,0.1,1.4,500000,278542,22209,22209,22209,0,0,0,4.4418,4.4418,4.4418
NEW_RMT_1823_Type3_VFreeze_Unequal4,32,10.0,0.0,0.1,1.5,500000,260816,24746,24746,24745,1,0,0,4.9492,4.9492,4.949
NEW_RMT_1823_Type3_VFreeze_Unequal4,32,10.0,0.0,0.1,1.6,500000,245068,27045,27045,27044,1,0,0,5.409,5.409,5.4088
NEW_RMT_1823_Type3_VFreeze_Unequal4,32,10.0,0.0,0.1,1.8,500000,219021,31124,31124,31121,3,0,0,6.2248,6.2248,6.2242
NEW_RMT_1823_Type3_VFreeze_Unequal4,32,10.0,0.0,0.1,2.0,500000,198141,34414,34414,34390,24,0,0,6.8828,6.8828,6.878
NEW_RMT_1823_Type3_VFreeze_Unequal4,32,10.0,0.0,0.1,2.2,500000,181037,36821,36821,36758,63,0,0,7.3642,7.3642,7.3516
NEW_RMT_1823_Type3_VFreeze_Unequal4,32,10.0,0.0,0.1,2.4,500000,166960,38652,38652,38485,167,0,0,7.7304,7.7304,7.697
NEW_RMT_1823_Type3_VFreeze_Unequal4,32,10.0,0.0,0.1,2.6,500000,155337,40166,40166,39819,347,0,0,8.0332,8.0332,7.9638
NEW_RMT_1823_Type3_VFreeze_Unequal4,32,10.0,0.0,0.1,2.8,500000,145463,41536,41536,40974,562,0,0,8.3072,8.3072,8.1948
NEW_RMT_1823_Type3_VFreeze_Unequal4,32,10.0,0.0,0.1,3.0,500000,137181,42465,42465,41630,835,0,0,8.493,8.493,8.326
NEW_RMT_1823_Type3_VFreeze_Unequal4,32,10.0,0.0,0.1,3.2,500000,130047,43259,43259,42051,1208,0,0,8.6518,8.6518,8.4102
NEW_RMT_1823_Type3_VFreeze_Unequal4,32,10.0,0.0,0.1,3.4,500000,123759,43792,43792,42157,1635,0,0,8.7584,8.7584,8.4314
NEW_RMT_1823_Type3_VFreeze_Unequal4,32,10.0,0.0,0.1,3.6,500000,118333,44204,44204,42059,2145,0,0,8.8408,8.8408,8.4118
NEW_RMT_1823_Type3_VFreeze_Unequal4,32,10.0,0.0,0.1,3.8,500000,113543,44491,44491,41812,2679,0,0,8.8982,8.8982,8.3624
NEW_RMT_1823_Type3_VFreeze_Unequal4,32,10.0,0.0,0.1,4.0,500000,109120,44545,44545,41330,3215,0,0,8.909,8.909,8.266
NEW_RMT_1823_Type3_VFreeze_Unequal4,32,10.0,0.0,0.1,4.5,500000,99915,44467,44467,39711,4756,0,0,8.8934,8.8934,7.9422
NEW_RMT_1823_Type3_VFreeze_Unequal4,32,10.0,0.0,0.1,5.0,500000,92591,44264,44264,37928,6336,0,0,8.8528,8.8528,7.5856
NEW_RMT_1823_Type3_VFreeze_Unequal4,32,10.0,0.0,0.1,5.5,500000,86521,43628,43628,35764,7864,0,0,8.7256,8.7256,7.1528
NEW_RMT_1823_Type3_VFreeze_Unequal4,32,10.0,0.0,0.1,6.0,500000,81401,42847,42847,33601,9246,0,0,8.5694,8.5694,6.7202
NEW_RMT_1823_Type3_VFreeze_Unequal4,32,10.0,0.0,0.1,7.0,500000,73173,41083,41083,29460,11623,0,0,8.2166,8.2166,5.892
NEW_RMT_1823_Type3_VFreeze_Unequal4,32,10.0,0.0,0.1,8.0,500000,66833,39322,39322,25733,13589,0,0,7.8644,7.8644,5.1466
NEW_RMT_1823_Type3_VFreeze_Unequal4,32,10.0,0.0,0.1,9.0,500000,61663,37555,37555,22330,15225,0,0,7.511,7.511,4.466
NEW_RMT_1823_Type3_VFreeze_Unequal4,32,10.0,0.0,0.1,10.0,500000,57346,35919,35919,19544,16375,0,0,7.1838,7.1838,3.9088
NEW_RMT_1823_Type3_VFreeze_Unequal5,33,1.0,0.0,10.0,0.1,500000,500000,0,0,0,0,0,0,0.0,0.0,0.0
NEW_RMT_1823_Type3_VFreeze_Unequal5,33,1.0,0.0,10.0,0.2,500000,500000,0,0,0,0,0,0,0.0,0.0,0.0
NEW_RMT_1823_Type3_VFreeze_Unequal5,33,1.0,0.0,10.0,0.3,500000,500000,0,0,0,0,0,0,0.0,0.0,0.0
NEW_RMT_1823_Type3_VFreeze_Unequal5,33,1.0,0.0,10.0,0.4,500000,499562,0,0,0,0,0,0,0.0,0.0,0.0
NEW_RMT_1823_Type3_VFreeze_Unequal5,33,1.0,0.0,10.0,0.5,500000,495492,0,0,0,0,0,0,0.0,0.0,0.0
NEW_RMT_1823_Type3_VFreeze_Unequal5,33,1.0,0.0,10.0,0.58,500000,486045,0,0,0,0,0,0,0.0,0.0,0.0
NEW_RMT_1823_Type3_VFreeze_Unequal5,33,1.0,0.0,10.0,0.6,500000,482662,0,0,0,0,0,0,0.0,0.0,0.0
NEW_RMT_1823_Type3_VFreeze_Unequal5,33,1.0,0.0,10.0,0.7,500000,460928,0,0,0,0,0,0,0.0,0.0,0.0
NEW_RMT_1823_Type3_VFreeze_Unequal5,33,1.0,0.0,10.0,0.8,500000,433280,0,0,0,0,0,0,0.0,0.0,0.0
NEW_RMT_1823_Type3_VFreeze_Unequal5,33,1.0,0.0,10.0,0.9,500000,403439,0,0,0,0,0,0,0.0,0.0,0.0
NEW_RMT_1823_Type3_VFreeze_Unequal5,33,1.0,0.0,10.0,1.0,500000,374064,0,0,0,0,0,0,0.0,0.0,0.0
NEW_RMT_1823_Type3_VFreeze_Unequal5,33,1.0,0.0,10.0,1.1,500000,346492,0,0,0,0,0,0,0.0,0.0,0.0
NEW_RMT_1823_Type3_VFreeze_Unequal5,33,1.0,0.0,10.0,1.2,500000,321234,0,0,0,0,0,0,0.0,0.0,0.0
NEW_RMT_1823_Type3_VFreeze_Unequal5,33,1.0,0.0,10.0,1.3,500000,298617,0,0,0,0,0,0,0.0,0.0,0.0
NEW_RMT_1823_Type3_VFreeze_Unequal5,33,1.0,0.0,10.0,1.4,500000,278542,0,0,0,0,0,0,0.0,0.0,0.0
NEW_RMT_1823_Type3_VFreeze_Unequal5,33,1.0,0.0,10.0,1.5,500000,260816,0,0,0,0,0,0,0.0,0.0,0.0
NEW_RMT_1823_Type3_VFreeze_Unequal5,33,1.0,0.0,10.0,1.6,500000,245068,0,0,0,0,0,0,0.0,0.0,0.0
NEW_RMT_1823_Type3_VFreeze_Unequal5,33,1.0,0.0,10.0,1.8,500000,219021,0,0,0,0,0,0,0.0,0.0,0.0
NEW_RMT_1823_Type3_VFreeze_Unequal5,33,1.0,0.0,10.0,2.0,500000,198141,0,0,0,0,0,0,0.0,0.0,0.0
NEW_RMT_1823_Type3_VFreeze_Unequal5,33,1.0,0.0,10.0,2.2,500000,181037,0,0,0,0,0,0,0.0,0.0,0.0
NEW_RMT_1823_Type3_VFreeze_Unequal5,33,1.0,0.0,10.0,2.4,500000,166960,0,0,0,0,0,0,0.0,0.0,0.0
NEW_RMT_1823_Type3_VFreeze_Unequal5,33,1.0,0.0,10.0,2.6,500000,155337,0,0,0,0,1,0,0.0,0.0,0.0
NEW_RMT_1823_Type3_VFreeze_Unequal5,33,1.0,0.0,10.0,2.8,500000,145463,0,0,0,0,3,0,0.0,0.0,0.0
NEW_RMT_1823_Type3_VFreeze_Unequal5,33,1.0,0.0,10.0,3.0,500000,137181,0,0,0,0,5,0,0.0,0.0,0.0
NEW_RMT_1823_Type3_VFreeze_Unequal5,33,1.0,0.0,10.0,3.2,500000,130047,0,0,0,0,9,0,0.0,0.0,0.0
NEW_RMT_1823_Type3_VFreeze_Unequal5,33,1.0,0.0,10.0,3.4,500000,123759,0,0,0,0,12,0,0.0,0.0,0.0
NEW_RMT_1823_Type3_VFreeze_Unequal5,33,1.0,0.0,10.0,3.6,500000,118333,0,0,0,0,22,0,0.0,0.0,0.0
NEW_RMT_1823_Type3_VFreeze_Unequal5,33,1.0,0.0,10.0,3.8,500000,113543,0,0,0,0,33,0,0.0,0.0,0.0
NEW_RMT_1823_Type3_VFreeze_Unequal5,33,1.0,0.0,10.0,4.0,500000,109120,0,0,0,0,48,0,0.0,0.0,0.0
NEW_RMT_1823_Type3_VFreeze_Unequal5,33,1.0,0.0,10.0,4.5,500000,99915,0,0,0,0,100,0,0.0,0.0,0.0
NEW_RMT_1823_Type3_VFreeze_Unequal5,33,1.0,0.0,10.0,5.0,500000,92591,0,0,0,0,157,0,0.0,0.0,0.0
NEW_RMT_1823_Type3_VFreeze_Unequal5,33,1.0,0.0,10.0,5.5,500000,86521,0,0,0,0,237,0,0.0,0.0,0.0
NEW_RMT_1823_Type3_VFreeze_Unequal5,33,1.0,0.0,10.0,6.0,500000,81401,0,0,0,0,339,0,0.0,0.0,0.0
NEW_RMT_1823_Type3_VFreeze_Unequal5,33,1.0,0.0,10.0,7.0,500000,73173,0,0,0,0,534,0,0.0,0.0,0.0
NEW_RMT_1823_Type3_VFreeze_Unequal5,33,1.0,0.0,10.0,8.0,500000,66833,0,0,0,0,727,0,0.0,0.0,0.0
NEW_RMT_1823_Type3_VFreeze_Unequal5,33,1.0,0.0,10.0,9.0,500000,61663,0,0,0,0,890,0,0.0,0.0,0.0
NEW_RMT_1823_Type3_VFreeze_Unequal5,33,1.0,0.0,10.0,10.0,500000,57346,0,0,0,0,1051,0,0.0,0.0,0.0
NEW_RMT_1823_Type3_VFreeze_Unequal6,34,10.0,0.0,1.0,0.1,500000,500000,0,0,0,0,0,0,0.0,0.0,0.0
NEW_RMT_1823_Type3_VFreeze_Unequal6,34,10.0,0.0,1.0,0.2,500000,500000,0,0,0,0,0,0,0.0,0.0,0.0
NEW_RMT_1823_Type3_VFreeze_Unequal6,34,10.0,0.0,1.0,0.3,500000,500000,0,0,0,0,0,0,0.0,0.0,0.0
NEW_RMT_1823_Type3_VFreeze_Unequal6,34,10.0,0.0,1.0,0.4,500000,499562,0,0,0,0,0,0,0.0,0.0,0.0
NEW_RMT_1823_Type3_VFreeze_Unequal6,34,10.0,0.0,1.0,0.5,500000,495492,16,16,16,0,0,0,0.0032,0.0032,0.0032
NEW_RMT_1823_Type3_VFreeze_Unequal6,34,10.0,0.0,1.0,0.58,500000,486045,87,87,87,0,0,0,0.0174,0.0174,0.0174
NEW_RMT_1823_Type3_VFreeze_Unequal6,34,10.0,0.0,1.0,0.6,500000,482662,116,116,116,0,0,0,0.0232,0.0232,0.0232
NEW_RMT_1823_Type3_VFreeze_Unequal6,34,10.0,0.0,1.0,0.7,500000,460928,378,378,378,0,0,0,0.0756,0.0756,0.0756
NEW_RMT_1823_Type3_VFreeze_Unequal6,34,10.0,0.0,1.0,0.8,500000,433280,836,836,836,0,0,0,0.1672,0.1672,0.1672
NEW_RMT_1823_Type3_VFreeze_Unequal6,34,10.0,0.0,1.0,0.9,500000,403439,1576,1576,1576,0,0,0,0.3152,0.3152,0.3152
NEW_RMT_1823_Type3_VFreeze_Unequal6,34,10.0,0.0,1.0,1.0,500000,374064,2430,2430,2430,0,0,0,0.486,0.486,0.486
NEW_RMT_1823_Type3_VFreeze_Unequal6,34,10.0,0.0,1.0,1.1,500000,346492,3537,3537,3537,0,0,0,0.7074,0.7074,0.7074
NEW_RMT_1823_Type3_VFreeze_Unequal6,34,10.0,0.0,1.0,1.2,500000,321234,4670,4670,4670,0,0,0,0.934,0.934,0.934
NEW_RMT_1823_Type3_VFreeze_Unequal6,34,10.0,0.0,1.0,1.3,500000,298617,5822,5822,5822,0,0,0,1.1644,1.1644,1.1644
NEW_RMT_1823_Type3_VFreeze_Unequal6,34,10.0,0.0,1.0,1.4,500000,278542,6918,6918,6918,0,0,0,1.3836,1.3836,1.3836
NEW_RMT_1823_Type3_VFreeze_Unequal6,34,10.0,0.0,1.0,1.5,500000,260816,8137,8137,8137,0,0,0,1.6274,1.6274,1.6274
NEW_RMT_1823_Type3_VFreeze_Unequal6,34,10.0,0.0,1.0,1.6,500000,245068,9152,9152,9152,0,0,0,1.8304,1.8304,1.8304
NEW_RMT_1823_Type3_VFreeze_Unequal6,34,10.0,0.0,1.0,1.8,500000,219021,11108,11108,11108,0,0,0,2.2216,2.2216,2.2216
NEW_RMT_1823_Type3_VFreeze_Unequal6,34,10.0,0.0,1.0,2.0,500000,198141,12894,12894,12894,0,0,0,2.5788,2.5788,2.5788
NEW_RMT_1823_Type3_VFreeze_Unequal6,34,10.0,0.0,1.0,2.2,500000,181037,14234,14234,14234,0,0,0,2.8468,2.8468,2.8468
NEW_RMT_1823_Type3_VFreeze_Unequal6,34,10.0,0.0,1.0,2.4,500000,166960,15313,15313,15313,0,0,0,3.0626,3.0626,3.0626
NEW_RMT_1823_Type3_VFreeze_Unequal6,34,10.0,0.0,1.0,2.6,500000,155337,16389,16389,16389,0,0,0,3.2778,3.2778,3.2778
NEW_RMT_1823_Type3_VFreeze_Unequal6,34,10.0,0.0,1.0,2.8,500000,145463,17135,17135,17135,0,0,0,3.427,3.427,3.427
NEW_RMT_1823_Type3_VFreeze_Unequal6,34,10.0,0.0,1.0,3.0,500000,137181,17697,17697,17697,0,0,0,3.5394,3.5394,3.5394
NEW_RMT_1823_Type3_VFreeze_Unequal6,34,10.0,0.0,1.0,3.2,500000,130047,18158,18158,18158,0,0,0,3.6316,3.6316,3.6316
NEW_RMT_1823_Type3_VFreeze_Unequal6,34,10.0,0.0,1.0,3.4,500000,123759,18505,18505,18505,0,0,0,3.701,3.701,3.701
NEW_RMT_1823_Type3_VFreeze_Unequal6,34,10.0,0.0,1.0,3.6,500000,118333,18885,18885,18885,0,0,0,3.777,3.777,3.777
NEW_RMT_1823_Type3_VFreeze_Unequal6,34,10.0,0.0,1.0,3.8,500000,113543,19119,19119,19119,0,0,0,3.8238,3.8238,3.8238
NEW_RMT_1823_Type3_VFreeze_Unequal6,34,10.0,0.0,1.0,4.0,500000,109120,19128,19128,19128,0,0,0,3.8256,3.8256,3.8256
NEW_RMT_1823_Type3_VFreeze_Unequal6,34,10.0,0.0,1.0,4.5,500000,99915,19380,19380,19380,0,0,0,3.876,3.876,3.876
NEW_RMT_1823_Type3_VFreeze_Unequal6,34,10.0,0.0,1.0,5.0,500000,92591,19436,19436,19436,0,0,0,3.8872,3.8872,3.8872
NEW_RMT_1823_Type3_VFreeze_Unequal6,34,10.0,0.0,1.0,5.5,500000,86521,19139,19139,19139,0,0,0,3.8278,3.8278,3.8278
NEW_RMT_1823_Type3_VFreeze_Unequal6,34,10.0,0.0,1.0,6.0,500000,81401,18878,18878,18874,4,0,0,3.7756,3.7756,3.7748
NEW_RMT_1823_Type3_VFreeze_Unequal6,34,10.0,0.0,1.0,7.0,500000,73173,18030,18030,18014,16,0,0,3.606,3.606,3.6028
NEW_RMT_1823_Type3_VFreeze_Unequal6,34,10.0,0.0,1.0,8.0,500000,66833,17231,17231,17175,56,0,0,3.4462,3.4462,3.435
NEW_RMT_1823_Type3_VFreeze_Unequal6,34,10.0,0.0,1.0,9.0,500000,61663,16375,16375,16251,124,0,0,3.275,3.275,3.2502
NEW_RMT_1823_Type3_VFreeze_Unequal6,34,10.0,0.0,1.0,10.0,500000,57346,15590,15590,15371,219,0,0,3.118,3.118,3.0742
