ID,Intracellular Robustness,Extracellular Robustness,Topological Robustness,Total Robustness
1,0,0,0,0
2,0,0,0,0
3,0,0,0,0
4,0,0,0,0
5,0,0,0,0
6,0,0,0,0
7,0,0,0,0
8,0,0,0,0
9,0,0,0,0
10,0,0,0,0
11,0,0,0,0
12,0.000457247,0.142857143,0.666666667,4.35E-05
13,0.001828989,0.142857143,0.6,0.00015677
14,0,0,0,0
15,0,0,0,0
16,0,0,0,0
17,0,0,0,0
18,0,0,0,0
19,0,0,0,0
20,0,0,0,0
21,0,0,0,0
22,0,0,0,0
23,0,0,0,0
24,0,0,0,0
25,0,0,0,0
26,0,0,0,0
27,0,0,0,0
28,0,0,0,0
29,0,0,0,0
30,0,0,0,0
31,0,0,0,0
32,0,0,0,0
33,0,0,0,0
34,0,0,0,0
35,0,0,0,0
36,0,0,0,0
37,0,0,0,0
38,0,0,0,0
39,0,0,0,0
40,0,0,0,0
41,0,0,0,0
42,0.000914495,0.142857143,0.666666667,8.71E-05
43,0.001371742,0.142857143,0.533333333,0.000104514
44,0,0,0,0
45,0.001371742,0.142857143,0.6,0.000117578
46,0.000457247,0.142857143,0.6,3.92E-05
47,0,0,0,0
48,0.000914495,0.142857143,0.6,7.84E-05
49,0.000457247,0.142857143,0.6,3.92E-05
50,0,0,0,0
51,0,0,0,0
52,0,0,0,0
53,0,0,0,0
54,0,0,0,0
55,0,0,0,0
56,0,0,0,0
57,0,0,0,0
58,0,0,0,0
59,0.004115226,0.317460317,0.714285714,0.000933158
60,0,0,0,0
61,0.004115226,0.26984127,0.714285714,0.000793184
62,0.003200732,0.326530612,0.714285714,0.000746526
63,0,0,0,0
64,0.003657979,0.267857143,0.714285714,0.000699868
65,0,0,0,0
66,0,0,0,0
67,0,0,0,0
68,0,0,0,0
69,0,0,0,0
70,0,0,0,0
71,0,0,0,0
72,0,0,0,0
73,0,0,0,0
74,0,0,0,0
75,0,0,0,0
76,0.003657979,0.232142857,0.714285714,0.000606553
77,0.003200732,0.244897959,0.714285714,0.000559895
78,0,0,0,0
79,0.003200732,0.265306122,0.714285714,0.000606553
80,0.002743484,0.238095238,0.714285714,0.000466579
81,0,0,0,0
82,0,0,0,0
83,0,0,0,0
84,0.006401463,0.255102041,0.666666667,0.001088684
85,0.005944216,0.307692308,0.666666667,0.001219326
86,0,0,0,0
87,0,0,0,0
88,0,0,0,0
89,0,0,0,0
90,0,0,0,0
91,0,0,0,0
92,0,0,0,0
93,0,0,0,0
94,0,0,0,0
95,0,0,0,0
96,0,0,0,0
97,0,0,0,0
98,0,0,0,0
99,0,0,0,0
100,0,0,0,0
101,0,0,0,0
102,0,0,0,0
103,0,0,0,0
104,0,0,0,0
105,0,0,0,0
106,0,0,0,0
107,0,0,0,0
108,0,0,0,0
109,0,0,0,0
110,0,0,0,0
111,0.003657979,0.321428571,0.666666667,0.000783853
112,0.002743484,0.238095238,0.666666667,0.000435474
113,0,0,0,0
114,0,0,0,0
115,0,0,0,0
116,0,0,0,0
117,0.004572474,0.314285714,0.666666667,0.000958042
118,0.005029721,0.324675325,0.666666667,0.001088684
119,0,0,0,0
120,0,0,0,0
121,0,0,0,0
122,0,0,0,0
123,0.004115226,0.317460317,0.666666667,0.000870947
124,0.005486968,0.25,0.666666667,0.000914495
125,0,0,0,0
126,0,0,0,0
127,0,0,0,0
128,0,0,0,0
129,0,0,0,0
130,0,0,0,0
131,0,0,0,0
132,0,0,0,0
133,0,0,0,0
134,0,0,0,0
135,0.001981405,0.362637363,0.714285714,0.000513237
136,0,0,0,0
137,0.001981405,0.274725275,0.714285714,0.000388816
138,0.001371742,0.317460317,0.714285714,0.000311053
139,0,0,0,0
140,0.001219326,0.25,0.714285714,0.000217737
141,0.004420058,0.24137931,0.857142857,0.000914495
142,0,0,0,0
143,0.003353147,0.324675325,0.857142857,0.000933158
144,0.003048316,0.271428571,0.857142857,0.0007092
145,0,0,0,0
146,0.003505563,0.291925466,0.857142857,0.000877168
147,0,0,0,0
148,0,0,0,0
149,0,0,0,0
150,0,0,0,0
151,0,0,0,0
152,0,0,0,0
153,0,0,0,0
154,0,0,0,0
155,0,0,0,0
156,0,0,0,0
157,0.001828989,0.238095238,0.714285714,0.000311053
158,0.000304832,0.142857143,0.75,3.27E-05
159,0,0,0,0
160,0,0,0,0
161,0,0,0,0
162,0.006706295,0.227272727,0.714285714,0.001088684
163,0.000762079,0.228571429,0.714285714,0.000124421
164,0.000457247,0.19047619,0.714285714,6.22E-05
165,0.003200732,0.278911565,0.714285714,0.000637658
166,0.001219326,0.160714286,0.75,0.000146972
167,0,0,0,0
168,0.001524158,0.257142857,0.714285714,0.000279947
169,0.001371742,0.238095238,0.714285714,0.000233289
170,0,0,0,0
171,0.001371742,0.301587302,0.714285714,0.0002955
172,0.001219326,0.25,0.714285714,0.000217737
173,0,0,0,0
174,0.010211858,0.223880597,0.857142857,0.001959632
175,0.0028959,0.293233083,0.857142857,0.000727863
176,0,0,0,0
177,0.005486968,0.265873016,0.857142857,0.001250431
178,0.003962811,0.203296703,0.857142857,0.000690537
179,0,0,0,0
180,0,0,0,0
181,0,0,0,0
182,0,0,0,0
183,0,0,0,0
184,0.001524158,0.3,0.666666667,0.000304832
185,0.000914495,0.214285714,0.666666667,0.000130642
186,0,0,0,0
187,0.005334553,0.253061224,0.8,0.001079975
188,0.005486968,0.321428571,0.733333333,0.001293357
189,0,0,0,0
190,0,0,0,0
191,0,0,0,0
192,0,0,0,0
193,0,0,0,0
194,0,0,0,0
195,0,0,0,0
196,0,0,0,0
197,0,0,0,0
198,0,0,0,0
199,0,0,0,0
200,0,0,0,0
201,0.007163542,0.191489362,0.733333333,0.001005944
202,0.000609663,0.142857143,0.666666667,5.81E-05
203,0.000457247,0.142857143,0.533333333,3.48E-05
204,0,0,0,0
205,0,0,0,0
206,0,0,0,0
207,0.001066911,0.285714286,0.666666667,0.000203221
208,0,0,0,0
209,0,0,0,0
210,0,0,0,0
211,0,0,0,0
212,0,0,0,0
213,0,0,0,0
214,0,0,0,0
215,0,0,0,0
216,0,0,0,0
217,0,0,0,0
218,0,0,0,0
219,0,0,0,0
220,0,0,0,0
221,0,0,0,0
222,0,0,0,0
223,0,0,0,0
224,0,0,0,0
225,0,0,0,0
226,0.001981405,0.32967033,0.666666667,0.000435474
227,0.001524158,0.2,0.666666667,0.000203221
228,0,0,0,0
229,0,0,0,0
230,0,0,0,0
231,0.002286237,0.2,0.733333333,0.000335315
232,0,0,0,0
233,0,0,0,0
234,0,0,0,0
235,0,0,0,0
236,0,0,0,0
237,0.008840116,0.221674877,0.733333333,0.001437063
238,0,0,0,0
239,0,0,0,0
240,0.001524158,0.285714286,0.8,0.000348379
241,0,0,0,0
242,0,0,0,0
243,0,0,0,0
244,0.001524158,0.328571429,0.8,0.000400636
245,0.001524158,0.242857143,0.733333333,0.000271445
246,0.004267642,0.265306122,0.8,0.000905785
247,0,0,0,0
248,0.000304832,0.142857143,0.6,2.61E-05
249,0,0,0,0
250,0.001524158,0.285714286,0.666666667,0.000290316
251,0.001371742,0.301587302,0.666666667,0.0002758
252,0,0,0,0
253,0,0,0,0
254,0,0,0,0
255,0,0,0,0
256,0.001524158,0.328571429,0.666666667,0.000333863
257,0.001676574,0.220779221,0.666666667,0.000246768
258,0,0,0,0
259,0,0,0,0
260,0,0,0,0
261,0.000304832,0.142857143,0.666666667,2.90E-05
262,0.004572474,0.233333333,0.733333333,0.000782401
263,0.004572474,0.366666667,0.666666667,0.001117716
264,0.012498095,0.214285714,0.733333333,0.001963986
265,0.000609663,0.142857143,0.666666667,5.81E-05
266,0.000152416,0.142857143,0.533333333,1.16E-05
267,0.000457247,0.19047619,0.733333333,6.39E-05
268,0.004572474,0.252380952,0.733333333,0.000846271
269,0.005486968,0.30952381,0.733333333,0.001245455
270,0.003810395,0.285714286,0.666666667,0.00072579
271,0,0,0,0
272,0,0,0,0
273,0,0,0,0
274,0,0,0,0
275,0,0,0,0
276,0,0,0,0
277,0,0,0,0
278,0,0,0,0
279,0,0,0,0
280,0.003048316,0.314285714,0.666666667,0.000638695
281,0.002743484,0.23015873,0.666666667,0.000420958
282,0.000304832,0.142857143,0.733333333,3.19E-05
283,0.004724889,0.258064516,0.8,0.000975461
284,0.005486968,0.337301587,0.666666667,0.001233842
285,0,0,0,0
286,0,0,0,0
287,0,0,0,0
288,0,0,0,0
289,0,0,0,0
290,0,0,0,0
291,0,0,0,0
292,0,0,0,0
293,0,0,0,0
294,0,0,0,0
295,0,0,0,0
296,0,0,0,0
297,0.002743484,0.166666667,0.733333333,0.000335315
298,0,0,0,0
299,0,0,0,0
300,0.001066911,0.224489796,0.8,0.000191609
301,0.000304832,0.142857143,0.6,2.61E-05
302,0,0,0,0
303,0,0,0,0
304,0,0,0,0
305,0,0,0,0
306,0,0,0,0
307,0,0,0,0
308,0,0,0,0
309,0,0,0,0
310,0,0,0,0
311,0,0,0,0
312,0,0,0,0
313,0,0,0,0
314,0,0,0,0
315,0,0,0,0
316,0,0,0,0
317,0,0,0,0
318,0,0,0,0
319,0,0,0,0
320,0,0,0,0
321,0,0,0,0
322,0,0,0,0
323,0,0,0,0
324,0,0,0,0
325,0.000914495,0.214285714,0.666666667,0.000130642
326,0.001219326,0.303571429,0.666666667,0.000246768
327,0,0,0,0
328,0,0,0,0
329,0,0,0,0
330,0.001219326,0.25,0.8,0.000243865
331,0,0,0,0
332,0,0,0,0
333,0.006706295,0.227272727,0.8,0.001219326
334,0,0,0,0
335,0,0,0,0
336,0.000304832,0.214285714,0.733333333,4.79E-05
337,0,0,0,0
338,0,0,0,0
339,0.002743484,0.285714286,0.733333333,0.000574825
340,0,0,0,0
341,0,0,0,0
342,0.000304832,0.142857143,0.666666667,2.90E-05
343,0.001981405,0.21978022,0.733333333,0.000319347
344,0.003353147,0.324675325,0.666666667,0.000725789
345,0,0,0,0
346,0.002438653,0.303571429,0.666666667,0.000493537
347,0.001828989,0.321428571,0.666666667,0.000391926
348,0,0,0,0
349,0.002286237,0.247619048,0.666666667,0.000377411
350,0.001524158,0.314285714,0.666666667,0.000319347
351,0,0,0,0
352,0,0,0,0
353,0,0,0,0
354,0,0,0,0
355,0,0,0,0
356,0,0,0,0
357,0.000609663,0.142857143,0.733333333,6.39E-05
358,0.003810395,0.268571429,0.733333333,0.000750466
359,0.003810395,0.365714286,0.666666667,0.000929011
360,0.001219326,0.142857143,0.666666667,0.000116126
361,0.003657979,0.255952381,0.733333333,0.000686597
362,0.003962811,0.32967033,0.666666667,0.000870947
363,0.009144947,0.20952381,0.733333333,0.001405128
364,0,0,0,0
365,0,0,0,0
366,0.003657979,0.255952381,0.8,0.000749015
367,0,0,0,0
368,0,0,0,0
369,0,0,0,0
370,0,0,0,0
371,0,0,0,0
372,0,0,0,0
373,0,0,0,0
374,0,0,0,0
375,0,0,0,0
376,0,0,0,0
377,0,0,0,0
378,0,0,0,0
379,0,0,0,0
380,0,0,0,0
381,0.001371742,0.285714286,0.714285714,0.000279947
382,0.001371742,0.317460317,0.714285714,0.000311053
383,0,0,0,0
384,0.001066911,0.244897959,0.714285714,0.000186632
385,0.001066911,0.224489796,0.714285714,0.000171079
386,0,0,0,0
387,0,0,0,0
388,0.001524158,0.3,0.714285714,0.000326605
389,0.001371742,0.19047619,0.714285714,0.000186632
390,0,0,0,0
391,0.001524158,0.257142857,0.714285714,0.000279947
392,0.001066911,0.204081633,0.714285714,0.000155526
393,0.006249047,0.264808362,0.857142857,0.0014184
394,0.002743484,0.246031746,0.714285714,0.000482132
395,0,0,0,0
396,0.003962811,0.318681319,0.857142857,0.001082463
397,0.003048316,0.285714286,0.714285714,0.000622105
398,0,0,0,0
399,0,0,0,0
400,0.002438653,0.267857143,0.714285714,0.000466579
401,0.002438653,0.339285714,0.714285714,0.000591
402,0,0,0,0
403,0.002286237,0.247619048,0.714285714,0.000404368
404,0.001981405,0.32967033,0.714285714,0.000466579
405,0,0,0,0
406,0,0,0,0
407,0,0,0,0
408,0,0,0,0
409,0,0,0,0
410,0,0,0,0
411,0,0,0,0
412,0,0,0,0
413,0,0,0,0
414,0,0,0,0
415,0,0,0,0
416,0,0,0,0
417,0,0,0,0
418,0,0,0,0
419,0,0,0,0
420,0,0,0,0
421,0,0,0,0
422,0,0,0,0
423,0,0,0,0
424,0,0,0,0
425,0,0,0,0
426,0.003353147,0.24025974,0.714285714,0.000575447
427,0,0,0,0
428,0,0,0,0
429,0.008230453,0.227513228,0.714285714,0.001337526
430,0,0,0,0
431,0,0,0,0
432,0.001219326,0.267857143,0.714285714,0.000233289
433,0,0,0,0
434,0,0,0,0
435,0.003353147,0.279220779,0.714285714,0.000668763
436,0,0,0,0
437,0,0,0,0
438,0,0,0,0
439,0,0,0,0
440,0,0,0,0
441,0,0,0,0
442,0.001219326,0.232142857,0.714285714,0.000202184
443,0.001371742,0.19047619,0.714285714,0.000186632
444,0,0,0,0
445,0.001524158,0.257142857,0.714285714,0.000279947
446,0.001524158,0.271428571,0.714285714,0.0002955
447,0.001524158,0.271428571,0.714285714,0.0002955
448,0.001371742,0.253968254,0.714285714,0.000248842
449,0,0,0,0
450,0.001981405,0.263736264,0.714285714,0.000373263
451,0.001676574,0.246753247,0.714285714,0.0002955
452,0,0,0,0
453,0,0,0,0
454,0.001828989,0.261904762,0.714285714,0.000342158
455,0.002286237,0.257142857,0.714285714,0.000419921
456,0,0,0,0
457,0.001371742,0.253968254,0.714285714,0.000248842
458,0.001676574,0.272727273,0.714285714,0.000326605
459,0.01341259,0.243506494,0.857142857,0.002799474
460,0.001981405,0.252747253,0.714285714,0.00035771
461,0,0,0,0
462,0.006096632,0.264285714,0.857142857,0.001381074
463,0.002286237,0.295238095,0.714285714,0.000482132
464,0,0,0,0
465,0,0,0,0
466,0,0,0,0
467,0,0,0,0
468,0,0,0,0
469,0,0,0,0
470,0,0,0,0
471,0,0,0,0
472,0,0,0,0
473,0,0,0,0
474,0.000457247,0.142857143,0.666666667,4.35E-05
475,0.001066911,0.163265306,0.6,0.000104514
476,0,0,0,0
477,0,0,0,0
478,0,0,0,0
479,0,0,0,0
480,0.000457247,0.142857143,0.666666667,4.35E-05
481,0,0,0,0
482,0.000609663,0.142857143,0.666666667,5.81E-05
483,0,0,0,0
484,0,0,0,0
485,0,0,0,0
486,0,0,0,0
487,0,0,0,0
488,0,0,0,0
489,0,0,0,0
490,0,0,0,0
491,0,0,0,0
492,0.001676574,0.142857143,0.8,0.000191608
493,0.000762079,0.142857143,0.666666667,7.26E-05
494,0.000304832,0.142857143,0.666666667,2.90E-05
495,0,0,0,0
496,0,0,0,0
497,0,0,0,0
498,0,0,0,0
499,0,0,0,0
500,0,0,0,0
501,0,0,0,0
502,0,0,0,0
503,0,0,0,0
504,0,0,0,0
505,0,0,0,0
506,0,0,0,0
507,0,0,0,0
508,0,0,0,0
509,0,0,0,0
510,0,0,0,0
511,0,0,0,0
512,0,0,0,0
513,0,0,0,0
514,0,0,0,0
515,0,0,0,0
516,0,0,0,0
517,0,0,0,0
518,0,0,0,0
519,0,0,0,0
520,0,0,0,0
521,0,0,0,0
522,0.000304832,0.142857143,0.666666667,2.90E-05
523,0.000609663,0.142857143,0.666666667,5.81E-05
524,0,0,0,0
525,0.000762079,0.171428571,0.6,7.84E-05
526,0.000609663,0.214285714,0.666666667,8.71E-05
527,0,0,0,0
528,0,0,0,0
529,0,0,0,0
530,0,0,0,0
531,0,0,0,0
532,0,0,0,0
533,0,0,0,0
534,0.000609663,0.142857143,0.666666667,5.81E-05
535,0.000304832,0.142857143,0.6,2.61E-05
536,0,0,0,0
537,0.000762079,0.171428571,0.666666667,8.71E-05
538,0,0,0,0
539,0.001219326,0.142857143,0.666666667,0.000116126
540,0.000762079,0.171428571,0.666666667,8.71E-05
541,0,0,0,0
542,0.001066911,0.163265306,0.666666667,0.000116126
543,0,0,0,0
544,0,0,0,0
545,0,0,0,0
546,0.000304832,0.142857143,0.6,2.61E-05
547,0,0,0,0
548,0.000152416,0.142857143,0.666666667,1.45E-05
549,0.000914495,0.142857143,0.8,0.000104514
550,0.000914495,0.142857143,0.6,7.84E-05
551,0.000609663,0.142857143,0.666666667,5.81E-05
552,0.001371742,0.142857143,0.8,0.000156771
553,0.000304832,0.142857143,0.666666667,2.90E-05
554,0.000304832,0.142857143,0.666666667,2.90E-05
555,0,0,0,0
556,0,0,0,0
557,0,0,0,0
558,0.001676574,0.142857143,0.8,0.000191608
559,0.000152416,0.142857143,0.666666667,1.45E-05
560,0.000609663,0.142857143,0.666666667,5.81E-05
561,0,0,0,0
562,0,0,0,0
563,0,0,0,0
564,0,0,0,0
565,0,0,0,0
566,0,0,0,0
567,0.001828989,0.333333333,0.666666667,0.000406442
568,0.002133821,0.285714286,0.666666667,0.000406442
569,0,0,0,0
570,0.006096632,0.275,0.8,0.001341259
571,0.006249047,0.278745645,0.8,0.001393516
572,0,0,0,0
573,0,0,0,0
574,0,0,0,0
575,0,0,0,0
576,0,0,0,0
577,0,0,0,0
578,0,0,0,0
579,0,0,0,0
580,0,0,0,0
581,0,0,0,0
582,0,0,0,0
583,0,0,0,0
584,0,0,0,0
585,0,0,0,0
586,0,0,0,0
587,0,0,0,0
588,0,0,0,0
589,0,0,0,0
590,0,0,0,0
591,0,0,0,0
592,0,0,0,0
593,0,0,0,0
594,0.000609663,0.178571429,0.666666667,7.26E-05
595,0.001828989,0.142857143,0.666666667,0.000174189
596,0,0,0,0
597,0,0,0,0
598,0,0,0,0
599,0,0,0,0
600,0.000914495,0.261904762,0.666666667,0.000159674
601,0.001524158,0.328571429,0.666666667,0.000333863
602,0,0,0,0
603,0,0,0,0
604,0,0,0,0
605,0,0,0,0
606,0,0,0,0
607,0,0,0,0
608,0,0,0,0
609,0,0,0,0
610,0,0,0,0
611,0,0,0,0
612,0,0,0,0
613,0,0,0,0
614,0,0,0,0
615,0.000762079,0.142857143,0.666666667,7.26E-05
616,0.000762079,0.171428571,0.666666667,8.71E-05
617,0,0,0,0
618,0.001828989,0.214285714,0.8,0.000313541
619,0.001981405,0.307692308,0.8,0.00048773
620,0,0,0,0
621,0,0,0,0
622,0,0,0,0
623,0,0,0,0
624,0.000914495,0.19047619,0.666666667,0.000116126
625,0.000609663,0.178571429,0.666666667,7.26E-05
626,0,0,0,0
627,0,0,0,0
628,0,0,0,0
629,0,0,0,0
630,0,0,0,0
631,0,0,0,0
632,0,0,0,0
633,0,0,0,0
634,0,0,0,0
635,0,0,0,0
636,0.002438653,0.241071429,0.666666667,0.000391926
637,0.001828989,0.297619048,0.666666667,0.000362895
638,0,0,0,0
639,0,0,0,0
640,0,0,0,0
641,0,0,0,0
642,0.001066911,0.285714286,0.666666667,0.000203221
643,0.001066911,0.326530612,0.666666667,0.000232253
644,0,0,0,0
645,0,0,0,0
646,0,0,0,0
647,0,0,0,0
648,0.003048316,0.228571429,0.8,0.000557406
649,0.002743484,0.261904762,0.8,0.000574825
650,0,0,0,0
651,0.001219326,0.160714286,0.666666667,0.000130642
652,0.000457247,0.285714286,0.666666667,8.71E-05
653,0,0,0,0
654,0.003810395,0.314285714,0.8,0.000958042
655,0.003048316,0.307142857,0.8,0.000749015
656,0,0,0,0
657,0,0,0,0
658,0,0,0,0
659,0,0,0,0
660,0,0,0,0
661,0,0,0,0
662,0,0,0,0
663,0.001371742,0.238095238,0.6875,0.000224541
664,0.001981405,0.340659341,0.6875,0.000464052
665,0.002743484,0.285714286,0.875,0.000685871
666,0.001219326,0.25,0.6875,0.000209572
667,0,0,0,0
668,0.001219326,0.232142857,0.6875,0.000194602
669,0,0,0,0
670,0.007163542,0.273556231,0.75,0.001469724
671,0.00762079,0.28,0.75,0.001600366
672,0.010364274,0.260504202,0.75,0.002024953
673,0,0,0,0
674,0.009907026,0.283516484,0.75,0.002106604
675,0,0,0,0
676,0,0,0,0
677,0,0,0,0
678,0,0,0,0
679,0.000914495,0.238095238,0.6875,0.000149694
680,0.000914495,0.30952381,0.6875,0.000194602
681,0,0,0,0
682,0,0,0,0
683,0,0,0,0
684,0,0,0,0
685,0,0,0,0
686,0,0,0,0
687,0.007925621,0.307692308,0.75,0.001828989
688,0,0,0,0
689,0.007163542,0.26443769,0.75,0.001420733
690,0,0,0,0
691,0,0,0,0
692,0,0,0,0
693,0,0,0,0
694,0,0,0,0
695,0,0,0,0
696,0,0,0,0
697,0.002133821,0.346938776,0.6875,0.00050896
698,0.002133821,0.244897959,0.6875,0.000359266
699,0,0,0,0
700,0,0,0,0
701,0,0,0,0
702,0.001981405,0.32967033,0.6875,0.000449082
703,0,0,0,0
704,0.002286237,0.257142857,0.6875,0.000404174
705,0,0,0,0
706,0,0,0,0
707,0,0,0,0
708,0,0,0,0
709,0.005182137,0.298319328,0.75,0.001159449
710,0.0057918,0.281954887,0.75,0.00122477
711,0,0,0,0
712,0.000762079,0.285714286,0.6875,0.000149694
713,0.000762079,0.228571429,0.6875,0.000119755
714,0,0,0,0
715,0,0,0,0
716,0,0,0,0
717,0.005944216,0.274725275,0.75,0.00122477
718,0,0,0,0
719,0.005486968,0.253968254,0.75,0.001045137
720,0.001981405,0.318681319,0.6875,0.000434113
721,0.001828989,0.30952381,0.6875,0.000389205
722,0.0028959,0.270676692,0.875,0.000685871
723,0,0,0,0
724,0.006096632,0.271428571,0.75,0.0012411
725,0.004877305,0.276785714,0.75,0.001012476
726,0,0,0,0
727,0,0,0,0
728,0,0,0,0
729,0,0,0,0
730,0,0,0,0
731,0,0,0,0
732,0.001371742,0.238095238,0.6875,0.000224541
733,0,0,0,0
734,0.001219326,0.232142857,0.6875,0.000194602
735,0.001828989,0.25,0.6875,0.000314357
736,0.001676574,0.246753247,0.6875,0.000284419
737,0.004877305,0.285714286,0.875,0.001219326
738,0,0,0,0
739,0,0,0,0
740,0,0,0,0
741,0,0,0,0
742,0.007163542,0.300911854,0.75,0.001616696
743,0.007163542,0.276595745,0.75,0.001486054
744,0.0028959,0.30075188,0.6875,0.000598776
745,0.002743484,0.253968254,0.6875,0.000479021
746,0.006096632,0.325,0.875,0.00173373
747,0.001981405,0.21978022,0.6875,0.000299388
748,0,0,0,0
749,0.001828989,0.25,0.6875,0.000314357
750,0,0,0,0
751,0.001828989,0.261904762,0.6875,0.000329327
752,0.001371742,0.253968254,0.6875,0.000239511
753,0.006401463,0.292517007,0.75,0.001404403
754,0,0,0,0
755,0.007011126,0.248447205,0.75,0.001306421
756,0,0,0,0
757,0,0,0,0
758,0,0,0,0
759,0,0,0,0
760,0,0,0,0
761,0,0,0,0
762,0,0,0,0
763,0,0,0,0
764,0,0,0,0
765,0.000609663,0.273809524,0.714285714,0.000119237
766,0,0,0,0
767,0.000609663,0.273809524,0.714285714,0.000119237
768,0,0,0,0
769,0.000457247,0.206349206,0.714285714,6.74E-05
770,0.000457247,0.317460317,0.714285714,0.000103684
771,0.000406442,0.232142857,0.714285714,6.74E-05
772,0,0,0,0
773,0.000406442,0.267857143,0.714285714,7.78E-05
774,0,0,0,0
775,0,0,0,0
776,0,0,0,0
777,0,0,0,0
778,0.000406442,0.214285714,0.714285714,6.22E-05
779,0.000406442,0.303571429,0.714285714,8.81E-05
780,0.001320937,0.225274725,0.857142857,0.000255063
781,0,0,0,0
782,0.001168521,0.229813665,0.857142857,0.000230179
783,0,0,0,0
784,0.004978916,0.195335277,0.857142857,0.000833621
785,0.003403953,0.292110874,0.857142857,0.000852284
786,0.0019306,0.221804511,0.857142857,0.000367042
787,0,0,0,0
788,0.001727379,0.298319328,0.857142857,0.000441695
789,0,0,0,0
790,0,0,0,0
791,0,0,0,0
792,0,0,0,0
793,0.0028959,0.238095238,0.857142857,0.000591
794,0.003657979,0.246031746,0.857142857,0.000771411
795,0,0,0,0
796,0,0,0,0
797,0,0,0,0
798,0,0,0,0
799,0,0,0,0
800,0,0,0,0
801,0.002337042,0.307453416,0.857142857,0.000615884
802,0,0,0,0
803,0.001422547,0.290816327,0.714285714,0.0002955
804,0,0,0,0
805,0,0,0,0
806,0,0,0,0
807,0,0,0,0
808,0,0,0,0
809,0,0,0,0
810,0,0,0,0
811,0.001371742,0.35978836,0.714285714,0.000352526
812,0.001320937,0.274725275,0.714285714,0.000259211
813,0,0,0,0
814,0,0,0,0
815,0,0,0,0
816,0.002641874,0.293956044,0.857142857,0.000665653
817,0,0,0,0
818,0.001016105,0.235714286,0.714285714,0.000171079
819,0,0,0,0
820,0,0,0,0
821,0,0,0,0
822,0,0,0,0
823,0.000863689,0.344537815,0.714285714,0.000212553
824,0.000812884,0.241071429,0.714285714,0.000139974
825,0.000609663,0.261904762,0.714285714,0.000114053
826,0.002845095,0.193877551,0.714285714,0.000394
827,0.000254026,0.142857143,0.857142857,3.11E-05
828,0,0,0,0
829,0,0,0,0
830,0,0,0,0
831,0.003810395,0.23047619,0.857142857,0.000752747
832,5.08E-05,0.142857143,0.5,3.63E-06
833,0.002692679,0.358490566,0.857142857,0.0008274
834,0.002235432,0.211038961,0.714285714,0.000336974
835,0.001473353,0.251231527,0.714285714,0.000264395
836,0.000355637,0.142857143,0.857142857,4.35E-05
837,0.000711274,0.275510204,0.714285714,0.000139974
838,0.004724889,0.215053763,0.714285714,0.000725789
839,0.000203221,0.25,0.857142857,4.35E-05
840,0,0,0,0
841,0.004166032,0.228222997,0.857142857,0.000814958
842,0.001828989,0.297619048,0.857142857,0.000466579
843,0,0,0,0
844,0,0,0,0
845,0,0,0,0
846,0.004623279,0.237048666,0.857142857,0.000939379
847,0,0,0,0
848,0.002438653,0.276785714,0.857142857,0.000578558
849,0.003302342,0.226373626,0.714285714,0.000533974
850,0.002387847,0.270516717,0.714285714,0.000461395
851,0.000508053,0.157142857,0.857142857,6.84E-05
852,0,0,0,0
853,0.002489458,0.265306122,0.857142857,0.000566116
854,0.002235432,0.25974026,0.857142857,0.000497684
855,0,0,0,0
856,0.000508053,0.214285714,0.714285714,7.78E-05
857,0.000508053,0.242857143,0.714285714,8.81E-05
858,0.0009653,0.240601504,0.714285714,0.000165895
859,0,0,0,0
860,0,0,0,0
861,0.000711274,0.285714286,0.714285714,0.000145158
862,0,0,0,0
863,0.000609663,0.273809524,0.714285714,0.000119237
864,0,0,0,0
865,0,0,0,0
866,0,0,0,0
867,0,0,0,0
868,0.000609663,0.30952381,0.714285714,0.000134789
869,0.000660468,0.263736264,0.714285714,0.000124421
870,0.003556368,0.218367347,0.714285714,0.00055471
871,0,0,0,0
872,0,0,0,0
873,0.001371742,0.253968254,0.714285714,0.000248842
874,0,0,0,0
875,0,0,0,0
876,0.000609663,0.297619048,0.714285714,0.000129605
877,0,0,0,0
878,0.000508053,0.285714286,0.714285714,0.000103684
879,0,0,0,0
880,0,0,0,0
881,0,0,0,0
882,0.002946705,0.226600985,0.714285714,0.000476947
883,0,0,0,0
884,0,0,0,0
885,0,0,0,0
886,0.006807905,0.208955224,0.857142857,0.001219326
887,0.002540263,0.268571429,0.857142857,0.000584779
888,0.001473353,0.261083744,0.857142857,0.000329716
889,0.002641874,0.214285714,0.785714286,0.000444805
890,0.000254026,0.2,0.785714286,3.99E-05
891,0.003505563,0.219461698,0.857142857,0.000659432
892,0,0,0,0
893,0.001168521,0.236024845,0.857142857,0.0002364
894,0,0,0,0
895,0,0,0,0
896,0,0,0,0
897,0,0,0,0
898,0.003657979,0.263888889,0.857142857,0.0008274
899,0.002794289,0.244155844,0.857142857,0.000584779
900,0.006503074,0.21875,0.857142857,0.001219326
901,0.001270132,0.24,0.785714286,0.000239511
902,0.000457247,0.19047619,0.857142857,7.47E-05
903,0.002794289,0.207792208,0.857142857,0.000497684
904,0.006249047,0.219512195,0.785714286,0.001077797
905,0.000406442,0.160714286,0.857142857,5.60E-05
906,0.004775695,0.211246201,0.857142857,0.000864726
907,0,0,0,0
908,0.001320937,0.247252747,0.857142857,0.000279947
909,0,0,0,0
910,0,0,0,0
911,0,0,0,0
912,0.007468374,0.203109815,0.857142857,0.0013002
913,0.003556368,0.273469388,0.785714286,0.000764153
914,0.000914495,0.150793651,0.857142857,0.0001182
915,0,0,0,0
916,0.0009653,0.293233083,0.714285714,0.000202184
917,0.000863689,0.235294118,0.714285714,0.000145158
918,0,0,0,0
919,0,0,0,0
920,0,0,0,0
921,0.005182137,0.221288515,0.857142857,0.000982926
922,0,0,0,0
923,0.0009653,0.285714286,0.714285714,0.000197
924,0,0,0,0
925,0.000762079,0.314285714,0.714285714,0.000171079
926,0.000660468,0.274725275,0.714285714,0.000129605
927,0.0048265,0.261654135,0.857142857,0.001082463
928,0,0,0,0
929,0.000914495,0.26984127,0.714285714,0.000176263
930,0,0,0,0
931,0.008179647,0.223602484,0.857142857,0.001567705
932,0.001981405,0.285714286,0.857142857,0.000485242
933,0,0,0,0
934,0,0,0,0
935,0,0,0,0
936,0.009348168,0.208850932,0.857142857,0.001673463
937,0,0,0,0
938,0.002133821,0.326530612,0.857142857,0.000597221
939,0,0,0,0
940,0.004775695,0.273556231,0.857142857,0.00111979
941,0.003048316,0.2,0.857142857,0.000522568
942,0.010110247,0.217516152,0.857142857,0.001884979
943,5.08E-05,0.142857143,0.285714286,2.07E-06
944,0.001574963,0.244239631,0.857142857,0.000329716
945,0,0,0,0
946,0,0,0,0
947,0,0,0,0
948,0,0,0,0
949,0,0,0,0
950,0,0,0,0
951,0,0,0,0
952,0.000406442,0.303571429,0.666666667,8.23E-05
953,0.000355637,0.204081633,0.666666667,4.84E-05
954,0.000101611,0.142857143,0.666666667,9.68E-06
955,0.002387847,0.227963526,0.8,0.000435474
956,0.0028959,0.348370927,0.733333333,0.000739821
957,0,0,0,0
958,0,0,0,0
959,0,0,0,0
960,0,0,0,0
961,0,0,0,0
962,0,0,0,0
963,0,0,0,0
964,0,0,0,0
965,0,0,0,0
966,0.000304832,0.142857143,0.733333333,3.19E-05
967,0.002489458,0.358600583,0.8,0.000714177
968,0.001625768,0.196428571,0.8,0.000255478
969,0,0,0,0
970,0,0,0,0
971,0,0,0,0
972,0.002743484,0.203703704,0.8,0.000447086
973,0.000406442,0.142857143,0.666666667,3.87E-05
974,0.000254026,0.171428571,0.666666667,2.90E-05
975,0,0,0,0
976,0,0,0,0
977,0,0,0,0
978,0.000914495,0.19047619,0.733333333,0.000127739
979,0,0,0,0
980,0,0,0,0
981,0.000152416,0.142857143,0.8,1.74E-05
982,0.003810395,0.308571429,0.866666667,0.001019008
983,0.003353147,0.283549784,0.8,0.000760627
984,0,0,0,0
985,0,0,0,0
986,0,0,0,0
987,0,0,0,0
988,0,0,0,0
989,0,0,0,0
990,0,0,0,0
991,0,0,0,0
992,0,0,0,0
993,0.001473353,0.197044335,0.8,0.000232253
994,5.08E-05,0.142857143,0.533333333,3.87E-06
995,0.000152416,0.19047619,0.666666667,1.94E-05
996,0,0,0,0
997,0,0,0,0
998,0,0,0,0
999,0,0,0,0
1000,0,0,0,0
1001,0,0,0,0
1002,0,0,0,0
1003,0,0,0,0
1004,0,0,0,0
1005,0,0,0,0
1006,0.000558858,0.311688312,0.666666667,0.000116126
1007,0.000406442,0.196428571,0.666666667,5.32E-05
1008,0.000609663,0.19047619,0.733333333,8.52E-05
1009,5.08E-05,0.142857143,0.533333333,3.87E-06
1010,0,0,0,0
1011,0,0,0,0
1012,0,0,0,0
1013,0,0,0,0
1014,0,0,0,0
1015,0,0,0,0
1016,0,0,0,0
1017,0.000609663,0.226190476,0.733333333,0.000101127
1018,0,0,0,0
1019,0.000101611,0.142857143,0.533333333,7.74E-06
1020,0,0,0,0
1021,0,0,0,0
1022,0,0,0,0
1023,0.005944216,0.181929182,0.933333333,0.001009331
1024,0.000203221,0.142857143,0.8,2.32E-05
1025,0.000812884,0.142857143,0.8,9.29E-05
1026,0.002489458,0.227405248,0.733333333,0.000415152
1027,0,0,0,0
1028,0,0,0,0
1029,0.001016105,0.25,0.8,0.000203221
1030,5.08E-05,0.142857143,0.6,4.35E-06
1031,0.000152416,0.142857143,0.533333333,1.16E-05
1032,0,0,0,0
1033,0,0,0,0
1034,0,0,0,0
1035,0.000101611,0.142857143,0.6,8.71E-06
1036,0.000609663,0.285714286,0.8,0.000139352
1037,0.000762079,0.266666667,0.733333333,0.000149029
1038,0.002540263,0.18,0.866666667,0.000396281
1039,5.08E-05,0.142857143,0.6,4.35E-06
1040,0,0,0,0
1041,0.004166032,0.222996516,0.8,0.000743208
1042,0.000152416,0.142857143,0.6,1.31E-05
1043,0.000203221,0.142857143,0.6,1.74E-05
1044,0,0,0,0
1045,0,0,0,0
1046,0,0,0,0
1047,0,0,0,0
1048,0.000609663,0.297619048,0.666666667,0.000120965
1049,0.000660468,0.296703297,0.666666667,0.000130642
1050,0.000406442,0.267857143,0.733333333,7.98E-05
1051,0,0,0,0
1052,0,0,0,0
1053,0,0,0,0
1054,0,0,0,0
1055,0,0,0,0
1056,0,0,0,0
1057,0,0,0,0
1058,0,0,0,0
1059,0,0,0,0
1060,0.000558858,0.272727273,0.666666667,0.000101611
1061,0.000558858,0.233766234,0.666666667,8.71E-05
1062,0.003251537,0.223214286,0.733333333,0.000532246
1063,0,0,0,0
1064,0,0,0,0
1065,0.000914495,0.222222222,0.8,0.000162577
1066,5.08E-05,0.142857143,0.6,4.35E-06
1067,0.000152416,0.142857143,0.6,1.31E-05
1068,0,0,0,0
1069,0,0,0,0
1070,0,0,0,0
1071,0.000304832,0.142857143,0.666666667,2.90E-05
1072,0.002337042,0.341614907,0.8,0.000638695
1073,0.001473353,0.197044335,0.733333333,0.000212898
1074,0.002845095,0.206632653,0.8,0.000470312
1075,5.08E-05,0.142857143,0.6,4.35E-06
1076,0.000101611,0.214285714,0.6,1.31E-05
1077,0.000406442,0.178571429,0.733333333,5.32E-05
1078,0.002133821,0.231292517,0.8,0.000394829
1079,0.002387847,0.349544073,0.8,0.000667726
1080,0.001879795,0.196911197,0.866666667,0.000320799
1081,0,0,0,0
1082,0,0,0,0
1083,0.004267642,0.215986395,0.8,0.000737402
1084,0.000152416,0.142857143,0.666666667,1.45E-05
1085,0.000101611,0.142857143,0.6,8.71E-06
1086,0,0,0,0
1087,0,0,0,0
1088,0,0,0,0
1089,0.000558858,0.181818182,0.733333333,7.45E-05
1090,0.002235432,0.233766234,0.8,0.000418055
1091,0.002540263,0.308571429,0.733333333,0.000574825
1092,0.0067571,0.209452202,0.866666667,0.001226584
1093,5.08E-05,0.285714286,0.6,8.71E-06
1094,0,0,0,0
1095,0.001168521,0.229813665,0.933333333,0.000250639
1096,0.000101611,0.214285714,0.733333333,1.60E-05
1097,0.000152416,0.142857143,0.666666667,1.45E-05
1098,0.004216837,0.203098107,0.733333333,0.00062805
1099,0,0,0,0
1100,0,0,0,0
1101,0.000101611,0.142857143,0.8,1.16E-05
1102,0.001574963,0.322580645,0.8,0.000406442
1103,0.001016105,0.214285714,0.8,0.000174189
1104,0.006604684,0.205494505,0.933333333,0.001266745
1105,5.08E-05,0.142857143,0.733333333,5.32E-06
1106,0.000152416,0.142857143,0.733333333,1.60E-05
1107,0.000203221,0.142857143,0.733333333,2.13E-05
1108,0.001676574,0.372294372,0.733333333,0.000457731
1109,0.001574963,0.239631336,0.8,0.000301928
1110,0,0,0,0
1111,0,0,0,0
1112,0,0,0,0
1113,0.004470863,0.207792208,0.8,0.000743208
1114,5.08E-05,0.142857143,0.466666667,3.39E-06
1115,0,0,0,0
1116,0.000508053,0.171428571,0.666666667,5.81E-05
1117,0.001422547,0.336734694,0.733333333,0.000351282
1118,0.001524158,0.228571429,0.8,0.000278703
1119,0.002743484,0.201058201,0.733333333,0.000404507
1120,5.08E-05,0.142857143,0.533333333,3.87E-06
1121,0,0,0,0
1122,0.000558858,0.142857143,0.866666667,6.92E-05
1123,0.003099121,0.292740047,0.8,0.000725789
1124,0.003251537,0.299107143,0.8,0.000778046
1125,0,0,0,0
1126,0,0,0,0
1127,0,0,0,0
1128,0.010973937,0.191798942,0.933333333,0.00196447
1129,0.000457247,0.142857143,0.8,5.23E-05
1130,0.000101611,0.142857143,0.666666667,9.68E-06
1131,0.001168521,0.149068323,0.866666667,0.000150964
1132,0.003403953,0.285714286,0.866666667,0.000842884
1133,0.003251537,0.292410714,0.8,0.000760627
1134,0.008027232,0.196202532,0.866666667,0.001364968
1135,0,0,0,0
1136,0,0,0,0
1137,0,0,0,0
1138,0,0,0,0
1139,0,0,0,0
1140,0,0,0,0
1141,0,0,0,0
1142,0,0,0,0
1143,0.000406442,0.267857143,0.6875,7.48E-05
1144,0.001473353,0.325123153,0.6875,0.000329327
1145,0.001371742,0.211640212,0.875,0.000254026
1146,0.001117716,0.253246753,0.8125,0.000229985
1147,0.0009653,0.323308271,0.6875,0.000214562
1148,0.002032211,0.317857143,0.875,0.000565209
1149,0.000711274,0.295918367,0.6875,0.000144704
1150,0,0,0,0
1151,0.000711274,0.255102041,0.6875,0.000124745
1152,0,0,0,0
1153,0.002845095,0.293367347,0.75,0.000625993
1154,0.002489458,0.256559767,0.75,0.000479021
1155,0.003099121,0.302107728,0.75,0.000702201
1156,0,0,0,0
1157,0.002540263,0.251428571,0.75,0.000479021
1158,0,0,0,0
1159,0,0,0,0
1160,0,0,0,0
1161,0,0,0,0
1162,0.000304832,0.238095238,0.6875,4.99E-05
1163,0.000304832,0.285714286,0.6875,5.99E-05
1164,0.004674084,0.194099379,0.875,0.000793832
1165,0,0,0,0
1166,0.0009653,0.240601504,0.75,0.000174189
1167,0.000203221,0.142857143,0.6875,2.00E-05
1168,0.00762079,0.231428571,0.9375,0.001653439
1169,0.007366763,0.334975369,0.875,0.002159224
1170,0.009195753,0.244672455,0.9375,0.002109326
1171,0,0,0,0
1172,0.008636895,0.309243697,0.8125,0.002170111
1173,0,0,0,0
1174,0,0,0,0
1175,0,0,0,0
1176,0,0,0,0
1177,0.001320937,0.236263736,0.875,0.000273078
1178,0.001320937,0.291208791,0.75,0.000288501
1179,0,0,0,0
1180,0,0,0,0
1181,0,0,0,0
1182,0,0,0,0
1183,0,0,0,0
1184,0,0,0,0
1185,0.003607174,0.329979879,0.75,0.000892721
1186,0,0,0,0
1187,0.003200732,0.25170068,0.75,0.00060422
1188,0,0,0,0
1189,0,0,0,0
1190,0,0,0,0
1191,0,0,0,0
1192,0,0,0,0
1193,0,0,0,0
1194,0,0,0,0
1195,0.001168521,0.372670807,0.6875,0.000299388
1196,0.001168521,0.267080745,0.6875,0.000214562
1197,0,0,0,0
1198,0,0,0,0
1199,0,0,0,0
1200,0.000863689,0.327731092,0.6875,0.000194602
1201,0,0,0,0
1202,0.000762079,0.238095238,0.6875,0.000124745
1203,0,0,0,0
1204,0,0,0,0
1205,0,0,0,0
1206,0,0,0,0
1207,0.002235432,0.295454545,0.75,0.000495351
1208,0.002083016,0.257839721,0.75,0.000402813
1209,0.003759589,0.187258687,0.75,0.000528012
1210,0.000609663,0.19047619,0.6875,7.98E-05
1211,5.08E-05,0.142857143,0.6875,4.99E-06
1212,0,0,0,0
1213,0,0,0,0
1214,0,0,0,0
1215,0.007773205,0.263305322,0.9375,0.001918806
1216,0,0,0,0
1217,0.005893411,0.307881773,0.875,0.001587665
1218,0.005740995,0.213653603,0.6875,0.000843277
1219,0.000355637,0.244897959,0.6875,5.99E-05
1220,0,0,0,0
1221,0.001676574,0.251082251,0.8125,0.000342028
1222,0.002845095,0.209183673,0.75,0.000446361
1223,0,0,0,0
1224,0,0,0,0
1225,0.002133821,0.241496599,0.875,0.000450897
1226,0.001676574,0.281385281,0.8125,0.000383308
1227,0,0,0,0
1228,0,0,0,0
1229,0,0,0,0
1230,0.002184626,0.272425249,0.875,0.000520754
1231,0,0,0,0
1232,0.002133821,0.292517007,0.8125,0.000507145
1233,0.002235432,0.269480519,0.6875,0.000414154
1234,0.000711274,0.255102041,0.6875,0.000124745
1235,0.000152416,0.238095238,0.75,2.72E-05
1236,0,0,0,0
1237,0.004013616,0.264014467,0.9375,0.000993424
1238,0.005182137,0.296918768,0.9375,0.001442507
1239,0,0,0,0
1240,0.000406442,0.303571429,0.6875,8.48E-05
1241,0.000406442,0.25,0.6875,6.99E-05
1242,0,0,0,0
1243,0,0,0,0
1244,0,0,0,0
1245,0.002337042,0.285714286,0.75,0.000500795
1246,0,0,0,0
1247,0.002083016,0.243902439,0.75,0.00038104
1248,0.001117716,0.331168831,0.6875,0.00025448
1249,0.001066911,0.285714286,0.6875,0.000209572
1250,0.001625768,0.236607143,0.875,0.000336585
1251,0,0,0,0
1252,0.002743484,0.264550265,0.75,0.000544342
1253,0.001981405,0.271062271,0.75,0.000402813
1254,0,0,0,0
1255,0,0,0,0
1256,0,0,0,0
1257,0,0,0,0
1258,0,0,0,0
1259,0,0,0,0
1260,0.000508053,0.285714286,0.6875,9.98E-05
1261,0,0,0,0
1262,0.000457247,0.26984127,0.6875,8.48E-05
1263,0.000558858,0.311688312,0.6875,0.000119755
1264,0.000558858,0.220779221,0.6875,8.48E-05
1265,0.001422547,0.275510204,0.875,0.000342935
1266,0,0,0,0
1267,0,0,0,0
1268,0,0,0,0
1269,0,0,0,0
1270,0.001676574,0.220779221,0.875,0.000323884
1271,0.000558858,0.311688312,0.75,0.000130642
1272,0.002438653,0.244047619,0.8125,0.000483557
1273,0.0009653,0.233082707,0.6875,0.000154684
1274,5.08E-05,0.285714286,0.8125,1.18E-05
1275,0.009500584,0.235294118,0.9375,0.002095717
1276,0,0,0,0
1277,0.004775695,0.279635258,0.8125,0.001085055
1278,0.000762079,0.333333333,0.8125,0.000206396
1279,0.000914495,0.325396825,0.6875,0.000204582
1280,0.001676574,0.303030303,0.875,0.000444546
1281,0,0,0,0
1282,0.004318447,0.282352941,0.9375,0.001143118
1283,0.003810395,0.285714286,0.8125,0.000884556
1284,0.006858711,0.216931217,0.6875,0.00102291
1285,0.000609663,0.214285714,0.6875,8.98E-05
1286,0.000457247,0.174603175,0.6875,5.49E-05
1287,0.0009653,0.270676692,0.75,0.000195963
1288,0.006452268,0.215973003,0.75,0.001045137
1289,0.000101611,0.142857143,0.6875,9.98E-06
1290,0.003607174,0.267605634,0.875,0.000844638
1291,0,0,0,0
1292,0.001422547,0.239795918,0.75,0.000255841
1293,0.0019306,0.210526316,0.75,0.000304832
1294,0.001219326,0.232142857,0.8125,0.000229984
1295,0.004420058,0.325123153,0.875,0.00125743
1296,0.002743484,0.26984127,0.6875,0.00050896
1297,0.002845095,0.272959184,0.75,0.000582446
1298,0.000558858,0.155844156,0.8125,7.08E-05
1299,0,0,0,0
1300,0.003149926,0.313364055,0.75,0.000740305
1301,0.0028959,0.270676692,0.75,0.000587889
1302,0.001219326,0.285714286,0.6875,0.00023951
1303,0.001016105,0.257142857,0.6875,0.000179633
1304,0.002032211,0.310714286,0.875,0.000552507
1305,0.000812884,0.25,0.6875,0.000139714
1306,0,0,0,0
1307,0.000762079,0.238095238,0.6875,0.000124745
1308,0,0,0,0
1309,0.000762079,0.304761905,0.6875,0.000159674
1310,0.000609663,0.261904762,0.6875,0.000109776
1311,0.002540263,0.322857143,0.75,0.000615107
1312,0,0,0,0
1313,0.002591068,0.238095238,0.75,0.000462691
1314,0.000406442,0.142857143,0.6875,3.99E-05
1315,0.013615811,0.230810235,0.9375,0.002946252
1316,0.006045826,0.324129652,0.9375,0.001837155
1317,0.003200732,0.22675737,0.75,0.000544342
1318,0.001778184,0.248979592,0.75,0.000332049
1319,0.005385358,0.366576819,0.875,0.001727379
1320,0.008332063,0.213414634,0.875,0.001555911
1321,0,0,0,0
1322,0.002133821,0.289115646,0.8125,0.000501248
1323,0,0,0,0
1324,0.004420058,0.269293924,0.875,0.001041508
1325,0.002591068,0.198879552,0.8125,0.00041869
1326,0.007976426,0.259326661,0.9375,0.001939219
1327,5.08E-05,0.285714286,0.625,9.07E-06
1328,0.006706295,0.273809524,0.875,0.001606717
1329,0,0,0,0
1330,0,0,0,0
1331,0,0,0,0
1332,0,0,0,0
1333,0,0,0,0
1334,0,0,0,0
1335,0.000914495,0.253968254,0.6875,0.000159674
1336,0.000914495,0.285714286,0.875,0.000228624
1337,0.000152416,0.238095238,0.6875,2.49E-05
1338,0.0009653,0.263157895,0.75,0.00019052
1339,0.002286237,0.266666667,0.875,0.000533455
1340,0.001727379,0.365546218,0.75,0.000473578
1341,0.003962811,0.252747253,0.75,0.000751192
1342,0.003708784,0.277886497,0.75,0.000772966
1343,0,0,0,0
1344,0,0,0,0
1345,0,0,0,0
1346,0,0,0,0
1347,0.000660468,0.241758242,0.6875,0.000109776
1348,0.000660468,0.21978022,0.6875,9.98E-05
1349,0,0,0,0
1350,0,0,0,0
1351,0.002692679,0.312668464,0.75,0.000631437
1352,0.0019306,0.19924812,0.75,0.000288501
1353,0,0,0,0
1354,0.000812884,0.241071429,0.6875,0.000134725
1355,0.000457247,0.19047619,0.6875,5.99E-05
1356,0.01534319,0.247398297,0.9375,0.003558637
1357,0.008128842,0.264285714,0.875,0.001879795
1358,0.000254026,0.142857143,0.5625,2.04E-05
1359,0,0,0,0
1360,0,0,0,0
1361,0,0,0,0
1362,0.002032211,0.275,0.875,0.000489001
1363,0.000660468,0.252747253,0.75,0.000125199
1364,0,0,0,0
1365,5.08E-05,0.142857143,0.625,4.54E-06
1366,0.005639384,0.272844273,0.875,0.001346339
1367,0.00569019,0.303571429,0.8125,0.001403496
1368,0,0,0,0
1369,0.000457247,0.301587302,0.75,0.000103425
1370,0.000457247,0.26984127,0.75,9.25E-05
1371,0.000812884,0.294642857,0.6875,0.000164663
1372,0.000812884,0.321428571,0.6875,0.000179633
1373,0,0,0,0
1374,0,0,0,0
1375,0,0,0,0
1376,0,0,0,0
1377,0,0,0,0
1378,0,0,0,0
1379,0,0,0,0
1380,0,0,0,0
1381,0,0,0,0
1382,0,0,0,0
1383,0.002946705,0.266009852,0.75,0.000587889
1384,0.002286237,0.244444444,0.75,0.000419143
1385,0,0,0,0
1386,0,0,0,0
1387,0.000711274,0.244897959,0.6875,0.000119755
1388,0.000660468,0.241758242,0.6875,0.000109776
1389,0,0,0,0
1390,0.001879795,0.274131274,0.75,0.000386483
1391,0.001371742,0.206349206,0.75,0.000212293
1392,0,0,0,0
1393,0,0,0,0
1394,0,0,0,0
1395,0,0,0,0
1396,0,0,0,0
1397,0,0,0,0
1398,0,0,0,0
1399,0,0,0,0
1400,0,0,0,0
1401,0.005740995,0.237673831,0.875,0.001193924
1402,0.001625768,0.25,0.75,0.000304832
1403,0,0,0,0
1404,0,0,0,0
1405,0,0,0,0
1406,0,0,0,0
1407,0.007671595,0.207190161,0.8125,0.001291452
1408,0.000508053,0.171428571,0.75,6.53E-05
1409,0.000457247,0.158730159,0.625,4.54E-05
1410,0.007061932,0.218910586,0.75,0.001159449
1411,0,0,0,0
1412,0,0,0,0
1413,0.00665549,0.318429662,0.9375,0.001986849
1414,0.005029721,0.265512266,0.8125,0.001085055
1415,0.000152416,0.142857143,0.5,1.09E-05
1416,0,0,0,0
1417,0.001320937,0.247252747,0.75,0.000244954
1418,0.001320937,0.357142857,0.75,0.000353822
1419,0.000203221,0.214285714,0.625,2.72E-05
1420,0.003607174,0.263581489,0.875,0.000831936
1421,0.003607174,0.3138833,0.8125,0.000919938
1422,0.001270132,0.28,0.75,0.000266728
1423,0,0,0,0
1424,0,0,0,0
1425,0.003657979,0.265873016,0.8125,0.000790203
1426,0.000101611,0.214285714,0.6875,1.50E-05
1427,5.08E-05,0.142857143,0.625,4.54E-06
1428,0,0,0,0
1429,0,0,0,0
1430,0,0,0,0
1431,0.000711274,0.336734694,0.6875,0.000164664
1432,0.001066911,0.265306122,0.875,0.000247676
1433,0.000558858,0.298701299,0.6875,0.000114765
1434,0,0,0,0
1435,0,0,0,0
1436,0,0,0,0
1437,0,0,0,0
1438,0,0,0,0
1439,0,0,0,0
1440,0,0,0,0
1441,0.000457247,0.238095238,0.6875,7.48E-05
1442,0.000406442,0.214285714,0.6875,5.99E-05
1443,0,0,0,0
1444,0.001981405,0.285714286,0.75,0.000424587
1445,0.002083016,0.275261324,0.75,0.00043003
1446,0.000711274,0.234693878,0.6875,0.000114766
1447,0.000609663,0.238095238,0.6875,9.98E-05
1448,0,0,0,0
1449,0,0,0,0
1450,0,0,0,0
1451,0,0,0,0
1452,0,0,0,0
1453,0,0,0,0
1454,0,0,0,0
1455,0.001066911,0.272108844,0.6875,0.000199592
1456,0.002641874,0.296703297,0.875,0.000685871
1457,0.0009653,0.195488722,0.6875,0.000129735
1458,0.002489458,0.265306122,0.75,0.000495351
1459,0.002286237,0.247619048,0.75,0.000424587
1460,0,0,0,0
1461,0.001168521,0.316770186,0.8125,0.000300749
1462,0.002337042,0.239130435,0.875,0.000489001
1463,0.001727379,0.361344538,0.75,0.000468134
1464,0.003912005,0.235621521,0.75,0.000691314
1465,0,0,0,0
1466,0,0,0,0
1467,0.008992532,0.221146086,0.8125,0.001615789
1468,0.000508053,0.157142857,0.75,5.99E-05
1469,0.000254026,0.142857143,0.5625,2.04E-05
1470,0,0,0,0
1471,0.000355637,0.244897959,0.75,6.53E-05
1472,0.000355637,0.306122449,0.75,8.17E-05
1473,0.000508053,0.185714286,0.6875,6.49E-05
1474,0.004064421,0.248214286,0.875,0.000882741
1475,0.004928111,0.30191458,0.8125,0.001208893
1476,0.009297363,0.233411397,0.875,0.001898847
1477,0.000812884,0.241071429,0.75,0.000146972
1478,0,0,0,0
1479,0.001981405,0.245421245,0.8125,0.000395102
1480,5.08E-05,0.285714286,0.6875,9.98E-06
1481,0.000152416,0.142857143,0.5625,1.22E-05
1482,0.003099121,0.278688525,0.75,0.000647767
1483,0,0,0,0
1484,0,0,0,0
1485,0.000762079,0.238095238,0.75,0.000136086
1486,0.002083016,0.292682927,0.875,0.000533455
1487,0.000914495,0.238095238,0.75,0.000163303
1488,0.007874816,0.28202765,0.9375,0.002082109
1489,0.004115226,0.262786596,0.8125,0.000878659
1490,5.08E-05,0.142857143,0.5625,4.08E-06
1491,0,0,0,0
1492,0.002337042,0.282608696,0.75,0.000495351
1493,0.002489458,0.250728863,0.75,0.000468134
1494,0,0,0,0
1495,0.000711274,0.234693878,0.6875,0.000114766
1496,0.000711274,0.255102041,0.6875,0.000124745
1497,0.003099121,0.283372365,0.75,0.000658654
1498,0.003403953,0.249466951,0.75,0.00063688
1499,0,0,0,0
1500,0.000711274,0.336734694,0.6875,0.000164664
1501,0.001625768,0.330357143,0.875,0.000469949
1502,0.000914495,0.222222222,0.6875,0.000139715
1503,0.000863689,0.277310924,0.6875,0.000164663
1504,0.000762079,0.247619048,0.6875,0.000129735
1505,0,0,0,0
1506,0.000355637,0.265306122,0.6875,6.49E-05
1507,0.005842605,0.244720497,0.875,0.00125108
1508,0.0057918,0.338345865,0.8125,0.001592201
1509,0,0,0,0
1510,0.000762079,0.266666667,0.75,0.000152416
1511,0.001066911,0.265306122,0.75,0.000212294
1512,0.015139969,0.247842761,0.9375,0.003517811
1513,0.004877305,0.248511905,0.875,0.00106056
1514,0.000152416,0.142857143,0.5625,1.22E-05
1515,0.002133821,0.302721088,0.8125,0.000524836
1516,0.005080526,0.298571429,0.875,0.001327287
1517,0.002794289,0.298701299,0.75,0.000625993
1518,0.004115226,0.268077601,0.875,0.0009653
1519,0.001320937,0.285714286,0.75,0.000283058
1520,0,0,0,0
1521,0,0,0,0
1522,0,0,0,0
1523,0,0,0,0
1524,0,0,0,0
1525,0,0,0,0
1526,0,0,0,0
1527,0,0,0,0
1528,0.000558858,0.324675325,0.666666667,0.000120965
1529,0.000457247,0.222222222,0.666666667,6.77E-05
1530,0,0,0,0
1531,0.001574963,0.248847926,0.8,0.000313541
1532,0.001574963,0.32718894,0.8,0.000412248
1533,0,0,0,0
1534,0,0,0,0
1535,0,0,0,0
1536,0,0,0,0
1537,0,0,0,0
1538,0,0,0,0
1539,0,0,0,0
1540,0,0,0,0
1541,0,0,0,0
1542,0,0,0,0
1543,0,0,0,0
1544,0,0,0,0
1545,0,0,0,0
1546,0.001524158,0.3,0.8,0.000365798
1547,0.001320937,0.21978022,0.8,0.000232253
1548,0.008027232,0.209764919,0.733333333,0.00123481
1549,0.000304832,0.142857143,0.666666667,2.90E-05
1550,0.000152416,0.142857143,0.6,1.31E-05
1551,0,0,0,0
1552,0,0,0,0
1553,0,0,0,0
1554,0.001778184,0.27755102,0.666666667,0.000329025
1555,0,0,0,0
1556,5.08E-05,0.142857143,0.4,2.90E-06
1557,0,0,0,0
1558,0,0,0,0
1559,0,0,0,0
1560,5.08E-05,0.142857143,0.6,4.35E-06
1561,0.004216837,0.239242685,0.8,0.000807078
1562,0.004267642,0.30952381,0.8,0.001056749
1563,0,0,0,0
1564,0,0,0,0
1565,0,0,0,0
1566,0,0,0,0
1567,0,0,0,0
1568,0,0,0,0
1569,0,0,0,0
1570,0,0,0,0
1571,0,0,0,0
1572,5.08E-05,0.142857143,0.4,2.90E-06
1573,0.000457247,0.142857143,0.666666667,4.35E-05
1574,0.000508053,0.2,0.666666667,6.77E-05
1575,0,0,0,0
1576,0,0,0,0
1577,0,0,0,0
1578,0,0,0,0
1579,0.000812884,0.330357143,0.666666667,0.000179028
1580,0.000508053,0.228571429,0.666666667,7.74E-05
1581,0,0,0,0
1582,0,0,0,0
1583,0,0,0,0
1584,0,0,0,0
1585,0,0,0,0
1586,0,0,0,0
1587,0,0,0,0
1588,0,0,0,0
1589,0,0,0,0
1590,0,0,0,0
1591,0,0,0,0
1592,0,0,0,0
1593,0.005842605,0.221118012,0.733333333,0.000947397
1594,0,0,0,0
1595,0,0,0,0
1596,0,0,0,0
1597,0,0,0,0
1598,0,0,0,0
1599,0.007265153,0.224775225,0.733333333,0.001197553
1600,0,0,0,0
1601,0,0,0,0
1602,0.007468374,0.204081633,0.866666667,0.001320937
1603,0.001727379,0.142857143,0.8,0.000197415
1604,0.000660468,0.164835165,0.8,8.71E-05
1605,0.002591068,0.24929972,0.8,0.000516762
1606,0,0,0,0
1607,0,0,0,0
1608,5.08E-05,0.142857143,0.6,4.35E-06
1609,0.000812884,0.3125,0.8,0.000203221
1610,0.000660468,0.21978022,0.666666667,9.68E-05
1611,0,0,0,0
1612,0,0,0,0
1613,0,0,0,0
1614,0.004115226,0.262786596,0.8,0.000865141
1615,5.08E-05,0.285714286,0.533333333,7.74E-06
1616,0.000152416,0.142857143,0.666666667,1.45E-05
1617,0.001117716,0.285714286,0.733333333,0.000234188
1618,0,0,0,0
1619,0,0,0,0
1620,0,0,0,0
1621,0,0,0,0
1622,0,0,0,0
1623,0,0,0,0
1624,0.000355637,0.306122449,0.666666667,7.26E-05
1625,0.000406442,0.214285714,0.666666667,5.81E-05
1626,0,0,0,0
1627,0,0,0,0
1628,0,0,0,0
1629,0,0,0,0
1630,0,0,0,0
1631,0,0,0,0
1632,0,0,0,0
1633,0.000812884,0.339285714,0.666666667,0.000183867
1634,0.000914495,0.246031746,0.666666667,0.000149997
1635,0,0,0,0
1636,0,0,0,0
1637,0,0,0,0
1638,0,0,0,0
1639,0,0,0,0
1640,0,0,0,0
1641,0,0,0,0
1642,0,0,0,0
1643,0,0,0,0
1644,0.000101611,0.214285714,0.4,8.71E-06
1645,0.000304832,0.142857143,0.666666667,2.90E-05
1646,0.000508053,0.171428571,0.666666667,5.81E-05
1647,0,0,0,0
1648,0.001320937,0.291208791,0.8,0.000307735
1649,0.001371742,0.174603175,0.8,0.000191608
1650,0,0,0,0
1651,0.000304832,0.166666667,0.666666667,3.39E-05
1652,0.000304832,0.166666667,0.666666667,3.39E-05
1653,0.000406442,0.214285714,0.733333333,6.39E-05
1654,0.001524158,0.233333333,0.733333333,0.0002608
1655,0.001320937,0.32967033,0.666666667,0.000290316
1656,0.009957832,0.214285714,0.8,0.001707057
1657,0.000203221,0.142857143,0.666666667,1.94E-05
1658,0,0,0,0
1659,0.003454758,0.197478992,0.733333333,0.000500311
1660,0,0,0,0
1661,0,0,0,0
1662,0.000304832,0.19047619,0.733333333,4.26E-05
1663,0.002083016,0.236933798,0.8,0.00039483
1664,0.002591068,0.296918768,0.733333333,0.00056418
1665,0,0,0,0
1666,0,0,0,0
1667,0,0,0,0
1668,0.007468374,0.211856171,0.733333333,0.001160295
1669,0,0,0,0
1670,0,0,0,0
1671,0.003759589,0.268339768,0.733333333,0.000739821
1672,0,0,0,0
1673,0,0,0,0
1674,0.001320937,0.274725275,0.866666667,0.000314509
1675,0.000355637,0.183673469,0.666666667,4.35E-05
1676,0.000609663,0.19047619,0.666666667,7.74E-05
1677,0,0,0,0
1678,0.000812884,0.321428571,0.8,0.000209027
1679,0.0009653,0.240601504,0.8,0.000185802
1680,0.003810395,0.274285714,0.8,0.00083611
1681,0.000660468,0.164835165,0.733333333,7.98E-05
1682,0.000660468,0.153846154,0.8,8.13E-05
1683,0,0,0,0
1684,0,0,0,0
1685,0,0,0,0
1686,0,0,0,0
1687,0.001676574,0.264069264,0.8,0.000354185
1688,0.001676574,0.25974026,0.8,0.000348379
1689,0,0,0,0
1690,0.000609663,0.226190476,0.666666667,9.19E-05
1691,0.001066911,0.163265306,0.666666667,0.000116126
1692,0,0,0,0
1693,0.001016105,0.3,0.8,0.000243865
1694,0.001016105,0.221428571,0.8,0.000179996
1695,0,0,0,0
1696,0,0,0,0
1697,0,0,0,0
1698,0,0,0,0
1699,0,0,0,0
1700,0,0,0,0
1701,0.000203221,0.142857143,0.733333333,2.13E-05
1702,0.003454758,0.235294118,0.8,0.000650307
1703,0.003657979,0.359126984,0.8,0.001050943
1704,0.010567495,0.210851648,0.733333333,0.001633994
1705,0.000812884,0.205357143,0.8,0.000133545
1706,0.000762079,0.152380952,0.733333333,8.52E-05
1707,0.000152416,0.19047619,0.733333333,2.13E-05
1708,0.002946705,0.216748768,0.8,0.000510956
1709,0.003099121,0.281030445,0.8,0.000696758
1710,0.003353147,0.285714286,0.666666667,0.000638695
1711,0,0,0,0
1712,0,0,0,0
1713,0,0,0,0
1714,0,0,0,0
1715,0,0,0,0
1716,0,0,0,0
1717,0,0,0,0
1718,0,0,0,0
1719,0.000762079,0.361904762,0.6875,0.000189613
1720,0.001270132,0.32,0.875,0.000355637
1721,0.000558858,0.233766234,0.6875,8.98E-05
1722,0.001219326,0.327380952,0.8125,0.000324337
1723,0.001879795,0.231660232,0.875,0.00038104
1724,0.001371742,0.26984127,0.6875,0.00025448
1725,0.000304832,0.166666667,0.6875,3.49E-05
1726,0.000304832,0.285714286,0.6875,5.99E-05
1727,0,0,0,0
1728,0.002591068,0.268907563,0.75,0.000522568
1729,0.0028959,0.253132832,0.75,0.000549786
1730,0,0,0,0
1731,0,0,0,0
1732,0.000254026,0.285714286,0.6875,4.99E-05
1733,0.000203221,0.214285714,0.6875,2.99E-05
1734,0,0,0,0
1735,0,0,0,0
1736,0,0,0,0
1737,0,0,0,0
1738,0.004115226,0.289241623,0.75,0.000892721
1739,0.003759589,0.206563707,0.75,0.000582446
1740,0.002337042,0.195652174,0.875,0.000400091
1741,0.000558858,0.298701299,0.75,0.000125199
1742,0,0,0,0
1743,0.006553879,0.255813953,0.9375,0.001571788
1744,0.005995021,0.307506053,0.875,0.001613067
1745,0,0,0,0
1746,0,0,0,0
1747,0.000660468,0.21978022,0.75,0.000108868
1748,0.000660468,0.263736264,0.6875,0.000119755
1749,0,0,0,0
1750,0,0,0,0
1751,0,0,0,0
1752,0.000304832,0.166666667,0.6875,3.49E-05
1753,0.007214347,0.250503018,0.875,0.001581314
1754,0.007824011,0.319109462,0.75,0.001872537
1755,0,0,0,0
1756,0,0,0,0
1757,0,0,0,0
1758,0,0,0,0
1759,0,0,0,0
1760,0,0,0,0
1761,0.002133821,0.275510204,0.75,0.000440917
1762,0.002387847,0.282674772,0.75,0.000506238
1763,0,0,0,0
1764,0,0,0,0
1765,0,0,0,0
1766,0,0,0,0
1767,0,0,0,0
1768,0,0,0,0
1769,0,0,0,0
1770,0.000609663,0.238095238,0.6875,9.98E-05
1771,0.000609663,0.214285714,0.6875,8.98E-05
1772,0,0,0,0
1773,0,0,0,0
1774,0,0,0,0
1775,0,0,0,0
1776,0,0,0,0
1777,0.002692679,0.274932615,0.75,0.000555229
1778,0.002692679,0.23180593,0.75,0.000468134
1779,0,0,0,0
1780,0,0,0,0
1781,0,0,0,0
1782,0,0,0,0
1783,0.000863689,0.25210084,0.6875,0.000149694
1784,0.000609663,0.226190476,0.6875,9.48E-05
1785,0,0,0,0
1786,0,0,0,0
1787,0,0,0,0
1788,0.001320937,0.230769231,0.8125,0.000247676
1789,0.000152416,0.19047619,0.6875,2.00E-05
1790,0,0,0,0
1791,0.005080526,0.29,0.9375,0.001381268
1792,0.003759589,0.254826255,0.8125,0.000778409
1793,0,0,0,0
1794,0.001473353,0.18226601,0.75,0.000201407
1795,0,0,0,0
1796,0,0,0,0
1797,0.000406442,0.232142857,0.75,7.08E-05
1798,0,0,0,0
1799,0,0,0,0
1800,0.002286237,0.358730159,0.875,0.000717624
1801,0.001625768,0.258928571,0.75,0.000315718
1802,0,0,0,0
1803,0.001168521,0.223602484,0.8125,0.000212293
1804,0.000355637,0.142857143,0.75,3.81E-05
1805,0,0,0,0
1806,0.000355637,0.183673469,0.6875,4.49E-05
1807,0.005029721,0.252525253,0.875,0.001111365
1808,0.005842605,0.331677019,0.75,0.001453393
1809,0,0,0,0
1810,0,0,0,0
1811,0,0,0,0
1812,0,0,0,0
1813,0.001473353,0.24137931,0.75,0.000266728
1814,0.001270132,0.342857143,0.6875,0.000299388
1815,0,0,0,0
1816,0.002438653,0.25,0.75,0.000457247
1817,0.002184626,0.252491694,0.75,0.0004137
1818,0.000609663,0.25,0.6875,0.000104786
1819,0.002133821,0.292517007,0.875,0.000546157
1820,0.000609663,0.273809524,0.6875,0.000114765
1821,0,0,0,0
1822,0.000558858,0.220779221,0.6875,8.48E-05
1823,0.000508053,0.257142857,0.6875,8.98E-05
1824,0,0,0,0
1825,0,0,0,0
1826,0,0,0,0
1827,0.002794289,0.25974026,0.75,0.000544342
1828,0.002235432,0.253246753,0.75,0.000424587
1829,0,0,0,0
1830,0,0,0,0
1831,0,0,0,0
1832,0,0,0,0
1833,0,0,0,0
1834,0,0,0,0
1835,0,0,0,0
1836,0.000304832,0.238095238,0.6875,4.99E-05
1837,0.000304832,0.214285714,0.6875,4.49E-05
1838,0,0,0,0
1839,0,0,0,0
1840,0,0,0,0
1841,0,0,0,0
1842,0.000355637,0.285714286,0.6875,6.99E-05
1843,0.000812884,0.258928571,0.875,0.000184169
1844,0.000558858,0.311688312,0.6875,0.000119755
1845,0.000406442,0.142857143,0.6875,3.99E-05
1846,0.003403953,0.247334755,0.875,0.000736676
1847,0.004166032,0.304878049,0.75,0.000952599
1848,0.001168521,0.217391304,0.8125,0.000206396
1849,0.002692679,0.291105121,0.875,0.000685871
1850,0.001524158,0.271428571,0.6875,0.000284419
1851,0,0,0,0
1852,0.000609663,0.25,0.75,0.000114312
1853,0.000711274,0.244897959,0.6875,0.000119755
1854,0.002083016,0.222996516,0.75,0.000348379
1855,0,0,0,0
1856,0,0,0,0
1857,0.004166032,0.294425087,0.9375,0.001149923
1858,0.002641874,0.28021978,0.8125,0.000601498
1859,0,0,0,0
1860,0.006299853,0.232718894,0.8125,0.001191202
1861,0.000101611,0.357142857,0.6875,2.49E-05
1862,0,0,0,0
1863,0.001371742,0.227513228,0.8125,0.000253573
1864,0.000203221,0.178571429,0.6875,2.49E-05
1865,0,0,0,0
1866,0.0009653,0.263157895,0.875,0.000222273
1867,0.000457247,0.285714286,0.75,9.80E-05
1868,0,0,0,0
1869,0.0028959,0.275689223,0.75,0.000598776
1870,0,0,0,0
1871,0,0,0,0
1872,0.001168521,0.329192547,0.8125,0.000312543
1873,0.001778184,0.269387755,0.875,0.000419143
1874,0.001778184,0.330612245,0.6875,0.000404174
1875,0,0,0,0
1876,0.000660468,0.252747253,0.6875,0.000114765
1877,0.000711274,0.183673469,0.6875,8.98E-05
1878,0.001320937,0.252747253,0.6875,0.000229531
1879,0.002997511,0.300242131,0.875,0.000787482
1880,0.001117716,0.311688312,0.6875,0.000239511
1881,0,0,0,0
1882,0.002997511,0.254237288,0.75,0.000571559
1883,0.002337042,0.288819876,0.75,0.000506238
1884,0.000812884,0.267857143,0.6875,0.000149694
1885,0.000711274,0.265306122,0.6875,0.000129735
1886,0,0,0,0
1887,0.0028959,0.280701754,0.75,0.000609663
1888,0.002641874,0.277472527,0.75,0.000549786
1889,0,0,0,0
1890,0,0,0,0
1891,0.001270132,0.262857143,0.75,0.000250397
1892,0.001422547,0.25,0.6875,0.0002445
1893,0.001676574,0.225108225,0.8125,0.000306646
1894,0.003657979,0.28968254,0.875,0.000927196
1895,0.002337042,0.369565217,0.6875,0.000593786
1896,0.000914495,0.158730159,0.6875,9.98E-05
1897,0.004318447,0.255462185,0.875,0.0009653
1898,0.004978916,0.316326531,0.75,0.001181222
1899,0.010211858,0.23169865,0.875,0.002070314
1900,0.001016105,0.264285714,0.75,0.000201407
1901,0,0,0,0
1902,0.008738505,0.294850498,0.9375,0.002415518
1903,0.005537774,0.292267366,0.8125,0.00131504
1904,0,0,0,0
1905,0,0,0,0
1906,0,0,0,0
1907,0,0,0,0
1908,0,0,0,0
1909,0,0,0,0
1910,0,0,0,0
1911,0,0,0,0
1912,0.0009653,0.323308271,0.666666667,0.00020806
1913,0.000914495,0.277777778,0.666666667,0.000169351
1914,0.000152416,0.142857143,0.733333333,1.60E-05
1915,0.001320937,0.247252747,0.8,0.000261284
1916,0.001727379,0.306722689,0.666666667,0.000353218
1917,0,0,0,0
1918,0,0,0,0
1919,0,0,0,0
1920,0,0,0,0
1921,0,0,0,0
1922,0,0,0,0
1923,0,0,0,0
1924,0,0,0,0
1925,0,0,0,0
1926,0,0,0,0
1927,0,0,0,0
1928,0,0,0,0
1929,0,0,0,0
1930,0.002438653,0.288690476,0.8,0.000563213
1931,0.002235432,0.211038961,0.8,0.000377411
1932,0.004216837,0.180722892,0.733333333,0.000558858
1933,0,0,0,0
1934,0,0,0,0
1935,0.001981405,0.249084249,0.8,0.000394829
1936,5.08E-05,0.142857143,0.666666667,4.84E-06
1937,0,0,0,0
1938,0,0,0,0
1939,0,0,0,0
1940,0,0,0,0
1941,0,0,0,0
1942,0,0,0,0
1943,0,0,0,0
1944,0.000101611,0.142857143,0.733333333,1.06E-05
1945,0.004420058,0.246305419,0.8,0.000870947
1946,0.004623279,0.367346939,0.8,0.001358678
1947,0,0,0,0
1948,0,0,0,0
1949,0,0,0,0
1950,0,0,0,0
1951,0,0,0,0
1952,0,0,0,0
1953,0,0,0,0
1954,0,0,0,0
1955,0,0,0,0
1956,0,0,0,0
1957,0,0,0,0
1958,0,0,0,0
1959,0,0,0,0
1960,0,0,0,0
1961,0,0,0,0
1962,0,0,0,0
1963,0,0,0,0
1964,0,0,0,0
1965,0,0,0,0
1966,0.000508053,0.185714286,0.666666667,6.29E-05
1967,0.001117716,0.168831169,0.666666667,0.000125804
1968,0,0,0,0
1969,0.000406442,0.232142857,0.666666667,6.29E-05
1970,0.000558858,0.311688312,0.666666667,0.000116126
1971,0,0,0,0
1972,0,0,0,0
1973,0,0,0,0
1974,0,0,0,0
1975,0,0,0,0
1976,0,0,0,0
1977,0,0,0,0
1978,0,0,0,0
1979,0,0,0,0
1980,0.003403953,0.198294243,0.8,0.000539987
1981,0,0,0,0
1982,0,0,0,0
1983,0.005080526,0.212857143,0.8,0.000865141
1984,0.000101611,0.214285714,0.6,1.31E-05
1985,0,0,0,0
1986,0.003251537,0.180803571,0.733333333,0.000431119
1987,0,0,0,0
1988,0,0,0,0
1989,0.001219326,0.25,0.733333333,0.000223543
1990,0,0,0,0
1991,0,0,0,0
1992,0.002489458,0.27696793,0.733333333,0.000505633
1993,0,0,0,0
1994,0,0,0,0
1995,0.001473353,0.236453202,0.8,0.000278703
1996,0.000508053,0.157142857,0.8,6.39E-05
1997,0.000762079,0.142857143,0.666666667,7.26E-05
1998,0.000355637,0.142857143,0.733333333,3.73E-05
1999,0.001168521,0.217391304,0.8,0.000203221
2000,0.0019306,0.330827068,0.666666667,0.000425796
2001,0,0,0,0
2002,0,0,0,0
2003,0,0,0,0
2004,0,0,0,0
2005,0,0,0,0
2006,0,0,0,0
2007,0,0,0,0
2008,0.000508053,0.271428571,0.666666667,9.19E-05
2009,0.000508053,0.328571429,0.666666667,0.000111288
2010,0,0,0,0
2011,0.001016105,0.242857143,0.666666667,0.000164512
2012,0.000609663,0.321428571,0.666666667,0.000130642
2013,0,0,0,0
2014,0,0,0,0
2015,0,0,0,0
2016,0,0,0,0
2017,0,0,0,0
2018,0,0,0,0
2019,0,0,0,0
2020,0.000609663,0.19047619,0.666666667,7.74E-05
2021,0.000406442,0.214285714,0.666666667,5.81E-05
2022,0,0,0,0
2023,0.000406442,0.178571429,0.666666667,4.84E-05
2024,0.000508053,0.185714286,0.666666667,6.29E-05
2025,0,0,0,0
2026,0,0,0,0
2027,0,0,0,0
2028,0,0,0,0
2029,0,0,0,0
2030,0,0,0,0
2031,0,0,0,0
2032,0,0,0,0
2033,0,0,0,0
2034,0,0,0,0
2035,0.000914495,0.19047619,0.8,0.000139352
2036,0.0009653,0.270676692,0.8,0.000209027
2037,0.000101611,0.142857143,0.733333333,1.06E-05
2038,0.001016105,0.242857143,0.733333333,0.000180963
2039,0.001066911,0.367346939,0.666666667,0.000261284
2040,0.000812884,0.142857143,0.733333333,8.52E-05
2041,0.0019306,0.240601504,0.8,0.000371604
2042,0.001981405,0.322344322,0.666666667,0.000425796
2043,0,0,0,0
2044,0,0,0,0
2045,0,0,0,0
2046,0.006909516,0.204831933,0.733333333,0.001037879
2047,0,0,0,0
2048,0,0,0,0
2049,0.002032211,0.217857143,0.8,0.000354185
2050,0.000406442,0.196428571,0.666666667,5.32E-05
2051,0.000254026,0.171428571,0.666666667,2.90E-05
2052,0.005842605,0.21863354,0.8,0.001021912
2053,0.000660468,0.186813187,0.733333333,9.05E-05
2054,0.000558858,0.181818182,0.666666667,6.77E-05
2055,0.003556368,0.248979592,0.8,0.00070837
2056,0.000101611,0.142857143,0.6,8.71E-06
2057,0,0,0,0
2058,0.000914495,0.246031746,0.733333333,0.000164996
2059,0,0,0,0
2060,0,0,0,0
2061,0.002591068,0.274509804,0.733333333,0.000521601
2062,0,0,0,0
2063,0,0,0,0
2064,0.000101611,0.142857143,0.733333333,1.06E-05
2065,0.001219326,0.208333333,0.8,0.000203221
2066,0.001828989,0.313492063,0.8,0.000458699
2067,0,0,0,0
2068,0,0,0,0
2069,0,0,0,0
2070,0,0,0,0
2071,0.002184626,0.282392027,0.8,0.000493537
2072,0.001473353,0.315270936,0.8,0.000371604
2073,0,0,0,0
2074,0.001270132,0.245714286,0.8,0.000249672
2075,0.001320937,0.236263736,0.8,0.000249672
2076,0,0,0,0
2077,0,0,0,0
2078,0,0,0,0
2079,0,0,0,0
2080,0.000660468,0.175824176,0.666666667,7.74E-05
2081,0.000508053,0.257142857,0.666666667,8.71E-05
2082,0,0,0,0
2083,0,0,0,0
2084,0,0,0,0
2085,0.000406442,0.142857143,0.733333333,4.26E-05
2086,0.003353147,0.251082251,0.8,0.000673533
2087,0.0028959,0.388471178,0.8,0.000899979
2088,0.000558858,0.142857143,0.733333333,5.85E-05
2089,0.002083016,0.233449477,0.8,0.000389023
2090,0.002489458,0.27696793,0.8,0.0005516
2091,0.007824011,0.210575139,0.733333333,0.001208198
2092,0,0,0,0
2093,0,0,0,0
2094,0.003048316,0.25952381,0.8,0.000632888
2095,0.001117716,0.168831169,0.733333333,0.000138384
2096,0.000355637,0.204081633,0.666666667,4.84E-05
2097,0,0,0,0
2098,0,0,0,0
2099,0,0,0,0
2100,0,0,0,0
2101,0,0,0,0
2102,0,0,0,0
2103,0,0,0,0
2104,0,0,0,0
2105,0,0,0,0
2106,0,0,0,0
2107,0,0,0,0
2108,0.000457247,0.19047619,0.714285714,6.22E-05
2109,0.000609663,0.285714286,0.714285714,0.000124421
2110,0,0,0,0
2111,0.000355637,0.224489796,0.714285714,5.70E-05
2112,0.000457247,0.253968254,0.714285714,8.29E-05
2113,0,0,0,0
2114,0.007366763,0.21182266,0.857142857,0.001337526
2115,0.000914495,0.23015873,0.714285714,0.000150342
2116,0,0,0,0
2117,0.003149926,0.232718894,0.857142857,0.000628326
2118,0.001219326,0.291666667,0.714285714,0.000254026
2119,0,0,0,0
2120,0,0,0,0
2121,0.000558858,0.220779221,0.714285714,8.81E-05
2122,0.000558858,0.25974026,0.714285714,0.000103684
2123,0,0,0,0
2124,0.000812884,0.294642857,0.714285714,0.000171079
2125,0.000812884,0.3125,0.714285714,0.000181447
2126,0,0,0,0
2127,0,0,0,0
2128,0,0,0,0
2129,0,0,0,0
2130,0,0,0,0
2131,0,0,0,0
2132,0,0,0,0
2133,0,0,0,0
2134,0,0,0,0
2135,0,0,0,0
2136,0,0,0,0
2137,0,0,0,0
2138,0,0,0,0
2139,0,0,0,0
2140,0,0,0,0
2141,0.005944216,0.230769231,0.714285714,0.000979816
2142,0,0,0,0
2143,0,0,0,0
2144,0.007773205,0.225957049,0.714285714,0.001254579
2145,0,0,0,0
2146,0,0,0,0
2147,0.007112737,0.251020408,0.857142857,0.001530379
2148,0.002083016,0.219512195,0.785714286,0.000359266
2149,0,0,0,0
2150,0.002235432,0.266233766,0.714285714,0.000425105
2151,0,0,0,0
2152,0,0,0,0
2153,0.003810395,0.272380952,0.714285714,0.000741342
2154,0,0,0,0
2155,0,0,0,0
2156,0.002997511,0.338983051,0.857142857,0.000870948
2157,0.001879795,0.27027027,0.785714286,0.000399184
2158,0,0,0,0
2159,0,0,0,0
2160,0,0,0,0
2161,0,0,0,0
2162,0,0,0,0
2163,0.000508053,0.214285714,0.714285714,7.78E-05
2164,0.000558858,0.220779221,0.714285714,8.81E-05
2165,0,0,0,0
2166,0.000711274,0.224489796,0.714285714,0.000114053
2167,0.000660468,0.263736264,0.714285714,0.000124421
2168,0,0,0,0
2169,0.000762079,0.257142857,0.714285714,0.000139974
2170,0.001016105,0.257142857,0.714285714,0.000186632
2171,0,0,0,0
2172,0.000711274,0.265306122,0.714285714,0.00013479
2173,0.000812884,0.267857143,0.714285714,0.000155526
2174,0,0,0,0
2175,0,0,0,0
2176,0,0,0,0
2177,0.010211858,0.228855721,0.857142857,0.002003179
2178,0.001016105,0.271428571,0.714285714,0.000197
2179,0,0,0,0
2180,0.004724889,0.222734255,0.714285714,0.00075171
2181,5.08E-05,0.142857143,0.571428571,4.15E-06
2182,0.003200732,0.278911565,0.714285714,0.000637658
2183,0.007011126,0.224637681,0.714285714,0.001124974
2184,0,0,0,0
2185,0.004369253,0.255813953,0.857142857,0.000958042
2186,0.000812884,0.276785714,0.714285714,0.00016071
2187,0,0,0,0
2188,0.001016105,0.271428571,0.714285714,0.000197
2189,0,0,0,0
2190,0,0,0,0
2191,0,0,0,0
2192,0,0,0,0
2193,0,0,0,0
2194,0,0,0,0
2195,0,0,0,0
2196,0.001574963,0.294930876,0.785714286,0.000364968
2197,0.004978916,0.293002915,0.857142857,0.001250432
2198,0,0,0,0
2199,0.001117716,0.266233766,0.785714286,0.000233808
2200,0.011024742,0.233706386,0.857142857,0.002208474
2201,0,0,0,0
2202,0,0,0,0
2203,0,0,0,0
2204,0.000355637,0.142857143,0.666666667,3.39E-05
2205,0.000406442,0.160714286,0.666666667,4.35E-05
2206,0,0,0,0
2207,0,0,0,0
2208,0,0,0,0
2209,0,0,0,0
2210,0,0,0,0
2211,0,0,0,0
2212,0,0,0,0
2213,0.001168521,0.161490683,0.8,0.000150964
2214,0.000203221,0.142857143,0.666666667,1.94E-05
2215,0.000203221,0.178571429,0.666666667,2.42E-05
2216,0,0,0,0
2217,0,0,0,0
2218,0,0,0,0
2219,0,0,0,0
2220,0,0,0,0
2221,0,0,0,0
2222,0,0,0,0
2223,0,0,0,0
2224,0,0,0,0
2225,0,0,0,0
2226,0,0,0,0
2227,0,0,0,0
2228,0.000101611,0.142857143,0.666666667,9.68E-06
2229,0.000152416,0.142857143,0.666666667,1.45E-05
2230,0,0,0,0
2231,0.000609663,0.154761905,0.666666667,6.29E-05
2232,0.000508053,0.185714286,0.666666667,6.29E-05
2233,0,0,0,0
2234,0,0,0,0
2235,0,0,0,0
2236,0,0,0,0
2237,0,0,0,0
2238,0,0,0,0
2239,0,0,0,0
2240,0.000812884,0.142857143,0.8,9.29E-05
2241,0.000609663,0.166666667,0.666666667,6.77E-05
2242,0.000508053,0.185714286,0.666666667,6.29E-05
2243,0,0,0,0
2244,0,0,0,0
2245,0.000406442,0.196428571,0.8,6.39E-05
2246,0.000203221,0.142857143,0.666666667,1.94E-05
2247,0.000355637,0.163265306,0.666666667,3.87E-05
2248,0.001016105,0.142857143,0.8,0.000116126
2249,0.000355637,0.163265306,0.666666667,3.87E-05
2250,0.000304832,0.166666667,0.666666667,3.39E-05
2251,0,0,0,0
2252,0,0,0,0
2253,0,0,0,0
2254,0,0,0,0
2255,0,0,0,0
2256,0,0,0,0
2257,0.000152416,0.142857143,0.666666667,1.45E-05
2258,0.001016105,0.157142857,0.8,0.000127739
2259,0.000304832,0.166666667,0.666666667,3.39E-05
2260,0,0,0,0
2261,0,0,0,0
2262,0,0,0,0
2263,0.000558858,0.142857143,0.8,6.39E-05
2264,0.000914495,0.142857143,0.8,0.000104514
2265,0.000609663,0.142857143,0.8,6.97E-05
2266,0,0,0,0
2267,0.001727379,0.327731092,1,0.000566116
2268,0.004572474,0.241269841,0.888888889,0.000980622
2269,0.002743484,0.306878307,0.666666667,0.000561277
2270,0.002235432,0.243506494,0.666666667,0.000362895
2271,0.001016105,0.292857143,0.777777778,0.000231446
2272,0,0,0,0
2273,0,0,0,0
2274,0,0,0,0
2275,0.012955342,0.259383754,0.777777778,0.002613649
2276,0,0,0,0
2277,0.013107758,0.279069767,0.777777778,0.002845095
2278,0.001524158,0.247619048,0.777777778,0.000293542
2279,0,0,0,0
2280,0.003251537,0.279017857,0.666666667,0.000604825
2281,0.004369253,0.295681063,0.888888889,0.00114836
2282,0.001676574,0.255411255,0.666666667,0.000285477
2283,0,0,0,0
2284,0,0,0,0
2285,0,0,0,0
2286,0.0038612,0.244360902,0.666666667,0.000629018
2287,0.007112737,0.302040816,0.888888889,0.001909633
2288,0.001981405,0.238095238,0.666666667,0.000314509
2289,0,0,0,0
2290,0,0,0,0
2291,0.010059442,0.26984127,0.777777778,0.002111241
2292,0.004318447,0.282352941,1,0.001219326
2293,0.005029721,0.291486291,1,0.001466095
2294,0,0,0,0
2295,0.0009653,0.270676692,0.777777778,0.000203221
2296,0.001117716,0.24025974,0.777777778,0.000208866
2297,0.008941726,0.273538961,0.777777778,0.001902375
2298,0,0,0,0
2299,0.003454758,0.254201681,0.666666667,0.00058547
2300,0.004267642,0.275510204,0.666666667,0.000783853
2301,0.007976426,0.30300273,0.888888889,0.002148337
2302,0,0,0,0
2303,0.000186286,0.25974026,0.6875,3.33E-05
2304,0.000101611,0.214285714,0.6875,1.50E-05
2305,0.000169351,0.242857143,0.875,3.60E-05
2306,0.000626598,0.254826255,0.8125,0.000129735
2307,0.000152416,0.222222222,0.75,2.54E-05
2308,0.000880625,0.332417582,0.875,0.000256143
2309,0.000338702,0.264285714,0.6875,6.15E-05
2310,0,0,0,0
2311,0.000338702,0.235714286,0.6875,5.49E-05
2312,0,0,0,0
2313,0.000558858,0.186147186,0.75,7.80E-05
2314,0.000609663,0.317460317,0.75,0.000145158
2315,0.001253196,0.28957529,0.75,0.000272171
2316,0,0,0,0
2317,0.001134651,0.23880597,0.75,0.000203221
2318,0.000254026,0.314285714,0.8125,6.49E-05
2319,0.001473353,0.348111658,0.75,0.000384669
2320,0.001270132,0.215238095,0.875,0.000239208
2321,0,0,0,0
2322,0,0,0,0
2323,0,0,0,0
2324,0,0,0,0
2325,0.000169351,0.214285714,0.6875,2.49E-05
2326,0.000186286,0.324675325,0.6875,4.16E-05
2327,0.001320937,0.206959707,0.875,0.000239208
2328,0,0,0,0
2329,0.000626598,0.223938224,0.875,0.000122779
2330,0.000186286,0.142857143,0.6875,1.83E-05
2331,0.005503904,0.203076923,0.9375,0.001047859
2332,0.004724889,0.330773169,0.9375,0.001465187
2333,0.004436993,0.22955289,0.9375,0.000954867
2334,1.69E-05,0.142857143,0.5625,1.36E-06
2335,0.003607174,0.29778672,0.9375,0.001007033
2336,0.000677404,0.246428571,0.8125,0.000135632
2337,0.000762079,0.342857143,0.875,0.000228624
2338,0.001405612,0.290877797,0.875,0.000357754
2339,0,0,0,0
2340,0,0,0,0
2341,0,0,0,0
2342,0,0,0,0
2343,0.001608833,0.230075188,0.875,0.000323883
2344,0.001845925,0.24508519,0.875,0.000395858
2345,0,0,0,0
2346,0,0,0,0
2347,0,0,0,0
2348,0,0,0,0
2349,0,0,0,0
2350,0,0,0,0
2351,0.00196447,0.22044335,0.875,0.000378923
2352,0,0,0,0
2353,0.000389507,0.273291925,0.75,7.98E-05
2354,0.001422547,0.273809524,0.75,0.00029213
2355,0,0,0,0
2356,0.001117716,0.242424242,0.75,0.000203221
2357,0,0,0,0
2358,0,0,0,0
2359,0,0,0,0
2360,0,0,0,0
2361,0,0,0,0
2362,0,0,0,0
2363,0.000101611,0.142857143,0.6875,9.98E-06
2364,0.002506393,0.323359073,0.875,0.000709157
2365,0.002150756,0.244094488,0.875,0.000459364
2366,0,0,0,0
2367,0.000254026,0.238095238,0.6875,4.16E-05
2368,0.000254026,0.266666667,0.6875,4.66E-05
2369,0,0,0,0
2370,0,0,0,0
2371,0,0,0,0
2372,0.005402293,0.271831617,0.9375,0.001376732
2373,1.69E-05,0.142857143,0.5625,1.36E-06
2374,0.002269302,0.236673774,0.875,0.000469949
2375,0.000220156,0.241758242,0.6875,3.66E-05
2376,0,0,0,0
2377,0.000220156,0.263736264,0.6875,3.99E-05
2378,0,0,0,0
2379,0,0,0,0
2380,0,0,0,0
2381,0,0,0,0
2382,0,0,0,0
2383,0,0,0,0
2384,0,0,0,0
2385,0.000169351,0.257142857,0.75,3.27E-05
2386,0.000203221,0.261904762,0.75,3.99E-05
2387,0,0,0,0
2388,0.000524988,0.202764977,0.75,7.98E-05
2389,0.000592728,0.27755102,0.75,0.000123384
2390,0.00089756,0.20754717,0.75,0.000139715
2391,0.002167691,0.213169643,0.75,0.000346564
2392,0.000254026,0.171428571,0.75,3.27E-05
2393,0,0,0,0
2394,0,0,0,0
2395,0,0,0,0
2396,0.003979746,0.188449848,0.875,0.000656235
2397,1.69E-05,0.142857143,0.5625,1.36E-06
2398,0.000524988,0.244239631,0.8125,0.000104181
2399,0.00296364,0.249795918,0.9375,0.000694036
2400,1.69E-05,0.142857143,0.625,1.51E-06
2401,0.002150756,0.249718785,0.9375,0.000503516
2402,0.002133821,0.214285714,0.6875,0.000314358
2403,0.0009653,0.240601504,0.8125,0.000188705
2404,0.000220156,0.153846154,0.75,2.54E-05
2405,0.001693509,0.214285714,0.8125,0.000294852
2406,0.00292977,0.212221305,0.8125,0.00050518
2407,8.47E-05,0.2,0.8125,1.38E-05
2408,0.000101611,0.142857143,0.8125,1.18E-05
2409,0.006520009,0.238218924,0.9375,0.001456115
2410,0.004436993,0.315158124,0.875,0.00122356
2411,0,0,0,0
2412,0.003048316,0.207142857,0.875,0.000552507
2413,0.001676574,0.264069264,0.8125,0.000359719
2414,0,0,0,0
2415,0,0,0,0
2416,0,0,0,0
2417,0.011431184,0.22010582,0.9375,0.002358816
2418,3.39E-05,0.142857143,0.75,3.63E-06
2419,0.006181307,0.298238748,0.9375,0.001728286
2420,0.001676574,0.226551227,0.875,0.000332351
2421,0,0,0,0
2422,0.001016105,0.304761905,0.8125,0.000251607
2423,0.002489458,0.229348882,0.6875,0.000392531
2424,0.001253196,0.249034749,0.75,0.000234067
2425,0.000304832,0.166666667,0.8125,4.13E-05
2426,0,0,0,0
2427,0,0,0,0
2428,0,0,0,0
2429,0,0,0,0
2430,0.001304002,0.239332096,0.875,0.000273078
2431,0.000745144,0.266233766,0.8125,0.000161186
2432,0,0,0,0
2433,0.00286203,0.234995773,0.9375,0.00063053
2434,0.003573304,0.27014218,0.9375,0.000904969
2435,0,0,0,0
2436,0.000186286,0.233766234,0.6875,2.99E-05
2437,0.000203221,0.25,0.6875,3.49E-05
2438,0.001473353,0.21182266,0.75,0.000234067
2439,0,0,0,0
2440,0,0,0,0
2441,0,0,0,0
2442,0,0,0,0
2443,0,0,0,0
2444,0.001016105,0.273809524,0.75,0.000208664
2445,0,0,0,0
2446,0.000914495,0.232804233,0.75,0.000159674
2447,0,0,0,0
2448,0,0,0,0
2449,0,0,0,0
2450,0.000423377,0.331428571,0.6875,9.65E-05
2451,0.000203221,0.297619048,0.6875,4.16E-05
2452,0.000474182,0.239795918,0.875,9.95E-05
2453,0,0,0,0
2454,0.000880625,0.285714286,0.75,0.000188705
2455,0.000846754,0.285714286,0.75,0.000181447
2456,0.003945875,0.302268547,0.9375,0.001118169
2457,6.77E-05,0.142857143,0.625,6.04E-06
2458,0.002218497,0.256270447,0.875,0.000497468
2459,0.003285407,0.223122239,0.8125,0.000595601
2460,6.77E-05,0.142857143,0.75,7.25E-06
2461,5.08E-05,0.142857143,0.75,5.44E-06
2462,0,0,0,0
2463,0,0,0,0
2464,0,0,0,0
2465,0.002878965,0.211764706,0.8125,0.000495351
2466,1.69E-05,0.142857143,0.75,1.81E-06
2467,0.000338702,0.2,0.75,5.08E-05
2468,0,0,0,0
2469,0,0,0,0
2470,0,0,0,0
2471,0.000270961,0.258928571,0.6875,4.82E-05
2472,0,0,0,0
2473,0.000220156,0.263736264,0.6875,3.99E-05
2474,0,0,0,0
2475,0.000745144,0.373376623,0.8125,0.000226053
2476,0.000711274,0.258503401,0.75,0.0001379
2477,0,0,0,0
2478,0,0,0,0
2479,0,0,0,0
2480,0.000355637,0.333333333,0.6875,8.15E-05
2481,0.000237091,0.193877551,0.6875,3.16E-05
2482,0.000762079,0.282539683,0.875,0.000188403
2483,0.001981405,0.266178266,0.875,0.000461481
2484,0,0,0,0
2485,0.000592728,0.232653061,0.75,0.000103425
2486,0.002269302,0.223880597,0.75,0.00038104
2487,0,0,0,0
2488,0,0,0,0
2489,0,0,0,0
2490,0,0,0,0
2491,0,0,0,0
2492,6.77E-05,0.214285714,0.6875,9.97E-06
2493,0.001727379,0.322128852,0.8125,0.000452106
2494,0.001388677,0.25261324,0.875,0.000306948
2495,0,0,0,0
2496,0.003285407,0.219440353,0.875,0.000630832
2497,0.001117716,0.268398268,0.8125,0.000243744
2498,0.003387018,0.192857143,0.875,0.000571559
2499,0.001761249,0.208791209,0.8125,0.000298783
2500,0,0,0,0
2501,0.001185456,0.224489796,0.8125,0.000216225
2502,0.002506393,0.206563707,0.8125,0.000420655
2503,0.000254026,0.142857143,0.8125,2.95E-05
2504,0.004064421,0.222619048,0.9375,0.000848266
2505,6.77E-05,0.214285714,0.625,9.07E-06
2506,0.002116886,0.269714286,0.9375,0.00053527
2507,0,0,0,0
2508,0,0,0,0
2509,0,0,0,0
2510,0.000304832,0.365079365,0.8125,9.04E-05
2511,0.000338702,0.292857143,0.8125,8.06E-05
2512,0.000643533,0.263157895,0.875,0.000148182
2513,0,0,0,0
2514,0.00286203,0.257819104,0.9375,0.000691768
2515,0.002370912,0.293877551,0.875,0.000609663
2516,0.006045826,0.256902761,0.9375,0.001456115
2517,1.69E-05,0.142857143,0.8125,1.96E-06
2518,0.004318447,0.317647059,0.9375,0.001286008
2519,0.005605514,0.211911955,0.9375,0.001113633
2520,0.00089756,0.234501348,1,0.000210479
2521,0.000101611,0.19047619,0.9375,1.81E-05
2522,0.002133821,0.20521542,0.6875,0.000301051
2523,0.001219326,0.242063492,0.75,0.000221366
2524,0.000372572,0.149350649,0.8125,4.52E-05
2525,0.006384528,0.189086775,0.9375,0.001131778
2526,0.002641874,0.218864469,0.9375,0.000542074
2527,0.000304832,0.158730159,0.9375,4.54E-05
2528,0.000846754,0.26,0.75,0.000165117
2529,0.003962811,0.222832723,0.75,0.000662283
2530,0.000118546,0.142857143,0.75,1.27E-05
2531,0.003285407,0.22017673,0.875,0.000632949
2532,0,0,0,0
2533,0.000880625,0.25,0.8125,0.000178877
2534,0,0,0,0
2535,0.002066081,0.207259953,0.875,0.000374689
2536,0.00103304,0.255269321,0.8125,0.000214259
2537,0,0,0,0
2538,0,0,0,0
2539,0,0,0,0
2540,0.001117716,0.218614719,0.75,0.000183262
2541,0.00089756,0.196765499,0.8125,0.000143495
2542,0.002726549,0.333629104,0.875,0.000795949
2543,0.004115226,0.21340388,0.875,0.00076843
2544,0,0,0,0
2545,0.001422547,0.290816327,0.8125,0.000336131
2546,0.006096632,0.200793651,0.875,0.001071144
2547,0.000880625,0.239010989,0.75,0.000157859
2548,0.000169351,0.171428571,0.8125,2.36E-05
2549,0.002997511,0.223567393,0.75,0.000502609
2550,0.002218497,0.256270447,0.75,0.000426401
2551,0.000338702,0.142857143,0.875,4.23E-05
2552,0.000118546,0.224489796,0.6875,1.83E-05
2553,0.00292977,0.267547481,0.9375,0.000734862
2554,0.003099121,0.268540203,0.9375,0.000780224
2555,0,0,0,0
2556,0.000203221,0.321428571,0.75,4.90E-05
2557,0.000220156,0.263736264,0.75,4.35E-05
2558,0,0,0,0
2559,0.0009653,0.263157895,0.75,0.00019052
2560,0.000880625,0.28021978,0.75,0.000185076
2561,0.000287896,0.31092437,0.6875,6.15E-05
2562,0.000287896,0.235294118,0.6875,4.66E-05
2563,0.000643533,0.266917293,0.875,0.000150299
2564,0.001541093,0.238618524,0.8125,0.000298783
2565,6.77E-05,0.142857143,0.6875,6.65E-06
2566,0.000101611,0.214285714,0.75,1.63E-05
2567,0.005199072,0.249418334,0.9375,0.001215697
2568,8.47E-05,0.142857143,0.625,7.56E-06
2569,0.001710444,0.246110325,0.875,0.000368338
2570,0.000355637,0.299319728,0.6875,7.32E-05
2571,0,0,0,0
2572,0.000321767,0.285714286,0.6875,6.32E-05
2573,0.000779014,0.304347826,0.8125,0.000192637
2574,0.001185456,0.355102041,0.75,0.000315718
2575,0.001507223,0.213483146,0.875,0.000281546
2576,0.000237091,0.153061224,0.6875,2.49E-05
2577,0.002387847,0.294832827,0.875,0.000616014
2578,0.001761249,0.239010989,0.875,0.000368338
2579,0,0,0,0
2580,0.000270961,0.285714286,0.6875,5.32E-05
2581,0.000287896,0.243697479,0.6875,4.82E-05
2582,0.002912835,0.215946844,0.75,0.000471763
2583,1.69E-05,0.142857143,0.625,1.51E-06
2584,0,0,0,0
2585,0.001371742,0.248677249,0.75,0.000255841
2586,1.69E-05,0.142857143,0.625,1.51E-06
2587,0,0,0,0
2588,0.003166861,0.249045073,0.875,0.000690105
2589,0,0,0,0
2590,0.000304832,0.285714286,0.75,6.53E-05
2591,0.001270132,0.302857143,0.75,0.000288501
2592,0,0,0,0
2593,0.001253196,0.249034749,0.75,0.000234067
2594,0.000270961,0.267857143,0.8125,5.90E-05
2595,0.000389507,0.248447205,0.8125,7.86E-05
2596,0.000677404,0.260714286,0.875,0.000154533
2597,0.003556368,0.223809524,0.8125,0.000646709
2598,0,0,0,0
2599,0.000203221,0.166666667,0.75,2.54E-05
2600,0,0,0,0
2601,0.001337872,0.21880651,0.875,0.000256143
2602,0.000355637,0.333333333,0.75,8.89E-05
2603,0.000135481,0.142857143,0.6875,1.33E-05
2604,0.007603854,0.216990137,0.9375,0.001546839
2605,0.003403953,0.309879176,0.875,0.000922962
2606,0.000812884,0.223214286,0.75,0.000136085
2607,0.000812884,0.220238095,0.8125,0.00014546
2608,0.001422547,0.367346939,0.875,0.000457247
2609,0.002269302,0.235607676,0.9375,0.000501248
2610,0.001524158,0.211111111,0.9375,0.000301656
2611,0.000220156,0.175824176,0.9375,3.63E-05
2612,0.0086877,0.221943748,0.9375,0.001807669
2613,5.08E-05,0.142857143,0.75,5.44E-06
2614,0.003539433,0.28708134,0.875,0.000889092
2615,0.002675744,0.214285714,0.875,0.000501702
2616,0,0,0,0
2617,0.000762079,0.244444444,0.875,0.000163
2618,0.000457247,0.333333333,0.8125,0.000123838
2619,0.000863689,0.352941176,0.75,0.000228624
2620,0.001287067,0.272556391,0.875,0.000306949
2621,0.000304832,0.19047619,0.6875,3.99E-05
2622,0.003776525,0.289557976,0.9375,0.001025178
2623,0.003217667,0.255639098,0.9375,0.000771151
2624,0,0,0,0
2625,0.003014446,0.251203852,0.875,0.000662585
2626,0.001727379,0.224089636,0.8125,0.000314509
2627,0.005605514,0.21277514,0.875,0.001043625
2628,0.001066911,0.244897959,0.8125,0.000212294
2629,0.000237091,0.153061224,0.75,2.72E-05
2630,0.002878965,0.215966387,0.875,0.00054404
2631,0.005656319,0.216424294,0.8125,0.000994634
2632,0.000118546,0.163265306,0.75,1.45E-05
2633,0.006774035,0.218214286,0.875,0.001293417
2634,0,0,0,0
2635,0.000745144,0.243506494,0.875,0.000158766
2636,0.006198242,0.218188915,0.9375,0.001267863
2637,5.08E-05,0.238095238,0.625,7.56E-06
2638,0.003403953,0.26652452,0.9375,0.000850535
2639,0.000812884,0.199404762,0.8125,0.000131701
2640,0.000626598,0.227799228,0.8125,0.000115975
2641,0.001981405,0.330891331,0.875,0.000573676
2642,0.0077224,0.20018797,0.9375,0.001449311
2643,0.003166861,0.273491215,0.875,0.000757845
2644,0.00093143,0.150649351,1,0.000140319
2645,0.000389507,0.229813665,0.6875,6.15E-05
2646,0.002658809,0.342129208,0.875,0.000795949
2647,0.002726549,0.22715173,0.875,0.000541923
2648,0.001168521,0.262939959,0.8125,0.000249641
2649,0.001168521,0.302277433,0.75,0.000264913
2650,0.001981405,0.271062271,0.875,0.000469949
2651,0,0,0,0
2652,0,0,0,0
2653,0,0,0,0
2654,0.00392894,0.21182266,0.875,0.000728209
2655,8.47E-05,0.142857143,0.4375,5.29E-06
2656,0.000524988,0.267281106,0.75,0.00010524
2657,0,0,0,0
2658,0.000440312,0.313186813,0.75,0.000103425
2659,0.000338702,0.271428571,0.75,6.90E-05
2660,0.005520839,0.26774759,0.9375,0.001385804
2661,5.08E-05,0.142857143,0.5625,4.08E-06
2662,0.00186286,0.237662338,0.875,0.00038739
2663,0.000575793,0.197478992,0.8125,9.24E-05
2664,0.010923132,0.242081949,0.9375,0.002479025
2665,0.004453928,0.282455187,0.9375,0.001179408
2666,0.002472523,0.225048924,0.8125,0.000452106
2667,0.001625768,0.27827381,0.8125,0.000367582
2668,0.004267642,0.35260771,0.875,0.001316703
2669,0,0,0,0
2670,0,0,0,0
2671,0,0,0,0
2672,0.007739335,0.20006252,0.875,0.001354807
2673,0,0,0,0
2674,0.001490288,0.308441558,0.8125,0.000373479
2675,0,0,0,0
2676,0.003607174,0.274312542,0.875,0.000865806
2677,0.001795119,0.190026954,0.8125,0.000277161
2678,0.011888432,0.217338217,0.9375,0.002422322
2679,5.08E-05,0.19047619,0.875,8.47E-06
2680,0.004369253,0.261904762,0.9375,0.001072808
2681,0,0,0,0
2682,0,0,0,0
2683,0,0,0,0
2684,0,0,0,0
2685,0,0,0,0
2686,0,0,0,0
2687,0.000423377,0.371428571,0.6875,0.000108112
2688,8.47E-05,0.342857143,0.6875,2.00E-05
2689,0.000440312,0.263736264,0.875,0.00010161
2690,0.000474182,0.285714286,0.8125,0.000110078
2691,0.000508053,0.233333333,0.8125,9.63E-05
2692,0.00103304,0.386416862,0.875,0.000349286
2693,0.001185456,0.291836735,0.75,0.00025947
2694,0,0,0,0
2695,0.001117716,0.268398268,0.75,0.000224995
2696,0,0,0,0
2697,0.000118546,0.244897959,0.6875,2.00E-05
2698,0.000135481,0.285714286,0.6875,2.66E-05
2699,0.000152416,0.19047619,0.6875,2.00E-05
2700,0,0,0,0
2701,0.000152416,0.301587302,0.6875,3.16E-05
2702,0.001134651,0.296375267,0.8125,0.00027323
2703,0.000694339,0.31010453,0.75,0.000161488
2704,0.001151586,0.212184874,0.875,0.000213805
2705,0,0,0,0
2706,0.001016105,0.257142857,0.75,0.000195963
2707,0.00099917,0.259079903,0.75,0.000194149
2708,0,0,0,0
2709,0,0,0,0
2710,0,0,0,0
2711,0.002167691,0.225446429,0.9375,0.000458155
2712,0.000101611,0.142857143,0.6875,9.98E-06
2713,0.002574133,0.277255639,0.9375,0.000669087
2714,0,0,0,0
2715,0.004724889,0.188940092,0.875,0.000781131
2716,0.00099917,0.220338983,0.8125,0.000178877
2717,0.000795949,0.188449848,0.875,0.000131247
2718,0,0,0,0
2719,0.000541923,0.276785714,0.8125,0.000121872
2720,0.000440312,0.324175824,0.8125,0.000115975
2721,0.000880625,0.266483516,0.875,0.000205338
2722,0.001083846,0.247767857,0.875,0.000234974
2723,1.69E-05,0.142857143,0.625,1.51E-06
2724,0.005402293,0.231079266,0.9375,0.001170336
2725,0.0057918,0.294068505,0.875,0.001490288
2726,0,0,0,0
2727,0,0,0,0
2728,0,0,0,0
2729,0,0,0,0
2730,0,0,0,0
2731,0,0,0,0
2732,0,0,0,0
2733,0,0,0,0
2734,0,0,0,0
2735,0.002658809,0.257506824,0.9375,0.00064187
2736,1.69E-05,0.142857143,0.5,1.21E-06
2737,0.001828989,0.257936508,0.875,0.000412793
2738,0,0,0,0
2739,0,0,0,0
2740,0,0,0,0
2741,0.000304832,0.261904762,0.6875,5.49E-05
2742,0,0,0,0
2743,0.000304832,0.238095238,0.6875,4.99E-05
2744,0,0,0,0
2745,0,0,0,0
2746,0,0,0,0
2747,0,0,0,0
2748,0.000338702,0.292857143,0.75,7.44E-05
2749,0.000355637,0.238095238,0.75,6.35E-05
2750,0,0,0,0
2751,0,0,0,0
2752,0,0,0,0
2753,0,0,0,0
2754,0.00103304,0.234192037,0.75,0.000181447
2755,0.000914495,0.261904762,0.75,0.000179633
2756,0.000660468,0.238095238,0.875,0.000137597
2757,0,0,0,0
2758,0.000186286,0.285714286,0.75,3.99E-05
2759,0,0,0,0
2760,0,0,0,0
2761,0,0,0,0
2762,0.000829819,0.241982507,0.75,0.000150601
2763,0,0,0,0
2764,0.000795949,0.255319149,0.75,0.000152416
2765,0.000270961,0.169642857,0.6875,3.16E-05
2766,0.003200732,0.352229781,0.8125,0.000916007
2767,0.002557198,0.222327342,0.875,0.000497468
2768,0,0,0,0
2769,0,0,0,0
2770,0,0,0,0
2771,0,0,0,0
2772,0.000237091,0.234693878,0.6875,3.83E-05
2773,0.000220156,0.318681319,0.6875,4.82E-05
2774,0.000237091,0.224489796,0.75,3.99E-05
2775,0.004335382,0.185267857,0.75,0.000602405
2776,0.000152416,0.142857143,0.8125,1.77E-05
2777,0,0,0,0
2778,0,0,0,0
2779,0,0,0,0
2780,0.006774035,0.217857143,0.9375,0.001383536
2781,8.47E-05,0.142857143,0.875,1.06E-05
2782,0.005774865,0.370339338,0.9375,0.002004993
2783,0.001439482,0.226890756,0.8125,0.000265367
2784,0.002083016,0.245063879,0.8125,0.000414758
2785,0.000711274,0.142857143,0.75,7.62E-05
2786,0.000660468,0.212454212,0.875,0.000122779
2787,0,0,0,0
2788,0.000592728,0.228571429,0.8125,0.000110078
2789,0.000491118,0.261083744,0.8125,0.000104181
2790,0.004403123,0.211538462,0.8125,0.000756787
2791,0.000321767,0.157894737,0.75,3.81E-05
2792,0,0,0,0
2793,0.004420058,0.192118227,0.875,0.000743027
2794,0.000524988,0.202764977,0.8125,8.65E-05
2795,0,0,0,0
2796,0,0,0,0
2797,0,0,0,0
2798,0,0,0,0
2799,0.006333723,0.206646295,0.9375,0.001227038
2800,0.004199902,0.300691244,0.875,0.001105015
2801,0.002116886,0.194285714,0.875,0.000359871
2802,1.69E-05,0.142857143,0.5,1.21E-06
2803,0.000762079,0.304761905,0.8125,0.000188705
2804,0.000491118,0.261083744,0.75,9.62E-05
2805,0.00196447,0.268472906,0.75,0.000395555
2806,0.000372572,0.155844156,0.75,4.35E-05
2807,0.002218497,0.234460196,0.9375,0.00048764
2808,3.39E-05,0.142857143,0.625,3.03E-06
2809,0.002675744,0.290235081,0.9375,0.000728058
2810,0.000152416,0.158730159,0.75,1.81E-05
2811,0.007197412,0.279327731,0.9375,0.001884784
2812,0.005995021,0.266343826,0.9375,0.001496941
2813,0,0,0,0
2814,0,0,0,0
2815,0,0,0,0
2816,0,0,0,0
2817,0.002303172,0.24894958,0.875,0.000501702
2818,0.002370912,0.239795918,0.8125,0.000461935
2819,0,0,0,0
2820,0.000863689,0.263305322,0.75,0.00017056
2821,0.000880625,0.244505495,0.75,0.000161488
2822,0.000304832,0.246031746,0.75,5.62E-05
2823,0,0,0,0
2824,0,0,0,0
2825,0.000135481,0.25,0.6875,2.33E-05
2826,0,0,0,0
2827,0.000135481,0.232142857,0.6875,2.16E-05
2828,0,0,0,0
2829,0,0,0,0
2830,0,0,0,0
2831,0,0,0,0
2832,0,0,0,0
2833,0,0,0,0
2834,0,0,0,0
2835,0.000220156,0.285714286,0.6875,4.32E-05
2836,0.000237091,0.255102041,0.6875,4.16E-05
2837,0.000220156,0.21978022,0.6875,3.33E-05
2838,0.000220156,0.274725275,0.6875,4.16E-05
2839,0.000592728,0.285714286,0.875,0.000148182
2840,0.000880625,0.21978022,0.8125,0.000157254
2841,1.69E-05,0.142857143,0.625,1.51E-06
2842,0.000186286,0.181818182,0.75,2.54E-05
2843,0.001337872,0.35443038,0.875,0.00041491
2844,0,0,0,0
2845,0.000829819,0.271137026,0.75,0.000168746
2846,0,0,0,0
2847,0,0,0,0
2848,0,0,0,0
2849,0.000762079,0.225396825,0.8125,0.000139563
2850,5.08E-05,0.142857143,0.5625,4.08E-06
2851,0.000152416,0.19047619,0.75,2.18E-05
2852,0.001354807,0.255357143,0.75,0.00025947
2853,0,0,0,0
2854,0.000948365,0.260204082,0.75,0.000185076
2855,0,0,0,0
2856,0,0,0,0
2857,0,0,0,0
2858,0,0,0,0
2859,0,0,0,0
2860,0,0,0,0
2861,0.000254026,0.180952381,0.6875,3.16E-05
2862,0.003048316,0.33968254,0.8125,0.000841311
2863,0.002523328,0.234899329,0.875,0.000518637
2864,0.000186286,0.298701299,0.6875,3.83E-05
2865,0.000270961,0.321428571,0.6875,5.99E-05
2866,0.000406442,0.244047619,0.875,8.68E-05
2867,0.000304832,0.214285714,0.75,4.90E-05
2868,0,0,0,0
2869,0,0,0,0
2870,0.002506393,0.28957529,0.9375,0.000680428
2871,0,0,0,0
2872,0.001439482,0.242016807,0.875,0.000304831
2873,0,0,0,0
2874,0,0,0,0
2875,0,0,0,0
2876,0,0,0,0
2877,0.000575793,0.357142857,0.75,0.00015423
2878,0.000524988,0.230414747,0.75,9.07E-05
2879,6.77E-05,0.214285714,0.625,9.07E-06
2880,0.005927281,0.220816327,0.9375,0.001227038
2881,0.002743484,0.273368607,0.875,0.000656235
2882,0.000677404,0.228571429,0.875,0.000135481
2883,0.004318447,0.193277311,0.8125,0.000678159
2884,5.08E-05,0.19047619,0.75,7.26E-06
2885,0.000558858,0.233766234,0.875,0.000114312
2886,0,0,0,0
2887,0.000304832,0.246031746,0.875,6.56E-05
2888,0.000694339,0.257839721,0.6875,0.000123082
2889,0.003166861,0.201680672,0.8125,0.000518939
2890,0.000270961,0.142857143,0.8125,3.15E-05
2891,0,0,0,0
2892,0,0,0,0
2893,0,0,0,0
2894,0,0,0,0
2895,0.002489458,0.268221574,0.875,0.000584261
2896,0.001507223,0.239165329,0.8125,0.000292886
2897,0.000711274,0.221088435,0.8125,0.000127769
2898,0.000795949,0.20668693,0.8125,0.000133666
2899,0.002184626,0.342192691,0.875,0.000654118
2900,0.002455588,0.193103448,0.9375,0.000444546
2901,0.001947535,0.233540373,0.9375,0.000426401
2902,0.001219326,0.148809524,0.9375,0.000170107
2903,0.00196447,0.246305419,0.875,0.000423377
2904,1.69E-05,0.285714286,0.5625,2.72E-06
2905,0.001236261,0.320939335,0.8125,0.000322371
2906,0.002032211,0.222619048,0.75,0.000339307
2907,0.001422547,0.260204082,0.75,0.000277614
2908,0.000423377,0.142857143,0.75,4.54E-05
2909,0.001287067,0.206766917,0.9375,0.00024949
2910,0.004555539,0.212426978,0.9375,0.000907237
2911,0.000338702,0.157142857,0.9375,4.99E-05
2912,0.002235432,0.262987013,0.9375,0.000551146
2913,1.69E-05,0.142857143,0.625,1.51E-06
2914,0.002083016,0.275261324,0.9375,0.000537538
2915,0.000541923,0.272321429,0.6875,0.000101459
2916,0.004487798,0.205929919,0.75,0.000693129
2917,0.000254026,0.180952381,0.75,3.45E-05
2918,0,0,0,0
2919,0,0,0,0
2920,0,0,0,0
2921,0.000135481,0.196428571,0.6875,1.83E-05
2922,0.0067571,0.259219477,0.9375,0.001642099
2923,0.0038612,0.278822055,0.9375,0.001009301
2924,0.000355637,0.25170068,0.75,6.71E-05
2925,0.000321767,0.285714286,0.8125,7.47E-05
2926,0.000711274,0.353741497,0.875,0.000220156
2927,0.001744314,0.191400832,0.875,0.00029213
2928,0.002320107,0.263816475,0.875,0.000535572
2929,0.000592728,0.146938776,0.75,6.53E-05
2930,0.003387018,0.267857143,0.9375,0.000850535
2931,5.08E-05,0.142857143,0.6875,4.99E-06
2932,0.003183797,0.282674772,0.9375,0.00084373
2933,0.003149926,0.229646697,0.8125,0.000587738
2934,0.002303172,0.254201681,0.8125,0.000475695
2935,0.000609663,0.150793651,0.8125,7.47E-05
2936,0,0,0,0
2937,0.001947535,0.263354037,0.875,0.00044878
2938,0.001558028,0.24378882,0.8125,0.000308612
2939,0.000203221,0.178571429,0.6875,2.49E-05
2940,0.001812054,0.32576769,0.8125,0.000479626
2941,0.001439482,0.245378151,0.875,0.000309065
2942,0.000491118,0.256157635,0.6875,8.65E-05
2943,0.000338702,0.292857143,0.6875,6.82E-05
2944,0.000795949,0.303951368,0.875,0.000211689
2945,0,0,0,0
2946,0.000220156,0.197802198,0.6875,2.99E-05
2947,0.000237091,0.244897959,0.6875,3.99E-05
2948,0.000660468,0.271062271,0.875,0.000156649
2949,1.69E-05,0.142857143,0.375,9.05E-07
2950,0.000254026,0.295238095,0.75,5.62E-05
2951,0.00099917,0.220338983,0.8125,0.000178877
2952,3.39E-05,0.142857143,0.5,2.42E-06
2953,0.000135481,0.214285714,0.6875,2.00E-05
2954,0.001236261,0.291585127,0.75,0.000270356
2955,0,0,0,0
2956,0.001100781,0.283516484,0.75,0.000234067
2957,0,0,0,0
2958,0.000270961,0.294642857,0.75,5.99E-05
2959,0.000254026,0.276190476,0.75,5.26E-05
2960,0.000541923,0.196428571,0.8125,8.65E-05
2961,0.000524988,0.331797235,0.6875,0.000119755
2962,0.00099917,0.256658596,0.875,0.00022439
2963,0,0,0,0
2964,0.000914495,0.304232804,0.75,0.000208665
2965,0.001049975,0.246543779,0.75,0.000194149
2966,0.00296364,0.226938776,0.75,0.000504424
2967,0,0,0,0
2968,0,0,0,0
2969,0.002099951,0.276497696,0.9375,0.000544342
2970,1.69E-05,0.142857143,0.5625,1.36E-06
2971,0.001236261,0.260273973,0.875,0.000281546
2972,0.000643533,0.251879699,0.75,0.00012157
2973,0,0,0,0
2974,0,0,0,0
2975,0.000338702,0.307142857,0.6875,7.15E-05
2976,0,0,0,0
2977,0.000270961,0.303571429,0.6875,5.66E-05
2978,0.000863689,0.271708683,0.8125,0.000190671
2979,0.001270132,0.352380952,0.75,0.000335678
2980,0.001219326,0.25,0.875,0.000266728
2981,0.002709614,0.210714286,0.8125,0.0004639
2982,3.39E-05,0.142857143,0.5,2.42E-06
2983,0.000152416,0.26984127,0.75,3.08E-05
2984,0.000304832,0.166666667,0.75,3.81E-05
2985,0.007485309,0.242081448,0.9375,0.001698801
2986,0.003082186,0.248037677,0.9375,0.000716717
2987,0.00103304,0.241217799,0.8125,0.000202465
2988,0.001456418,0.217607973,0.8125,0.000257504
2989,0.002845095,0.359693878,0.875,0.000895443
2990,0,0,0,0
2991,0.005893411,0.203612479,0.875,0.001049976
2992,0.001981405,0.271062271,0.8125,0.000436381
2993,0.001371742,0.211640212,0.875,0.000254026
2994,5.08E-05,0.142857143,0.5625,4.08E-06
2995,0.000372572,0.337662338,0.8125,0.000102215
2996,0.001405612,0.220309811,0.9375,0.000290316
2997,0.002946705,0.212643678,0.9375,0.000587436
2998,0.000355637,0.149659864,1,5.32E-05
2999,0.004623279,0.233385662,0.9375,0.001011569
3000,6.77E-05,0.142857143,0.6875,6.65E-06
3001,0.002286237,0.270899471,0.9375,0.000580632
3002,0,0,0,0
3003,0.002726549,0.266193434,0.875,0.000635066
3004,0.001388677,0.193379791,0.8125,0.00021819
3005,0.000829819,0.21574344,0.8125,0.00014546
3006,0.001287067,0.233082707,0.875,0.000262494
3007,0.002472523,0.323874755,0.875,0.000700689
3008,0.000101611,0.19047619,0.6875,1.33E-05
3009,0.004707954,0.249743063,0.9375,0.001102293
3010,0.004504733,0.263157895,0.875,0.001037274
3011,0.005080526,0.218571429,0.875,0.000971651
3012,0.001202391,0.257545272,0.875,0.000270961
3013,0.000524988,0.156682028,0.75,6.17E-05
3014,0.002489458,0.279883382,0.9375,0.000653211
3015,6.77E-05,0.214285714,0.75,1.09E-05
3016,0.00199834,0.280871671,0.9375,0.000526197
3017,0.001795119,0.199460916,0.875,0.000313299
3018,0.005317618,0.210646042,0.75,0.000840101
3019,0.000287896,0.168067227,0.75,3.63E-05
3020,0.004267642,0.211451247,0.875,0.000789598
3021,0,0,0,0
3022,0.000880625,0.233516484,0.8125,0.000167083
3023,0.000524988,0.33640553,0.8125,0.000143495
3024,0.000795949,0.328267477,0.8125,0.000212293
3025,0.00093143,0.275324675,0.875,0.00022439
3026,0.006181307,0.205479452,0.9375,0.001190748
3027,0.002675744,0.263110307,0.875,0.000616014
3028,0.000779014,0.155279503,1,0.000120965
3029,0.000626598,0.247104247,0.8125,0.000125803
3030,0.001083846,0.381696429,0.8125,0.000336131
3031,0.001524158,0.26031746,0.875,0.000347169
3032,0,0,0,0
3033,0.000592728,0.293877551,0.75,0.000130642
3034,0.000575793,0.239495798,0.75,0.000103425
3035,0,0,0,0
3036,0,0,0,0
3037,0,0,0,0
3038,0.006282918,0.253369272,0.9375,0.001492405
3039,0,0,0,0
3040,0.002201561,0.281318681,0.8125,0.000503214
3041,0.000406442,0.172619048,0.6875,4.82E-05
3042,0.002066081,0.336065574,0.8125,0.00056415
3043,0.0019306,0.248120301,0.875,0.000419143
3044,0.003302342,0.244688645,0.875,0.00070704
3045,1.69E-05,0.142857143,0.375,9.05E-07
3046,0.000440312,0.274725275,0.75,9.07E-05
3047,0.001185456,0.218367347,0.8125,0.000210328
3048,0.002066081,0.288056206,0.875,0.000520754
3049,0.003234602,0.332086761,0.875,0.000939897
3050,0,0,0,0
3051,0.006672425,0.215736041,0.875,0.001259547
3052,0.001608833,0.279699248,0.8125,0.000365616
3053,0,0,0,0
3054,0,0,0,0
3055,0,0,0,0
3056,0.011769886,0.217677287,0.9375,0.00240191
3057,0.000287896,0.142857143,0.75,3.08E-05
3058,0.004301512,0.345894263,0.9375,0.001394877
3059,0.000812884,0.169642857,0.8125,0.000112044
3060,0.006350658,0.279619048,0.9375,0.00166478
3061,0.005148267,0.23731203,0.9375,0.001145387
3062,0.008230453,0.205761317,0.875,0.00148182
3063,0,0,0,0
3064,0.00103304,0.222482436,0.8125,0.00018674
3065,0,0,0,0
3066,0,0,0,0
3067,0,0,0,0
3068,0,0,0,0
3069,0,0,0,0
3070,0,0,0,0
3071,0,0,0,0
3072,0,0,0,0
3073,0,0,0,0
3074,0,0,0,0
3075,0.000186286,0.25974026,0.714285714,3.46E-05
3076,0,0,0,0
3077,0.000186286,0.324675325,0.714285714,4.32E-05
3078,0.000169351,0.2,0.714285714,2.42E-05
3079,0,0,0,0
3080,0.000186286,0.298701299,0.714285714,3.97E-05
3081,0,0,0,0
3082,0,0,0,0
3083,0,0,0,0
3084,0.001524158,0.20952381,0.857142857,0.000273726
3085,0,0,0,0
3086,0.001100781,0.235164835,0.857142857,0.000221884
3087,0.002218497,0.200654308,0.857142857,0.000381558
3088,0,0,0,0
3089,0.001710444,0.281471004,0.857142857,0.000412663
3090,0,0,0,0
3091,0,0,0,0
3092,0,0,0,0
3093,0,0,0,0
3094,0,0,0,0
3095,0,0,0,0
3096,0,0,0,0
3097,0,0,0,0
3098,0.002252367,0.210526316,0.857142857,0.000406442
3099,1.69E-05,0.142857143,0.5,1.21E-06
3100,0.000304832,0.30952381,0.714285714,6.74E-05
3101,0,0,0,0
3102,0,0,0,0
3103,0,0,0,0
3104,0.000338702,0.264285714,0.857142857,7.67E-05
3105,0,0,0,0
3106,0.000338702,0.228571429,0.714285714,5.53E-05
3107,0.002726549,0.234250222,0.857142857,0.000547453
3108,6.77E-05,0.142857143,0.571428571,5.53E-06
3109,0.000220156,0.307692308,0.714285714,4.84E-05
3110,0,0,0,0
3111,0,0,0,0
3112,0.000220156,0.263736264,0.857142857,4.98E-05
3113,0,0,0,0
3114,0.000254026,0.238095238,0.714285714,4.32E-05
3115,0,0,0,0
3116,0,0,0,0
3117,0.001117716,0.201298701,0.714285714,0.000160711
3118,6.77E-05,0.142857143,0.75,7.25E-06
3119,0,0,0,0
3120,0,0,0,0
3121,0,0,0,0
3122,0.005486968,0.198853616,0.857142857,0.000935232
3123,3.39E-05,0.142857143,0.571428571,2.77E-06
3124,0.002489458,0.331389699,0.857142857,0.000707126
3125,0.001727379,0.211484594,0.714285714,0.000260939
3126,0.001354807,0.221428571,0.714285714,0.000214281
3127,0.000304832,0.142857143,0.857142857,3.73E-05
3128,0.001185456,0.214285714,0.857142857,0.000217737
3129,0,0,0,0
3130,0.000660468,0.21978022,0.857142857,0.000124421
3131,0.006011956,0.193561368,0.857142857,0.000997442
3132,1.69E-05,0.142857143,0.5,1.21E-06
3133,0.00189673,0.243622449,0.857142857,0.000396074
3134,0.002489458,0.227405248,0.714285714,0.000404368
3135,0.000423377,0.16,0.75,5.08E-05
3136,0.001845925,0.230668414,0.857142857,0.000364969
3137,0,0,0,0
3138,0.00099917,0.295399516,0.857142857,0.000252989
3139,0,0,0,0
3140,0,0,0,0
3141,0,0,0,0
3142,0.000254026,0.238095238,0.714285714,4.32E-05
3143,0.000237091,0.234693878,0.714285714,3.97E-05
3144,0.001744314,0.228848821,0.714285714,0.000285132
3145,0.000135481,0.142857143,0.714285714,1.38E-05
3146,0,0,0,0
3147,0,0,0,0
3148,0,0,0,0
3149,0,0,0,0
3150,0,0,0,0
3151,0.000270961,0.285714286,0.714285714,5.53E-05
3152,0.000287896,0.243697479,0.714285714,5.01E-05
3153,0,0,0,0
3154,0,0,0,0
3155,0,0,0,0
3156,0.003065251,0.228887135,0.714285714,0.00050114
3157,5.08E-05,0.19047619,0.714285714,6.91E-06
3158,0,0,0,0
3159,0.002574133,0.297932331,0.857142857,0.000657358
3160,0,0,0,0
3161,0.001066911,0.281179138,0.714285714,0.000214281
3162,5.08E-05,0.142857143,0.714285714,5.18E-06
3163,0.002303172,0.227941176,0.714285714,0.000374991
3164,0,0,0,0
3165,0.0028959,0.232247285,0.714285714,0.000480404
3166,1.69E-05,0.142857143,0.642857143,1.55E-06
3167,0,0,0,0
3168,0.002557198,0.292336802,0.857142857,0.000640768
3169,1.69E-05,0.142857143,0.5,1.21E-06
3170,0.000812884,0.217261905,0.714285714,0.000126149
3171,0,0,0,0
3172,0.002269302,0.20575693,0.857142857,0.000400221
3173,0.000863689,0.232492997,0.857142857,0.000172116
3174,0.003522498,0.203296703,0.857142857,0.00061381
3175,0.000982235,0.224137931,0.928571429,0.000204431
3176,0.000203221,0.154761905,0.857142857,2.70E-05
3177,0,0,0,0
3178,0,0,0,0
3179,0,0,0,0
3180,0,0,0,0
3181,0.003268472,0.212435233,0.857142857,0.000595147
3182,0.001608833,0.243609023,0.857142857,0.000335937
3183,0,0,0,0
3184,0,0,0,0
3185,0,0,0,0
3186,0.004961981,0.208678693,0.857142857,0.000887537
3187,0.001354807,0.246428571,0.928571429,0.000310016
3188,0.000237091,0.163265306,0.857142857,3.32E-05
3189,0.003624109,0.216288385,0.857142857,0.000671874
3190,0,0,0,0
3191,0.001507223,0.317817014,0.857142857,0.00041059
3192,0.002286237,0.204232804,0.857142857,0.000400221
3193,0.0048265,0.201503759,0.857142857,0.000833621
3194,0.000287896,0.142857143,0.857142857,3.53E-05
3195,0.0067571,0.205871822,0.857142857,0.001192368
3196,0.003200732,0.229780801,0.857142857,0.0006304
3197,0.000457247,0.148148148,0.857142857,5.81E-05
3198,0.004995851,0.214043584,0.857142857,0.000916568
3199,0,0,0,0
3200,0.001405612,0.263339071,0.857142857,0.000317274
3201,0,0,0,0
3202,0.000355637,0.285714286,0.857142857,8.71E-05
3203,0.000287896,0.268907563,0.714285714,5.53E-05
3204,0,0,0,0
3205,0,0,0,0
3206,5.08E-05,0.142857143,0.571428571,4.15E-06
3207,0.003624109,0.217623498,0.857142857,0.000676021
3208,0.000304832,0.277777778,0.714285714,6.05E-05
3209,0.001304002,0.226345083,0.857142857,0.00025299
3210,0,0,0,0
3211,0,0,0,0
3212,0.000372572,0.318181818,0.857142857,0.000101611
3213,0.000304832,0.30952381,0.714285714,6.74E-05
3214,0,0,0,0
3215,0,0,0,0
3216,0,0,0,0
3217,3.39E-05,0.142857143,0.357142857,1.73E-06
3218,0.003691849,0.237221494,0.857142857,0.000750674
3219,0.000423377,0.274285714,0.714285714,8.29E-05
3220,0.003319277,0.220116618,0.857142857,0.000626253
3221,0.001812054,0.246995995,0.857142857,0.000383631
3222,0,0,0,0
3223,0.002709614,0.222321429,0.857142857,0.000516347
3224,0,0,0,0
3225,0,0,0,0
3226,0.00292977,0.210569777,0.857142857,0.000528789
3227,0.000948365,0.206632653,0.857142857,0.000167968
3228,0,0,0,0
3229,0,0,0,0
3230,6.77E-05,0.142857143,0.5,4.84E-06
3231,0.006892581,0.195507196,0.857142857,0.001155042
3232,0.001761249,0.285714286,0.857142857,0.000431326
3233,0.002066081,0.209601874,0.857142857,0.00037119
3234,0.000237091,0.142857143,0.75,2.54E-05
3235,0,0,0,0
3236,0.004233772,0.216,0.857142857,0.000783853
3237,0.001117716,0.218614719,0.857142857,0.000209442
3238,0,0,0,0
3239,0,0,0,0
3240,0,0,0,0
3241,0,0,0,0
3242,0.007891751,0.203556101,0.857142857,0.001376926
3243,0.001388677,0.263066202,0.857142857,0.000313126
3244,0.005673254,0.214925373,0.857142857,0.001045137
3245,0.00379346,0.196428571,0.857142857,0.000638695
3246,0.000186286,0.168831169,0.928571429,2.92E-05
3247,0.00665549,0.201017812,0.857142857,0.001146747
3248,0.000355637,0.149659864,0.75,3.99E-05
3249,0,0,0,0
3250,0,0,0,0
3251,0,0,0,0
3252,1.69E-05,0.142857143,0.357142857,8.62E-07
3253,0.004335382,0.236607143,0.857142857,0.000879242
3254,0.000728209,0.272425249,0.714285714,0.000141702
3255,0,0,0,0
3256,0.00379346,0.255102041,0.857142857,0.000829474
3257,0.000541923,0.28125,0.714285714,0.000108868
3258,0,0,0,0
3259,0,0,0,0
3260,0,0,0,0
3261,0,0,0,0
3262,0.007417568,0.209719504,0.857142857,0.001333379
3263,0.001727379,0.289915966,0.857142857,0.000429253
3264,0,0,0,0
3265,0.008535284,0.210884354,0.857142857,0.001542821
3266,0.001236261,0.225048924,0.857142857,0.000238474
3267,0,0,0,0
3268,0,0,0,0
3269,0,0,0,0
3270,0,0,0,0
3271,0,0,0,0
3272,0.000186286,0.350649351,0.666666667,4.35E-05
3273,0.000186286,0.194805195,0.666666667,2.42E-05
3274,8.47E-05,0.142857143,0.666666667,8.07E-06
3275,0.000728209,0.249169435,0.8,0.000145158
3276,0.00089756,0.369272237,0.733333333,0.000243059
3277,0,0,0,0
3278,0,0,0,0
3279,0,0,0,0
3280,0,0,0,0
3281,0,0,0,0
3282,0,0,0,0
3283,0,0,0,0
3284,0,0,0,0
3285,0,0,0,0
3286,0.000152416,0.142857143,0.733333333,1.60E-05
3287,0.000863689,0.336134454,0.8,0.000232253
3288,0.000575793,0.193277311,0.8,8.90E-05
3289,0,0,0,0
3290,0,0,0,0
3291,0,0,0,0
3292,1.69E-05,0.142857143,0.4,9.66E-07
3293,0.000491118,0.24137931,0.8,9.48E-05
3294,0.000474182,0.204081633,0.8,7.74E-05
3295,0.003200732,0.211640212,0.8,0.000541923
3296,0.000254026,0.152380952,0.666666667,2.58E-05
3297,6.77E-05,0.142857143,0.733333333,7.09E-06
3298,0,0,0,0
3299,0,0,0,0
3300,0,0,0,0
3301,0.001710444,0.209335219,0.733333333,0.000262575
3302,0,0,0,0
3303,0,0,0,0
3304,0.000101611,0.142857143,0.8,1.16E-05
3305,0.001151586,0.287815126,0.866666667,0.000287251
3306,0.0009653,0.270676692,0.866666667,0.000226446
3307,0,0,0,0
3308,0,0,0,0
3309,0,0,0,0
3310,5.08E-05,0.142857143,0.8,5.81E-06
3311,0.00189673,0.216836735,0.8,0.000329025
3312,0.002150756,0.328458943,0.8,0.000565148
3313,0,0,0,0
3314,0,0,0,0
3315,0,0,0,0
3316,0,0,0,0
3317,0,0,0,0
3318,0,0,0,0
3319,0.002099951,0.202764977,0.8,0.000340637
3320,1.69E-05,0.285714286,0.666666667,3.22E-06
3321,8.47E-05,0.171428571,0.666666667,9.68E-06
3322,0,0,0,0
3323,0,0,0,0
3324,0,0,0,0
3325,0,0,0,0
3326,0.000372572,0.168831169,0.666666667,4.19E-05
3327,0.000321767,0.187969925,0.666666667,4.03E-05
3328,0,0,0,0
3329,0,0,0,0
3330,0,0,0,0
3331,0,0,0,0
3332,0,0,0,0
3333,0,0,0,0
3334,0,0,0,0
3335,0.000254026,0.333333333,0.666666667,5.65E-05
3336,0.000152416,0.238095238,0.666666667,2.42E-05
3337,0,0,0,0
3338,0,0,0,0
3339,0,0,0,0
3340,0.001100781,0.193406593,0.733333333,0.000156125
3341,5.08E-05,0.142857143,0.6,4.35E-06
3342,0,0,0,0
3343,0,0,0,0
3344,0,0,0,0
3345,0,0,0,0
3346,0,0,0,0
3347,0,0,0,0
3348,0,0,0,0
3349,0,0,0,0
3350,0,0,0,0
3351,0,0,0,0
3352,0.000135481,0.160714286,0.8,1.74E-05
3353,0.002150756,0.365579303,0.866666667,0.000681436
3354,0.001727379,0.197478992,0.8,0.000272897
3355,0,0,0,0
3356,0,0,0,0
3357,0,0,0,0
3358,0.002032211,0.226190476,0.733333333,0.000337089
3359,0,0,0,0
3360,1.69E-05,0.142857143,0.6,1.45E-06
3361,0,0,0,0
3362,0,0,0,0
3363,0,0,0,0
3364,0.0067571,0.190118153,0.933333333,0.001199004
3365,0.000152416,0.174603175,0.866666667,2.31E-05
3366,0.000101611,0.142857143,0.8,1.16E-05
3367,0.002591068,0.238095238,0.733333333,0.000452409
3368,0,0,0,0
3369,6.77E-05,0.142857143,0.466666667,4.51E-06
3370,0.00296364,0.219591837,0.8,0.000520633
3371,0.001049975,0.152073733,0.8,0.000127739
3372,0.000287896,0.151260504,0.866666667,3.77E-05
3373,0.002015275,0.230492197,0.8,0.000371604
3374,6.77E-05,0.142857143,0.6,5.80E-06
3375,3.39E-05,0.142857143,0.533333333,2.58E-06
3376,0,0,0,0
3377,0,0,0,0
3378,0,0,0,0
3379,1.69E-05,0.142857143,0.733333333,1.77E-06
3380,0.000287896,0.285714286,0.8,6.58E-05
3381,0.000304832,0.206349206,0.733333333,4.61E-05
3382,0,0,0,0
3383,0,0,0,0
3384,0,0,0,0
3385,0.004098291,0.185950413,0.866666667,0.000660468
3386,5.08E-05,0.142857143,0.666666667,4.84E-06
3387,3.39E-05,0.142857143,0.533333333,2.58E-06
3388,0.003590239,0.227088949,0.8,0.000652243
3389,8.47E-05,0.2,0.666666667,1.13E-05
3390,8.47E-05,0.2,0.6,1.02E-05
3391,0.001371742,0.202821869,0.733333333,0.000204027
3392,0,0,0,0
3393,0,0,0,0
3394,0,0,0,0
3395,0,0,0,0
3396,0,0,0,0
3397,0.000118546,0.142857143,0.866666667,1.47E-05
3398,0.002811225,0.320998279,0.866666667,0.000782079
3399,0.002675744,0.274864376,0.8,0.000588373
3400,0,0,0,0
3401,0,0,0,0
3402,0,0,0,0
3403,0,0,0,0
3404,0.000220156,0.296703297,0.666666667,4.35E-05
3405,0.000254026,0.238095238,0.666666667,4.03E-05
3406,0.001270132,0.220952381,0.733333333,0.000205802
3407,3.39E-05,0.214285714,0.6,4.36E-06
3408,0,0,0,0
3409,0,0,0,0
3410,0,0,0,0
3411,0,0,0,0
3412,0,0,0,0
3413,0,0,0,0
3414,0,0,0,0
3415,0,0,0,0
3416,0,0,0,0
3417,0,0,0,0
3418,0,0,0,0
3419,0.000287896,0.294117647,0.666666667,5.65E-05
3420,0.000321767,0.233082707,0.666666667,5.00E-05
3421,0,0,0,0
3422,0,0,0,0
3423,0,0,0,0
3424,0.002540263,0.223809524,0.733333333,0.000416926
3425,6.77E-05,0.178571429,0.533333333,6.45E-06
3426,0,0,0,0
3427,0.001693509,0.215714286,0.866666667,0.000316606
3428,0.000254026,0.142857143,0.866666667,3.15E-05
3429,0.000389507,0.186335404,0.8,5.81E-05
3430,0,0,0,0
3431,0,0,0,0
3432,0,0,0,0
3433,0.001304002,0.19851577,0.8,0.000207092
3434,0,0,0,0
3435,3.39E-05,0.142857143,0.6,2.91E-06
3436,0,0,0,0
3437,0,0,0,0
3438,0,0,0,0
3439,0,0,0,0
3440,0.000254026,0.171428571,0.666666667,2.90E-05
3441,0.000321767,0.180451128,0.666666667,3.87E-05
3442,0.000287896,0.159663866,0.733333333,3.37E-05
3443,0.001236261,0.348336595,0.8,0.000344508
3444,0.000812884,0.196428571,0.8,0.000127739
3445,0,0,0,0
3446,0,0,0,0
3447,0,0,0,0
3448,0,0,0,0
3449,0.000440312,0.269230769,0.8,9.48E-05
3450,0.000508053,0.171428571,0.8,6.97E-05
3451,0.002574133,0.19924812,0.8,0.000410313
3452,3.39E-05,0.142857143,0.6,2.91E-06
3453,0.000135481,0.178571429,0.666666667,1.61E-05
3454,0.000762079,0.193650794,0.733333333,0.000108223
3455,3.39E-05,0.142857143,0.666666667,3.23E-06
3456,0,0,0,0
3457,1.69E-05,0.142857143,0.466666667,1.13E-06
3458,0.000135481,0.178571429,0.666666667,1.61E-05
3459,0.000135481,0.160714286,0.666666667,1.45E-05
3460,0,0,0,0
3461,0,0,0,0
3462,0,0,0,0
3463,0.000270961,0.196428571,0.733333333,3.90E-05
3464,0.000829819,0.227405248,0.8,0.000150964
3465,0.000711274,0.326530612,0.8,0.000185802
3466,0.004470863,0.198593074,0.866666667,0.000769498
3467,1.69E-05,0.142857143,0.6,1.45E-06
3468,0,0,0,0
3469,0.003657979,0.220899471,0.8,0.000646437
3470,6.77E-05,0.142857143,0.666666667,6.45E-06
3471,0.000118546,0.142857143,0.666666667,1.13E-05
3472,0.001016105,0.238095238,0.733333333,0.000177415
3473,0,0,0,0
3474,5.08E-05,0.142857143,0.6,4.35E-06
3475,0,0,0,0
3476,0,0,0,0
3477,0,0,0,0
3478,0.000338702,0.185714286,0.733333333,4.61E-05
3479,0.001049975,0.225806452,0.8,0.000189673
3480,0.001253196,0.305019305,0.8,0.000305799
3481,0,0,0,0
3482,0,0,0,0
3483,0,0,0,0
3484,0.005927281,0.204897959,0.866666667,0.001052556
3485,6.77E-05,0.178571429,0.666666667,8.06E-06
3486,0,0,0,0
3487,0.006028891,0.186998395,0.933333333,0.001052233
3488,0.000762079,0.142857143,0.933333333,0.000101611
3489,0.000728209,0.162790698,0.8,9.48E-05
3490,0.002523328,0.224352828,0.733333333,0.000415152
3491,0,0,0,0
3492,0,0,0,0
3493,0.00382733,0.199747155,0.933333333,0.000713532
3494,8.47E-05,0.142857143,0.733333333,8.87E-06
3495,1.69E-05,0.142857143,0.733333333,1.77E-06
3496,0.003353147,0.217171717,0.733333333,0.00053402
3497,0,0,0,0
3498,0,0,0,0
3499,0.001219326,0.228174603,0.8,0.000222575
3500,0.000254026,0.20952381,0.8,4.26E-05
3501,0.000440312,0.186813187,0.8,6.58E-05
3502,0.000203221,0.142857143,0.866666667,2.52E-05
3503,0.000948365,0.318877551,0.866666667,0.000262091
3504,0.000694339,0.205574913,0.8,0.000114191
3505,0,0,0,0
3506,0,0,0,0
3507,0,0,0,0
3508,6.77E-05,0.142857143,0.666666667,6.45E-06
3509,0.000440312,0.263736264,0.8,9.29E-05
3510,0.000609663,0.257936508,0.8,0.000125803
3511,0.00575793,0.200420168,0.933333333,0.001077072
3512,0.000135481,0.178571429,0.866666667,2.10E-05
3513,0.000169351,0.157142857,0.866666667,2.31E-05
3514,0.002946705,0.183087028,0.866666667,0.00046757
3515,1.69E-05,0.142857143,0.6,1.45E-06
3516,0,0,0,0
3517,0.003624109,0.222296395,0.866666667,0.00069821
3518,0.000474182,0.173469388,0.8,6.58E-05
3519,0.000372572,0.175324675,0.8,5.23E-05
3520,0,0,0,0
3521,0,0,0,0
3522,0,0,0,0
3523,5.08E-05,0.142857143,0.733333333,5.32E-06
3524,0.000406442,0.369047619,0.733333333,0.000109997
3525,0.000338702,0.214285714,0.8,5.81E-05
3526,0,0,0,0
3527,0,0,0,0
3528,0,0,0,0
3529,0,0,0,0
3530,0.000728209,0.262458472,0.8,0.0001529
3531,0.000812884,0.25,0.8,0.000162577
3532,0.003370082,0.206030151,0.8,0.000555471
3533,8.47E-05,0.171428571,0.666666667,9.68E-06
3534,0.000118546,0.204081633,0.6,1.45E-05
3535,0.000812884,0.238095238,0.733333333,0.000141932
3536,1.69E-05,0.142857143,0.533333333,1.29E-06
3537,0,0,0,0
3538,0,0,0,0
3539,0.000338702,0.221428571,0.666666667,5.00E-05
3540,0.000406442,0.166666667,0.666666667,4.52E-05
3541,0.000287896,0.159663866,0.733333333,3.37E-05
3542,0.000762079,0.355555556,0.8,0.000216769
3543,0.000795949,0.224924012,0.8,0.000143222
3544,0,0,0,0
3545,0,0,0,0
3546,0,0,0,0
3547,1.69E-05,0.142857143,0.466666667,1.13E-06
3548,0.000423377,0.245714286,0.8,8.32E-05
3549,0.000355637,0.204081633,0.8,5.81E-05
3550,0.003116056,0.229037267,0.733333333,0.000523375
3551,0,0,0,0
3552,0,0,0,0
3553,0.001981405,0.197802198,0.733333333,0.000287413
3554,1.69E-05,0.285714286,0.533333333,2.58E-06
3555,0,0,0,0
3556,0.001066911,0.20861678,0.866666667,0.000192899
3557,0.000203221,0.142857143,0.866666667,2.52E-05
3558,0.000389507,0.167701863,0.8,5.23E-05
3559,0,0,0,0
3560,0,0,0,0
3561,0,0,0,0
3562,0.000135481,0.160714286,0.733333333,1.60E-05
3563,0.001388677,0.329268293,0.866666667,0.000396281
3564,0.001134651,0.18336887,0.8,0.000166448
3565,0.002557198,0.19962157,0.866666667,0.000442409
3566,0.000203221,0.154761905,0.933333333,2.94E-05
3567,0.000321767,0.187969925,0.8,4.84E-05
3568,0.000287896,0.193277311,0.866666667,4.82E-05
3569,0.000982235,0.290640394,0.866666667,0.000247414
3570,0.000880625,0.288461538,0.8,0.000203221
3571,0,0,0,0
3572,0,0,0,0
3573,0,0,0,0
3574,0.000270961,0.160714286,0.733333333,3.19E-05
3575,0.001693509,0.22,0.8,0.000298058
3576,0.002015275,0.334933974,0.866666667,0.000584986
3577,0.008840116,0.193212917,0.933333333,0.001594156
3578,0.000101611,0.142857143,0.866666667,1.26E-05
3579,0.000152416,0.174603175,0.733333333,1.95E-05
3580,0.002658809,0.188353048,0.866666667,0.000434022
3581,3.39E-05,0.142857143,0.6,2.91E-06
3582,0,0,0,0
3583,0.0038612,0.218045113,0.8,0.000673533
3584,0.000440312,0.236263736,0.8,8.32E-05
3585,0.000440312,0.153846154,0.866666667,5.87E-05
3586,0.000795949,0.151975684,0.866666667,0.000104836
3587,0.001812054,0.272363151,0.866666667,0.000427732
3588,0.001778184,0.276190476,0.8,0.000392894
3589,0,0,0,0
3590,0,0,0,0
3591,0,0,0,0
3592,0.000220156,0.175824176,0.8,3.10E-05
3593,0.001507223,0.203852327,0.8,0.000245801
3594,0.001422547,0.292517007,0.8,0.000332895
3595,0.006079697,0.203740549,0.866666667,0.001073523
3596,3.39E-05,0.285714286,0.533333333,5.17E-06
3597,0,0,0,0
3598,0.006638554,0.192784257,0.866666667,0.001109168
3599,3.39E-05,0.214285714,0.533333333,3.87E-06
3600,0,0,0,0
3601,0.001795119,0.203504043,0.933333333,0.00034096
3602,0.000203221,0.166666667,0.866666667,2.94E-05
3603,0.000287896,0.193277311,0.8,4.45E-05
3604,0.00392894,0.209975369,0.733333333,0.000604986
3605,0,0,0,0
3606,0,0,0,0
3607,3.39E-05,0.142857143,0.8,3.87E-06
3608,0.000846754,0.317142857,0.8,0.000214834
3609,0.000575793,0.214285714,0.8,9.87E-05
3610,0.005842605,0.205383023,0.933333333,0.001119974
3611,0.000457247,0.158730159,0.866666667,6.29E-05
3612,0.000457247,0.169312169,0.8,6.19E-05
3613,0,0,0,0
3614,0,0,0,0
3615,0,0,0,0
3616,0.000118546,0.142857143,0.733333333,1.24E-05
3617,0.001422547,0.362244898,0.866666667,0.000446602
3618,0.001439482,0.230252101,0.8,0.000265155
3619,0,0,0,0
3620,0,0,0,0
3621,0,0,0,0
3622,0.003912005,0.215831787,0.8,0.000675468
3623,0.000338702,0.185714286,0.866666667,5.45E-05
3624,0.000779014,0.161490683,0.733333333,9.23E-05
3625,0.000254026,0.161904762,0.8,3.29E-05
3626,0.000846754,0.328571429,0.8,0.000222575
3627,0.000829819,0.218658892,0.8,0.000145158
3628,0.002557198,0.202459792,0.733333333,0.000379669
3629,1.69E-05,0.142857143,0.533333333,1.29E-06
3630,0,0,0,0
3631,0,0,0,0
3632,0,0,0,0
3633,0,0,0,0
3634,0.000372572,0.142857143,0.866666667,4.61E-05
3635,0.002337042,0.305383023,0.866666667,0.000618534
3636,0.002540263,0.295238095,0.8,0.000599986
3637,0,0,0,0
3638,0,0,0,0
3639,0,0,0,0
3640,0.009517519,0.193695984,0.933333333,0.001720605
3641,0.000508053,0.171428571,0.933333333,8.13E-05
3642,0.000592728,0.159183673,0.8,7.55E-05
3643,0.000541923,0.147321429,0.866666667,6.92E-05
3644,0.002150756,0.253093363,0.866666667,0.000471763
3645,0.001913665,0.261694058,0.8,0.000400636
3646,0.007095802,0.198772588,0.866666667,0.001222391
3647,0,0,0,0
3648,0,0,0,0
3649,0,0,0,0
3650,0,0,0,0
3651,0,0,0,0
3652,0,0,0,0
3653,0,0,0,0
3654,0,0,0,0
3655,0.000948365,0.323979592,1,0.000307251
3656,0.000643533,0.248120301,1,0.000159674
3657,0.001049975,0.304147465,1,0.000319347
3658,0.001354807,0.385714286,1,0.000522568
3659,0.002032211,0.252380952,0.888888889,0.000455903
3660,0.001337872,0.305605787,0.666666667,0.000272574
3661,0.000728209,0.249169435,0.666666667,0.000120965
3662,0.001744314,0.25520111,0.888888889,0.00039569
3663,0.001320937,0.234432234,0.666666667,0.000206447
3664,0.000626598,0.27027027,0.666666667,0.000112901
3665,0.002235432,0.291125541,0.666666667,0.000433861
3666,0.000660468,0.285714286,0.666666667,0.000125803
3667,0.002337042,0.200828157,0.888888889,0.000417195
3668,0.005910346,0.206303725,0.888888889,0.001083846
3669,0.001591898,0.296352584,0.777777778,0.000366927
3670,0.00196447,0.264778325,0.833333333,0.000433458
3671,0.004403123,0.240659341,0.888888889,0.000941913
3672,0.001270132,0.274285714,0.722222222,0.000251607
3673,0.003014446,0.327447833,0.777777778,0.000767724
3674,0.001422547,0.282312925,0.777777778,0.000312358
3675,0.001439482,0.240336134,0.777777778,0.00026908
3676,0.002878965,0.268067227,0.888888889,0.000686005
3677,0.000270961,0.232142857,0.777777778,4.89E-05
3678,0,0,0,0
3679,0,0,0,0
3680,0,0,0,0
3681,0,0,0,0
3682,0.004606344,0.269432773,0.777777778,0.0009653
3683,0,0,0,0
3684,0.003979746,0.238905775,0.777777778,0.000739499
3685,0.004995851,0.256658596,0.777777778,0.000997289
3686,0.004961981,0.259385666,0.777777778,0.001001052
3687,0,0,0,0
3688,0.000491118,0.285714286,0.777777778,0.000109137
3689,0,0,0,0
3690,0.000474182,0.244897959,0.777777778,9.03E-05
3691,0.000609663,0.238095238,0.777777778,0.000112901
3692,0,0,0,0
3693,0.000406442,0.238095238,0.777777778,7.53E-05
3694,0.000812884,0.244047619,0.777777778,0.000154297
3695,0,0,0,0
3696,0.0048265,0.297744361,0.777777778,0.001117716
3697,0,0,0,0
3698,0.003962811,0.233211233,0.777777778,0.0007188
3699,0,0,0,0
3700,0,0,0,0
3701,0.003082186,0.215070644,1,0.000662888
3702,3.39E-05,0.142857143,0.6,2.91E-06
3703,0,0,0,0
3704,0,0,0,0
3705,0,0,0,0
3706,0.012142458,0.240087667,1,0.002915254
3707,0.000237091,0.173469388,0.833333333,3.43E-05
3708,0.011194093,0.321806786,0.944444444,0.003402205
3709,0.011803756,0.286739086,1,0.003384598
3710,0.009991702,0.256658596,1,0.002564456
3711,0.000304832,0.142857143,0.666666667,2.90E-05
3712,0.002675744,0.188969259,1,0.000505633
3713,0,0,0,0
3714,0.000982235,0.238916256,0.888888889,0.000208597
3715,0.001490288,0.256493506,1,0.000382249
3716,0,0,0,0
3717,0.0009653,0.308270677,0.888888889,0.00026451
3718,0.001879795,0.265122265,1,0.000498376
3719,0.000203221,0.166666667,0.6,2.03E-05
3720,0.010211858,0.261075575,1,0.002666067
3721,5.08E-05,0.142857143,0.777777778,5.64E-06
3722,0.010161053,0.288571429,0.944444444,0.00276929
3723,0,0,0,0
3724,0,0,0,0
3725,0.001168521,0.289855072,0.666666667,0.000225801
3726,0.001659639,0.281341108,0.888888889,0.000415044
3727,0.000643533,0.240601504,0.666666667,0.000103223
3728,0,0,0,0
3729,0,0,0,0
3730,0,0,0,0
3731,0.000982235,0.298029557,0.666666667,0.000195157
3732,0.001083846,0.261160714,0.666666667,0.000188705
3733,0.001812054,0.234979973,0.888888889,0.000378486
3734,0.001337872,0.21880651,0.666666667,0.000195157
3735,0.003031381,0.266560255,0.888888889,0.000718263
3736,0.000812884,0.255952381,0.666666667,0.000138706
3737,0.001185456,0.230612245,0.666666667,0.000182254
3738,0.000677404,0.271428571,0.666666667,0.000122578
3739,0.002066081,0.261124122,0.888888889,0.000479559
3740,0,0,0,0
3741,0,0,0,0
3742,0,0,0,0
3743,0.003641044,0.306312292,0.888888889,0.000991375
3744,0.00103304,0.255269321,0.666666667,0.000175802
3745,0.001879795,0.231660232,0.666666667,0.000290316
3746,0,0,0,0
3747,0,0,0,0
3748,0,0,0,0
3749,0,0,0,0
3750,0,0,0,0
3751,0,0,0,0
3752,0.001795119,0.297843666,0.888888889,0.000475258
3753,0.000762079,0.253968254,0.666666667,0.000129029
3754,0.001100781,0.259340659,0.666666667,0.000190318
3755,0.002099951,0.262672811,0.722222222,0.000398378
3756,0.004098291,0.275678867,0.888888889,0.001004278
3757,0.001456418,0.294019934,0.777777778,0.000333057
3758,0.001828989,0.234126984,0.777777778,0.000333057
3759,0.002252367,0.199785177,0.777777778,0.000349992
3760,8.47E-05,0.142857143,0.722222222,8.74E-06
3761,0.002032211,0.255952381,0.777777778,0.000404561
3762,0.000846754,0.265714286,0.777777778,0.000174996
3763,0.002692679,0.332434861,0.888888889,0.00079568
3764,0.002709614,0.249107143,0.722222222,0.000487489
3765,0.005148267,0.321898496,0.888888889,0.001473084
3766,0.001845925,0.256880734,0.833333333,0.000395152
3767,0.0028959,0.23893066,0.777777778,0.000538159
3768,0.001625768,0.220238095,0.777777778,0.000278488
3769,0.005453098,0.33407276,0.888888889,0.001619317
3770,0.002692679,0.215633423,0.777777778,0.000451602
3771,0.001490288,0.225649351,0.777777778,0.000261553
3772,0.000491118,0.162561576,0.666666667,5.32E-05
3773,0.005453098,0.278615794,0.888888889,0.001350506
3774,0.00093143,0.231168831,0.722222222,0.000155507
3775,0.002980575,0.276785714,0.777777778,0.000641652
3776,0.004606344,0.226365546,0.777777778,0.000811003
3777,0.000694339,0.243902439,0.777777778,0.000131717
3778,8.47E-05,0.171428571,0.666666667,9.68E-06
3779,0.0009653,0.248120301,0.777777778,0.000186286
3780,0.002320107,0.267987487,0.777777778,0.000483591
3781,0.000406442,0.148809524,0.722222222,4.37E-05
3782,0.003268472,0.275351591,0.888888889,0.000799981
3783,0.000982235,0.268472906,0.722222222,0.000190453
3784,0.002794289,0.292640693,0.833333333,0.000681436
3785,0,0,0,0
3786,0.003759589,0.282496782,0.777777778,0.000826056
3787,0.003556368,0.250340136,0.777777778,0.000692457
3788,0.001659639,0.285714286,1,0.000474183
3789,0.001473353,0.288998358,1,0.000425797
3790,0,0,0,0
3791,0.000524988,0.258064516,0.777777778,0.000105374
3792,0.000491118,0.266009852,0.777777778,0.000101611
3793,0.003912005,0.25974026,0.777777778,0.000790304
3794,0,0,0,0
3795,0,0,0,0
3796,0.000508053,0.276190476,0.777777778,0.000109137
3797,0.000440312,0.241758242,0.777777778,8.28E-05
3798,0.002015275,0.295318127,1,0.000595147
3799,0.002099951,0.289170507,1,0.000607244
3800,0.001761249,0.256868132,1,0.000452409
3801,0,0,0,0
3802,0.003708784,0.283757339,0.777777778,0.000818529
3803,0.003285407,0.269513991,0.777777778,0.000688694
3804,0.000524988,0.221198157,0.777777778,9.03E-05
3805,0.000457247,0.232804233,0.777777778,8.28E-05
3806,0,0,0,0
3807,0.004284577,0.25974026,0.777777778,0.000865571
3808,0,0,0,0
3809,0.000355637,0.19047619,0.833333333,5.65E-05
3810,0.012277939,0.242955665,1,0.002982995
3811,0.008061102,0.292917167,0.944444444,0.002230055
3812,0.0028959,0.267335004,1,0.000774175
3813,0.004182967,0.344707924,1,0.001441902
3814,0,0,0,0
3815,0.002269302,0.23880597,1,0.000541923
3816,0.000914495,0.275132275,0.888888889,0.000223651
3817,0.006909516,0.277661064,1,0.001918504
3818,0.000237091,0.142857143,0.7,2.37E-05
3819,0,0,0,0
3820,0.003031381,0.264964086,1,0.000803207
3821,0.001422547,0.219387755,0.888888889,0.000277413
3822,0.002235432,0.285714286,1,0.000638695
3823,0.002997511,0.284907183,1,0.000854012
3824,0.003387018,0.304285714,1,0.001030621
3825,0.000203221,0.19047619,0.833333333,3.23E-05
3826,0.006841775,0.257779349,1,0.001763668
3827,0.007146607,0.295192959,0.944444444,0.001992427
3828,0.006062761,0.234237829,1,0.001420128
3829,0.001066911,0.272108844,1,0.000290316
3830,0.000169351,0.157142857,0.666666667,1.77E-05
3831,0.009822351,0.280049261,1,0.002750742
3832,0.000660468,0.142857143,0.7,6.60E-05
3833,0.001337872,0.254972875,0.666666667,0.000227414
3834,0.001388677,0.287456446,0.666666667,0.000266123
3835,0.002658809,0.281164695,0.888888889,0.000664501
3836,0.001693509,0.254285714,0.666666667,0.00028709
3837,0.003607174,0.29778672,0.888888889,0.000954816
3838,0.001693509,0.267142857,0.666666667,0.000301606
3839,0.001405612,0.280550775,0.666666667,0.000262897
3840,0.00292977,0.312138728,0.888888889,0.000812884
3841,0.001354807,0.242857143,0.666666667,0.00021935
3842,0.002286237,0.256084656,0.777777778,0.000455366
3843,0.003725719,0.241558442,0.777777778,0.000699984
3844,0.006469204,0.340314136,0.888888889,0.001956944
3845,0.002472523,0.244618395,0.777777778,0.000470419
3846,0.012464225,0.249417702,0.888888889,0.002763376
3847,0.00382733,0.320480405,0.833333333,0.001022154
3848,0.003116056,0.283385093,0.777777778,0.000686812
3849,0.008569154,0.287125918,0.888888889,0.002187046
3850,0.004386188,0.243794815,0.777777778,0.000831701
3851,0,0,0,0
3852,0,0,0,0
3853,0,0,0,0
3854,0,0,0,0
3855,0.000304832,0.285714286,0.6875,5.99E-05
3856,0.000440312,0.324175824,0.875,0.000124896
3857,0.000118546,0.244897959,0.6875,2.00E-05
3858,0.000355637,0.244897959,0.75,6.53E-05
3859,0.000948365,0.288265306,0.875,0.000239208
3860,0.000677404,0.375,0.75,0.00019052
3861,0.001473353,0.229885057,0.75,0.000254026
3862,0.001625768,0.296130952,0.75,0.00036108
3863,0,0,0,0
3864,0,0,0,0
3865,0,0,0,0
3866,0,0,0,0
3867,0.000118546,0.224489796,0.6875,1.83E-05
3868,0.000152416,0.253968254,0.6875,2.66E-05
3869,0,0,0,0
3870,0,0,0,0
3871,0.000948365,0.298469388,0.75,0.000212293
3872,0.000711274,0.200680272,0.75,0.000107054
3873,0,0,0,0
3874,0.000338702,0.285714286,0.6875,6.65E-05
3875,0.000270961,0.178571429,0.6875,3.33E-05
3876,0.000795949,0.288753799,0.8125,0.00018674
3877,0.000626598,0.247104247,0.875,0.000135481
3878,0.000220156,0.208791209,0.8125,3.73E-05
3879,0.011448119,0.210270499,0.9375,0.002256752
3880,0.003014446,0.272873194,0.875,0.000719741
3881,5.08E-05,0.142857143,0.625,4.54E-06
3882,0,0,0,0
3883,0,0,0,0
3884,0,0,0,0
3885,0.002066081,0.276346604,0.875,0.000499585
3886,0.000169351,0.314285714,0.75,3.99E-05
3887,0,0,0,0
3888,6.77E-05,0.214285714,0.625,9.07E-06
3889,0.0019306,0.244360902,0.875,0.000412793
3890,0.001913665,0.289506953,0.875,0.000484767
3891,0,0,0,0
3892,0.000152416,0.26984127,0.75,3.08E-05
3893,0.000152416,0.19047619,0.75,2.18E-05
3894,0.000846754,0.308571429,0.8125,0.000212293
3895,0.001524158,0.226984127,0.875,0.000302715
3896,0.00099917,0.360774818,0.8125,0.000292886
3897,0.000237091,0.204081633,0.6875,3.33E-05
3898,0.000304832,0.293650794,0.6875,6.15E-05
3899,0,0,0,0
3900,0,0,0,0
3901,0,0,0,0
3902,0,0,0,0
3903,0,0,0,0
3904,0,0,0,0
3905,0,0,0,0
3906,0,0,0,0
3907,0,0,0,0
3908,0,0,0,0
3909,0.002472523,0.293542074,0.875,0.000635066
3910,0.002184626,0.239202658,0.875,0.000457247
3911,0.000169351,0.2,0.6875,2.33E-05
3912,0.001016105,0.257142857,0.75,0.000195963
3913,0.000982235,0.270935961,0.75,0.000199592
3914,0,0,0,0
3915,0,0,0,0
3916,0.000220156,0.241758242,0.6875,3.66E-05
3917,0.000203221,0.238095238,0.6875,3.33E-05
3918,0,0,0,0
3919,0.0009653,0.26566416,0.75,0.000192334
3920,0.000558858,0.216450216,0.75,9.07E-05
3921,0,0,0,0
3922,0,0,0,0
3923,0,0,0,0
3924,0,0,0,0
3925,0,0,0,0
3926,0,0,0,0
3927,0,0,0,0
3928,0,0,0,0
3929,0,0,0,0
3930,0.000406442,0.255952381,0.8125,8.45E-05
3931,0.000389507,0.217391304,0.75,6.35E-05
3932,0,0,0,0
3933,0,0,0,0
3934,0,0,0,0
3935,0,0,0,0
3936,5.08E-05,0.142857143,0.5625,4.08E-06
3937,0.002049146,0.33175915,0.875,0.000594845
3938,0.002997511,0.211460856,0.9375,0.00059424
3939,6.77E-05,0.142857143,0.4375,4.23E-06
3940,0.000491118,0.226600985,0.75,8.35E-05
3941,0.003302342,0.197069597,0.875,0.000569442
3942,0.007265153,0.210789211,0.875,0.001339989
3943,0.000524988,0.235023041,0.75,9.25E-05
3944,1.69E-05,0.142857143,0.4375,1.06E-06
3945,0,0,0,0
3946,0,0,0,0
3947,0,0,0,0
3948,0.008382868,0.215584416,0.8125,0.001468363
3949,0.000304832,0.166666667,0.75,3.81E-05
3950,0.000101611,0.142857143,0.625,9.07E-06
3951,0.006807905,0.223880597,0.75,0.001143118
3952,0,0,0,0
3953,0,0,0,0
3954,0.014750461,0.277185501,0.9375,0.003833076
3955,0.006350658,0.237714286,0.875,0.001320937
3956,0.000186286,0.168831169,0.8125,2.56E-05
3957,0.004233772,0.246285714,0.9375,0.000977548
3958,0.00189673,0.264030612,0.8125,0.000406896
3959,3.39E-05,0.142857143,0.5,2.42E-06
3960,0,0,0,0
3961,0.000287896,0.210084034,0.75,4.54E-05
3962,0.000287896,0.25210084,0.75,5.44E-05
3963,0.000101611,0.19047619,0.6875,1.33E-05
3964,0.001456418,0.27076412,0.875,0.000345053
3965,0.001524158,0.285714286,0.8125,0.000353822
3966,0,0,0,0
3967,0,0,0,0
3968,0,0,0,0
3969,0.002066081,0.274004684,0.75,0.000424587
3970,0,0,0,0
3971,1.69E-05,0.142857143,0.625,1.51E-06
3972,0.003573304,0.274204469,0.8125,0.0007961
3973,0.000101611,0.238095238,0.75,1.81E-05
3974,3.39E-05,0.142857143,0.625,3.03E-06
3975,0.002049146,0.284533648,0.875,0.00051017
3976,0.000389507,0.248447205,0.75,7.26E-05
3977,0,0,0,0
3978,0,0,0,0
3979,0,0,0,0
3980,0,0,0,0
3981,6.77E-05,0.142857143,0.75,7.25E-06
3982,0.003810395,0.276825397,0.875,0.000922962
3983,0.005012786,0.284749035,0.9375,0.001338174
3984,0,0,0,0
3985,0.000304832,0.293650794,0.75,6.71E-05
3986,0.002743484,0.195767196,0.875,0.000469949
3987,0.000220156,0.32967033,0.6875,4.99E-05
3988,0.000287896,0.243697479,0.875,6.14E-05
3989,0.000135481,0.214285714,0.6875,2.00E-05
3990,0,0,0,0
3991,0,0,0,0
3992,0,0,0,0
3993,0,0,0,0
3994,0,0,0,0
3995,0,0,0,0
3996,0.000524988,0.322580645,0.8125,0.000137598
3997,0.000524988,0.294930876,0.75,0.000116126
3998,0,0,0,0
3999,0,0,0,0
4000,0.000186286,0.233766234,0.6875,2.99E-05
4001,0.000220156,0.241758242,0.6875,3.66E-05
4002,0,0,0,0
4003,0.000914495,0.26984127,0.75,0.000185076
4004,0.0009653,0.255639098,0.75,0.000185076
4005,0,0,0,0
4006,0,0,0,0
4007,0,0,0,0
4008,0.000270961,0.25,0.6875,4.66E-05
4009,0.000321767,0.210526316,0.6875,4.66E-05
4010,0,0,0,0
4011,6.77E-05,0.178571429,0.6875,8.31E-06
4012,0.000118546,0.142857143,0.75,1.27E-05
4013,0.001625768,0.236607143,0.8125,0.000312543
4014,0,0,0,0
4015,0,0,0,0
4016,0.002760419,0.202453988,0.75,0.000419143
4017,0,0,0,0
4018,0,0,0,0
4019,0,0,0,0
4020,0,0,0,0
4021,0,0,0,0
4022,0,0,0,0
4023,0.002337042,0.289855072,0.875,0.000592728
4024,0.001727379,0.208683473,0.875,0.000315416
4025,0.000186286,0.155844156,0.6875,2.00E-05
4026,0.000372572,0.298701299,0.6875,7.65E-05
4027,0.001185456,0.291836735,0.875,0.000302715
4028,0.000355637,0.210884354,0.6875,5.16E-05
4029,3.39E-05,0.142857143,0.5,2.42E-06
4030,0.000592728,0.236734694,0.75,0.000105239
4031,0.001710444,0.243281471,0.875,0.000364104
4032,1.69E-05,0.142857143,0.5,1.21E-06
4033,0.001016105,0.271428571,0.875,0.000241325
4034,0.003657979,0.212301587,0.9375,0.000728058
4035,0.00103304,0.257611241,0.75,0.000199592
4036,0.001083846,0.256696429,0.75,0.000208665
4037,0,0,0,0
4038,1.69E-05,0.142857143,0.625,1.51E-06
4039,0,0,0,0
4040,0.000863689,0.243697479,0.75,0.000157859
4041,0.000101611,0.142857143,0.5625,8.17E-06
4042,0.000101611,0.166666667,0.6875,1.16E-05
4043,0.002658809,0.225659691,0.8125,0.000487489
4044,0,0,0,0
4045,0,0,0,0
4046,0,0,0,0
4047,0.000558858,0.277056277,0.8125,0.000125804
4048,0.00099917,0.225181598,0.875,0.00019687
4049,0.000626598,0.328185328,0.8125,0.000167083
4050,0.006469204,0.228870606,0.75,0.001110458
4051,0,0,0,0
4052,0,0,0,0
4053,0.008128842,0.223809524,0.8125,0.001478191
4054,0.000270961,0.178571429,0.75,3.63E-05
4055,6.77E-05,0.142857143,0.625,6.04E-06
4056,0.006587749,0.224752112,0.875,0.001295534
4057,0.001134651,0.230277186,0.8125,0.000212293
4058,0,0,0,0
4059,0,0,0,0
4060,0.000118546,0.224489796,0.75,2.00E-05
4061,0.000118546,0.224489796,0.8125,2.16E-05
4062,0.000254026,0.19047619,0.6875,3.33E-05
4063,0.001913665,0.225031606,0.875,0.000376806
4064,0.002218497,0.287895311,0.8125,0.00051894
4065,0,0,0,0
4066,0,0,0,0
4067,0,0,0,0
4068,0.007451439,0.229545455,0.875,0.001496638
4069,0.000355637,0.238095238,0.75,6.35E-05
4070,0,0,0,0
4071,0.007857881,0.212130542,0.9375,0.001562716
4072,0.000508053,0.152380952,1,7.74E-05
4073,0.001879795,0.216216216,0.9375,0.00038104
4074,0.006350658,0.213714286,0.75,0.00101792
4075,0,0,0,0
4076,0.001795119,0.172506739,0.75,0.000232253
4077,0.00286203,0.255283178,0.8125,0.000593635
4078,5.08E-05,0.238095238,0.6875,8.32E-06
4079,1.69E-05,0.142857143,0.625,1.51E-06
4080,0.003031381,0.281723863,0.75,0.000640509
4081,0,0,0,0
4082,0,0,0,0
4083,0.005351488,0.339059675,0.9375,0.001701069
4084,0.003539433,0.255639098,0.875,0.000791715
4085,0.000270961,0.178571429,0.8125,3.93E-05
4086,0.000372572,0.227272727,0.8125,6.88E-05
4087,0.00103304,0.297423888,0.875,0.000268844
4088,0.000440312,0.21978022,0.75,7.26E-05
4089,0,0,0,0
4090,0.001134651,0.26652452,0.8125,0.00024571
4091,0.002015275,0.340936375,0.875,0.000601195
4092,6.77E-05,0.214285714,0.6875,9.97E-06
4093,0.002624939,0.234101382,0.875,0.000537689
4094,0.004064421,0.292857143,0.9375,0.001115901
4095,0.005216007,0.272263451,0.9375,0.00133137
4096,0.001693509,0.258571429,0.875,0.000383156
4097,5.08E-05,0.142857143,0.625,4.54E-06
4098,0.001490288,0.284090909,0.875,0.000370455
4099,0,0,0,0
4100,0.000711274,0.238095238,0.8125,0.000137598
4101,0.003403953,0.281449893,0.875,0.000838287
4102,0.000220156,0.175824176,0.9375,3.63E-05
4103,0.002387847,0.213779129,0.9375,0.000478567
4104,0,0,0,0
4105,0,0,0,0
4106,0,0,0,0
4107,0,0,0,0
4108,0.000948365,0.272959184,0.75,0.000194149
4109,0.00103304,0.238875878,0.75,0.000185076
4110,0,0,0,0
4111,0.000389507,0.204968944,0.6875,5.49E-05
4112,0.000355637,0.25170068,0.6875,6.15E-05
4113,0.000880625,0.348901099,0.8125,0.000249641
4114,0.000948365,0.229591837,0.875,0.00019052
4115,0.000524988,0.244239631,0.8125,0.000104181
4116,0.001168521,0.281573499,0.75,0.000246768
4117,0.001405612,0.254733219,0.75,0.000268542
4118,0,0,0,0
4119,3.39E-05,0.142857143,0.625,3.03E-06
4120,0,0,0,0
4121,0.001828989,0.260582011,0.75,0.000357451
4122,5.08E-05,0.142857143,0.5,3.63E-06
4123,0.000118546,0.285714286,0.75,2.54E-05
4124,0.005012786,0.223455598,0.8125,0.00091011
4125,0.000321767,0.323308271,0.6875,7.15E-05
4126,0.000728209,0.335548173,0.875,0.000213806
4127,0.000440312,0.241758242,0.6875,7.32E-05
4128,3.39E-05,0.142857143,0.5625,2.72E-06
4129,0.000270961,0.267857143,0.75,5.44E-05
4130,0.001253196,0.245173745,0.875,0.000268844
4131,6.77E-05,0.142857143,0.5,4.84E-06
4132,0.001168521,0.281573499,0.8125,0.000267332
4133,0.003674914,0.230414747,0.9375,0.000793832
4134,0.000406442,0.226190476,0.75,6.89E-05
4135,0.000338702,0.242857143,0.75,6.17E-05
4136,0,0,0,0
4137,0.000237091,0.204081633,0.6875,3.33E-05
4138,0.000220156,0.208791209,0.6875,3.16E-05
4139,0,0,0,0
4140,6.77E-05,0.178571429,0.6875,8.31E-06
4141,8.47E-05,0.142857143,0.75,9.08E-06
4142,0.001778184,0.231292517,0.8125,0.000334166
4143,0,0,0,0
4144,0,0,0,0
4145,0.00292977,0.21552436,0.75,0.000473578
4146,0.001049975,0.304147465,0.8125,0.00025947
4147,0.001676574,0.292929293,0.875,0.000429728
4148,0.000863689,0.173669468,0.8125,0.000121872
4149,0.001676574,0.291486291,0.875,0.000427611
4150,0.001304002,0.228200371,0.875,0.000260377
4151,0.000169351,0.171428571,0.6875,2.00E-05
4152,0.000304832,0.253968254,0.6875,5.32E-05
4153,0.002116886,0.243428571,0.875,0.000450897
4154,0.002167691,0.313616071,0.8125,0.000552356
4155,0,0,0,0
4156,0.000457247,0.275132275,0.75,9.44E-05
4157,0.000524988,0.281105991,0.75,0.000110683
4158,0.001083846,0.339285714,0.875,0.000321767
4159,0.001405612,0.234079174,0.875,0.000287896
4160,0.001049975,0.377880184,0.8125,0.000322371
4161,0.010855391,0.229552039,0.9375,0.002336135
4162,0.001947535,0.253416149,0.875,0.000431845
4163,6.77E-05,0.142857143,0.5,4.84E-06
4164,0.004928111,0.220913108,0.8125,0.000884556
4165,1.69E-05,0.142857143,0.5,1.21E-06
4166,0.002726549,0.273291925,0.75,0.000558858
4167,0.007840946,0.220919469,0.9375,0.001623954
4168,0.000508053,0.195238095,0.875,8.68E-05
4169,0.005656319,0.221556886,0.9375,0.001174872
4170,0.000948365,0.306122449,0.8125,0.000235882
4171,0.002608004,0.276437848,0.875,0.000630832
4172,0.001422547,0.295918367,0.75,0.000315718
4173,1.69E-05,0.142857143,0.5,1.21E-06
4174,0.000237091,0.285714286,0.75,5.08E-05
4175,0.000846754,0.268571429,0.875,0.000198987
4176,0.000220156,0.175824176,0.8125,3.15E-05
4177,0.002066081,0.24941452,0.875,0.000450897
4178,0.003725719,0.280519481,0.9375,0.000979816
4179,0.008078037,0.230607966,0.875,0.001630002
4180,0.000440312,0.252747253,0.75,8.35E-05
4181,0,0,0,0
4182,0.003471693,0.268989547,0.875,0.000817118
4183,0.000474182,0.270408163,0.75,9.62E-05
4184,0,0,0,0
4185,0.001795119,0.254716981,0.875,0.000400091
4186,0.000169351,0.2,0.875,2.96E-05
4187,0.001371742,0.223985891,0.9375,0.000288048
4188,0.003065251,0.281767956,0.8125,0.000701748
4189,0,0,0,0
4190,0.002049146,0.225501771,0.75,0.000346565
4191,0.000677404,0.278571429,0.75,0.000141529
4192,0.001202391,0.29778672,0.875,0.000313299
4193,0.000592728,0.220408163,0.8125,0.000106147
4194,0.006503074,0.308407738,0.9375,0.001880248
4195,0.00282816,0.24465355,0.875,0.000605429
4196,0.000338702,0.157142857,0.8125,4.32E-05
4197,0,0,0,0
4198,0,0,0,0
4199,0,0,0,0
4200,5.08E-05,0.142857143,0.5625,4.08E-06
4201,0.001795119,0.29245283,0.875,0.000459364
4202,0.004707954,0.250770812,0.9375,0.001106829
4203,5.08E-05,0.142857143,0.4375,3.18E-06
4204,0.000406442,0.255952381,0.75,7.80E-05
4205,0.006181307,0.212915851,0.875,0.001151586
4206,0.002353977,0.303186023,0.875,0.000624481
4207,0.002235432,0.24025974,0.875,0.000469949
4208,0.000626598,0.154440154,0.6875,6.65E-05
4209,0.000575793,0.361344538,0.8125,0.000169048
4210,0.001016105,0.297619048,0.875,0.000264611
4211,0.000508053,0.223809524,0.8125,9.24E-05
4212,0.000508053,0.276190476,0.75,0.00010524
4213,0.000406442,0.255952381,0.75,7.80E-05
4214,0,0,0,0
4215,0,0,0,0
4216,0,0,0,0
4217,0,0,0,0
4218,0.000254026,0.20952381,0.8125,4.32E-05
4219,0.004453928,0.25095057,0.9375,0.001047859
4220,0.006977256,0.318307906,0.9375,0.002082109
4221,0.000118546,0.142857143,0.4375,7.41E-06
4222,0.000592728,0.273469388,0.75,0.00012157
4223,0.00858609,0.222316145,0.875,0.001670223
4224,0.012887602,0.252111883,0.9375,0.003046048
4225,0.003099121,0.2490242,0.9375,0.000723521
4226,0.000524988,0.161290323,0.8125,6.88E-05
4227,0.001845925,0.385321101,0.875,0.000622365
4228,0.003217667,0.263909774,0.875,0.000743027
4229,0.001659639,0.263848397,0.8125,0.000355788
4230,0.003810395,0.290793651,0.875,0.000969534
4231,0.001016105,0.285714286,0.75,0.000217737
4232,0,0,0,0
4233,0,0,0,0
4234,0,0,0,0
4235,0,0,0,0
4236,0,0,0,0
4237,0,0,0,0
4238,0,0,0,0
4239,0.000417732,0.316602317,1,0.000132255
4240,0.000214511,0.263157895,1,5.65E-05
4241,0.000564503,0.308571429,1,0.000174189
4242,0.000479827,0.230252101,1,0.000110481
4243,0.000858044,0.387218045,1,0.00033225
4244,0.000795949,0.271529889,0.888888889,0.00019211
4245,0.000349992,0.251152074,0.666666667,5.86E-05
4246,0.000445957,0.245931284,0.666666667,7.31E-05
4247,0.000818529,0.308374384,0.666666667,0.000168276
4248,0.000841109,0.218600192,0.888888889,0.000163437
4249,0.000197576,0.310204082,0.666666667,4.09E-05
4250,0.000378217,0.270788913,0.666666667,6.83E-05
4251,0.000632243,0.224489796,0.888888889,0.000126162
4252,0.000434667,0.257884972,0.666666667,7.47E-05
4253,0.001936245,0.227821741,0.888888889,0.000392106
4254,0.000412087,0.24853229,0.777777778,7.97E-05
4255,0.001236261,0.256360078,0.833333333,0.000264107
4256,0.001445127,0.280691964,0.777777778,0.000315494
4257,0.00569019,0.199404762,0.888888889,0.001008579
4258,0.001411257,0.277142857,0.888888889,0.000347662
4259,0.002342687,0.228227194,0.888888889,0.000475258
4260,0.000434667,0.25974026,0.777777778,8.78E-05
4261,0.001450773,0.318510283,0.833333333,0.000385072
4262,0.000587083,0.282967033,1,0.000166125
4263,0.000705629,0.340571429,1,0.000240317
4264,0.000615308,0.266055046,0.777777778,0.000127327
4265,0.000558858,0.232323232,0.777777778,0.000100983
4266,0.001213681,0.314285714,0.888888889,0.00033906
4267,0.000395152,0.32244898,0.777777778,9.91E-05
4268,0.003426533,0.22334667,0.888888889,0.000680271
4269,0.003025736,0.299573561,0.833333333,0.000755359
4270,0.000818529,0.233497537,0.777777778,0.000148652
4271,0.000372572,0.242424242,0.777777778,7.02E-05
4272,0.001208036,0.277036048,0.888888889,0.000297484
4273,0.000231446,0.264808362,0.777777778,4.77E-05
4274,0.000203221,0.226190476,0.777777778,3.58E-05
4275,0,0,0,0
4276,0,0,0,0
4277,0,0,0,0
4278,0.00198705,0.26663961,0.777777778,0.000412087
4279,0,0,0,0
4280,0.001665284,0.239225182,0.777777778,0.000309849
4281,0.00190802,0.279374472,0.777777778,0.000414596
4282,0.001631413,0.233811172,0.777777778,0.000296678
4283,0,0,0,0
4284,0.000270961,0.261904762,0.777777778,5.52E-05
4285,0,0,0,0
4286,0.000265316,0.237082067,0.777777778,4.89E-05
4287,0,0,0,0
4288,0.000141126,0.274285714,0.777777778,3.01E-05
4289,0,0,0,0
4290,0,0,0,0
4291,0,0,0,0
4292,0,0,0,0
4293,0.001270132,0.234285714,0.777777778,0.000231446
4294,0.001292712,0.268870867,0.777777778,0.000270334
4295,0,0,0,0
4296,0.000186286,0.285714286,0.777777778,4.14E-05
4297,0.001038685,0.227484472,1,0.000236285
4298,0.003567658,0.203887884,1,0.000727402
4299,0.000152416,0.148148148,0.777777778,1.76E-05
4300,0,0,0,0
4301,0,0,0,0
4302,0,0,0,0
4303,0.004973271,0.197178531,0.888888889,0.000871664
4304,0.001580608,0.330612245,0.888888889,0.000464505
4305,0.001157231,0.295470383,0.888888889,0.000303936
4306,0.004273287,0.238724288,1,0.001020137
4307,0.000163706,0.201970443,0.888888889,2.94E-05
4308,0.004002326,0.279266573,1,0.001117716
4309,0.00489424,0.295435821,1,0.001445934
4310,0.004216837,0.229680627,1,0.000968526
4311,0.000349992,0.147465438,0.833333333,4.30E-05
4312,0.000863689,0.214752568,1,0.000185479
4313,0,0,0,0
4314,0.000570148,0.23903819,0.888888889,0.000121144
4315,0.003866845,0.256934307,1,0.000993525
4316,0.005216007,0.229437229,1,0.001196746
4317,0.000214511,0.15037594,0.888888889,2.87E-05
4318,0.000728209,0.285714286,0.777777778,0.000161824
4319,0.005255522,0.214822771,0.888888889,0.001003561
4320,0.001230616,0.250327654,0.833333333,0.000256714
4321,0,0,0,0
4322,0.002878965,0.198039216,1,0.000570148
4323,0.000795949,0.225937183,0.888888889,0.000159853
4324,0,0,0,0
4325,0,0,0,0
4326,0,0,0,0
4327,0.000197576,0.163265306,0.833333333,2.69E-05
4328,0.007214347,0.217639168,1,0.001570124
4329,0.005932926,0.3320647,1,0.001970115
4330,0.000982235,0.213464696,1,0.000209672
4331,0,0,0,0
4332,0.000361282,0.263392857,0.888888889,8.46E-05
4333,0.000959655,0.277310924,1,0.000266123
4334,0.001428192,0.250141163,1,0.00035725
4335,0.000282251,0.165714286,0.722222222,3.38E-05
4336,0.004324092,0.236105931,1,0.001020944
4337,6.77E-05,0.178571429,0.888888889,1.07E-05
4338,0.004295867,0.279707152,1,0.001201585
4339,0.000756434,0.256929638,0.777777778,0.000151161
4340,0.003234602,0.251059586,0.888888889,0.000721847
4341,0.001603188,0.285211268,0.833333333,0.000381039
4342,6.77E-05,0.214285714,0.833333333,1.21E-05
4343,0.004922466,0.241317169,1,0.001187876
4344,0.005069236,0.291918549,1,0.001479804
4345,0,0,0,0
4346,0,0,0,0
4347,0,0,0,0
4348,0,0,0,0
4349,0.001608833,0.240601504,1,0.000387088
4350,0.001309647,0.246921182,1,0.00032338
4351,0.000400797,0.285714286,0.666666667,7.63E-05
4352,0.000683049,0.237308146,0.888888889,0.000144083
4353,0.000400797,0.253521127,0.666666667,6.77E-05
4354,0,0,0,0
4355,0,0,0,0
4356,0,0,0,0
4357,0.000671758,0.289315726,0.888888889,0.000172756
4358,0.000406442,0.263888889,0.666666667,7.15E-05
4359,0.000299187,0.242587601,0.666666667,4.84E-05
4360,0,0,0,0
4361,0,0,0,0
4362,0,0,0,0
4363,0.000457247,0.241622575,0.666666667,7.37E-05
4364,0.00087498,0.259907834,0.888888889,0.000202146
4365,0.000310477,0.272727273,0.666666667,5.65E-05
4366,0,0,0,0
4367,0,0,0,0
4368,0,0,0,0
4369,0.001591898,0.268490375,0.888888889,0.000379919
4370,0.000468537,0.263339071,0.666666667,8.23E-05
4371,0.000660468,0.213675214,0.666666667,9.41E-05
4372,0,0,0,0
4373,0,0,0,0
4374,0,0,0,0
4375,0.000395152,0.281632653,0.666666667,7.42E-05
4376,0.000468537,0.232358003,0.666666667,7.26E-05
4377,0.00101046,0.25698324,0.888888889,0.000230819
4378,0.000451602,0.2625,0.666666667,7.90E-05
4379,0.000276606,0.29154519,0.666666667,5.38E-05
4380,0.000688694,0.233021077,0.888888889,0.000142649
4381,0.000564503,0.282857143,0.777777778,0.000124191
4382,0.003533788,0.218393428,0.888888889,0.000686005
4383,0.001507223,0.268057785,0.888888889,0.000359131
4384,0.002534618,0.202036271,1,0.000512085
4385,0.003708784,0.213307241,1,0.00079111
4386,3.39E-05,0.142857143,0.666666667,3.23E-06
4387,0.000903205,0.230357143,0.777777778,0.000161824
4388,0.002890255,0.202287946,0.777777778,0.000454738
4389,0.000220156,0.142857143,0.833333333,2.62E-05
4390,0.002015275,0.274509804,0.888888889,0.000491745
4391,0.000835464,0.244208494,0.777777778,0.000158688
4392,0.000745144,0.285714286,0.777777778,0.000165588
4393,0.000863689,0.233426704,0.777777778,0.000156806
4394,0.002619294,0.225985222,0.777777778,0.000460384
4395,0.000372572,0.149350649,0.722222222,4.02E-05
4396,0,0,0,0
4397,0,0,0,0
4398,0.000756434,0.269722814,0.777777778,0.000158688
4399,0.000344347,0.259953162,0.777777778,6.96E-05
4400,0.001106426,0.298833819,0.888888889,0.0002939
4401,0.000841109,0.220517737,0.722222222,0.000133957
4402,0.002585423,0.252651279,0.888888889,0.000580631
4403,0.001371742,0.263962375,0.888888889,0.000321856
4404,0.000993525,0.203733766,0.777777778,0.000157434
4405,0.000699984,0.228110599,0.777777778,0.000124191
4406,0.002382202,0.311103588,0.888888889,0.000658766
4407,0.009748966,0.232277277,1,0.002264463
4408,0.000129836,0.161490683,1,2.10E-05
4409,0.010798941,0.325069076,1,0.003510402
4410,0.008591735,0.25774357,1,0.002214464
4411,0.007953846,0.281760114,1,0.002241077
4412,0.000259671,0.145962733,1,3.79E-05
4413,0.002500748,0.195743309,1,0.000489505
4414,6.21E-05,0.142857143,0.777777778,6.90E-06
4415,0.001665284,0.251815981,1,0.000419345
4416,0.001123361,0.214644652,0.777777778,0.00018754
4417,0.001450773,0.242356865,0.777777778,0.00027347
4418,0.000355637,0.154195011,0.777777778,4.27E-05
4419,0.002376557,0.270105192,0.888888889,0.000570596
4420,0.000429022,0.246240602,0.777777778,8.22E-05
4421,0.001179811,0.234449761,0.833333333,0.000230505
4422,0.001642704,0.221894944,0.777777778,0.000283506
4423,0.001270132,0.243809524,0.777777778,0.000240855
4424,0.000316122,0.150510204,0.833333333,3.96E-05
4425,0.000722564,0.256696429,0.777777778,0.000144262
4426,0.003477338,0.228432282,0.777777778,0.000617817
4427,0.000152416,0.142857143,0.777777778,1.69E-05
4428,0.002980575,0.3125,0.888888889,0.000827938
4429,0.001270132,0.244444444,0.777777778,0.000241482
4430,0.001134651,0.272210377,0.833333333,0.000257386
4431,0.000824174,0.229941292,0.777777778,0.000147398
4432,0.002760419,0.214723926,0.777777778,0.000461011
4433,0.000191931,0.159663866,0.833333333,2.55E-05
4434,0,0,0,0
4435,0.002500748,0.177684618,1,0.000444344
4436,0,0,0,0
4437,0,0,0,0
4438,0,0,0,0
4439,0.000158061,0.168367347,1,2.66E-05
4440,0.010386854,0.249223602,1,0.002588649
4441,0.008473189,0.289521272,1,0.002453168
4442,0.000925785,0.222996516,0.777777778,0.00016057
4443,0.001541093,0.226059655,0.777777778,0.000270961
4444,0.003065251,0.333333333,0.888888889,0.000908223
4445,0.000383862,0.256302521,0.722222222,7.11E-05
4446,0.004024906,0.223402124,0.888888889,0.000799264
4447,0.002066081,0.266978923,0.833333333,0.000459667
4448,0.000361282,0.247767857,0.777777778,6.96E-05
4449,0.000739499,0.247546347,0.777777778,0.00014238
4450,0.001213681,0.336212625,0.888888889,0.000362715
4451,0.000711274,0.25170068,0.777777778,0.000139244
4452,0.001891085,0.264392324,0.777777778,0.00038888
4453,0.000259671,0.149068323,0.833333333,3.23E-05
4454,0.001795119,0.249775382,0.888888889,0.000398557
4455,0.000372572,0.255411255,0.777777778,7.40E-05
4456,0.001383032,0.300291545,0.888888889,0.000369167
4457,0.002269302,0.237739872,0.777777778,0.000419614
4458,0.001281422,0.243549402,0.777777778,0.000242736
4459,0.000287896,0.162464986,0.833333333,3.90E-05
4460,0,0,0,0
4461,0.001637058,0.251231527,1,0.000411281
4462,0.000666113,0.262711864,0.722222222,0.000126386
4463,0.002608004,0.251082251,0.888888889,0.000582065
4464,0.002037856,0.268302335,0.888888889,0.00048601
4465,0,0,0,0
4466,0.001343517,0.261704682,0.777777778,0.00027347
4467,0.000779014,0.287784679,1,0.000224188
4468,0.000615308,0.262123198,1,0.000161287
4469,0.000632243,0.283163265,1,0.000179028
4470,0,0,0,0
4471,0.000197576,0.232653061,0.777777778,3.58E-05
4472,0.000197576,0.273469388,0.777777778,4.20E-05
4473,0.000237091,0.200680272,0.777777778,3.70E-05
4474,0,0,0,0
4475,0.000203221,0.23015873,0.777777778,3.64E-05
4476,0.001699154,0.265306122,0.777777778,0.000350619
4477,0.001512868,0.248933902,0.777777778,0.000292914
4478,0,0,0,0
4479,0.001744314,0.271382339,0.777777778,0.000368181
4480,0,0,0,0
4481,0.001648349,0.241193738,0.777777778,0.000309222
4482,0,0,0,0
4483,0.001343517,0.277310924,0.777777778,0.000289778
4484,0.000225801,0.239285714,0.777777778,4.20E-05
4485,0.000208866,0.247104247,0.777777778,4.01E-05
4486,0,0,0,0
4487,0.000683049,0.329397875,1,0.000224995
4488,0.000643533,0.27443609,1,0.000176609
4489,0.001422547,0.244331066,0.777777778,0.000270334
4490,0.003104766,0.29038961,0.888888889,0.000801415
4491,0.000784659,0.273381295,0.833333333,0.000178759
4492,0.000208866,0.22007722,0.888888889,4.09E-05
4493,0.00668936,0.230500301,1,0.001541899
4494,0.003821685,0.301118379,1,0.00115078
4495,0.001422547,0.274943311,1,0.00039112
4496,0.001541093,0.230245945,1,0.00035483
4497,0.002037856,0.347843292,1,0.000708855
4498,0,0,0,0
4499,0.003070896,0.224789916,1,0.000690306
4500,0.001072556,0.276691729,0.888888889,0.000263793
4501,0.001462063,0.222283508,0.888888889,0.000288882
4502,0.002404782,0.190811536,1,0.00045886
4503,0.003979746,0.224316109,1,0.000892721
4504,0.00298622,0.25573859,0.888888889,0.000678837
4505,0.001800764,0.294223018,0.888888889,0.000470957
4506,0.00089756,0.30458221,0.833333333,0.000227817
4507,0.002365267,0.199113536,0.944444444,0.000444792
4508,0.002528973,0.222576531,1,0.00056289
4509,0.002370912,0.263945578,0.944444444,0.000591026
4510,0.000863689,0.25210084,1,0.000217737
4511,0,0,0,0
4512,0.000457247,0.238095238,0.944444444,0.00010282
4513,0.003262827,0.276075136,1,0.000900785
4514,0.004544249,0.235847382,1,0.001071749
4515,0.000282251,0.145714286,0.888888889,3.66E-05
4516,0.005232942,0.231160425,1,0.001209649
4517,0.000220156,0.216117216,0.888888889,4.23E-05
4518,0.003528143,0.278171429,0.944444444,0.000926905
4519,0.002054791,0.248430141,0.777777778,0.000397034
4520,0.004301512,0.334270716,0.888888889,0.001278106
4521,0.001490288,0.229978355,0.833333333,0.000285612
4522,0,0,0,0
4523,0.002184626,0.266519011,1,0.000582244
4524,0.00105562,0.238349885,0.944444444,0.000237629
4525,0.001027395,0.273155416,1,0.000280639
4526,0.001072556,0.258646617,1,0.000277413
4527,0.001439482,0.319887955,1,0.000460473
4528,7.90E-05,0.173469388,0.833333333,1.14E-05
4529,0.003962811,0.246235246,1,0.000975784
4530,0.004019261,0.299357945,1,0.001203198
4531,0.002444298,0.201253712,0.888888889,0.000437266
4532,0.001558028,0.23757764,1,0.000370153
4533,0.002692679,0.208445642,1,0.000561277
4534,0.003878135,0.275940944,0.888888889,0.000951232
4535,0.000891915,0.26039783,0.888888889,0.000206447
4536,0.002094306,0.289179823,0.833333333,0.000504693
4537,0.004182967,0.211683054,0.888888889,0.000787078
4538,0.001196746,0.235175202,1,0.000281445
4539,0.001196746,0.222371968,1,0.000266123
4540,0.002122531,0.243161094,1,0.000516117
4541,0.001247551,0.253393665,1,0.000316122
4542,0.000270961,0.148809524,0.777777778,3.14E-05
4543,0.003562013,0.241113878,1,0.000858851
4544,0.000141126,0.2,0.888888889,2.51E-05
4545,0.003437823,0.28196106,1,0.000969332
4546,0.000762079,0.264550265,1,0.000201608
4547,0.004002326,0.226878904,1,0.000908043
4548,0.000237091,0.149659864,0.833333333,2.96E-05
4549,0.002608004,0.221088435,1,0.0005766
4550,0,0,0,0
4551,0.000643533,0.224310777,0.944444444,0.000136332
4552,0.000795949,0.220871327,0.777777778,0.000136735
4553,0.002049146,0.265643447,0.833333333,0.000453619
4554,0.00478134,0.277618485,0.888888889,0.001179901
4555,0.000513698,0.271585557,0.777777778,0.00010851
4556,0.001716089,0.271146617,0.888888889,0.00041361
4557,0.002410427,0.293743727,0.888888889,0.000629376
4558,0.001586253,0.261820031,1,0.000415313
4559,0.001140296,0.255304102,1,0.000291122
4560,0.00186286,0.336796537,1,0.000627405
4561,0.005289392,0.261930172,1,0.001385451
4562,0.004753115,0.256192738,1,0.001217714
4563,0.000553213,0.142857143,0.833333333,6.59E-05
4564,0.000637888,0.251580278,0.666666667,0.000106987
4565,0.000474182,0.284013605,0.666666667,8.98E-05
4566,0.001129006,0.276428571,0.888888889,0.000277413
4567,0.000451602,0.282142857,0.666666667,8.49E-05
4568,0.000496763,0.24025974,0.666666667,7.96E-05
4569,0.0009653,0.276524645,0.888888889,0.00023727
4570,0.001241906,0.307792208,0.888888889,0.000339777
4571,0.000620953,0.249350649,0.666666667,0.000103223
4572,0.000530633,0.29331307,0.666666667,0.000103761
4573,0.000558858,0.19047619,1,0.000106449
4574,0.009771546,0.2523727,1,0.002466071
4575,0.001529803,0.260938324,1,0.000399184
4576,0.002071726,0.292331647,1,0.000605631
4577,0.002433008,0.330792178,1,0.00080482
4578,0,0,0,0
4579,0.002190271,0.234167894,1,0.000512891
4580,0.002822515,0.270857143,1,0.000764498
4581,0.001213681,0.241860465,0.777777778,0.00022831
4582,0.001670929,0.222490347,0.777777778,0.000289151
4583,0.002969285,0.33813145,0.888888889,0.000892452
4584,0.00089756,0.247978437,0.777777778,0.000173114
4585,0.006932096,0.22731503,0.888888889,0.001400684
4586,0.002286237,0.316402116,0.888888889,0.000642996
4587,0.001095136,0.239322533,0.777777778,0.000203848
4588,0.001004815,0.244783307,0.777777778,0.000191304
4589,0.002145111,0.343233083,0.888888889,0.000654465
4590,0.001682219,0.223394056,1,0.000375798
4591,6.77E-05,0.142857143,0.777777778,7.52E-06
4592,0.005153912,0.231888593,1,0.001195133
4593,0.004679729,0.257453042,1,0.00120481
4594,0.005808735,0.279466889,1,0.001623349
4595,0.000293542,0.17032967,1,5.00E-05
4596,0.010161053,0.231349206,1,0.002350752
4597,0.000310477,0.168831169,1,5.24E-05
4598,0.008111907,0.298439209,1,0.002420911
4599,0.004115226,0.267685675,0.888888889,0.000979188
4600,0.0009653,0.246449457,0.777777778,0.000185032
4601,0.001241906,0.274025974,0.888888889,0.000302502
4602,0.000276606,0.192419825,1,5.32E-05
4603,0.005740995,0.269700801,1,0.001548351
4604,0.001112071,0.280638144,0.777777778,0.000242736
4605,0.004318447,0.258263305,0.888888889,0.000991375
4606,0.002365267,0.250596659,0.833333333,0.00049394
4607,0.004538604,0.223880597,1,0.001016105
4608,0.001399967,0.261520737,1,0.00036612
4609,0.000186286,0.151515152,0.722222222,2.04E-05
4610,0.005853895,0.242733159,0.888888889,0.001263053
4611,0.001343517,0.270108043,0.777777778,0.000282251
4612,0.001879795,0.259116259,0.833333333,0.000405905
4613,0.001563673,0.285198556,1,0.000445957
4614,0.001625768,0.30952381,1,0.000503214
4615,0,0,0,0
4616,0,0,0,0
4617,0.001733024,0.243369009,0.777777778,0.000328039
4618,0.00294106,0.281327118,0.888888889,0.000735467
4619,0.010228793,0.265373699,0.888888889,0.002412847
4620,0.002856385,0.244494636,0.777777778,0.000543177
4621,0.002376557,0.245673566,0.833333333,0.000486548
4622,0.006994191,0.317883085,0.888888889,0.001976298
4623,0,0,0,0
4624,0,0,0,0
4625,0,0,0,0
4626,0.010302178,0.227945205,0.888888889,0.002087406
4627,0.002410427,0.246570759,0.833333333,0.000495284
4628,0.002799935,0.337269585,0.833333333,0.000786944
4629,0,0,0,0
4630,0,0,0,0
4631,5.65E-05,0.328571429,0.6875,1.28E-05
4632,5.65E-05,0.214285714,0.6875,8.32E-06
4633,9.03E-05,0.276785714,0.875,2.19E-05
4634,0.000254026,0.26031746,0.8125,5.37E-05
4635,0.000135481,0.208333333,0.8125,2.29E-05
4636,0.000474182,0.397959184,0.875,0.000165117
4637,6.77E-05,0.238095238,0.6875,1.11E-05
4638,0,0,0,0
4639,7.34E-05,0.263736264,0.6875,1.33E-05
4640,0,0,0,0
4641,0.000293542,0.211538462,0.75,4.66E-05
4642,0.000310477,0.34025974,0.75,7.92E-05
4643,0.000406442,0.261904762,0.75,7.98E-05
4644,0,0,0,0
4645,0.000417732,0.245173745,0.75,7.68E-05
4646,7.90E-05,0.285714286,0.8125,1.83E-05
4647,0.000440312,0.380952381,0.875,0.000146771
4648,0.000383862,0.237394958,0.875,7.97E-05
4649,0,0,0,0
4650,0,0,0,0
4651,0,0,0,0
4652,0,0,0,0
4653,9.03E-05,0.196428571,0.6875,1.22E-05
4654,9.03E-05,0.303571429,0.6875,1.88E-05
4655,0.000355637,0.324263039,0.875,0.000100905
4656,0.000186286,0.207792208,0.8125,3.15E-05
4657,0.000282251,0.197142857,0.875,4.87E-05
4658,0.001546738,0.201251303,0.875,0.000272373
4659,0,0,0,0
4660,0.000496763,0.219155844,0.875,9.53E-05
4661,9.03E-05,0.142857143,0.6875,8.87E-06
4662,0.001868505,0.206301252,0.9375,0.000361383
4663,0.001733024,0.281060959,0.9375,0.000456643
4664,0.003364437,0.21620326,0.9375,0.00068194
4665,5.65E-06,0.142857143,0.6875,5.55E-07
4666,0.002314462,0.300348432,0.9375,0.000651698
4667,0.000293542,0.225274725,0.8125,5.37E-05
4668,0.000293542,0.318681319,0.875,8.19E-05
4669,0.000609663,0.355820106,0.875,0.000189814
4670,0,0,0,0
4671,0,0,0,0
4672,0,0,0,0
4673,0,0,0,0
4674,0.001292712,0.205864005,0.875,0.000232858
4675,0.000925785,0.263066202,0.8125,0.000197878
4676,0.000479827,0.284033613,0.875,0.000119251
4677,0.000158061,0.224489796,0.8125,2.88E-05
4678,0.000479827,0.265546218,0.875,0.000111489
4679,0,0,0,0
4680,0,0,0,0
4681,0,0,0,0
4682,0,0,0,0
4683,0,0,0,0
4684,0,0,0,0
4685,0.002218497,0.209741912,0.875,0.000407148
4686,1.13E-05,0.142857143,0.5,8.07E-07
4687,7.34E-05,0.296703297,0.75,1.63E-05
4688,0.000479827,0.262184874,0.75,9.44E-05
4689,0,0,0,0
4690,0.000417732,0.27027027,0.75,8.47E-05
4691,0,0,0,0
4692,0,0,0,0
4693,0,0,0,0
4694,0.000186286,0.268398268,0.8125,4.06E-05
4695,0,0,0,0
4696,0.000186286,0.229437229,0.8125,3.47E-05
4697,0,0,0,0
4698,0,0,0,0
4699,0,0,0,0
4700,9.03E-05,0.178571429,0.6875,1.11E-05
4701,0.000903205,0.333928571,0.875,0.000263905
4702,0.000807239,0.241758242,0.875,0.000170762
4703,0,0,0,0
4704,7.90E-05,0.265306122,0.6875,1.44E-05
4705,7.34E-05,0.263736264,0.6875,1.33E-05
4706,0,0,0,0
4707,0,0,0,0
4708,0,0,0,0
4709,1.69E-05,0.142857143,0.8125,1.96E-06
4710,0.001546738,0.198644421,0.9375,0.000288048
4711,0.000508053,0.314285714,0.9375,0.000149694
4712,0.003985391,0.227842979,0.9375,0.000851291
4713,1.69E-05,0.142857143,0.8125,1.96E-06
4714,0.000773369,0.233576642,0.9375,0.000169351
4715,8.47E-05,0.219047619,0.6875,1.28E-05
4716,0,0,0,0
4717,9.03E-05,0.303571429,0.6875,1.88E-05
4718,0,0,0,0
4719,0,0,0,0
4720,0,0,0,0
4721,0.001049975,0.320276498,0.875,0.000294247
4722,0.000129836,0.186335404,0.6875,1.66E-05
4723,0.000869335,0.212430427,0.875,0.000161589
4724,0,0,0,0
4725,0,0,0,0
4726,0,0,0,0
4727,0,0,0,0
4728,6.21E-05,0.207792208,0.8125,1.05E-05
4729,8.47E-05,0.238095238,0.8125,1.64E-05
4730,0.000434667,0.326530612,0.875,0.000124191
4731,0.000970945,0.342192691,0.8125,0.000269953
4732,0.000970945,0.209302326,0.875,0.000177818
4733,0,0,0,0
4734,0.000208866,0.223938224,0.75,3.51E-05
4735,0.000282251,0.274285714,0.75,5.81E-05
4736,0,0,0,0
4737,0,0,0,0
4738,0,0,0,0
4739,5.65E-06,0.142857143,0.6875,5.55E-07
4740,0.000993525,0.223214286,0.875,0.000194048
4741,0.000101611,0.325396825,0.75,2.48E-05
4742,0.001304002,0.196660482,0.75,0.000192334
4743,0.000711274,0.218820862,0.75,0.000116731
4744,7.34E-05,0.142857143,0.875,9.18E-06
4745,0,0,0,0
4746,0,0,0,0
4747,0,0,0,0
4748,0.004961981,0.192914026,0.875,0.000837581
4749,5.65E-06,0.142857143,0.6875,5.55E-07
4750,0.000536278,0.266165414,0.875,0.000124896
4751,0.002297527,0.222183222,0.9375,0.000478567
4752,5.65E-06,0.142857143,0.625,5.04E-07
4753,0.001388677,0.259001161,0.875,0.00031471
4754,0.00187415,0.212134251,0.8125,0.000323027
4755,0.000846754,0.225714286,0.8125,0.000155289
4756,0.000124191,0.162337662,0.875,1.76E-05
4757,0.001264487,0.202806122,0.875,0.00022439
4758,0,0,0,0
4759,0.000349992,0.214285714,0.875,6.56E-05
4760,0.002128176,0.209549072,0.8125,0.00036234
4761,0.001377387,0.217213115,0.8125,0.000243089
4762,0.000169351,0.147619048,0.875,2.19E-05
4763,6.21E-05,0.142857143,0.8125,7.21E-06
4764,0.00200963,0.238764045,0.9375,0.000449838
4765,0.001631413,0.260504202,0.9375,0.000398428
4766,0,0,0,0
4767,0.000948365,0.228741497,0.875,0.000189814
4768,0.000587083,0.215659341,0.875,0.000110784
4769,0,0,0,0
4770,0,0,0,0
4771,0,0,0,0
4772,0.000118546,0.156462585,0.9375,1.74E-05
4773,0.005052301,0.194892259,0.9375,0.000923113
4774,0.003641044,0.35503876,0.9375,0.001211917
4775,0.009359459,0.197914872,0.9375,0.001736603
4776,2.82E-05,0.142857143,0.9375,3.78E-06
4777,0.003240247,0.303882529,0.9375,0.000923114
4778,0.002099951,0.212749616,0.875,0.000390918
4779,0,0,0,0
4780,0.00098788,0.284897959,0.875,0.000246264
4781,0.002201561,0.231868132,0.75,0.000382854
4782,0.000779014,0.246376812,0.75,0.000143948
4783,0.000174996,0.152073733,0.8125,2.16E-05
4784,0.003680559,0.24167397,0.9375,0.000833902
4785,7.34E-05,0.186813187,0.8125,1.11E-05
4786,0.002026566,0.257859133,0.9375,0.000489908
4787,0,0,0,0
4788,0,0,0,0
4789,0,0,0,0
4790,0,0,0,0
4791,0.001049975,0.208141321,0.875,0.000191225
4792,0.000361282,0.220982143,0.8125,6.49E-05
4793,0.000474182,0.285714286,0.8125,0.000110078
4794,0.000349992,0.352534562,0.875,0.000107961
4795,0.000745144,0.247835498,0.875,0.000161589
4796,3.95E-05,0.224489796,0.625,5.54E-06
4797,0.001716089,0.216165414,0.9375,0.000347774
4798,0.001947535,0.269151139,0.9375,0.00049142
4799,0,0,0,0
4800,0,0,0,0
4801,0,0,0,0
4802,5.65E-06,0.142857143,0.6875,5.55E-07
4803,0.003099121,0.190215977,0.875,0.000515815
4804,0.00102175,0.241515391,0.875,0.000215922
4805,0,0,0,0
4806,0.000112901,0.257142857,0.6875,2.00E-05
4807,9.60E-05,0.25210084,0.6875,1.66E-05
4808,0.002077371,0.217003106,0.75,0.000338097
4809,2.26E-05,0.142857143,0.6875,2.22E-06
4810,0,0,0,0
4811,0,0,0,0
4812,0,0,0,0
4813,0,0,0,0
4814,0.000412087,0.258317025,0.75,7.98E-05
4815,0,0,0,0
4816,0.000423377,0.245714286,0.75,7.80E-05
4817,2.82E-05,0.142857143,0.75,3.02E-06
4818,0.000733854,0.230769231,0.75,0.000127013
4819,5.65E-06,0.285714286,0.4375,7.06E-07
4820,0,0,0,0
4821,0,0,0,0
4822,0,0,0,0
4823,0.000118546,0.353741497,0.6875,2.88E-05
4824,9.03E-05,0.25,0.6875,1.55E-05
4825,0.000169351,0.247619048,0.875,3.67E-05
4826,0,0,0,0
4827,0.000423377,0.262857143,0.75,8.35E-05
4828,0.000389507,0.271221532,0.75,7.92E-05
4829,0,0,0,0
4830,0,0,0,0
4831,0,0,0,0
4832,0.00295235,0.221524174,0.9375,0.000613141
4833,1.69E-05,0.142857143,0.75,1.81E-06
4834,0.000626598,0.252252252,0.9375,0.000148182
4835,0.0028959,0.22695628,0.8125,0.00053401
4836,2.26E-05,0.142857143,0.8125,2.62E-06
4837,3.95E-05,0.224489796,0.8125,7.20E-06
4838,0.002201561,0.220879121,0.875,0.000425494
4839,0,0,0,0
4840,0.000237091,0.268707483,0.75,4.78E-05
4841,0,0,0,0
4842,0,0,0,0
4843,0,0,0,0
4844,0.001281422,0.302076778,0.875,0.000338702
4845,0.000141126,0.177142857,0.6875,1.72E-05
4846,0.000914495,0.201940035,0.875,0.000161589
4847,3.95E-05,0.142857143,0.8125,4.58E-06
4848,0.001112071,0.22480058,0.8125,0.00020312
4849,7.90E-05,0.173469388,0.75,1.03E-05
4850,0.003206377,0.222082495,0.8125,0.000578565
4851,5.65E-06,0.142857143,0.8125,6.56E-07
4852,0.000197576,0.183673469,0.75,2.72E-05
4853,0,0,0,0
4854,0,0,0,0
4855,0,0,0,0
4856,0.000107256,0.270676692,0.6875,2.00E-05
4857,0,0,0,0
4858,0.000124191,0.227272727,0.6875,1.94E-05
4859,2.26E-05,0.142857143,0.8125,2.62E-06
4860,0.001168521,0.222222222,0.8125,0.000210983
4861,0.000112901,0.171428571,0.75,1.45E-05
4862,0,0,0,0
4863,0.000174996,0.248847926,0.8125,3.54E-05
4864,0.000174996,0.216589862,0.75,2.84E-05
4865,0,0,0,0
4866,0,0,0,0
4867,0,0,0,0
4868,4.52E-05,0.142857143,0.8125,5.25E-06
4869,0.002681389,0.277894737,0.9375,0.000698572
4870,0.001445127,0.244419643,0.875,0.000309065
4871,0.000141126,0.291428571,0.6875,2.83E-05
4872,0.000101611,0.222222222,0.6875,1.55E-05
4873,0.000333057,0.285714286,0.875,8.33E-05
4874,2.82E-05,0.142857143,0.625,2.52E-06
4875,0.00099917,0.240516546,0.875,0.000210277
4876,0.000174996,0.262672811,0.75,3.45E-05
4877,0,0,0,0
4878,0,0,0,0
4879,0,0,0,0
4880,0.002495103,0.226890756,0.875,0.000495351
4881,5.08E-05,0.142857143,0.6875,4.99E-06
4882,0.000129836,0.316770186,0.75,3.08E-05
4883,0.002461233,0.23689384,0.75,0.000437288
4884,5.65E-06,0.142857143,0.6875,5.55E-07
4885,5.65E-06,0.285714286,0.5625,9.08E-07
4886,0.005645029,0.303428571,0.9375,0.001605809
4887,0.000112901,0.164285714,0.9375,1.74E-05
4888,0.002274947,0.208436725,0.9375,0.000444546
4889,0,0,0,0
4890,0,0,0,0
4891,0,0,0,0
4892,0.000141126,0.274285714,0.75,2.90E-05
4893,0,0,0,0
4894,0.000152416,0.243386243,0.75,2.78E-05
4895,2.26E-05,0.142857143,0.625,2.02E-06
4896,0.000812884,0.23015873,0.75,0.000140319
4897,0,0,0,0
4898,1.13E-05,0.285714286,0.6875,2.22E-06
4899,0.000587083,0.258241758,0.9375,0.000142134
4900,0.000485473,0.247508306,0.9375,0.000112649
4901,0,0,0,0
4902,0,0,0,0
4903,0,0,0,0
4904,1.69E-05,0.142857143,0.5625,1.36E-06
4905,0.000829819,0.231292517,0.875,0.00016794
4906,0.000129836,0.267080745,0.8125,2.82E-05
4907,3.95E-05,0.142857143,0.625,3.53E-06
4908,0.001789474,0.22352411,0.9375,0.000374991
4909,0.000366927,0.259340659,0.875,8.33E-05
4910,0,0,0,0
4911,0.001145941,0.228712175,0.875,0.000229329
4912,0.000491118,0.215106732,0.875,9.24E-05
4913,0.004448283,0.192168238,0.875,0.000747966
4914,0.000699984,0.22235023,1,0.000155642
4915,2.82E-05,0.142857143,0.8125,3.27E-06
4916,0.001405612,0.201376936,0.8125,0.000229984
4917,0.001049975,0.217357911,0.8125,0.000185429
4918,0.000118546,0.142857143,0.8125,1.38E-05
4919,0.00280558,0.210692728,0.9375,0.000554171
4920,8.47E-05,0.180952381,0.6875,1.05E-05
4921,0.001360452,0.271487848,0.9375,0.000346262
4922,0.001117716,0.204906205,1,0.000229027
4923,0.002015275,0.205682273,0.875,0.000362693
4924,0.000141126,0.16,0.875,1.98E-05
4925,0,0,0,0
4926,0,0,0,0
4927,0,0,0,0
4928,0.000112901,0.314285714,0.8125,2.88E-05
4929,9.03E-05,0.25,0.8125,1.83E-05
4930,0.000208866,0.247104247,0.875,4.52E-05
4931,2.26E-05,0.142857143,0.625,2.02E-06
4932,0.001687864,0.24462494,0.9375,0.000387088
4933,0.001354807,0.283333333,0.9375,0.000359871
4934,0,0,0,0
4935,0,0,0,0
4936,0,0,0,0
4937,0.005983731,0.205390836,0.9375,0.001152191
4938,3.39E-05,0.142857143,0.875,4.24E-06
4939,0.002924125,0.319635962,0.9375,0.00087624
4940,0.00481521,0.207167979,0.9375,0.00093521
4941,0.000858044,0.234962406,1,0.000201608
4942,0.000169351,0.176190476,1,2.98E-05
4943,0.004058776,0.189548977,0.875,0.00067317
4944,1.13E-05,0.142857143,0.5,8.07E-07
4945,0.000287896,0.226890756,0.875,5.72E-05
4946,0.001682219,0.204697987,0.75,0.00025826
4947,0.000812884,0.228174603,0.75,0.00013911
4948,0.000191931,0.147058824,0.8125,2.29E-05
4949,0.002596713,0.248757764,0.9375,0.00060558
4950,0.000101611,0.158730159,0.8125,1.31E-05
4951,0.001383032,0.229737609,0.9375,0.000297876
4952,0.00202092,0.206703911,1,0.000417732
4953,0.002387847,0.199932455,0.9375,0.00044757
4954,0.000208866,0.158301158,1,3.31E-05
4955,0.00680226,0.195969176,0.9375,0.001249719
4956,0.001411257,0.230285714,0.9375,0.00030468
4957,0.000248381,0.159090909,1,3.95E-05
4958,0.001529803,0.228782288,0.75,0.000262494
4959,0.001512868,0.231876333,0.75,0.000263099
4960,0.000174996,0.142857143,0.875,2.19E-05
4961,0.002376557,0.217509332,0.875,0.000452308
4962,0,0,0,0
4963,0.000773369,0.267987487,0.875,0.000181347
4964,0.00195318,0.222956235,1,0.000435474
4965,0.00295235,0.198579623,0.9375,0.000549634
4966,0.000124191,0.149350649,1,1.85E-05
4967,0,0,0,0
4968,0.000570148,0.217821782,0.875,0.000108667
4969,0.000372572,0.20995671,0.8125,6.36E-05
4970,0,0,0,0
4971,0,0,0,0
4972,0,0,0,0
4973,9.03E-05,0.142857143,0.8125,1.05E-05
4974,0.005458743,0.227655488,0.9375,0.001165043
4975,0.003302342,0.329426129,0.9375,0.001019885
4976,0.000502408,0.216693419,0.8125,8.85E-05
4977,0.000485473,0.196013289,0.8125,7.73E-05
4978,0.001371742,0.340975897,0.875,0.000409265
4979,5.08E-05,0.174603175,0.6875,6.10E-06
4980,0.00294106,0.202083905,0.875,0.000520048
4981,0.001309647,0.272783251,0.8125,0.000290265
4982,0,0,0,0
4983,0,0,0,0
4984,0,0,0,0
4985,0.005932926,0.194916406,0.875,0.001011872
4986,2.82E-05,0.142857143,0.5625,2.27E-06
4987,0.001219326,0.25462963,0.875,0.000271667
4988,0.005752285,0.200196271,0.875,0.001007638
4989,0.000592728,0.265306122,0.8125,0.000127769
4990,0.000107256,0.15037594,0.875,1.41E-05
4991,0.010448949,0.238249595,0.9375,0.002333867
4992,0.000107256,0.15037594,0.8125,1.31E-05
4993,0.004087001,0.269534333,0.9375,0.001032738
4994,0.002387847,0.222222222,0.8125,0.000431139
4995,0.002094306,0.235271467,0.8125,0.000400343
4996,0.000265316,0.145896657,0.875,3.39E-05
4997,0.001800764,0.228840125,0.875,0.000360576
4998,0,0,0,0
4999,0.000615308,0.28440367,0.875,0.000153121
5000,0.002551553,0.235145386,0.9375,0.000562487
5001,0.002653164,0.19331307,0.875,0.00044878
5002,0.000146771,0.164835165,0.8125,1.97E-05
5003,5.08E-05,0.19047619,0.8125,7.86E-06
5004,0.001659639,0.243440233,0.9375,0.000378771
5005,0.001529803,0.271481286,0.9375,0.000389356
5006,0,0,0,0
5007,0,0,0,0
5008,0,0,0,0
5009,0,0,0,0
5010,0.002619294,0.184729064,0.875,0.000423377
5011,0.000423377,0.266666667,0.8125,9.17E-05
5012,7.34E-05,0.164835165,0.875,1.06E-05
5013,0.003353147,0.203944204,0.9375,0.000641114
5014,0.00191931,0.271008403,0.9375,0.00048764
5015,0,0,0,0
5016,5.08E-05,0.238095238,0.8125,9.83E-06
5017,5.65E-05,0.228571429,0.75,9.69E-06
5018,0,0,0,0
5019,0.000434667,0.243042672,0.75,7.92E-05
5020,0.000383862,0.271008403,0.75,7.80E-05
5021,0.000112901,0.285714286,0.6875,2.22E-05
5022,0.000169351,0.233333333,0.6875,2.72E-05
5023,0.000282251,0.291428571,0.875,7.20E-05
5024,3.95E-05,0.142857143,0.6875,3.88E-06
5025,0.000903205,0.230357143,0.875,0.000182052
5026,0.000112901,0.271428571,0.8125,2.49E-05
5027,0.002252367,0.232008593,0.8125,0.000424587
5028,5.65E-05,0.142857143,0.8125,6.56E-06
5029,6.21E-05,0.207792208,0.75,9.68E-06
5030,0.003641044,0.233665559,0.9375,0.000797612
5031,7.34E-05,0.153846154,0.75,8.47E-06
5032,0.000683049,0.249114522,0.875,0.000148888
5033,0.001800764,0.210927004,0.875,0.000332351
5034,0.000745144,0.231601732,0.8125,0.000140219
5035,0,0,0,0
5036,9.60E-05,0.226890756,0.6875,1.50E-05
5037,0,0,0,0
5038,9.60E-05,0.226890756,0.6875,1.50E-05
5039,6.21E-05,0.142857143,0.8125,7.21E-06
5040,0.001185456,0.22244898,0.8125,0.000214259
5041,6.77E-05,0.166666667,0.8125,9.17E-06
5042,0.000728209,0.300110742,0.9375,0.000204884
5043,4.52E-05,0.160714286,0.6875,4.99E-06
5044,0.000541923,0.21875,0.9375,0.000111137
5045,0.000270961,0.270833333,0.8125,5.96E-05
5046,0.000378217,0.360341151,0.8125,0.000110733
5047,0.000564503,0.207142857,0.875,0.000102316
5048,0.000158061,0.158163265,0.6875,1.72E-05
5049,0.001196746,0.293126685,0.875,0.000306948
5050,0.000891915,0.22965642,0.9375,0.000192032
5051,0,0,0,0
5052,0,0,0,0
5053,0,0,0,0
5054,0,0,0,0
5055,0.000141126,0.28,0.6875,2.72E-05
5056,0.000146771,0.230769231,0.6875,2.33E-05
5057,0.000592728,0.361904762,0.75,0.000160883
5058,0.000327412,0.236453202,0.8125,6.29E-05
5059,0.000575793,0.225490196,0.875,0.000113606
5060,1.13E-05,0.142857143,0.6875,1.11E-06
5061,0.001620123,0.244400199,0.9375,0.000371211
5062,0.000524988,0.276497696,0.875,0.000127013
5063,0.002630584,0.225935009,0.75,0.000445756
5064,6.77E-05,0.142857143,0.6875,6.65E-06
5065,5.65E-06,0.142857143,0.4375,3.53E-07
5066,0.003821685,0.297109095,0.9375,0.001064491
5067,0.000152416,0.185185185,0.8125,2.29E-05
5068,0.001716089,0.24906015,0.875,0.000373983
5069,0.003121701,0.228106432,1,0.00071208
5070,0.001112071,0.22480058,0.9375,0.00023437
5071,0.000152416,0.169312169,0.875,2.26E-05
5072,1.69E-05,0.142857143,0.625,1.51E-06
5073,0.001061266,0.224164134,0.75,0.000178423
5074,0,0,0,0
5075,0.002359622,0.231715653,0.75,0.000410071
5076,3.39E-05,0.142857143,0.75,3.63E-06
5077,0,0,0,0
5078,0.00291848,0.239016303,0.875,0.000610369
5079,1.69E-05,0.142857143,0.5,1.21E-06
5080,0.000163706,0.275862069,0.8125,3.67E-05
5081,0.00292977,0.224057253,0.9375,0.000615409
5082,0.000880625,0.236263736,0.9375,0.000195056
5083,0.000270961,0.178571429,0.875,4.23E-05
5084,0.000468537,0.287435456,0.75,0.000101006
5085,0,0,0,0
5086,0.000519343,0.24378882,0.75,9.50E-05
5087,3.95E-05,0.163265306,0.75,4.84E-06
5088,0.001834635,0.232527473,0.75,0.000319952
5089,0,0,0,0
5090,0.000152416,0.253968254,0.8125,3.15E-05
5091,0,0,0,0
5092,0.000124191,0.266233766,0.75,2.48E-05
5093,0.000107256,0.255639098,0.8125,2.23E-05
5094,0.000163706,0.201970443,0.875,2.89E-05
5095,0.000299187,0.28032345,0.875,7.34E-05
5096,0,0,0,0
5097,0.001247551,0.349062702,0.875,0.000381039
5098,0.000620953,0.276623377,0.75,0.000128828
5099,0,0,0,0
5100,0,0,0,0
5101,0,0,0,0
5102,0.000389507,0.3436853,0.8125,0.000108768
5103,0.000259671,0.177018634,0.8125,3.73E-05
5104,0.000536278,0.264661654,0.875,0.000124191
5105,0.003274117,0.228325123,0.8125,0.000607395
5106,5.08E-05,0.142857143,0.8125,5.90E-06
5107,7.90E-05,0.173469388,0.8125,1.11E-05
5108,0.002105596,0.268096515,0.875,0.00049394
5109,5.65E-06,0.142857143,0.5625,4.54E-07
5110,0.000445957,0.220614828,0.75,7.38E-05
5111,0.002178981,0.225758697,0.9375,0.000461179
5112,0.000400797,0.22334004,0.8125,7.27E-05
5113,5.65E-06,0.285714286,0.5,8.07E-07
5114,0,0,0,0
5115,0.002077371,0.216226708,0.8125,0.000364961
5116,0.000107256,0.22556391,0.75,1.81E-05
5117,2.26E-05,0.214285714,0.875,4.24E-06
5118,0.002083016,0.308943089,0.9375,0.000603313
5119,0.001016105,0.231746032,0.875,0.000206044
5120,0,0,0,0
5121,0.000491118,0.238095238,0.875,0.000102316
5122,0.000146771,0.230769231,0.875,2.96E-05
5123,3.39E-05,0.142857143,0.6875,3.33E-06
5124,0.002658809,0.2211101,0.9375,0.000551146
5125,0.001179811,0.2734108,0.9375,0.000302412
5126,0.000406442,0.224206349,0.8125,7.40E-05
5127,0.000429022,0.229323308,0.8125,7.99E-05
5128,0.000745144,0.37987013,0.875,0.000247676
5129,3.39E-05,0.142857143,0.75,3.63E-06
5130,0.002867675,0.202474691,0.875,0.000508053
5131,0.000807239,0.277722278,0.8125,0.000182153
5132,0.004087001,0.208366219,0.9375,0.000798368
5133,0.000829819,0.243926142,1,0.000202415
5134,9.60E-05,0.193277311,1,1.86E-05
5135,0.006175662,0.208801254,0.9375,0.001208893
5136,7.34E-05,0.175824176,0.9375,1.21E-05
5137,0.00195318,0.287365813,0.9375,0.000526197
5138,0.003505563,0.189095928,1,0.000662888
5139,0.001495933,0.195148248,0.9375,0.000273683
5140,4.52E-05,0.142857143,0.75,4.84E-06
5141,0.00196447,0.200328407,0.875,0.000344347
5142,0,0,0,0
5143,0.000615308,0.239842726,0.875,0.00012913
5144,0.001213681,0.213289037,1,0.000258865
5145,0.002743484,0.193415638,0.9375,0.000497468
5146,0.000276606,0.142857143,1,3.95E-05
5147,0.003234602,0.226876091,0.9375,0.000687988
5148,0.000169351,0.19047619,0.8125,2.62E-05
5149,0.001213681,0.241860465,0.9375,0.000275195
5150,0.000259671,0.270186335,0.8125,5.70E-05
5151,0.000338702,0.304761905,0.875,9.03E-05
5152,0.000592728,0.308843537,0.875,0.000160178
5153,0.000169351,0.195238095,0.8125,2.69E-05
5154,0.00198705,0.278003247,0.9375,0.000517881
5155,0.001727379,0.242763772,0.9375,0.000393136
5156,0,0,0,0
5157,0,0,0,0
5158,0,0,0,0
5159,0,0,0,0
5160,0.002438653,0.220899471,0.875,0.00047136
5161,0.00092014,0.230499562,0.8125,0.000172325
5162,0.000378217,0.349680171,0.875,0.000115723
5163,0.000231446,0.268292683,0.8125,5.05E-05
5164,0.000462892,0.231707317,0.875,9.38E-05
5165,5.65E-06,0.142857143,0.8125,6.56E-07
5166,0.003189442,0.216434893,0.9375,0.000647162
5167,0.001224971,0.29361422,0.9375,0.00033719
5168,0.004679729,0.208512838,0.875,0.000853811
5169,0.000688694,0.25058548,0.875,0.000151005
5170,2.26E-05,0.392857143,0.875,7.77E-06
5171,0.005345843,0.249358878,0.9375,0.001249719
5172,8.47E-05,0.2,0.875,1.48E-05
5173,0.002681389,0.292030075,0.9375,0.000734106
5174,0.00489424,0.20975449,0.9375,0.000962427
5175,0.00196447,0.193349754,1,0.00037983
5176,0.000124191,0.168831169,1,2.10E-05
5177,0.001970115,0.201801064,0.9375,0.000372723
5178,0.002811225,0.19707401,0.875,0.000484767
5179,0.000282251,0.142857143,0.8125,3.28E-05
5180,0.005074881,0.206102018,0.875,0.0009152
5181,0.001828989,0.211640212,0.875,0.000338702
5182,8.47E-05,0.152380952,0.8125,1.05E-05
5183,0.005853895,0.210635074,0.875,0.001078906
5184,0,0,0,0
5185,0.000587083,0.289835165,0.875,0.000148888
5186,0.006350658,0.190222222,1,0.001208036
5187,0.002291882,0.202674173,0.9375,0.000435474
5188,0.000457247,0.151675485,1,6.94E-05
5189,0.003855555,0.21522694,0.9375,0.000777956
5190,7.34E-05,0.197802198,0.6875,9.98E-06
5191,0.002032211,0.288492063,0.9375,0.000549634
5192,0.001366097,0.239669421,1,0.000327412
5193,0.003657979,0.200617284,0.875,0.000642122
5194,0.000208866,0.142857143,0.8125,2.42E-05
5195,0.00292977,0.223781998,0.875,0.000573676
5196,0,0,0,0
5197,0.000587083,0.226648352,0.8125,0.000108112
5198,0.000429022,0.187969925,0.8125,6.55E-05
5199,0.000412087,0.207436399,0.875,7.48E-05
5200,0.00104433,0.337451737,0.875,0.00030836
5201,0,0,0,0
5202,0.002015275,0.219687875,0.875,0.00038739
5203,0.000784659,0.277492292,0.8125,0.000176911
5204,0,0,0,0
5205,0,0,0,0
5206,0,0,0,0
5207,0.000869335,0.250463822,0.875,0.00019052
5208,0.000716919,0.183352081,0.8125,0.000106802
5209,0.001614478,0.332167832,0.875,0.000469243
5210,0.006926451,0.199557574,0.9375,0.001295837
5211,0.003053961,0.23422234,1,0.000715306
5212,0.000310477,0.166233766,1,5.16E-05
5213,0.004775695,0.201621074,0.875,0.000842521
5214,0,0,0,0
5215,0.000846754,0.277142857,0.875,0.000205338
5216,0.005616804,0.195118449,0.9375,0.001027446
5217,0.001772539,0.179708826,0.875,0.000278723
5218,0.000146771,0.148351648,0.875,1.91E-05
5219,0.002771709,0.225487344,0.9375,0.000585924
5220,0.004493443,0.201184494,0.9375,0.00084751
5221,0.000349992,0.161290323,1,5.65E-05
5222,5.65E-05,0.185714286,0.8125,8.53E-06
5223,0.00280558,0.262431733,0.9375,0.000690256
5224,0.00199834,0.257062147,0.9375,0.000481591
5225,0.000197576,0.216326531,0.6875,2.94E-05
5226,0.00094272,0.324208725,0.875,0.000267433
5227,0.000937075,0.237521515,0.875,0.000194754
5228,0.000479827,0.257142857,0.8125,0.00010025
5229,0.000570148,0.305516266,0.8125,0.000141529
5230,0.00089756,0.258760108,0.875,0.000203221
5231,0,0,0,0
5232,0.000575793,0.268907563,0.875,0.000135481
5233,0.000158061,0.285714286,0.75,3.39E-05
5234,0,0,0,0
5235,0,0,0,0
5236,0,0,0,0
5237,7.34E-05,0.142857143,0.6875,7.21E-06
5238,0.003121701,0.229914751,0.9375,0.000672867
5239,0.000671758,0.290516206,0.875,0.000170762
5240,0.000242736,0.372093023,0.875,7.90E-05
5241,0.000146771,0.21978022,0.8125,2.62E-05
5242,0.000338702,0.254761905,0.875,7.55E-05
5243,0.003116056,0.21557971,0.875,0.000587789
5244,6.21E-05,0.142857143,0.5625,4.99E-06
5245,0.000158061,0.260204082,0.8125,3.34E-05
5246,0.001738669,0.223562152,0.9375,0.000364407
5247,0.000903205,0.235714286,0.9375,0.000199592
5248,0.000124191,0.207792208,0.875,2.26E-05
5249,0.004510378,0.266046844,0.9375,0.001124974
5250,0.000174996,0.179723502,0.875,2.75E-05
5251,0.001264487,0.232142857,0.875,0.000256849
5252,0.000186286,0.303030303,0.8125,4.59E-05
5253,0,0,0,0
5254,0.000163706,0.270935961,0.75,3.33E-05
5255,0,0,0,0
5256,0.000208866,0.316602317,0.8125,5.37E-05
5257,0.000163706,0.320197044,0.8125,4.26E-05
5258,0.00087498,0.342857143,0.8125,0.000243744
5259,0.000863689,0.340802988,0.875,0.000257554
5260,0.001151586,0.214985994,0.875,0.000216628
5261,0.000107256,0.15037594,0.8125,1.31E-05
5262,0.00195318,0.285301404,0.9375,0.000522417
5263,0.00104433,0.225482625,0.9375,0.000220761
5264,0,0,0,0
5265,0.00202092,0.230247406,0.875,0.000407148
5266,0.000174996,0.262672811,0.75,3.45E-05
5267,0.00290719,0.221914008,0.875,0.000564503
5268,0.000750789,0.243823845,0.875,0.000160178
5269,0,0,0,0
5270,0.004002326,0.241386258,0.9375,0.000905725
5271,3.39E-05,0.19047619,0.8125,5.25E-06
5272,0.000750789,0.238453276,0.875,0.00015665
5273,0.001783829,0.246835443,0.8125,0.000357754
5274,0.002737839,0.228865979,1,0.000626598
5275,0,0,0,0
5276,0.00292977,0.246903386,0.875,0.000632949
5277,0,0,0,0
5278,0.000203221,0.273809524,0.8125,4.52E-05
5279,0.000925785,0.329268293,0.8125,0.000247676
5280,0.000203221,0.158730159,0.6875,2.22E-05
5281,0.000863689,0.241830065,0.875,0.000182758
5282,0.000276606,0.300291545,0.8125,6.75E-05
5283,0.000333057,0.230024213,0.8125,6.22E-05
5284,0.000479827,0.25210084,0.875,0.000105844
5285,0.003172506,0.224453482,0.875,0.00062307
5286,0.002274947,0.207727756,0.9375,0.000443034
5287,0.000316122,0.204081633,0.9375,6.05E-05
5288,0.000299187,0.23180593,0.8125,5.63E-05
5289,0.003765235,0.238594988,0.9375,0.000842218
5290,0.001772539,0.240673339,0.9375,0.00039994
5291,0.001224971,0.219223173,0.8125,0.00021819
5292,0.00094272,0.27031651,0.8125,0.000207052
5293,0.002337042,0.338164251,0.875,0.000691516
5294,1.69E-05,0.142857143,0.625,1.51E-06
5295,0.001230616,0.214941022,0.875,0.000231446
5296,0.000270961,0.327380952,0.8125,7.21E-05
5297,0,0,0,0
5298,0,0,0,0
5299,0,0,0,0
5300,0.000124191,0.142857143,0.9375,1.66E-05
5301,0.007293378,0.200796108,0.9375,0.001372952
5302,0.002591068,0.318082789,0.9375,0.000772663
5303,0.000547568,0.273932253,0.875,0.000131247
5304,0.000451602,0.214285714,0.8125,7.86E-05
5305,0.000863689,0.351073763,0.875,0.000265316
5306,0.006254692,0.194945848,0.875,0.00106691
5307,1.69E-05,0.19047619,0.5,1.61E-06
5308,0.001315292,0.295524218,0.875,0.000340113
5309,0.002681389,0.209924812,0.9375,0.000527709
5310,0.001653994,0.19600195,0.9375,0.000303924
5311,0.000174996,0.161290323,1,2.82E-05
5312,0.006943386,0.231823461,0.9375,0.001509037
5313,0.000248381,0.168831169,0.8125,3.41E-05
5314,0.002274947,0.257710032,0.9375,0.000549634
5315,0.002382202,0.206161137,0.875,0.000429728
5316,0,0,0,0
5317,0.000468537,0.225473322,0.875,9.24E-05
5318,0,0,0,0
5319,0.003618464,0.21083129,0.875,0.000667525
5320,0.000660468,0.214896215,0.8125,0.00011532
5321,0.000468537,0.339070568,0.8125,0.00012908
5322,0.000496763,0.363636364,0.8125,0.000146771
5323,0.000688694,0.2470726,0.875,0.000148888
5324,0.000141126,0.177142857,0.8125,2.03E-05
5325,0.002545908,0.266075388,0.9375,0.000635066
5326,0.001541093,0.257456829,0.9375,0.000371967
5327,5.65E-06,0.142857143,0.5,4.04E-07
5328,0.005486968,0.196942975,0.875,0.000945542
5329,0.00094272,0.234388366,0.8125,0.000179532
5330,0.004888595,0.210161663,0.875,0.000898971
5331,0.001812054,0.20694259,0.875,0.000328117
5332,4.52E-05,0.160714286,0.75,5.45E-06
5333,0.008873986,0.204016721,0.9375,0.001697289
5334,5.65E-05,0.171428571,0.8125,7.87E-06
5335,0.002218497,0.288985823,0.9375,0.000601045
5336,0.00382733,0.201432786,0.9375,0.000722765
5337,0.004499088,0.2125829,0.875,0.000836876
5338,0.000220156,0.153846154,0.875,2.96E-05
5339,0.006045826,0.211951447,0.875,0.001121244
5340,0,0,0,0
5341,0.000445957,0.224231465,0.875,8.75E-05
5342,0.005097461,0.231925328,0.9375,0.001108341
5343,0.000530633,0.162613982,0.8125,7.01E-05
5344,0.002263657,0.246170289,0.9375,0.000522417
5345,0.000524988,0.235023041,0.8125,0.00010025
5346,0.000378217,0.219616205,0.8125,6.75E-05
5347,0.001078201,0.327599102,0.875,0.000309065
5348,0.006762745,0.198187455,0.9375,0.001256523
5349,0.005136977,0.204866562,0.9375,0.00098662
5350,0.000541923,0.165178571,1,8.95E-05
5351,0,0,0,0
5352,0,0,0,0
5353,0,0,0,0
5354,0.000248381,0.194805195,0.8125,3.93E-05
5355,0.005278102,0.267838044,0.9375,0.001325322
5356,0.002077371,0.232531056,0.875,0.000422672
5357,0.000937075,0.363166954,0.8125,0.000276506
5358,0.000643533,0.296992481,0.8125,0.000155289
5359,0.001383032,0.241399417,0.875,0.00029213
5360,0,0,0,0
5361,0,0,0,0
5362,0,0,0,0
5363,0.003567658,0.227396022,0.875,0.000709862
5364,0,0,0,0
5365,0.000434667,0.257884972,0.75,8.41E-05
5366,0,0,0,0
5367,0.002777354,0.236353078,0.875,0.000574382
5368,0.000265316,0.279635258,0.75,5.56E-05
5369,0.00477005,0.276415892,0.9375,0.00123611
5370,0.000248381,0.159090909,0.8125,3.21E-05
5371,0.001394322,0.24869867,0.875,0.00030342
5372,0,0,0,0
5373,0,0,0,0
5374,0,0,0,0
5375,0.000372572,0.173160173,0.875,5.65E-05
5376,0.009461069,0.226133652,0.9375,0.002005749
5377,0.003443468,0.294379391,0.9375,0.000950331
5378,0.001569318,0.290339157,0.875,0.00039868
5379,0.001061266,0.239361702,0.8125,0.000206396
5380,0.002557198,0.316304005,0.875,0.000707745
5381,0,0,0,0
5382,0,0,0,0
5383,0,0,0,0
5384,0.006531299,0.204469688,0.875,0.001168521
5385,0,0,0,0
5386,0.001174166,0.293269231,0.8125,0.000279782
5387,0,0,0,0
5388,0.006762745,0.204626759,0.875,0.001210859
5389,0.000891915,0.19801085,0.8125,0.000143495
5390,0.010217503,0.224388319,0.9375,0.002149395
5391,0.000406442,0.160714286,0.8125,5.31E-05
5392,0.002856385,0.247882552,0.9375,0.000663795
5393,0,0,0,0
5394,0,0,0,0
5395,0,0,0,0
5396,0,0,0,0
5397,0,0,0,0
5398,0,0,0,0
5399,4.89E-05,0.274725275,1,1.34E-05
5400,0.000190049,0.236209335,1,4.49E-05
5401,0.000459129,0.399297424,1,0.000183329
5402,0.000265316,0.227963526,0.888888889,5.38E-05
5403,0.000191931,0.24929972,0.666666667,3.19E-05
5404,0.000124191,0.298701299,0.666666667,2.47E-05
5405,0.001917428,0.219122389,0.888888889,0.000373468
5406,0.000310477,0.233766234,0.833333333,6.05E-05
5407,0.000792186,0.269426535,0.888888889,0.000189721
5408,0.002002104,0.211734694,0.888888889,0.000376813
5409,0.000120427,0.314732143,0.777777778,2.95E-05
5410,0.001228735,0.311747976,0.888888889,0.000340494
5411,0.000316122,0.227040816,1,7.18E-05
5412,0.000429022,0.356516291,1,0.000152953
5413,0.000233328,0.224654378,0.833333333,4.37E-05
5414,0.000318003,0.230769231,0.777777778,5.71E-05
5415,0.000573911,0.323185012,0.888888889,0.000164871
5416,8.28E-05,0.256493506,0.777777778,1.65E-05
5417,0,0,0,0
5418,0,0,0,0
5419,0,0,0,0
5420,0.000619072,0.237516283,0.777777778,0.000114364
5421,0,0,0,0
5422,0.000602136,0.270089286,0.777777778,0.00012649
5423,7.71E-05,0.261324042,0.777777778,1.57E-05
5424,0,0,0,0
5425,0.001251315,0.229001074,1,0.000286552
5426,0.000112901,0.142857143,0.8,1.29E-05
5427,0,0,0,0
5428,0,0,0,0
5429,0,0,0,0
5430,0.005221652,0.192072072,0.888888889,0.000891496
5431,0.001573081,0.311004785,0.888888889,0.000434876
5432,0.000829819,0.304826693,0.888888889,0.000224845
5433,0.002751011,0.2250342,1,0.000619072
5434,9.60E-05,0.182072829,0.888888889,1.55E-05
5435,0.002122531,0.296732523,1,0.000629824
5436,0.002338924,0.245948742,1,0.000575255
5437,0.002049146,0.214613669,1,0.000439775
5438,0.000186286,0.148629149,0.888888889,2.46E-05
5439,0.001012342,0.225969198,1,0.000228758
5440,3.76E-06,0.214285714,0.444444444,3.58E-07
5441,0.000334938,0.227126806,1,7.61E-05
5442,0.001847806,0.23814373,0.888888889,0.00039115
5443,0.0002465,0.249727372,0.777777778,4.79E-05
5444,0.000735735,0.254293022,0.888888889,0.000166304
5445,0.001343517,0.215086034,1,0.000288972
5446,0,0,0,0
5447,0.000515579,0.28362878,1,0.000146233
5448,0.00092014,0.249780894,1,0.000229833
5449,0.000197576,0.144217687,0.8,2.28E-05
5450,0.002455588,0.226491516,1,0.00055617
5451,4.33E-05,0.211180124,0.888888889,8.13E-06
5452,0.002314462,0.286295006,1,0.000662619
5453,0.002084897,0.242908716,0.888888889,0.000450169
5454,0.00031424,0.233532934,0.777777778,5.71E-05
5455,0.000647297,0.283637874,0.833333333,0.000152998
5456,0.000327412,0.306239737,1,0.000100267
5457,0,0,0,0
5458,0,0,0,0
5459,0.000112901,0.29047619,0.666666667,2.19E-05
5460,0.000261553,0.242548818,0.888888889,5.64E-05
5461,0.000174996,0.256528418,0.666666667,2.99E-05
5462,0,0,0,0
5463,0,0,0,0
5464,0,0,0,0
5465,0.000197576,0.232653061,0.666666667,3.06E-05
5466,0.000453484,0.266745702,0.888888889,0.000107524
5467,0.000182523,0.275405007,0.666666667,3.35E-05
5468,0,0,0,0
5469,0.000206984,0.271428571,0.777777778,4.37E-05
5470,0.0016841,0.221069433,0.888888889,0.000330936
5471,0.000767724,0.260854342,0.888888889,0.000178013
5472,0.003422769,0.19571193,1,0.000669877
5473,0.001693509,0.241269841,1,0.000408593
5474,7.90E-05,0.153061224,0.888888889,1.07E-05
5475,0.001209918,0.226616307,0.833333333,0.000228489
5476,0.001136533,0.224929044,0.777777778,0.000198831
5477,0.000114782,0.142857143,0.888888889,1.46E-05
5478,0,0,0,0
5479,0,0,0,0
5480,0.000276606,0.25170068,0.777777778,5.42E-05
5481,0.000150534,0.2375,0.777777778,2.78E-05
5482,0.000447839,0.299519808,0.888888889,0.000119233
5483,0.000287896,0.226890756,0.777777778,5.08E-05
5484,0.001494051,0.246671465,0.888888889,0.000327591
5485,0.000824174,0.265166341,0.888888889,0.000194261
5486,0.000553213,0.198736638,0.777777778,8.55E-05
5487,0.000406442,0.227513228,0.833333333,7.71E-05
5488,0.00138115,0.312183729,0.888888889,0.000383264
5489,0,0,0,0
5490,0,0,0,0
5491,0,0,0,0
5492,0.006177544,0.207910883,1,0.001284379
5493,0.000124191,0.155844156,1,1.94E-05
5494,0.005820025,0.330423537,1,0.001923073
5495,0.004913057,0.218909011,1,0.001075512
5496,0.004143451,0.278253536,1,0.00115293
5497,0.000148652,0.162748644,1,2.42E-05
5498,0.002888373,0.19730107,1,0.000569879
5499,3.76E-05,0.142857143,0.833333333,4.48E-06
5500,0.001127124,0.268781302,1,0.00030295
5501,0.004574355,0.200622907,0.888888889,0.000815751
5502,0.00069622,0.312741313,0.888888889,0.000193544
5503,0.00065106,0.276218002,0.833333333,0.000149862
5504,0.001262605,0.222056632,0.833333333,0.000233642
5505,0.000991643,0.225806452,0.777777778,0.00017416
5506,0.000208866,0.146718147,0.888888889,2.72E-05
5507,0.001610715,0.241321762,0.888888889,0.000345512
5508,0.000161824,0.27076412,0.833333333,3.65E-05
5509,0.000666113,0.239709443,0.888888889,0.000141932
5510,0.004062539,0.245947198,1,0.00099917
5511,9.97E-05,0.185983827,1,1.85E-05
5512,0.003520617,0.255020234,1,0.000897829
5513,0.001426311,0.23237844,0.833333333,0.000276203
5514,0.00104433,0.233204633,0.888888889,0.000216482
5515,0.000139244,0.156370656,0.833333333,1.81E-05
5516,0.000818529,0.220689655,1,0.000180641
5517,0,0,0,0
5518,0.00088627,0.245374583,0.777777778,0.000169142
5519,0.001590017,0.237362637,0.777777778,0.000293542
5520,0.000184404,0.151603499,0.888888889,2.49E-05
5521,0.001503459,0.231181834,0.888888889,0.000308953
5522,0.000242736,0.260243632,0.777777778,4.91E-05
5523,0.000944602,0.28827547,0.888888889,0.000242049
5524,0.001366097,0.22136954,1,0.000302412
5525,0,0,0,0
5526,0,0,0,0
5527,0.000656705,0.250511666,0.777777778,0.000127954
5528,0.00025779,0.27632951,1,7.12E-05
5529,0.000254026,0.291005291,1,7.39E-05
5530,0,0,0,0
5531,0.000111019,0.222760291,0.777777778,1.92E-05
5532,9.41E-05,0.245714286,0.777777778,1.80E-05
5533,0.000652942,0.264306299,0.777777778,0.000134226
5534,0,0,0,0
5535,0.00057203,0.234022556,0.777777778,0.000104119
5536,0.001501578,0.298424633,0.888888889,0.000398318
5537,0.000413969,0.255194805,0.888888889,9.39E-05
5538,9.41E-05,0.202857143,0.888888889,1.70E-05
5539,0.002957995,0.224554707,1,0.000664232
5540,0.001853451,0.279767948,0.944444444,0.000489729
5541,0.00057203,0.242011278,1,0.000138438
5542,0.000786541,0.384825701,1,0.000302681
5543,0,0,0,0
5544,0.001123361,0.229002154,1,0.000257252
5545,0.000453484,0.230586841,1,0.000104567
5546,0.001125243,0.28021978,0.888888889,0.00028028
5547,0.00326659,0.211981567,0.888888889,0.000615517
5548,0.000984117,0.276154056,0.888888889,0.000241571
5549,0.002743484,0.213011954,0.944444444,0.000551929
5550,0.000933312,0.23531106,1,0.000219619
5551,0.001437601,0.218399402,1,0.000313971
5552,0.002946705,0.19649699,0.888888889,0.000514683
5553,0.001196746,0.226190476,1,0.000270693
5554,0.00218839,0.236580273,1,0.00051773
5555,0.0031424,0.196834902,1,0.000618534
5556,0.000148652,0.146473779,0.6,1.31E-05
5557,0.00216581,0.246121385,1,0.000533052
5558,0.000174996,0.153609831,0.8,2.15E-05
5559,0.001042449,0.243166581,0.777777778,0.000197158
5560,0.002608004,0.32704597,0.888888889,0.000758166
5561,0.00093143,0.229148629,0.833333333,0.000177863
5562,0,0,0,0
5563,0,0,0,0
5564,0,0,0,0
5565,0.001721734,0.230601093,1,0.000397034
5566,0.000604018,0.22340899,1,0.000134943
5567,0.000498644,0.241509434,1,0.000120427
5568,0.000517461,0.252987013,1,0.000130911
5569,0.000790304,0.33877551,1,0.000267736
5570,0.000820411,0.27457405,0.833333333,0.00018772
5571,0.000220156,0.256410256,0.777777778,4.39E-05
5572,0.001383032,0.262001944,0.888888889,0.000322095
5573,6.59E-05,0.167346939,0.888888889,9.80E-06
5574,0.002209088,0.233146751,1,0.000515042
5575,0.002037856,0.288484369,1,0.00058789
5576,0.001415021,0.282294833,0.833333333,0.000332878
5577,0.003460403,0.210207411,0.888888889,0.00064658
5578,0.000613427,0.267309378,0.888888889,0.000145755
5579,0.000743262,0.222061483,0.833333333,0.000137542
5580,0.00037069,0.216823785,0.777777778,6.25E-05
5581,0.002013394,0.286648865,0.888888889,0.000513011
5582,0.002707732,0.206095503,0.888888889,0.000496046
5583,0.000948365,0.234977324,1,0.000222844
5584,0.001251315,0.214607948,1,0.000268542
5585,0.00812696,0.238315748,1,0.001936783
5586,0.000111019,0.157384988,1,1.75E-05
5587,0.007528587,0.287178205,1,0.002162046
5588,0.00344535,0.208863229,0.888888889,0.000639651
5589,0.001097017,0.23303112,1,0.000255639
5590,0.000822293,0.24419745,1,0.000200802
5591,0.002500748,0.185531549,1,0.000463968
5592,1.32E-05,0.142857143,0.7,1.32E-06
5593,0.001463944,0.23723834,1,0.000347304
5594,0.00087498,0.234715822,1,0.000205372
5595,0.000190049,0.148514851,0.833333333,2.35E-05
5596,0.002705851,0.244685078,1,0.000662081
5597,0.000220156,0.157509158,0.8,2.77E-05
5598,0.000252145,0.232409382,0.666666667,3.91E-05
5599,0.000171233,0.266875981,0.666666667,3.05E-05
5600,0.000423377,0.277460317,0.888888889,0.000104418
5601,0.000355637,0.205593348,1,7.31E-05
5602,0.004233772,0.239238095,1,0.00101288
5603,0.001006697,0.226969292,1,0.000228489
5604,0.001192983,0.325371789,1,0.000388163
5605,0.001392441,0.325482625,1,0.000453215
5606,0,0,0,0
5607,0.001034922,0.235584416,1,0.000243811
5608,0.002393492,0.221024259,1,0.00052902
5609,0.001108307,0.270191608,0.888888889,0.000266182
5610,0.002393492,0.254716981,0.888888889,0.000541923
5611,0.000500526,0.273899033,0.833333333,0.000114245
5612,0.000479827,0.243137255,0.777777778,9.07E-05
5613,0.000476064,0.238283456,0.777777778,8.82E-05
5614,0.000969063,0.346185853,0.888888889,0.000298201
5615,0.000338702,0.243650794,0.777777778,6.42E-05
5616,0.00230129,0.238173111,0.888888889,0.000487205
5617,0.00070751,0.273556231,0.833333333,0.000161286
5618,0.000184404,0.185131195,1,3.41E-05
5619,0.005917872,0.213036566,1,0.001260723
5620,0.004975152,0.280689432,1,0.001396473
5621,3.39E-05,0.142857143,0.777777778,3.77E-06
5622,0.002756656,0.205850804,1,0.00056746
5623,0.002385966,0.246845426,1,0.000588965
5624,0.004090765,0.218688395,1,0.000894603
5625,0.003212022,0.293246297,1,0.000941914
5626,0.000126072,0.151385928,1,1.91E-05
5627,0.002209088,0.20321246,1,0.000448914
5628,0.002325752,0.188049006,1,0.000437355
5629,0.003708784,0.208161194,1,0.000772025
5630,0.000161824,0.19269103,1,3.12E-05
5631,0.003065251,0.258879242,1,0.00079353
5632,0.001437601,0.275243082,0.833333333,0.000329741
5633,0.003539433,0.268170426,0.888888889,0.000843708
5634,0.000656705,0.230454359,0.833333333,0.000126117
5635,0.000400797,0.279007378,0.777777778,8.70E-05
5636,0.002910953,0.231230954,0.888888889,0.000598313
5637,0.001164758,0.25478883,0.888888889,0.000263793
5638,7.53E-06,0.142857143,0.722222222,7.77E-07
5639,0.003669269,0.207179487,1,0.000760197
5640,0.001215563,0.252321981,1,0.000306713
5641,0.000745144,0.306637807,1,0.000228489
5642,0.000647297,0.245431894,1,0.000158867
5643,0.002337042,0.207499425,1,0.000484935
5644,0,0,0,0
5645,0.00073009,0.25,0.777777778,0.000141962
5646,0.000890033,0.240410752,0.833333333,0.000178311
5647,0.003362556,0.278759293,0.888888889,0.000833194
5648,0.000400797,0.175050302,1,7.02E-05
5649,0.008174002,0.240759011,1,0.001967965
5650,0.001332227,0.227199354,0.777777778,0.000235419
5651,0.001228735,0.238241085,0.833333333,0.000243946
5652,0.00487166,0.265243061,0.888888889,0.001148599
5653,0.001025514,0.29017038,1,0.000297574
5654,0.00127954,0.327310924,1,0.000418807
5655,2.82E-05,0.152380952,0.722222222,3.10E-06
5656,0.001751841,0.219426116,1,0.0003844
5657,0.004435111,0.215588824,1,0.00095616
5658,0,0,0,0
5659,0,0,0,0
5660,0.001151586,0.267273576,0.888888889,0.00027359
5661,0.006367593,0.207657886,0.888888889,0.001175361
5662,0.001817699,0.310411121,0.888888889,0.000501541
5663,0.00425447,0.256334113,1,0.001090566
5664,0.000286015,0.163533835,1,4.68E-05
5665,0,0,0,0
5666,0,0,0,0
5667,0.00161636,0.231997339,0.833333333,0.000312493
5668,0.002195916,0.289998776,0.833333333,0.000530677
5669,0.008313246,0.242676065,0.888888889,0.001793267
5670,0,0,0,0