ID,Intracellular Robustness,Extracellular Robustness,Topological Robustness,Total Robustness
1,0,0,0,0
2,0,0,0,0
3,0,0,0,0
4,0,0,0,0
5,0,0,0,0
6,0,0,0,0
7,0,0,0,0
8,0,0,0,0
9,0,0,0,0
10,0,0,0,0
11,0,0,0,0
12,0.005029721,0.142857143,0.4,0.000287413
13,0.009602195,0.197278912,0.466666667,0.000884012
14,0,0,0,0
15,0,0,0,0
16,0,0,0,0
17,0,0,0,0
18,0,0,0,0
19,0,0,0,0
20,0,0,0,0
21,0,0,0,0
22,0,0,0,0
23,0,0,0,0
24,0,0,0,0
25,0,0,0,0
26,0,0,0,0
27,0,0,0,0
28,0,0,0,0
29,0,0,0,0
30,0,0,0,0
31,0,0,0,0
32,0,0,0,0
33,0,0,0,0
34,0,0,0,0
35,0,0,0,0
36,0,0,0,0
37,0,0,0,0
38,0,0,0,0
39,0,0,0,0
40,0,0,0,0
41,0,0,0,0
42,0.001371742,0.142857143,0.6,0.000117578
43,0.002286237,0.142857143,0.666666667,0.000217737
44,0,0,0,0
45,0,0,0,0
46,0,0,0,0
47,0,0,0,0
48,0,0,0,0
49,0,0,0,0
50,0,0,0,0
51,0,0,0,0
52,0,0,0,0
53,0,0,0,0
54,0,0,0,0
55,0,0,0,0
56,0,0,0,0
57,0,0,0,0
58,0,0,0,0
59,0.000457247,0.142857143,0.5,3.27E-05
60,0,0,0,0
61,0,0,0,0
62,0.024691358,0.343915344,0.714285714,0.006065526
63,0,0,0,0
64,0.023776863,0.269230769,0.714285714,0.004572474
65,0,0,0,0
66,0,0,0,0
67,0,0,0,0
68,0,0,0,0
69,0,0,0,0
70,0,0,0,0
71,0,0,0,0
72,0,0,0,0
73,0,0,0,0
74,0,0,0,0
75,0,0,0,0
76,0.014631916,0.339285714,0.714285714,0.003546
77,0.014631916,0.299107143,0.714285714,0.003126079
78,0,0,0,0
79,0,0,0,0
80,0,0,0,0
81,0,0,0,0
82,0,0,0,0
83,0,0,0,0
84,0.000457247,0.285714286,0.466666667,6.10E-05
85,0,0,0,0
86,0,0,0,0
87,0,0,0,0
88,0,0,0,0
89,0,0,0,0
90,0,0,0,0
91,0,0,0,0
92,0,0,0,0
93,0,0,0,0
94,0,0,0,0
95,0,0,0,0
96,0,0,0,0
97,0,0,0,0
98,0,0,0,0
99,0,0,0,0
100,0,0,0,0
101,0,0,0,0
102,0,0,0,0
103,0,0,0,0
104,0,0,0,0
105,0,0,0,0
106,0,0,0,0
107,0,0,0,0
108,0,0,0,0
109,0,0,0,0
110,0,0,0,0
111,0.016003658,0.310204082,0.666666667,0.0033096
112,0.016003658,0.248979592,0.666666667,0.002656389
113,0,0,0,0
114,0,0,0,0
115,0,0,0,0
116,0,0,0,0
117,0.005486968,0.321428571,0.666666667,0.001175779
118,0.005029721,0.363636364,0.666666667,0.001219326
119,0,0,0,0
120,0,0,0,0
121,0,0,0,0
122,0,0,0,0
123,0,0,0,0
124,0,0,0,0
125,0,0,0,0
126,0,0,0,0
127,0,0,0,0
128,0,0,0,0
129,0,0,0,0
130,0,0,0,0
131,0,0,0,0
132,0,0,0,0
133,0,0,0,0
134,0,0,0,0
135,0.000304832,0.142857143,0.571428571,2.49E-05
136,0,0,0,0
137,0,0,0,0
138,0.01630849,0.364485981,0.714285714,0.004245869
139,0,0,0,0
140,0.015851242,0.270604396,0.714285714,0.003063868
141,0.014327084,0.200607903,0.857142857,0.002463537
142,0,0,0,0
143,0.001676574,0.220779221,0.642857143,0.000237955
144,0.008230453,0.420634921,0.714285714,0.002472869
145,0,0,0,0
146,0.007773205,0.280112045,0.714285714,0.001555263
147,0,0,0,0
148,0,0,0,0
149,0,0,0,0
150,0,0,0,0
151,0,0,0,0
152,0,0,0,0
153,0,0,0,0
154,0,0,0,0
155,0,0,0,0
156,0,0,0,0
157,0.014784332,0.212076583,0.714285714,0.002239579
158,0,0,0,0
159,0,0,0,0
160,0,0,0,0
161,0,0,0,0
162,0.012955342,0.205042017,0.714285714,0.001897421
163,0,0,0,0
164,0.000152416,0.142857143,0.571428571,1.24E-05
165,0,0,0,0
166,0,0,0,0
167,0,0,0,0
168,0.011431184,0.340952381,0.714285714,0.002783921
169,0.011278768,0.301158301,0.714285714,0.00242621
170,0,0,0,0
171,0,0,0,0
172,0,0,0,0
173,0,0,0,0
174,0.018289895,0.307142857,0.857142857,0.004815095
175,0.012650511,0.30464716,0.785714286,0.003028097
176,0,0,0,0
177,0,0,0,0
178,0,0,0,0
179,0,0,0,0
180,0,0,0,0
181,0,0,0,0
182,0,0,0,0
183,0,0,0,0
184,0.000457247,0.19047619,0.6,5.23E-05
185,0,0,0,0
186,0,0,0,0
187,0,0,0,0
188,0,0,0,0
189,0,0,0,0
190,0,0,0,0
191,0,0,0,0
192,0,0,0,0
193,0,0,0,0
194,0,0,0,0
195,0,0,0,0
196,0,0,0,0
197,0,0,0,0
198,0,0,0,0
199,0,0,0,0
200,0,0,0,0
201,0.047096479,0.214054554,0.733333333,0.007392892
202,0,0,0,0
203,0.000609663,0.178571429,0.466666667,5.08E-05
204,0,0,0,0
205,0,0,0,0
206,0,0,0,0
207,0,0,0,0
208,0,0,0,0
209,0,0,0,0
210,0,0,0,0
211,0,0,0,0
212,0,0,0,0
213,0,0,0,0
214,0,0,0,0
215,0,0,0,0
216,0,0,0,0
217,0,0,0,0
218,0,0,0,0
219,0,0,0,0
220,0,0,0,0
221,0,0,0,0
222,0,0,0,0
223,0,0,0,0
224,0,0,0,0
225,0,0,0,0
226,0.011126353,0.297455969,0.666666667,0.0022064
227,0.011278768,0.245173745,0.666666667,0.001843505
228,0,0,0,0
229,0,0,0,0
230,0,0,0,0
231,0.037799116,0.227534562,0.666666667,0.005733737
232,0,0,0,0
233,0,0,0,0
234,0,0,0,0
235,0,0,0,0
236,0,0,0,0
237,0.004115226,0.19047619,0.666666667,0.000522568
238,0,0,0,0
239,0,0,0,0
240,0,0,0,0
241,0,0,0,0
242,0,0,0,0
243,0.000152416,0.142857143,0.6,1.31E-05
244,0.001066911,0.306122449,0.666666667,0.000217737
245,0.000914495,0.238095238,0.533333333,0.000116126
246,0,0,0,0
247,0,0,0,0
248,0,0,0,0
249,0,0,0,0
250,0.018594726,0.25175644,0.666666667,0.003120895
251,0.013565005,0.242375602,0.666666667,0.002191884
252,0,0,0,0
253,0,0,0,0
254,0,0,0,0
255,0,0,0,0
256,0,0,0,0
257,0,0,0,0
258,0,0,0,0
259,0,0,0,0
260,0,0,0,0
261,0,0,0,0
262,0.000762079,0.371428571,0.666666667,0.000188705
263,0.000457247,0.238095238,0.666666667,7.26E-05
264,0.002743484,0.222222222,0.8,0.00048773
265,0,0,0,0
266,0.000457247,0.142857143,0.333333333,2.18E-05
267,0,0,0,0
268,0,0,0,0
269,0,0,0,0
270,0,0,0,0
271,0,0,0,0
272,0,0,0,0
273,0,0,0,0
274,0,0,0,0
275,0,0,0,0
276,0,0,0,0
277,0,0,0,0
278,0,0,0,0
279,0,0,0,0
280,0,0,0,0
281,0.000304832,0.285714286,0.6,5.23E-05
282,0.0028959,0.142857143,0.466666667,0.00019306
283,0.006401463,0.183673469,0.533333333,0.000627082
284,0.001524158,0.371428571,0.533333333,0.000301928
285,0,0,0,0
286,0,0,0,0
287,0,0,0,0
288,0,0,0,0
289,0,0,0,0
290,0,0,0,0
291,0,0,0,0
292,0,0,0,0
293,0,0,0,0
294,0,0,0,0
295,0,0,0,0
296,0,0,0,0
297,0.015241579,0.182857143,0.733333333,0.002043823
298,0,0,0,0
299,0,0,0,0
300,0.004572474,0.147619048,0.666666667,0.00044999
301,0.006401463,0.217687075,0.6,0.000836109
302,0,0,0,0
303,0,0,0,0
304,0,0,0,0
305,0,0,0,0
306,0,0,0,0
307,0,0,0,0
308,0,0,0,0
309,0,0,0,0
310,0,0,0,0
311,0,0,0,0
312,0,0,0,0
313,0,0,0,0
314,0,0,0,0
315,0,0,0,0
316,0,0,0,0
317,0,0,0,0
318,0,0,0,0
319,0,0,0,0
320,0,0,0,0
321,0,0,0,0
322,0,0,0,0
323,0,0,0,0
324,0,0,0,0
325,0.008382868,0.296103896,0.666666667,0.0016548
326,0.008535284,0.295918367,0.6,0.001515448
327,0,0,0,0
328,0,0,0,0
329,0,0,0,0
330,0.014936747,0.204081633,0.8,0.002438653
331,0.001524158,0.157142857,0.666666667,0.000159674
332,0,0,0,0
333,0.0144795,0.183458647,0.666666667,0.001770926
334,0,0,0,0
335,0,0,0,0
336,0,0,0,0
337,0,0,0,0
338,0,0,0,0
339,0,0,0,0
340,0,0,0,0
341,0,0,0,0
342,0,0,0,0
343,0.003505563,0.322981366,0.6,0.000679339
344,0.002743484,0.277777778,0.6,0.000457247
345,0,0,0,0
346,0.003657979,0.363095238,0.666666667,0.000885463
347,0.003810395,0.331428571,0.666666667,0.000841916
348,0,0,0,0
349,0,0,0,0
350,0,0,0,0
351,0,0,0,0
352,0,0,0,0
353,0,0,0,0
354,0,0,0,0
355,0,0,0,0
356,0,0,0,0
357,0.000914495,0.142857143,0.666666667,8.71E-05
358,0.003962811,0.302197802,0.8,0.000958042
359,0.003962811,0.384615385,0.666666667,0.001016105
360,0,0,0,0
361,0,0,0,0
362,0,0,0,0
363,0.008230453,0.214285714,0.666666667,0.001175779
364,0,0,0,0
365,0,0,0,0
366,0,0,0,0
367,0,0,0,0
368,0,0,0,0
369,0,0,0,0
370,0,0,0,0
371,0,0,0,0
372,0,0,0,0
373,0,0,0,0
374,0,0,0,0
375,0,0,0,0
376,0,0,0,0
377,0,0,0,0
378,0,0,0,0
379,0,0,0,0
380,0,0,0,0
381,0.007011126,0.288819876,0.642857143,0.001301755
382,0.007773205,0.24929972,0.642857143,0.001245766
383,0,0,0,0
384,0.000304832,0.142857143,0.571428571,2.49E-05
385,0,0,0,0
386,0,0,0,0
387,0,0,0,0
388,0,0,0,0
389,0,0,0,0
390,0,0,0,0
391,0.010973937,0.259920635,0.642857143,0.001833655
392,0.010821521,0.291750503,0.642857143,0.002029618
393,0.029873495,0.298104956,0.857142857,0.007633232
394,0.006096632,0.232142857,0.714285714,0.001010921
395,0,0,0,0
396,0.000152416,0.142857143,0.5,1.09E-05
397,0,0,0,0
398,0,0,0,0
399,0,0,0,0
400,0,0,0,0
401,0,0,0,0
402,0,0,0,0
403,0.000914495,0.166666667,0.642857143,9.80E-05
404,0.000609663,0.142857143,0.714285714,6.22E-05
405,0,0,0,0
406,0,0,0,0
407,0,0,0,0
408,0,0,0,0
409,0,0,0,0
410,0,0,0,0
411,0,0,0,0
412,0,0,0,0
413,0,0,0,0
414,0,0,0,0
415,0,0,0,0
416,0,0,0,0
417,0,0,0,0
418,0,0,0,0
419,0,0,0,0
420,0,0,0,0
421,0,0,0,0
422,0,0,0,0
423,0,0,0,0
424,0,0,0,0
425,0,0,0,0
426,0.043895748,0.232142857,0.714285714,0.007278632
427,0,0,0,0
428,0,0,0,0
429,0.005944216,0.179487179,0.714285714,0.000762079
430,0,0,0,0
431,0,0,0,0
432,0,0,0,0
433,0,0,0,0
434,0,0,0,0
435,0,0,0,0
436,0,0,0,0
437,0,0,0,0
438,0,0,0,0
439,0,0,0,0
440,0,0,0,0
441,0,0,0,0
442,0.022709953,0.235858102,0.714285714,0.003825947
443,0.023624447,0.265437788,0.714285714,0.004479158
444,0,0,0,0
445,0,0,0,0
446,0,0,0,0
447,0,0,0,0
448,0,0,0,0
449,0,0,0,0
450,0.004877305,0.263392857,0.714285714,0.000917605
451,0.004572474,0.30952381,0.714285714,0.001010921
452,0,0,0,0
453,0,0,0,0
454,0.001676574,0.285714286,0.714285714,0.000342158
455,0.001219326,0.303571429,0.714285714,0.000264395
456,0,0,0,0
457,0,0,0,0
458,0,0,0,0
459,0.000457247,0.238095238,0.714285714,7.78E-05
460,0,0,0,0
461,0,0,0,0
462,0.001371742,0.285714286,0.714285714,0.000279947
463,0.001371742,0.317460317,0.714285714,0.000311053
464,0,0,0,0
465,0,0,0,0
466,0,0,0,0
467,0,0,0,0
468,0,0,0,0
469,0,0,0,0
470,0,0,0,0
471,0,0,0,0
472,0,0,0,0
473,0,0,0,0
474,0.003048316,0.15,0.466666667,0.000213382
475,0.005944216,0.194139194,0.533333333,0.000615469
476,0,0,0,0
477,0,0,0,0
478,0,0,0,0
479,0,0,0,0
480,0.0028959,0.157894737,0.466666667,0.000213382
481,0,0,0,0
482,0.002133821,0.163265306,0.466666667,0.000162577
483,0,0,0,0
484,0,0,0,0
485,0,0,0,0
486,0,0,0,0
487,0,0,0,0
488,0,0,0,0
489,0,0,0,0
490,0,0,0,0
491,0,0,0,0
492,0,0,0,0
493,0,0,0,0
494,0,0,0,0
495,0,0,0,0
496,0,0,0,0
497,0,0,0,0
498,0,0,0,0
499,0,0,0,0
500,0,0,0,0
501,0,0,0,0
502,0,0,0,0
503,0,0,0,0
504,0,0,0,0
505,0,0,0,0
506,0,0,0,0
507,0,0,0,0
508,0,0,0,0
509,0,0,0,0
510,0,0,0,0
511,0,0,0,0
512,0,0,0,0
513,0,0,0,0
514,0,0,0,0
515,0,0,0,0
516,0,0,0,0
517,0,0,0,0
518,0,0,0,0
519,0,0,0,0
520,0,0,0,0
521,0,0,0,0
522,0.004267642,0.193877551,0.6,0.00049644
523,0.007163542,0.237082067,0.666666667,0.001132232
524,0,0,0,0
525,0,0,0,0
526,0,0,0,0
527,0,0,0,0
528,0,0,0,0
529,0,0,0,0
530,0,0,0,0
531,0,0,0,0
532,0,0,0,0
533,0,0,0,0
534,0,0,0,0
535,0,0,0,0
536,0,0,0,0
537,0,0,0,0
538,0,0,0,0
539,0,0,0,0
540,0,0,0,0
541,0,0,0,0
542,0,0,0,0
543,0,0,0,0
544,0,0,0,0
545,0,0,0,0
546,0.005639384,0.216216216,0.666666667,0.000812884
547,0,0,0,0
548,0.003962811,0.175824176,0.666666667,0.000464505
549,0.000457247,0.142857143,0.6,3.92E-05
550,0.000762079,0.142857143,0.666666667,7.26E-05
551,0,0,0,0
552,0,0,0,0
553,0,0,0,0
554,0,0,0,0
555,0,0,0,0
556,0,0,0,0
557,0,0,0,0
558,0.000762079,0.142857143,0.666666667,7.26E-05
559,0,0,0,0
560,0.000762079,0.142857143,0.6,6.53E-05
561,0,0,0,0
562,0,0,0,0
563,0,0,0,0
564,0,0,0,0
565,0,0,0,0
566,0,0,0,0
567,0,0,0,0
568,0,0,0,0
569,0,0,0,0
570,0.001371742,0.142857143,0.6,0.000117578
571,0.002591068,0.159663866,0.6,0.00024822
572,0,0,0,0
573,0,0,0,0
574,0,0,0,0
575,0,0,0,0
576,0,0,0,0
577,0,0,0,0
578,0,0,0,0
579,0,0,0,0
580,0,0,0,0
581,0,0,0,0
582,0,0,0,0
583,0,0,0,0
584,0,0,0,0
585,0,0,0,0
586,0,0,0,0
587,0,0,0,0
588,0,0,0,0
589,0,0,0,0
590,0,0,0,0
591,0,0,0,0
592,0,0,0,0
593,0,0,0,0
594,0.007163542,0.191489362,0.666666667,0.000914495
595,0.01051669,0.231884058,0.666666667,0.001625769
596,0,0,0,0
597,0,0,0,0
598,0,0,0,0
599,0,0,0,0
600,0.012345679,0.232804233,0.666666667,0.001916084
601,0.011278768,0.277992278,0.666666667,0.002090274
602,0,0,0,0
603,0,0,0,0
604,0,0,0,0
605,0,0,0,0
606,0,0,0,0
607,0,0,0,0
608,0,0,0,0
609,0,0,0,0
610,0,0,0,0
611,0,0,0,0
612,0,0,0,0
613,0,0,0,0
614,0,0,0,0
615,0.007163542,0.167173252,0.666666667,0.000798368
616,0.01051669,0.233954451,0.666666667,0.001640284
617,0,0,0,0
618,0.0028959,0.233082707,0.6,0.000404991
619,0.002743484,0.317460317,0.533333333,0.000464505
620,0,0,0,0
621,0,0,0,0
622,0,0,0,0
623,0,0,0,0
624,0,0,0,0
625,0,0,0,0
626,0,0,0,0
627,0,0,0,0
628,0,0,0,0
629,0,0,0,0
630,0,0,0,0
631,0,0,0,0
632,0,0,0,0
633,0,0,0,0
634,0,0,0,0
635,0,0,0,0
636,0,0,0,0
637,0,0,0,0
638,0,0,0,0
639,0,0,0,0
640,0,0,0,0
641,0,0,0,0
642,0.002286237,0.295238095,0.666666667,0.00044999
643,0.002438653,0.321428571,0.666666667,0.000522568
644,0,0,0,0
645,0,0,0,0
646,0,0,0,0
647,0,0,0,0
648,0.000304832,0.142857143,0.533333333,2.32E-05
649,0.000304832,0.142857143,0.6,2.61E-05
650,0,0,0,0
651,0,0,0,0
652,0,0,0,0
653,0,0,0,0
654,0.001066911,0.265306122,0.666666667,0.000188705
655,0.001066911,0.326530612,0.666666667,0.000232253
656,0,0,0,0
657,0,0,0,0
658,0,0,0,0
659,0,0,0,0
660,0,0,0,0
661,0,0,0,0
662,0,0,0,0
663,0.000152416,0.285714286,0.4375,1.91E-05
664,0,0,0,0
665,0,0,0,0
666,0.000304832,0.142857143,0.5,2.18E-05
667,0,0,0,0
668,0,0,0,0
669,0,0,0,0
670,0.000609663,0.214285714,0.5625,7.35E-05
671,0.000609663,0.214285714,0.5625,7.35E-05
672,0.015393995,0.297029703,0.75,0.003429355
673,0,0,0,0
674,0.014936747,0.246355685,0.625,0.002299845
675,0,0,0,0
676,0,0,0,0
677,0,0,0,0
678,0,0,0,0
679,0.004572474,0.257142857,0.625,0.000734862
680,0.004724889,0.281105991,0.625,0.000830122
681,0,0,0,0
682,0,0,0,0
683,0,0,0,0
684,0,0,0,0
685,0,0,0,0
686,0,0,0,0
687,0.012498095,0.273519164,0.75,0.002563851
688,0,0,0,0
689,0.011431184,0.232380952,0.625,0.001660243
690,0,0,0,0
691,0,0,0,0
692,0,0,0,0
693,0,0,0,0
694,0,0,0,0
695,0,0,0,0
696,0,0,0,0
697,0,0,0,0
698,0,0,0,0
699,0,0,0,0
700,0,0,0,0
701,0,0,0,0
702,0.000304832,0.142857143,0.5625,2.45E-05
703,0,0,0,0
704,0.000304832,0.357142857,0.5625,6.12E-05
705,0,0,0,0
706,0,0,0,0
707,0,0,0,0
708,0,0,0,0
709,0.051211706,0.303571429,0.75,0.011659808
710,0.051973784,0.258483452,0.75,0.010075772
711,0,0,0,0
712,0.001981405,0.241758242,0.625,0.000299388
713,0.002286237,0.257142857,0.6875,0.000404174
714,0,0,0,0
715,0,0,0,0
716,0,0,0,0
717,0.043590916,0.360639361,0.75,0.01179045
718,0,0,0,0
719,0.04237159,0.283144913,0.75,0.008997975
720,0.000304832,0.428571429,0.5,6.53E-05
721,0.002133821,0.326530612,0.625,0.000435474
722,0.002286237,0.304761905,0.8125,0.000566116
723,0,0,0,0
724,0,0,0,0
725,0,0,0,0
726,0,0,0,0
727,0,0,0,0
728,0,0,0,0
729,0,0,0,0
730,0,0,0,0
731,0,0,0,0
732,0,0,0,0
733,0,0,0,0
734,0,0,0,0
735,0,0,0,0
736,0.000914495,0.452380952,0.5625,0.000232706
737,0.000914495,0.261904762,0.5625,0.000134725
738,0,0,0,0
739,0,0,0,0
740,0,0,0,0
741,0,0,0,0
742,0.0028959,0.345864662,0.75,0.000751192
743,0.002743484,0.317460317,0.75,0.00065321
744,0.000457247,0.333333333,0.625,9.53E-05
745,0,0,0,0
746,0.000152416,0.285714286,0.6875,2.99E-05
747,0.000914495,0.238095238,0.625,0.000136086
748,0,0,0,0
749,0.001066911,0.204081633,0.6875,0.000149694
750,0,0,0,0
751,0,0,0,0
752,0,0,0,0
753,0,0,0,0
754,0,0,0,0
755,0,0,0,0
756,0,0,0,0
757,0,0,0,0
758,0,0,0,0
759,0,0,0,0
760,0,0,0,0
761,0,0,0,0
762,0,0,0,0
763,0,0,0,0
764,0,0,0,0
765,0.000203221,0.142857143,0.5,1.45E-05
766,0,0,0,0
767,0,0,0,0
768,0,0,0,0
769,5.08E-05,0.285714286,0.357142857,5.18E-06
770,0,0,0,0
771,0.004267642,0.307823129,0.642857143,0.000844508
772,0,0,0,0
773,0.004978916,0.236151603,0.642857143,0.000755858
774,0,0,0,0
775,0,0,0,0
776,0,0,0,0
777,0,0,0,0
778,0.00665549,0.310796074,0.642857143,0.00132975
779,0.0067571,0.251342642,0.642857143,0.001091795
780,0.0125489,0.169462117,0.857142857,0.001822768
781,0,0,0,0
782,0.001524158,0.257142857,0.642857143,0.000251953
783,0,0,0,0
784,0.020525326,0.194483734,0.785714286,0.003136447
785,0.001016105,0.271428571,0.642857143,0.0001773
786,0.001676574,0.372294372,0.785714286,0.000490426
787,0,0,0,0
788,0.001676574,0.277056277,0.642857143,0.000298611
789,0,0,0,0
790,0,0,0,0
791,0,0,0,0
792,0,0,0,0
793,0.003708784,0.346379648,0.785714286,0.001009366
794,0.003403953,0.240938166,0.714285714,0.000585816
795,0,0,0,0
796,0,0,0,0
797,0,0,0,0
798,0,0,0,0
799,0,0,0,0
800,0,0,0,0
801,0.000101611,0.142857143,0.5,7.26E-06
802,0,0,0,0
803,0,0,0,0
804,0,0,0,0
805,0,0,0,0
806,0,0,0,0
807,0,0,0,0
808,0,0,0,0
809,0,0,0,0
810,0,0,0,0
811,0,0,0,0
812,0,0,0,0
813,0,0,0,0
814,0,0,0,0
815,0,0,0,0
816,0.027333232,0.259426447,0.857142857,0.006077969
817,0.000152416,0.238095238,0.571428571,2.07E-05
818,0.004470863,0.227272727,0.714285714,0.000725789
819,0,0,0,0
820,0,0,0,0
821,0,0,0,0
822,0,0,0,0
823,0.000152,0.142857143,0.785714286,1.71E-05
824,0.000152416,0.19047619,0.642857143,1.87E-05
825,0.008840116,0.188834154,0.714285714,0.001192368
826,0.017731037,0.198935735,0.714285714,0.002519526
827,0,0,0,0
828,0,0,0,0
829,0,0,0,0
830,0,0,0,0
831,0.001371742,0.211640212,0.857142857,0.000248842
832,0,0,0,0
833,0.000102,0.357142857,0.5,1.82E-05
834,0.013666616,0.17047265,0.714285714,0.001664132
835,0.000203221,0.25,0.5,2.54E-05
836,5.08E-05,0.142857143,0.642857143,4.67E-06
837,0.000254026,0.171428571,0.571428571,2.49E-05
838,0.016867347,0.193201377,0.714285714,0.00232771
839,0.000203221,0.142857143,0.785714286,2.28E-05
840,0,0,0,0
841,0.013615811,0.191897655,0.714285714,0.001866316
842,0.000101611,0.285714286,0.642857143,1.87E-05
843,0,0,0,0
844,0,0,0,0
845,0,0,0,0
846,0.008179647,0.342502218,0.857142857,0.002401326
847,0,0,0,0
848,0.002743484,0.243386243,0.785714286,0.000524642
849,0,0,0,0
850,0,0,0,0
851,0,0,0,0
852,0,0,0,0
853,5.08E-05,0.142857143,0.714285714,5.18E-06
854,0,0,0,0
855,0,0,0,0
856,0.016511711,0.27032967,0.714285714,0.00318829
857,0.01437789,0.236749117,0.714285714,0.002431395
858,0,0,0,0
859,0,0,0,0
860,0,0,0,0
861,0.003556368,0.275510204,0.714285714,0.000699868
862,0,0,0,0
863,0.003353147,0.313852814,0.714285714,0.00075171
864,0,0,0,0
865,0,0,0,0
866,0,0,0,0
867,0,0,0,0
868,5.08E-05,0.142857143,0.357142857,2.59E-06
869,5.08E-05,0.285714286,0.285714286,4.15E-06
870,0,0,0,0
871,0,0,0,0
872,0,0,0,0
873,0.03078799,0.205799151,0.714285714,0.004525816
874,0.000203221,0.142857143,0.642857143,1.87E-05
875,0,0,0,0
876,0,0,0,0
877,0,0,0,0
878,0,0,0,0
879,0,0,0,0
880,0,0,0,0
881,0,0,0,0
882,0.009653,0.158646617,0.714285714,0.001093868
883,0.000152416,0.142857143,0.571428571,1.24E-05
884,0,0,0,0
885,0,0,0,0
886,0.031550069,0.242005981,0.857142857,0.006544547
887,0.023573642,0.256773399,0.785714286,0.004755995
888,0.001320937,0.225274725,0.714285714,0.000212553
889,0.01051669,0.195307108,0.714285714,0.001467132
890,0,0,0,0
891,0.009297363,0.225604996,0.857142857,0.001797884
892,0,0,0,0
893,0.004724889,0.274961598,0.785714286,0.001020771
894,0,0,0,0
895,0,0,0,0
896,0,0,0,0
897,0,0,0,0
898,0,0,0,0
899,0,0,0,0
900,0.001270132,0.205714286,0.714285714,0.000186632
901,0,0,0,0
902,0,0,0,0
903,0.016968958,0.216424294,0.785714286,0.002885532
904,0.012396484,0.197892272,0.785714286,0.001927489
905,0.000508053,0.142857143,0.785714286,5.70E-05
906,0,0,0,0
907,0,0,0,0
908,0,0,0,0
909,0,0,0,0
910,0,0,0,0
911,0,0,0,0
912,0.000304832,0.214285714,0.714285714,4.67E-05
913,0,0,0,0
914,0,0,0,0
915,0,0,0,0
916,0.000914495,0.30952381,0.785714286,0.000222403
917,0.001219326,0.273809524,0.714285714,0.000238474
918,0,0,0,0
919,0,0,0,0
920,0,0,0,0
921,0.001066911,0.292517007,0.714285714,0.000222921
922,0,0,0,0
923,0.001066911,0.285714286,0.714285714,0.000217737
924,0,0,0,0
925,0,0,0,0
926,0,0,0,0
927,0.005283747,0.171703297,0.714285714,0.000648026
928,0,0,0,0
929,0,0,0,0
930,0,0,0,0
931,0.006401463,0.206349206,0.857142857,0.001132232
932,0.001473353,0.325123153,0.785714286,0.000376374
933,0,0,0,0
934,0,0,0,0
935,0,0,0,0
936,0.001676574,0.268398268,0.857142857,0.000385705
937,0,0,0,0
938,0.001016105,0.285714286,0.714285714,0.000207368
939,0,0,0,0
940,0,0,0,0
941,0,0,0,0
942,0.000203221,0.25,0.714285714,3.63E-05
943,0,0,0,0
944,0,0,0,0
945,0,0,0,0
946,0,0,0,0
947,0,0,0,0
948,0,0,0,0
949,0,0,0,0
950,0,0,0,0
951,0,0,0,0
952,0.000254026,0.2,0.666666667,3.39E-05
953,5.08E-05,0.142857143,0.466666667,3.39E-06
954,0,0,0,0
955,5.08E-05,0.142857143,0.533333333,3.87E-06
956,5.08E-05,0.714285714,0.466666667,1.69E-05
957,0,0,0,0
958,0,0,0,0
959,0,0,0,0
960,0,0,0,0
961,0,0,0,0
962,0,0,0,0
963,0,0,0,0
964,0,0,0,0
965,0,0,0,0
966,0.002387847,0.145896657,0.533333333,0.000185802
967,0.0009653,0.383458647,0.533333333,0.000197415
968,0.004978916,0.186588921,0.6,0.000557406
969,0,0,0,0
970,0,0,0,0
971,0,0,0,0
972,0.036427374,0.191073919,0.733333333,0.005104235
973,0,0,0,0
974,0.000203221,0.142857143,0.6,1.74E-05
975,0,0,0,0
976,0,0,0,0
977,0,0,0,0
978,0,0,0,0
979,0,0,0,0
980,0,0,0,0
981,0,0,0,0
982,0,0,0,0
983,0,0,0,0
984,0,0,0,0
985,0,0,0,0
986,0,0,0,0
987,0,0,0,0
988,0,0,0,0
989,0,0,0,0
990,0,0,0,0
991,0,0,0,0
992,0,0,0,0
993,0.003505563,0.15320911,0.666666667,0.000358056
994,0,0,0,0
995,0.0048265,0.204511278,0.6,0.000592244
996,0,0,0,0
997,0,0,0,0
998,0,0,0,0
999,0,0,0,0
1000,0,0,0,0
1001,0,0,0,0
1002,0,0,0,0
1003,0,0,0,0
1004,0,0,0,0
1005,0,0,0,0
1006,0.005080526,0.284285714,0.6,0.000866593
1007,0.005283747,0.271978022,0.666666667,0.000958042
1008,0.01244729,0.166763848,0.733333333,0.001522223
1009,0,0,0,0
1010,0,0,0,0
1011,0,0,0,0
1012,0,0,0,0
1013,0,0,0,0
1014,0,0,0,0
1015,0,0,0,0
1016,0,0,0,0
1017,0.029263832,0.204613095,0.666666667,0.003991842
1018,0,0,0,0
1019,5.08E-05,0.142857143,0.6,4.35E-06
1020,0,0,0,0
1021,0,0,0,0
1022,0,0,0,0
1023,0.016816542,0.195511437,0.8,0.002630261
1024,0,0,0,0
1025,0,0,0,0
1026,0.008992532,0.1614205,0.666666667,0.000967719
1027,0,0,0,0
1028,0,0,0,0
1029,0,0,0,0
1030,0,0,0,0
1031,0,0,0,0
1032,0,0,0,0
1033,0,0,0,0
1034,0,0,0,0
1035,0.002794289,0.223376623,0.666666667,0.000416119
1036,0.001879795,0.181467181,0.8,0.000272897
1037,0.000304832,0.214285714,0.6,3.92E-05
1038,0.001016105,0.207142857,0.666666667,0.000140319
1039,0,0,0,0
1040,0,0,0,0
1041,0,0,0,0
1042,0,0,0,0
1043,0,0,0,0
1044,0,0,0,0
1045,0,0,0,0
1046,0,0,0,0
1047,0,0,0,0
1048,0.010008637,0.253807107,0.666666667,0.001693509
1049,0.008890921,0.251428571,0.666666667,0.001490288
1050,0,0,0,0
1051,0,0,0,0
1052,0,0,0,0
1053,0,0,0,0
1054,0,0,0,0
1055,0,0,0,0
1056,0,0,0,0
1057,0,0,0,0
1058,0,0,0,0
1059,0,0,0,0
1060,5.08E-05,0.428571429,0.4,8.71E-06
1061,5.08E-05,0.285714286,0.333333333,4.84E-06
1062,0,0,0,0
1063,0,0,0,0
1064,0,0,0,0
1065,0.013869837,0.186289901,0.8,0.002067048
1066,0.000152416,0.142857143,0.4,8.71E-06
1067,0.005842605,0.233540373,0.733333333,0.001000622
1068,0,0,0,0
1069,0,0,0,0
1070,0,0,0,0
1071,0,0,0,0
1072,0.001981405,0.26007326,0.666666667,0.00034354
1073,0.002591068,0.31372549,0.666666667,0.000541923
1074,0.014276279,0.167259786,0.666666667,0.001591898
1075,0.000304832,0.142857143,0.466666667,2.03E-05
1076,0,0,0,0
1077,0,0,0,0
1078,0.000457247,0.380952381,0.666666667,0.000116126
1079,0.000304832,0.238095238,0.733333333,5.32E-05
1080,0.016054463,0.212477396,0.733333333,0.002501554
1081,0,0,0,0
1082,0,0,0,0
1083,0.008636895,0.191596639,0.8,0.00132384
1084,0.001778184,0.159183673,0.533333333,0.000150964
1085,0.000101611,0.142857143,0.533333333,7.74E-06
1086,0,0,0,0
1087,0,0,0,0
1088,0,0,0,0
1089,0,0,0,0
1090,0,0,0,0
1091,0,0,0,0
1092,0.000254026,0.171428571,0.666666667,2.90E-05
1093,0,0,0,0
1094,0,0,0,0
1095,0.001676574,0.212121212,0.8,0.00028451
1096,0,0,0,0
1097,0.000609663,0.19047619,0.666666667,7.74E-05
1098,0,0,0,0
1099,0,0,0,0
1100,0,0,0,0
1101,5.08E-05,0.142857143,0.666666667,4.84E-06
1102,5.08E-05,0.142857143,0.666666667,4.84E-06
1103,0,0,0,0
1104,0.001066911,0.210884354,0.666666667,0.000149997
1105,0,0,0,0
1106,0,0,0,0
1107,0.002641874,0.18956044,0.6,0.000300477
1108,0.011837626,0.3126916,0.733333333,0.002714453
1109,0.012752121,0.247581104,0.8,0.002525747
1110,0,0,0,0
1111,0,0,0,0
1112,0,0,0,0
1113,0,0,0,0
1114,0,0,0,0
1115,0,0,0,0
1116,0,0,0,0
1117,0,0,0,0
1118,0,0,0,0
1119,0.007214347,0.200201207,0.666666667,0.000962881
1120,5.08E-05,0.142857143,0.4,2.90E-06
1121,0.000101611,0.285714286,0.333333333,9.68E-06
1122,0.000355637,0.183673469,0.666666667,4.35E-05
1123,0.000660468,0.483516484,0.666666667,0.000212898
1124,0.000711274,0.214285714,0.8,0.000121933
1125,0,0,0,0
1126,0,0,0,0
1127,0,0,0,0
1128,0.000355637,0.224489796,0.8,6.39E-05
1129,0,0,0,0
1130,0,0,0,0
1131,0,0,0,0
1132,0,0,0,0
1133,0,0,0,0
1134,0.000711274,0.214285714,0.733333333,0.000111772
1135,0,0,0,0
1136,0,0,0,0
1137,0,0,0,0
1138,0,0,0,0
1139,0,0,0,0
1140,0,0,0,0
1141,0,0,0,0
1142,0,0,0,0
1143,0.000152416,0.19047619,0.5625,1.63E-05
1144,0,0,0,0
1145,5.08E-05,0.285714286,0.5625,8.16E-06
1146,0,0,0,0
1147,0,0,0,0
1148,0,0,0,0
1149,0.000203221,0.142857143,0.5625,1.63E-05
1150,0,0,0,0
1151,0,0,0,0
1152,0,0,0,0
1153,0.000406442,0.178571429,0.5625,4.08E-05
1154,0.000304832,0.238095238,0.625,4.54E-05
1155,0.009653,0.316541353,0.75,0.00229168
1156,0,0,0,0
1157,0.009500584,0.231474408,0.6875,0.00151191
1158,0,0,0,0
1159,0,0,0,0
1160,0,0,0,0
1161,0,0,0,0
1162,0.002591068,0.277310924,0.5625,0.000404174
1163,0.002692679,0.274932615,0.6875,0.00050896
1164,0.018899558,0.191628264,0.8125,0.002942623
1165,0,0,0,0
1166,0.000457247,0.19047619,0.5625,4.90E-05
1167,0,0,0,0
1168,0.023675253,0.209687308,0.875,0.00434385
1169,0.003403953,0.23880597,0.875,0.000711274
1170,0.005334553,0.345578231,0.75,0.001382629
1171,0.000152,0.142857143,0.4375,9.50E-06
1172,0.004928111,0.235640648,0.6875,0.000798368
1173,0,0,0,0
1174,0,0,0,0
1175,0,0,0,0
1176,0,0,0,0
1177,0.000863689,0.319327731,0.5625,0.000155137
1178,0.000812884,0.267857143,0.5625,0.000122477
1179,0,0,0,0
1180,0,0,0,0
1181,0,0,0,0
1182,0,0,0,0
1183,0,0,0,0
1184,0,0,0,0
1185,0.007315958,0.268849206,0.75,0.001475167
1186,0,0,0,0
1187,0.006706295,0.21969697,0.625,0.000920845
1188,0,0,0,0
1189,0,0,0,0
1190,0,0,0,0
1191,0,0,0,0
1192,0,0,0,0
1193,0,0,0,0
1194,0,0,0,0
1195,0,0,0,0
1196,0,0,0,0
1197,0,0,0,0
1198,0,0,0,0
1199,0,0,0,0
1200,5.08E-05,0.142857143,0.5,3.63E-06
1201,0,0,0,0
1202,0.000152416,0.333333333,0.5625,2.86E-05
1203,0,0,0,0
1204,0,0,0,0
1205,0,0,0,0
1206,0,0,0,0
1207,0.030838795,0.322664156,0.75,0.00746293
1208,0.030076716,0.244449807,0.75,0.005514186
1209,0.019051974,0.203428571,0.6875,0.002664555
1210,0.014123863,0.230729702,0.6875,0.002240421
1211,5.08E-05,0.142857143,0.5625,4.08E-06
1212,0,0,0,0
1213,0,0,0,0
1214,0,0,0,0
1215,0.017934258,0.220963173,0.9375,0.003715135
1216,0.000203221,0.178571429,0.625,2.27E-05
1217,0.002540263,0.305714286,0.75,0.000582446
1218,0.019560026,0.198144712,0.6875,0.002664555
1219,0,0,0,0
1220,0,0,0,0
1221,0.000609663,0.19047619,0.5,5.81E-05
1222,0.021846263,0.214950166,0.8125,0.003815385
1223,0.000406442,0.142857143,0.75,4.35E-05
1224,0,0,0,0
1225,0.003505563,0.180124224,0.75,0.000473578
1226,0.000152416,0.238095238,0.5625,2.04E-05
1227,0,0,0,0
1228,0,0,0,0
1229,0,0,0,0
1230,0.000152416,0.238095238,0.625,2.27E-05
1231,0,0,0,0
1232,0.000203221,0.142857143,0.625,1.81E-05
1233,0,0,0,0
1234,0,0,0,0
1235,0,0,0,0
1236,0,0,0,0
1237,0.014631916,0.367063492,0.8125,0.004363809
1238,0.012498095,0.242160279,0.75,0.002269907
1239,0,0,0,0
1240,0.001473353,0.236453202,0.625,0.000217737
1241,0.001524158,0.257142857,0.6875,0.000269449
1242,0,0,0,0
1243,0,0,0,0
1244,0,0,0,0
1245,0.040745821,0.334877093,0.75,0.010233632
1246,0,0,0,0
1247,0.0357161,0.266002845,0.75,0.007125438
1248,0.000152416,0.428571429,0.5,3.27E-05
1249,0.001473353,0.339901478,0.625,0.000312997
1250,0.001574963,0.313364055,0.8125,0.000400999
1251,0,0,0,0
1252,0,0,0,0
1253,0,0,0,0
1254,0,0,0,0
1255,0,0,0,0
1256,0,0,0,0
1257,0,0,0,0
1258,0,0,0,0
1259,0,0,0,0
1260,0,0,0,0
1261,0,0,0,0
1262,0,0,0,0
1263,0,0,0,0
1264,0.000914495,0.420634921,0.5625,0.000216376
1265,0.000762079,0.276190476,0.6875,0.000144704
1266,0,0,0,0
1267,0,0,0,0
1268,0,0,0,0
1269,0,0,0,0
1270,0.010262663,0.234087694,0.8125,0.00195192
1271,0.001828989,0.285714286,0.8125,0.000424587
1272,0.011888432,0.202686203,0.75,0.001807216
1273,0.001828989,0.222222222,0.8125,0.000330234
1274,0,0,0,0
1275,0.042066758,0.31452726,0.9375,0.012404196
1276,0,0,0,0
1277,0.027739674,0.277080063,0.8125,0.006244965
1278,0.001066911,0.37414966,0.8125,0.000324337
1279,0.0009653,0.353383459,0.75,0.000255841
1280,0.001727379,0.243697479,0.75,0.000315718
1281,0,0,0,0
1282,0,0,0,0
1283,0,0,0,0
1284,0.01148199,0.216814159,0.6875,0.001711502
1285,0.000152416,0.285714286,0.4375,1.91E-05
1286,0,0,0,0
1287,0,0,0,0
1288,0.003505563,0.194616977,0.6875,0.000469041
1289,0.000101611,0.142857143,0.5625,8.17E-06
1290,0,0,0,0
1291,0,0,0,0
1292,0,0,0,0
1293,0,0,0,0
1294,0.000457247,0.46031746,0.5625,0.000118394
1295,0.000457247,0.26984127,0.5625,6.94E-05
1296,0,0,0,0
1297,0,0,0,0
1298,0,0,0,0
1299,0,0,0,0
1300,0.002184626,0.338870432,0.75,0.000555229
1301,0.002032211,0.328571429,0.75,0.000500795
1302,0.003607174,0.205231388,0.625,0.000462691
1303,0,0,0,0
1304,0.001676574,0.177489177,0.6875,0.000204582
1305,0.000660468,0.252747253,0.625,0.000104332
1306,0,0,0,0
1307,0.000762079,0.20952381,0.6875,0.000109776
1308,0,0,0,0
1309,0,0,0,0
1310,0,0,0,0
1311,0,0,0,0
1312,0,0,0,0
1313,0,0,0,0
1314,5.08E-05,0.142857143,0.3125,2.27E-06
1315,0.002997511,0.292978208,0.9375,0.000823318
1316,0.002337042,0.313664596,0.875,0.000641416
1317,0.000152416,0.333333333,0.625,3.18E-05
1318,0,0,0,0
1319,5.08E-05,0.285714286,0.6875,9.98E-06
1320,0.007011126,0.209109731,0.8125,0.001191202
1321,0,0,0,0
1322,0.001168521,0.229813665,0.6875,0.000184623
1323,0,0,0,0
1324,0,0,0,0
1325,0,0,0,0
1326,0,0,0,0
1327,0,0,0,0
1328,0,0,0,0
1329,0,0,0,0
1330,0,0,0,0
1331,0,0,0,0
1332,0,0,0,0
1333,0,0,0,0
1334,0,0,0,0
1335,0,0,0,0
1336,0.000101611,0.142857143,0.6875,9.98E-06
1337,0,0,0,0
1338,0,0,0,0
1339,5.08E-05,0.285714286,0.5625,8.16E-06
1340,5.08E-05,0.285714286,0.4375,6.35E-06
1341,0.007163542,0.295845998,0.5625,0.001192109
1342,0.007417568,0.243639922,0.625,0.00112951
1343,0,0,0,0
1344,0,0,0,0
1345,0,0,0,0
1346,0,0,0,0
1347,0.000203221,0.142857143,0.4375,1.27E-05
1348,0,0,0,0
1349,0,0,0,0
1350,0,0,0,0
1351,0.000254026,0.228571429,0.625,3.63E-05
1352,5.08E-05,0.285714286,0.5,7.26E-06
1353,0,0,0,0
1354,0.005232942,0.289875173,0.625,0.000948062
1355,0.0048265,0.288721805,0.625,0.000870947
1356,0.042727227,0.244267029,0.875,0.009132246
1357,0.002641874,0.200549451,0.8125,0.000430484
1358,5.08E-05,0.142857143,0.5,3.63E-06
1359,0,0,0,0
1360,0,0,0,0
1361,0,0,0,0
1362,0.000101611,0.142857143,0.4375,6.35E-06
1363,0,0,0,0
1364,0,0,0,0
1365,0.000406442,0.267857143,0.5,5.44E-05
1366,0.000355637,0.224489796,0.6875,5.49E-05
1367,0.000101611,0.5,0.625,3.18E-05
1368,0,0,0,0
1369,5.08E-05,0.142857143,0.625,4.54E-06
1370,5.08E-05,0.142857143,0.625,4.54E-06
1371,0,0,0,0
1372,0,0,0,0
1373,0,0,0,0
1374,0,0,0,0
1375,0,0,0,0
1376,0,0,0,0
1377,0,0,0,0
1378,0,0,0,0
1379,0,0,0,0
1380,0,0,0,0
1381,0,0,0,0
1382,0,0,0,0
1383,0.008230453,0.267195767,0.75,0.001649357
1384,0.007671595,0.233680227,0.625,0.001120438
1385,0,0,0,0
1386,0,0,0,0
1387,0,0,0,0
1388,0,0,0,0
1389,0,0,0,0
1390,0.020525326,0.252121641,0.75,0.003881159
1391,0.019915663,0.264941691,0.75,0.003957367
1392,0,0,0,0
1393,0,0,0,0
1394,0,0,0,0
1395,0,0,0,0
1396,0,0,0,0
1397,0,0,0,0
1398,0,0,0,0
1399,0,0,0,0
1400,0,0,0,0
1401,0.029619469,0.216613575,0.75,0.004811984
1402,0.000203221,0.142857143,0.6875,2.00E-05
1403,0,0,0,0
1404,0,0,0,0
1405,0,0,0,0
1406,0,0,0,0
1407,0.053853579,0.230997305,0.8125,0.010107526
1408,0.000203221,0.142857143,0.625,1.81E-05
1409,0.000355637,0.163265306,0.625,3.63E-05
1410,0.008230453,0.192239859,0.6875,0.001087777
1411,0,0,0,0
1412,0,0,0,0
1413,0.002489458,0.27696793,0.625,0.000430938
1414,0.002387847,0.237082067,0.625,0.000353822
1415,0,0,0,0
1416,0,0,0,0
1417,0,0,0,0
1418,0,0,0,0
1419,0.001473353,0.246305419,0.5625,0.000204128
1420,0.002591068,0.305322129,0.8125,0.000642777
1421,0.002641874,0.436813187,0.75,0.000865504
1422,0,0,0,0
1423,0,0,0,0
1424,0,0,0,0
1425,0,0,0,0
1426,0,0,0,0
1427,0,0,0,0
1428,0,0,0,0
1429,0,0,0,0
1430,0,0,0,0
1431,5.08E-05,0.142857143,0.5625,4.08E-06
1432,0.004115226,0.250440917,0.75,0.000772966
1433,0.003962811,0.278388278,0.625,0.0006895
1434,0,0,0,0
1435,0,0,0,0
1436,0,0,0,0
1437,0,0,0,0
1438,0,0,0,0
1439,0,0,0,0
1440,0,0,0,0
1441,0.013615811,0.262260128,0.6875,0.002454983
1442,0.012294874,0.218417946,0.625,0.001678388
1443,0,0,0,0
1444,0,0,0,0
1445,0,0,0,0
1446,0,0,0,0
1447,0,0,0,0
1448,0,0,0,0
1449,0,0,0,0
1450,0,0,0,0
1451,0,0,0,0
1452,0,0,0,0
1453,0,0,0,0
1454,0,0,0,0
1455,0,0,0,0
1456,0.000203221,0.321428571,0.625,4.08E-05
1457,0.000254026,0.428571429,0.5625,6.12E-05
1458,0.0366814,0.356747131,0.75,0.009814488
1459,0.038408779,0.318027211,0.75,0.009161278
1460,0,0,0,0
1461,0,0,0,0
1462,0.000101611,0.357142857,0.8125,2.95E-05
1463,0.000101611,0.214285714,0.625,1.36E-05
1464,0.048061779,0.226064633,0.6875,0.007469735
1465,0,0,0,0
1466,0,0,0,0
1467,0.007569984,0.203259827,0.8125,0.001250172
1468,0.000304832,0.19047619,0.5625,3.27E-05
1469,5.08E-05,0.142857143,0.375,2.72E-06
1470,0,0,0,0
1471,0.000406442,0.25,0.75,7.62E-05
1472,0.000406442,0.267857143,0.6875,7.48E-05
1473,0,0,0,0
1474,0,0,0,0
1475,0,0,0,0
1476,0.001625768,0.227678571,0.75,0.000277614
1477,0,0,0,0
1478,0,0,0,0
1479,0,0,0,0
1480,0,0,0,0
1481,0,0,0,0
1482,0,0,0,0
1483,0,0,0,0
1484,0,0,0,0
1485,0,0,0,0
1486,0,0,0,0
1487,0,0,0,0
1488,0.004064421,0.316071429,0.75,0.000963486
1489,0.004013616,0.26039783,0.75,0.000783853
1490,0,0,0,0
1491,0,0,0,0
1492,0.007366763,0.24137931,0.75,0.001333638
1493,0.006299853,0.256912442,0.75,0.001213883
1494,0,0,0,0
1495,0,0,0,0
1496,0,0,0,0
1497,0,0,0,0
1498,0,0,0,0
1499,0,0,0,0
1500,0.000558858,0.324675325,0.625,0.000113405
1501,0.000457247,0.26984127,0.6875,8.48E-05
1502,0,0,0,0
1503,0.000355637,0.244897959,0.625,5.44E-05
1504,0.000406442,0.232142857,0.6875,6.49E-05
1505,0,0,0,0
1506,0,0,0,0
1507,0.000660468,0.307692308,0.75,0.000152416
1508,0.000660468,0.274725275,0.75,0.000136085
1509,0,0,0,0
1510,0,0,0,0
1511,0,0,0,0
1512,0.000101611,0.214285714,0.75,1.63E-05
1513,0,0,0,0
1514,0,0,0,0
1515,0.000152416,0.428571429,0.6875,4.49E-05
1516,0.000152416,0.19047619,0.6875,2.00E-05
1517,0,0,0,0
1518,0.000355637,0.244897959,0.625,5.44E-05
1519,0.000355637,0.244897959,0.625,5.44E-05
1520,0,0,0,0
1521,0,0,0,0
1522,0,0,0,0
1523,0,0,0,0
1524,0,0,0,0
1525,0,0,0,0
1526,0,0,0,0
1527,0,0,0,0
1528,0.000152416,0.238095238,0.6,2.18E-05
1529,5.08E-05,0.142857143,0.533333333,3.87E-06
1530,5.08E-05,0.142857143,0.466666667,3.39E-06
1531,5.08E-05,0.142857143,0.466666667,3.39E-06
1532,5.08E-05,0.285714286,0.466666667,6.77E-06
1533,0,0,0,0
1534,0,0,0,0
1535,0,0,0,0
1536,0,0,0,0
1537,0,0,0,0
1538,0,0,0,0
1539,0,0,0,0
1540,0,0,0,0
1541,0,0,0,0
1542,0,0,0,0
1543,0,0,0,0
1544,0,0,0,0
1545,0,0,0,0
1546,0.001168521,0.155279503,0.6,0.000108868
1547,0.001016105,0.157142857,0.6,9.58E-05
1548,0.0434385,0.219381788,0.8,0.007623693
1549,0,0,0,0
1550,0.000558858,0.181818182,0.6,6.10E-05
1551,0,0,0,0
1552,0,0,0,0
1553,0,0,0,0
1554,0,0,0,0
1555,0,0,0,0
1556,0,0,0,0
1557,0,0,0,0
1558,0,0,0,0
1559,0,0,0,0
1560,0,0,0,0
1561,0,0,0,0
1562,0,0,0,0
1563,0,0,0,0
1564,0,0,0,0
1565,0,0,0,0
1566,0,0,0,0
1567,0,0,0,0
1568,0,0,0,0
1569,0,0,0,0
1570,0,0,0,0
1571,0,0,0,0
1572,0,0,0,0
1573,0.002032211,0.228571429,0.666666667,0.00030967
1574,0.001778184,0.195918367,0.666666667,0.000232253
1575,0,0,0,0
1576,0,0,0,0
1577,0,0,0,0
1578,0,0,0,0
1579,0.006350658,0.284571429,0.666666667,0.001204811
1580,0.00665549,0.233369684,0.666666667,0.00103546
1581,0,0,0,0
1582,0,0,0,0
1583,0,0,0,0
1584,0,0,0,0
1585,0,0,0,0
1586,0,0,0,0
1587,0,0,0,0
1588,0,0,0,0
1589,0,0,0,0
1590,0,0,0,0
1591,0,0,0,0
1592,0,0,0,0
1593,0.0279937,0.2323049,0.666666667,0.004335382
1594,5.08E-05,0.285714286,0.4,5.81E-06
1595,5.08E-05,0.142857143,0.6,4.35E-06
1596,0,0,0,0
1597,0,0,0,0
1598,0,0,0,0
1599,0.006604684,0.207692308,0.666666667,0.000914495
1600,0,0,0,0
1601,0,0,0,0
1602,0.047045674,0.220765196,0.666666667,0.006924032
1603,0.003759589,0.252895753,0.533333333,0.000507085
1604,0.000558858,0.142857143,0.666666667,5.32E-05
1605,0,0,0,0
1606,0,0,0,0
1607,0,0,0,0
1608,0.000254026,0.142857143,0.666666667,2.42E-05
1609,0.000558858,0.298701299,0.733333333,0.000122417
1610,0.000609663,0.30952381,0.6,0.000113223
1611,0,0,0,0
1612,0,0,0,0
1613,0,0,0,0
1614,0,0,0,0
1615,0,0,0,0
1616,0,0,0,0
1617,0,0,0,0
1618,0,0,0,0
1619,0,0,0,0
1620,0,0,0,0
1621,0,0,0,0
1622,0,0,0,0
1623,0,0,0,0
1624,0.020728547,0.256302521,0.666666667,0.003541853
1625,0.017883453,0.231331169,0.666666667,0.002758
1626,0,0,0,0
1627,0,0,0,0
1628,0,0,0,0
1629,0,0,0,0
1630,0,0,0,0
1631,0,0,0,0
1632,0,0,0,0
1633,0,0,0,0
1634,0,0,0,0
1635,0,0,0,0
1636,0,0,0,0
1637,0,0,0,0
1638,0,0,0,0
1639,0,0,0,0
1640,0,0,0,0
1641,0,0,0,0
1642,0,0,0,0
1643,0,0,0,0
1644,0,0,0,0
1645,0,0,0,0
1646,0,0,0,0
1647,0,0,0,0
1648,0.0019306,0.278195489,0.6,0.000322251
1649,0.001981405,0.234432234,0.6,0.000278703
1650,0.000254026,0.171428571,0.4,1.74E-05
1651,0.0038612,0.210526316,0.666666667,0.000541923
1652,0.004064421,0.217857143,0.666666667,0.000590309
1653,0,0,0,0
1654,0.000304832,0.380952381,0.733333333,8.52E-05
1655,0.000203221,0.25,0.733333333,3.73E-05
1656,0.005588579,0.219480519,0.8,0.000981267
1657,0,0,0,0
1658,0.000152416,0.19047619,0.4,1.16E-05
1659,0.049585937,0.225556206,0.666666667,0.007456277
1660,0,0,0,0
1661,0,0,0,0
1662,0,0,0,0
1663,0,0,0,0
1664,0,0,0,0
1665,0,0,0,0
1666,0,0,0,0
1667,0,0,0,0
1668,0.004420058,0.206896552,0.666666667,0.000609663
1669,0,0,0,0
1670,0,0,0,0
1671,0,0,0,0
1672,0,0,0,0
1673,0,0,0,0
1674,0,0,0,0
1675,0,0,0,0
1676,0,0,0,0
1677,5.08E-05,0.142857143,0.6,4.35E-06
1678,5.08E-05,0.142857143,0.666666667,4.84E-06
1679,0,0,0,0
1680,0,0,0,0
1681,0.000508053,0.142857143,0.666666667,4.84E-05
1682,0.000558858,0.168831169,0.666666667,6.29E-05
1683,0,0,0,0
1684,0,0,0,0
1685,0,0,0,0
1686,0,0,0,0
1687,0.002337042,0.208074534,0.666666667,0.000324186
1688,0.001168521,0.242236025,0.666666667,0.000188705
1689,0,0,0,0
1690,0,0,0,0
1691,0,0,0,0
1692,0,0,0,0
1693,0.000609663,0.238095238,0.666666667,9.68E-05
1694,0.000609663,0.238095238,0.666666667,9.68E-05
1695,0,0,0,0
1696,0,0,0,0
1697,0,0,0,0
1698,0,0,0,0
1699,0,0,0,0
1700,0,0,0,0
1701,0,0,0,0
1702,0.000152416,0.333333333,0.666666667,3.39E-05
1703,0.000152,0.19047619,0.666666667,1.93E-05
1704,0.000812884,0.223214286,0.8,0.000145158
1705,0,0,0,0
1706,0,0,0,0
1707,0,0,0,0
1708,0.000203221,0.142857143,0.6,1.74E-05
1709,0.000203221,0.142857143,0.533333333,1.55E-05
1710,0,0,0,0
1711,0,0,0,0
1712,0,0,0,0
1713,0,0,0,0
1714,0,0,0,0
1715,0,0,0,0
1716,0,0,0,0
1717,0,0,0,0
1718,0,0,0,0
1719,0,0,0,0
1720,0,0,0,0
1721,0.000101611,0.285714286,0.5625,1.63E-05
1722,0.001066911,0.142857143,0.625,9.53E-05
1723,0.001981405,0.153846154,0.625,0.00019052
1724,0.000406442,0.214285714,0.5625,4.90E-05
1725,0.002438653,0.244047619,0.625,0.000371967
1726,0.002743484,0.26984127,0.625,0.000462691
1727,0,0,0,0
1728,0.000457247,0.206349206,0.625,5.90E-05
1729,0.000457247,0.206349206,0.5,4.72E-05
1730,0,0,0,0
1731,0,0,0,0
1732,0,0,0,0
1733,0,0,0,0
1734,0,0,0,0
1735,0,0,0,0
1736,0,0,0,0
1737,0,0,0,0
1738,0.007366763,0.257142857,0.5625,0.00106555
1739,0.007163542,0.279635258,0.6875,0.001377186
1740,0.013971447,0.24,0.875,0.002934004
1741,0.001066911,0.25170068,0.75,0.000201407
1742,0,0,0,0
1743,0.001574963,0.165898618,0.8125,0.000212293
1744,0.002032211,0.178571429,0.75,0.000272171
1745,0,0,0,0
1746,0,0,0,0
1747,0,0,0,0
1748,0,0,0,0
1749,0,0,0,0
1750,0,0,0,0
1751,0,0,0,0
1752,0.004928111,0.18556701,0.6875,0.000628715
1753,0.008484479,0.230966638,0.875,0.001714678
1754,0.002591068,0.336134454,0.75,0.00065321
1755,0,0,0,0
1756,0,0,0,0
1757,0,0,0,0
1758,0,0,0,0
1759,0,0,0,0
1760,0,0,0,0
1761,0.035563684,0.28244898,0.75,0.007533695
1762,0.036071737,0.250301811,0.75,0.006771616
1763,0,0,0,0
1764,0,0,0,0
1765,0,0,0,0
1766,0,0,0,0
1767,0,0,0,0
1768,0,0,0,0
1769,0,0,0,0
1770,0.000101611,0.285714286,0.3125,9.07E-06
1771,0,0,0,0
1772,0,0,0,0
1773,0,0,0,0
1774,0,0,0,0
1775,0,0,0,0
1776,0,0,0,0
1777,0.005385358,0.269541779,0.625,0.000907237
1778,0.0057918,0.258145363,0.5625,0.000841009
1779,0,0,0,0
1780,0,0,0,0
1781,0,0,0,0
1782,0,0,0,0
1783,0,0,0,0
1784,0,0,0,0
1785,0,0,0,0
1786,0,0,0,0
1787,0,0,0,0
1788,0.024538942,0.224489796,0.8125,0.004475853
1789,0.0077224,0.237781955,0.6875,0.00126242
1790,0,0,0,0
1791,0.040745821,0.276986106,0.9375,0.01058065
1792,0.027688869,0.248492792,0.6875,0.004730333
1793,0,0,0,0
1794,0.005232942,0.177531207,0.75,0.000696758
1795,0,0,0,0
1796,0,0,0,0
1797,0,0,0,0
1798,0,0,0,0
1799,0,0,0,0
1800,0,0,0,0
1801,0,0,0,0
1802,0,0,0,0
1803,0.006096632,0.173809524,0.6875,0.000728511
1804,0.006553879,0.235880399,0.6875,0.001062828
1805,0,0,0,0
1806,0,0,0,0
1807,0.002387847,0.291793313,0.625,0.000435474
1808,0.0019306,0.236842105,0.5625,0.000257202
1809,0,0,0,0
1810,0,0,0,0
1811,0,0,0,0
1812,0,0,0,0
1813,0.000812884,0.151785714,0.5625,6.94E-05
1814,0.000406442,0.142857143,0.5,2.90E-05
1815,0,0,0,0
1816,0.034496774,0.267199663,0.75,0.006913145
1817,0.034954021,0.312084718,0.75,0.008181462
1818,0.002133821,0.224489796,0.6875,0.000329327
1819,0.001219326,0.232142857,0.625,0.000176911
1820,0,0,0,0
1821,0,0,0,0
1822,0,0,0,0
1823,0,0,0,0
1824,0,0,0,0
1825,0,0,0,0
1826,0,0,0,0
1827,0,0,0,0
1828,0,0,0,0
1829,0,0,0,0
1830,0,0,0,0
1831,0,0,0,0
1832,0,0,0,0
1833,0,0,0,0
1834,0,0,0,0
1835,0,0,0,0
1836,0.002184626,0.23255814,0.625,0.000317533
1837,0.002235432,0.288961039,0.6875,0.000444093
1838,0,0,0,0
1839,0,0,0,0
1840,0,0,0,0
1841,0,0,0,0
1842,0.001320937,0.291208791,0.625,0.000240418
1843,0.001270132,0.342857143,0.75,0.000326605
1844,0,0,0,0
1845,0.004521668,0.154093098,0.625,0.000435474
1846,0.024742163,0.278087416,0.875,0.006020424
1847,0.020982574,0.369768246,0.75,0.005819017
1848,5.08E-05,0.142857143,0.5,3.63E-06
1849,0,0,0,0
1850,0,0,0,0
1851,0,0,0,0
1852,0,0,0,0
1853,0,0,0,0
1854,0.012650511,0.236947791,0.6875,0.002060789
1855,0,0,0,0
1856,0,0,0,0
1857,0.000558858,0.207792208,0.8125,9.44E-05
1858,0.000152416,0.142857143,0.5625,1.22E-05
1859,0,0,0,0
1860,0.005182137,0.18767507,0.6875,0.000668634
1861,0,0,0,0
1862,0,0,0,0
1863,0,0,0,0
1864,0,0,0,0
1865,0,0,0,0
1866,0.000304832,0.261904762,0.75,5.99E-05
1867,0.000558858,0.246753247,0.75,0.000103425
1868,0,0,0,0
1869,0,0,0,0
1870,0,0,0,0
1871,0,0,0,0
1872,0.000355637,0.265306122,0.6875,6.49E-05
1873,0.000355637,0.306122449,0.8125,8.85E-05
1874,0,0,0,0
1875,0,0,0,0
1876,0.003912005,0.217068646,0.6875,0.000583807
1877,0.005385358,0.225067385,0.625,0.000757543
1878,0,0,0,0
1879,0.000101611,0.285714286,0.6875,2.00E-05
1880,0.000254026,0.342857143,0.625,5.44E-05
1881,0,0,0,0
1882,0,0,0,0
1883,0,0,0,0
1884,0,0,0,0
1885,0,0,0,0
1886,0,0,0,0
1887,0.002286237,0.247619048,0.75,0.000424587
1888,0.001981405,0.373626374,0.75,0.000555229
1889,0,0,0,0
1890,0,0,0,0
1891,0.000101611,0.357142857,0.625,2.27E-05
1892,0.000102,0.214285714,0.625,1.37E-05
1893,0.000152416,0.142857143,0.625,1.36E-05
1894,0.000203221,0.178571429,0.8125,2.95E-05
1895,0.000254026,0.457142857,0.5625,6.53E-05
1896,0,0,0,0
1897,0,0,0,0
1898,0,0,0,0
1899,0.000304832,0.238095238,0.75,5.44E-05
1900,0,0,0,0
1901,0,0,0,0
1902,0.000406442,0.375,0.75,0.000114312
1903,0.000609663,0.261904762,0.75,0.000119755
1904,0,0,0,0
1905,0,0,0,0
1906,0,0,0,0
1907,0,0,0,0
1908,0,0,0,0
1909,0,0,0,0
1910,0,0,0,0
1911,0,0,0,0
1912,0,0,0,0
1913,0,0,0,0
1914,0.0009653,0.142857143,0.533333333,7.35E-05
1915,0.001727379,0.155462185,0.533333333,0.000143222
1916,0.000609663,0.261904762,0.466666667,7.45E-05
1917,0,0,0,0
1918,0,0,0,0
1919,0,0,0,0
1920,0,0,0,0
1921,0,0,0,0
1922,0,0,0,0
1923,0,0,0,0
1924,0,0,0,0
1925,0,0,0,0
1926,0,0,0,0
1927,0,0,0,0
1928,0,0,0,0
1929,0,0,0,0
1930,0.001168521,0.155279503,0.6,0.000108868
1931,0.001981405,0.161172161,0.666666667,0.000212898
1932,0.020474521,0.19461184,0.733333333,0.002922028
1933,0,0,0,0
1934,0,0,0,0
1935,0.000863689,0.151260504,0.666666667,8.71E-05
1936,0.001473353,0.177339901,0.6,0.000156771
1937,0,0,0,0
1938,0,0,0,0
1939,0,0,0,0
1940,0,0,0,0
1941,0,0,0,0
1942,0,0,0,0
1943,0,0,0,0
1944,0,0,0,0
1945,0.000101611,0.142857143,0.533333333,7.74E-06
1946,0.000101611,0.142857143,0.533333333,7.74E-06
1947,0,0,0,0
1948,0,0,0,0
1949,0,0,0,0
1950,0,0,0,0
1951,0,0,0,0
1952,0,0,0,0
1953,0,0,0,0
1954,0,0,0,0
1955,0,0,0,0
1956,0,0,0,0
1957,0,0,0,0
1958,0,0,0,0
1959,0,0,0,0
1960,0,0,0,0
1961,0,0,0,0
1962,0,0,0,0
1963,0,0,0,0
1964,0,0,0,0
1965,0,0,0,0
1966,0.005436163,0.194926569,0.666666667,0.000706435
1967,0.007773205,0.236227824,0.666666667,0.001224165
1968,0,0,0,0
1969,0.006706295,0.245670996,0.666666667,0.001098361
1970,0.006350658,0.254857143,0.666666667,0.001079007
1971,0,0,0,0
1972,0,0,0,0
1973,0,0,0,0
1974,0,0,0,0
1975,0,0,0,0
1976,0,0,0,0
1977,0,0,0,0
1978,0,0,0,0
1979,0,0,0,0
1980,0.020626937,0.205137227,0.8,0.003385082
1981,0.003912005,0.220779221,0.666666667,0.000575793
1982,0,0,0,0
1983,0.019458416,0.197314435,0.666666667,0.002559618
1984,0,0,0,0
1985,0,0,0,0
1986,0.015038358,0.190637066,0.666666667,0.001911246
1987,0,0,0,0
1988,0,0,0,0
1989,0,0,0,0
1990,0,0,0,0
1991,0,0,0,0
1992,0,0,0,0
1993,0,0,0,0
1994,0,0,0,0
1995,0.000101611,0.285714286,0.533333333,1.55E-05
1996,0.004470863,0.193181818,0.733333333,0.000633372
1997,0.006503074,0.243303571,0.6,0.000949333
1998,0,0,0,0
1999,0.002387847,0.258358663,0.6,0.000370153
2000,0.001320937,0.269230769,0.666666667,0.000237091
2001,0,0,0,0
2002,0,0,0,0
2003,0,0,0,0
2004,0,0,0,0
2005,0,0,0,0
2006,0,0,0,0
2007,0,0,0,0
2008,0.0019306,0.289473684,0.666666667,0.000372572
2009,0.001981405,0.333333333,0.666666667,0.000440312
2010,0,0,0,0
2011,0,0,0,0
2012,0,0,0,0
2013,0,0,0,0
2014,0,0,0,0
2015,0,0,0,0
2016,0,0,0,0
2017,0,0,0,0
2018,0,0,0,0
2019,0,0,0,0
2020,0,0,0,0
2021,0,0,0,0
2022,0,0,0,0
2023,0.006960321,0.176225235,0.666666667,0.000817723
2024,0.01148199,0.231984829,0.666666667,0.001775765
2025,0,0,0,0
2026,0,0,0,0
2027,0,0,0,0
2028,0,0,0,0
2029,0,0,0,0
2030,0,0,0,0
2031,0,0,0,0
2032,0,0,0,0
2033,0,0,0,0
2034,0,0,0,0
2035,0.001270132,0.28,0.666666667,0.000237091
2036,0.001320937,0.291208791,0.6,0.000230801
2037,0.001727379,0.163865546,0.666666667,0.000188705
2038,0.004674084,0.26242236,0.8,0.000981267
2039,0.003048316,0.407142857,0.666666667,0.0008274
2040,0,0,0,0
2041,0,0,0,0
2042,0,0,0,0
2043,0,0,0,0
2044,0,0,0,0
2045,0,0,0,0
2046,0.011278768,0.211068211,0.666666667,0.00158706
2047,0,0,0,0
2048,0,0,0,0
2049,0.010923132,0.193355482,0.8,0.001689638
2050,0.000457247,0.142857143,0.666666667,4.35E-05
2051,0,0,0,0
2052,0.015241579,0.197142857,0.666666667,0.002003179
2053,0.003607174,0.15694165,0.666666667,0.000377411
2054,0.006096632,0.241666667,0.666666667,0.000982235
2055,0,0,0,0
2056,0,0,0,0
2057,0,0,0,0
2058,0,0,0,0
2059,0,0,0,0
2060,0,0,0,0
2061,0,0,0,0
2062,0,0,0,0
2063,0,0,0,0
2064,0,0,0,0
2065,0.000609663,0.297619048,0.533333333,9.68E-05
2066,0.000457247,0.317460317,0.533333333,7.74E-05
2067,0,0,0,0
2068,0,0,0,0
2069,0,0,0,0
2070,0,0,0,0
2071,0.000609663,0.273809524,0.666666667,0.000111288
2072,0.000660468,0.307692308,0.666666667,0.000135481
2073,0,0,0,0
2074,0.001625768,0.200892857,0.6,0.000195963
2075,0.002083016,0.240418118,0.666666667,0.000333863
2076,0,0,0,0
2077,0,0,0,0
2078,0,0,0,0
2079,0,0,0,0
2080,0,0,0,0
2081,0,0,0,0
2082,0,0,0,0
2083,0,0,0,0
2084,0,0,0,0
2085,0.000304832,0.142857143,0.6,2.61E-05
2086,0.000660468,0.21978022,0.8,0.000116126
2087,0.000558858,0.337662338,0.666666667,0.000125804
2088,0,0,0,0
2089,0.000101611,0.142857143,0.533333333,7.74E-06
2090,0.000101611,0.142857143,0.6,8.71E-06
2091,0.0057918,0.192982456,0.666666667,0.000745144
2092,0,0,0,0
2093,0,0,0,0
2094,0,0,0,0
2095,0,0,0,0
2096,0,0,0,0
2097,0,0,0,0
2098,0,0,0,0
2099,0,0,0,0
2100,0,0,0,0
2101,0,0,0,0
2102,0,0,0,0
2103,0,0,0,0
2104,0,0,0,0
2105,0,0,0,0
2106,0,0,0,0
2107,0,0,0,0
2108,0.004978916,0.275510204,0.642857143,0.000881834
2109,0.005232942,0.257975035,0.642857143,0.000867837
2110,0,0,0,0
2111,0,0,0,0
2112,0,0,0,0
2113,0,0,0,0
2114,0.035766905,0.232751623,0.857142857,0.007135547
2115,0.001168521,0.260869565,0.785714286,0.000239511
2116,0,0,0,0
2117,0,0,0,0
2118,0,0,0,0
2119,0,0,0,0
2120,0,0,0,0
2121,0,0,0,0
2122,0,0,0,0
2123,0,0,0,0
2124,0.000355637,0.163265306,0.642857143,3.73E-05
2125,0.000203221,0.142857143,0.714285714,2.07E-05
2126,0,0,0,0
2127,0,0,0,0
2128,0,0,0,0
2129,0,0,0,0
2130,0,0,0,0
2131,0,0,0,0
2132,0,0,0,0
2133,0,0,0,0
2134,0,0,0,0
2135,0,0,0,0
2136,0,0,0,0
2137,0,0,0,0
2138,0,0,0,0
2139,0,0,0,0
2140,0,0,0,0
2141,0.041355484,0.238153738,0.714285714,0.007034974
2142,0.000101611,0.285714286,0.642857143,1.87E-05
2143,0,0,0,0
2144,0.007671595,0.19205298,0.714285714,0.001052395
2145,0,0,0,0
2146,0,0,0,0
2147,0.038103948,0.242285714,0.857142857,0.007913179
2148,0.002286237,0.342857143,0.785714286,0.000615884
2149,0,0,0,0
2150,0,0,0,0
2151,0,0,0,0
2152,0,0,0,0
2153,0,0,0,0
2154,0,0,0,0
2155,0,0,0,0
2156,0,0,0,0
2157,0,0,0,0
2158,0,0,0,0
2159,0,0,0,0
2160,0,0,0,0
2161,0,0,0,0
2162,0,0,0,0
2163,0.027231621,0.245735608,0.714285714,0.004779842
2164,0.024691358,0.228101117,0.714285714,0.004022947
2165,0,0,0,0
2166,0,0,0,0
2167,0,0,0,0
2168,0,0,0,0
2169,0.000711274,0.295918367,0.785714286,0.000165376
2170,0.000711274,0.214285714,0.714285714,0.000108868
2171,0,0,0,0
2172,0,0,0,0
2173,0,0,0,0
2174,0,0,0,0
2175,0,0,0,0
2176,0,0,0,0
2177,0.002489458,0.2303207,0.714285714,0.000409553
2178,0,0,0,0
2179,0,0,0,0
2180,0.0501956,0.227009832,0.714285714,0.008139211
2181,0.000203221,0.142857143,0.642857143,1.87E-05
2182,0,0,0,0
2183,0.006401463,0.18707483,0.714285714,0.000855395
2184,0,0,0,0
2185,0.001574963,0.239631336,0.714285714,0.000269579
2186,0.001727379,0.226890756,0.714285714,0.000279947
2187,0,0,0,0
2188,0,0,0,0
2189,0,0,0,0
2190,0,0,0,0
2191,0,0,0,0
2192,0,0,0,0
2193,0,0,0,0
2194,0,0,0,0
2195,0,0,0,0
2196,0.000304832,0.30952381,0.785714286,7.41E-05
2197,0.000304832,0.261904762,0.714285714,5.70E-05
2198,0,0,0,0
2199,0,0,0,0
2200,0.000152416,0.238095238,0.714285714,2.59E-05
2201,0,0,0,0
2202,0,0,0,0
2203,0,0,0,0
2204,0.000812884,0.160714286,0.466666667,6.10E-05
2205,0.001625768,0.165178571,0.533333333,0.000143222
2206,0,0,0,0
2207,0,0,0,0
2208,0,0,0,0
2209,0,0,0,0
2210,0,0,0,0
2211,0,0,0,0
2212,0,0,0,0
2213,0,0,0,0
2214,0,0,0,0
2215,0,0,0,0
2216,0,0,0,0
2217,0,0,0,0
2218,0,0,0,0
2219,0,0,0,0
2220,0,0,0,0
2221,0,0,0,0
2222,0,0,0,0
2223,0,0,0,0
2224,0,0,0,0
2225,0,0,0,0
2226,0,0,0,0
2227,0,0,0,0
2228,0.002438653,0.172619048,0.666666667,0.000280639
2229,0.003657979,0.194444444,0.666666667,0.000474182
2230,0,0,0,0
2231,0,0,0,0
2232,0,0,0,0
2233,0,0,0,0
2234,0,0,0,0
2235,0,0,0,0
2236,0,0,0,0
2237,0,0,0,0
2238,0,0,0,0
2239,0,0,0,0
2240,0,0,0,0
2241,0,0,0,0
2242,0,0,0,0
2243,0,0,0,0
2244,0,0,0,0
2245,0.000457247,0.174603175,0.666666667,5.32E-05
2246,0.000660468,0.21978022,0.666666667,9.68E-05
2247,0,0,0,0
2248,0,0,0,0
2249,0,0,0,0
2250,0,0,0,0
2251,0,0,0,0
2252,0,0,0,0
2253,0,0,0,0
2254,0,0,0,0
2255,0,0,0,0
2256,0,0,0,0
2257,0.000762079,0.219047619,0.6,0.000100159
2258,0.000762079,0.152380952,0.666666667,7.74E-05
2259,0,0,0,0
2260,0,0,0,0
2261,0,0,0,0
2262,0,0,0,0
2263,0.000254026,0.142857143,0.6,2.18E-05
2264,0.000254026,0.142857143,0.666666667,2.42E-05
2265,0,0,0,0
2266,0,0,0,0
2267,0,0,0,0
2268,0.004877305,0.261904762,0.722222222,0.000922559
2269,0.005080526,0.264285714,0.555555556,0.00074595
2270,0.000254026,0.228571429,0.5,2.90E-05
2271,0.000101611,0.214285714,0.611111111,1.33E-05
2272,0,0,0,0
2273,0,0,0,0
2274,0,0,0,0
2275,0.026367932,0.238645747,0.777777778,0.00489424
2276,0,0,0,0
2277,0.026164711,0.267128988,0.777777778,0.005436163
2278,0,0,0,0
2279,0,0,0,0
2280,0.000457247,0.142857143,0.666666667,4.35E-05
2281,0.009348168,0.352484472,0.888888889,0.002928964
2282,0.009805416,0.294596595,0.666666667,0.001925761
2283,0,0,0,0
2284,0,0,0,0
2285,0,0,0,0
2286,0.000254026,0.457142857,0.555555556,6.45E-05
2287,0.000254026,0.257142857,0.555555556,3.63E-05
2288,0,0,0,0
2289,0,0,0,0
2290,0,0,0,0
2291,0.012904537,0.304274466,0.777777778,0.003053961
2292,5.08E-05,0.428571429,0.833333333,1.81E-05
2293,0.000101611,0.285714286,0.8,2.32E-05
2294,0,0,0,0
2295,0.000102,0.214285714,0.555555556,1.21E-05
2296,0.000304832,0.19047619,0.666666667,3.87E-05
2297,0,0,0,0
2298,0,0,0,0
2299,0,0,0,0
2300,0.000203221,0.285714286,0.666666667,3.87E-05
2301,0.000203221,0.25,0.722222222,3.67E-05
2302,0,0,0,0
2303,8.47E-05,0.228571429,0.5625,1.09E-05
2304,1.69E-05,0.142857143,0.5625,1.36E-06
2305,8.47E-05,0.171428571,0.8125,1.18E-05
2306,5.08E-05,0.142857143,0.5,3.63E-06
2307,5.08E-05,0.142857143,0.5625,4.08E-06
2308,5.08E-05,0.285714286,0.6875,9.98E-06
2309,0.000135481,0.142857143,0.5,9.68E-06
2310,0,0,0,0
2311,0,0,0,0
2312,0,0,0,0
2313,5.08E-05,0.238095238,0.6875,8.32E-06
2314,0.000152416,0.238095238,0.625,2.27E-05
2315,0.004589409,0.310490248,0.6875,0.000979665
2316,0,0,0,0
2317,0.004657149,0.231688312,0.6875,0.000741817
2318,0,0,0,0
2319,3.39E-05,0.714285714,0.5625,1.36E-05
2320,3.39E-05,0.142857143,0.6875,3.33E-06
2321,0,0,0,0
2322,0,0,0,0
2323,0,0,0,0
2324,0,0,0,0
2325,0.002658809,0.304822566,0.625,0.000506541
2326,0.00282816,0.273738238,0.625,0.00048386
2327,0.015241579,0.17047619,0.875,0.002273536
2328,0,0,0,0
2329,0.000524988,0.281105991,0.6875,0.000101459
2330,0,0,0,0
2331,0.030737184,0.216686344,0.9375,0.006244058
2332,0.001761249,0.228021978,0.9375,0.000376503
2333,0.002353977,0.349434738,0.875,0.000719741
2334,0.000169351,0.142857143,0.5625,1.36E-05
2335,0.002286237,0.247619048,0.75,0.000424587
2336,0,0,0,0
2337,0,0,0,0
2338,0,0,0,0
2339,0,0,0,0
2340,0,0,0,0
2341,0,0,0,0
2342,0,0,0,0
2343,0.001304002,0.352504638,0.75,0.00034475
2344,0.001270132,0.257142857,0.75,0.000244954
2345,0,0,0,0
2346,0,0,0,0
2347,0,0,0,0
2348,0,0,0,0
2349,0,0,0,0
2350,0,0,0,0
2351,6.77E-05,0.142857143,0.4375,4.23E-06
2352,0,0,0,0
2353,0,0,0,0
2354,0.004657149,0.273766234,0.75,0.000956228
2355,0,0,0,0
2356,0.004369253,0.23200443,0.625,0.000633554
2357,0,0,0,0
2358,0,0,0,0
2359,0,0,0,0
2360,0,0,0,0
2361,0,0,0,0
2362,0,0,0,0
2363,0.000254026,0.276190476,0.5,3.51E-05
2364,8.47E-05,0.457142857,0.6875,2.66E-05
2365,0.000237091,0.224489796,0.75,3.99E-05
2366,0,0,0,0
2367,0,0,0,0
2368,0,0,0,0
2369,0,0,0,0
2370,0,0,0,0
2371,0,0,0,0
2372,0.033920981,0.216033093,0.875,0.006412048
2373,8.47E-05,0.171428571,0.6875,9.98E-06
2374,0.002049146,0.199527745,0.8125,0.0003322
2375,0,0,0,0
2376,0,0,0,0
2377,0,0,0,0
2378,0,0,0,0
2379,0,0,0,0
2380,0,0,0,0
2381,0,0,0,0
2382,0,0,0,0
2383,0,0,0,0
2384,0,0,0,0
2385,3.39E-05,0.142857143,0.75,3.63E-06
2386,3.39E-05,0.142857143,0.6875,3.33E-06
2387,0,0,0,0
2388,0.01058443,0.2928,0.75,0.002324341
2389,0.010194923,0.233507356,0.75,0.001785442
2390,0.01154973,0.178676163,0.75,0.001547746
2391,0.015207709,0.232103086,0.6875,0.002426707
2392,5.08E-05,0.19047619,0.6875,6.65E-06
2393,0,0,0,0
2394,0,0,0,0
2395,0,0,0,0
2396,0.001320937,0.197802198,0.8125,0.000212293
2397,0,0,0,0
2398,1.69E-05,0.285714286,0.4375,2.11E-06
2399,0.013429525,0.194379391,0.9375,0.002447271
2400,0.000287896,0.18487395,0.6875,3.66E-05
2401,0.003471693,0.270383275,0.875,0.000821352
2402,0.017121374,0.171824219,0.6875,0.002022533
2403,0.000119,0.224489796,0.4375,1.17E-05
2404,1.69E-05,0.142857143,0.5625,1.36E-06
2405,0.000304832,0.206349206,0.625,3.93E-05
2406,0.027079205,0.218797463,0.8125,0.00481395
2407,0.000508053,0.152380952,0.75,5.81E-05
2408,0.000660468,0.274725275,0.5625,0.000102064
2409,0.017629426,0.21847125,0.8125,0.003129362
2410,0.000304832,0.158730159,0.75,3.63E-05
2411,0,0,0,0
2412,0.005165202,0.186885246,0.75,0.000723975
2413,0.000220156,0.208791209,0.6875,3.16E-05
2414,0,0,0,0
2415,0,0,0,0
2416,0,0,0,0
2417,0.011058612,0.247429447,0.8125,0.002223184
2418,0,0,0,0
2419,0.001168521,0.192546584,0.6875,0.000154684
2420,5.08E-05,0.238095238,0.625,7.56E-06
2421,0,0,0,0
2422,0,0,0,0
2423,0,0,0,0
2424,0,0,0,0
2425,0,0,0,0
2426,0,0,0,0
2427,0,0,0,0
2428,0,0,0,0
2429,0,0,0,0
2430,1.69E-05,0.142857143,0.625,1.51E-06
2431,1.69E-05,0.142857143,0.5625,1.36E-06
2432,0,0,0,0
2433,0.00585954,0.314203138,0.8125,0.001495882
2434,0.004572474,0.224338624,0.75,0.000769337
2435,0,0,0,0
2436,0.007434504,0.226488773,0.625,0.001052395
2437,0.007671595,0.268369599,0.6875,0.001415441
2438,0,0,0,0
2439,0,0,0,0
2440,0,0,0,0
2441,0,0,0,0
2442,0,0,0,0
2443,0,0,0,0
2444,0.035868516,0.32483475,0.75,0.008738505
2445,0,0,0,0
2446,0.033988721,0.281585878,0.75,0.007178058
2447,0,0,0,0
2448,0,0,0,0
2449,0,0,0,0
2450,5.08E-05,0.142857143,0.5625,4.08E-06
2451,0.00282816,0.278015398,0.625,0.00049142
2452,0.002692679,0.239892183,0.75,0.000484464
2453,0,0,0,0
2454,3.39E-05,0.214285714,0.375,2.72E-06
2455,5.08E-05,0.285714286,0.4375,6.35E-06
2456,0.001473353,0.256157635,0.6875,0.00025947
2457,0,0,0,0
2458,0.001405612,0.223752151,0.625,0.000196568
2459,0,0,0,0
2460,0,0,0,0
2461,0,0,0,0
2462,0,0,0,0
2463,0,0,0,0
2464,0,0,0,0
2465,0.036444309,0.207580988,0.8125,0.006146681
2466,0.000440312,0.148351648,0.8125,5.31E-05
2467,0.000101611,0.142857143,0.625,9.07E-06
2468,0,0,0,0
2469,0,0,0,0
2470,0,0,0,0
2471,0,0,0,0
2472,0,0,0,0
2473,0,0,0,0
2474,0,0,0,0
2475,0,0,0,0
2476,0,0,0,0
2477,0,0,0,0
2478,0,0,0,0
2479,0,0,0,0
2480,0,0,0,0
2481,0.000406442,0.375,0.5625,8.57E-05
2482,0.000304832,0.293650794,0.6875,6.15E-05
2483,0.025690528,0.192861851,0.75,0.003716042
2484,0.000101611,0.166666667,0.625,1.06E-05
2485,0.000186286,0.181818182,0.6875,2.33E-05
2486,0.0115836,0.161654135,0.6875,0.001287369
2487,3.39E-05,0.214285714,0.5625,4.09E-06
2488,0,0,0,0
2489,0,0,0,0
2490,0,0,0,0
2491,0,0,0,0
2492,0.001304002,0.213358071,0.625,0.000173887
2493,0.001337872,0.392405063,0.8125,0.000426553
2494,0.001879795,0.263835264,0.875,0.000433962
2495,0,0,0,0
2496,0.020068079,0.23098252,0.8125,0.003766243
2497,0.011719081,0.277043765,0.875,0.002840861
2498,0.001541093,0.226059655,0.75,0.000261284
2499,0.01637623,0.228837347,0.6875,0.002576401
2500,0,0,0,0
2501,0.007857881,0.17703202,0.6875,0.000956379
2502,0.003641044,0.20730897,0.875,0.000660468
2503,1.69E-05,0.142857143,0.5625,1.36E-06
2504,0.028450948,0.304166667,0.9375,0.008112966
2505,0,0,0,0
2506,0.021185795,0.303414411,0.9375,0.006026321
2507,0,0,0,0
2508,0,0,0,0
2509,0,0,0,0
2510,0.000440312,0.285714286,0.75,9.44E-05
2511,0.002404782,0.272635815,0.75,0.000491722
2512,0.002506393,0.254826255,0.75,0.000479021
2513,0,0,0,0
2514,0,0,0,0
2515,0,0,0,0
2516,0.001744314,0.231622746,0.9375,0.000378771
2517,5.08E-05,0.142857143,0.5625,4.08E-06
2518,0.000254026,0.257142857,0.625,4.08E-05
2519,0.001744314,0.210818308,0.6875,0.000252817
2520,0,0,0,0
2521,0,0,0,0
2522,0.010787651,0.185916125,0.6875,0.001378849
2523,0.000254026,0.2,0.6875,3.49E-05
2524,0,0,0,0
2525,0.020322105,0.220357143,0.9375,0.004198238
2526,0.017646361,0.220043872,0.8125,0.003154916
2527,0.000812884,0.142857143,0.875,0.000101611
2528,3.39E-05,0.142857143,0.5,2.42E-06
2529,0.004961981,0.196977084,0.6875,0.00067196
2530,0.000169351,0.142857143,0.5625,1.36E-05
2531,0,0,0,0
2532,0,0,0,0
2533,0,0,0,0
2534,0,0,0,0
2535,0.003607174,0.193158954,0.6875,0.000479021
2536,3.39E-05,0.142857143,0.5,2.42E-06
2537,0,0,0,0
2538,0,0,0,0
2539,0,0,0,0
2540,0,0,0,0
2541,0.000186286,0.428571429,0.6875,5.49E-05
2542,0.000135481,0.303571429,0.6875,2.83E-05
2543,0.009940897,0.196641519,0.875,0.001710444
2544,0,0,0,0
2545,5.08E-05,0.19047619,0.75,7.26E-06
2546,0.000491118,0.201970443,0.6875,6.82E-05
2547,0,0,0,0
2548,0,0,0,0
2549,0,0,0,0
2550,0,0,0,0
2551,0,0,0,0
2552,0.000101611,0.166666667,0.625,1.06E-05
2553,0.000474182,0.37755102,0.625,0.000111892
2554,0.000270961,0.3125,0.75,6.35E-05
2555,0,0,0,0
2556,0.000321767,0.278195489,0.6875,6.15E-05
2557,0.000321767,0.255639098,0.75,6.17E-05
2558,0,0,0,0
2559,0.004301512,0.262092238,0.75,0.000845545
2560,0.004487798,0.235579515,0.75,0.000792925
2561,0.005571644,0.234476769,0.625,0.000816513
2562,0,0,0,0
2563,0.004589409,0.193990511,0.8125,0.00072337
2564,0,0,0,0
2565,0,0,0,0
2566,0,0,0,0
2567,0.003810395,0.265396825,0.75,0.00075845
2568,0,0,0,0
2569,0.002811225,0.234939759,0.75,0.000495351
2570,0.000270961,0.258928571,0.625,4.38E-05
2571,0,0,0,0
2572,0.000338702,0.228571429,0.6875,5.32E-05
2573,0,0,0,0
2574,8.47E-05,0.228571429,0.6875,1.33E-05
2575,0.000101611,0.357142857,0.8125,2.95E-05
2576,0,0,0,0
2577,0,0,0,0
2578,0,0,0,0
2579,0,0,0,0
2580,0,0,0,0
2581,0,0,0,0
2582,0,0,0,0
2583,0,0,0,0
2584,0,0,0,0
2585,0.034293553,0.202469136,0.6875,0.004773578
2586,5.08E-05,0.142857143,0.625,4.54E-06
2587,0,0,0,0
2588,0.00775627,0.165003119,0.75,0.000959857
2589,0.000372572,0.149350649,0.375,2.09E-05
2590,0,0,0,0
2591,0,0,0,0
2592,0,0,0,0
2593,0,0,0,0
2594,0.000287896,0.260504202,0.5625,4.22E-05
2595,0,0,0,0
2596,0.000304832,0.253968254,0.6875,5.32E-05
2597,0.010601365,0.180739388,0.8125,0.001556818
2598,0.000643533,0.142857143,0.6875,6.32E-05
2599,0.002066081,0.194379391,0.6875,0.000276102
2600,0,0,0,0
2601,0.011041677,0.232690622,0.8125,0.002087552
2602,0.000677404,0.239285714,0.75,0.00012157
2603,0,0,0,0
2604,0.007671595,0.238725954,0.9375,0.001716946
2605,0.006215177,0.268586999,0.9375,0.001564984
2606,6.77E-05,0.357142857,0.625,1.51E-05
2607,0,0,0,0
2608,3.39E-05,0.285714286,0.6875,6.66E-06
2609,0.000846754,0.222857143,0.6875,0.000129735
2610,0.000491118,0.216748768,0.8125,8.65E-05
2611,0,0,0,0
2612,0.002912835,0.294019934,0.9375,0.000802905
2613,0,0,0,0
2614,0.001981405,0.238095238,0.75,0.000353822
2615,0.006079697,0.199363311,0.8125,0.000984806
2616,3.39E-05,0.285714286,0.375,3.63E-06
2617,0.00103304,0.264637002,0.8125,0.000222122
2618,3.39E-05,0.142857143,0.625,3.03E-06
2619,8.47E-05,0.171428571,0.75,1.09E-05
2620,5.08E-05,0.380952381,0.625,1.21E-05
2621,0,0,0,0
2622,0,0,0,0
2623,0,0,0,0
2624,0,0,0,0
2625,0,0,0,0
2626,0,0,0,0
2627,0.001151586,0.207983193,0.75,0.000179633
2628,0,0,0,0
2629,0,0,0,0
2630,0.020017274,0.211868504,0.75,0.003180772
2631,0.004132161,0.200819672,0.75,0.000622364
2632,5.08E-05,0.142857143,0.625,4.54E-06
2633,0.000220156,0.208791209,0.75,3.45E-05
2634,0,0,0,0
2635,0,0,0,0
2636,0,0,0,0
2637,0,0,0,0
2638,0,0,0,0
2639,0,0,0,0
2640,0,0,0,0
2641,0,0,0,0
2642,0.000643533,0.244360902,0.8125,0.000127769
2643,0,0,0,0
2644,5.08E-05,0.238095238,0.5625,6.80E-06
2645,0,0,0,0
2646,0.000491118,0.270935961,0.8125,0.000108112
2647,0.000474182,0.306122449,0.75,0.000108868
2648,0.000779014,0.180124224,0.6875,9.65E-05
2649,0,0,0,0
2650,0.000254026,0.171428571,0.6875,2.99E-05
2651,0,0,0,0
2652,0,0,0,0
2653,0,0,0,0
2654,0.000220156,0.252747253,0.6875,3.83E-05
2655,0,0,0,0
2656,0.000220156,0.252747253,0.6875,3.83E-05
2657,0,0,0,0
2658,0,0,0,0
2659,0,0,0,0
2660,0.004436993,0.164122137,0.8125,0.00059167
2661,0,0,0,0
2662,0.000287896,0.260504202,0.5,3.75E-05
2663,0,0,0,0
2664,0.000643533,0.236842105,0.9375,0.00014289
2665,0.000491118,0.330049261,0.8125,0.000131701
2666,5.08E-05,0.333333333,0.6875,1.16E-05
2667,0,0,0,0
2668,5.08E-05,0.19047619,0.6875,6.65E-06
2669,0,0,0,0
2670,0,0,0,0
2671,0,0,0,0
2672,0.000592728,0.224489796,0.8125,0.000108112
2673,0,0,0,0
2674,0.000321767,0.22556391,0.625,4.54E-05
2675,0,0,0,0
2676,0,0,0,0
2677,0,0,0,0
2678,3.39E-05,0.214285714,0.75,5.45E-06
2679,0,0,0,0
2680,0,0,0,0
2681,0,0,0,0
2682,0,0,0,0
2683,0,0,0,0
2684,0,0,0,0
2685,0,0,0,0
2686,0,0,0,0
2687,0,0,0,0
2688,8.47E-05,0.2,0.6875,1.16E-05
2689,0,0,0,0
2690,0,0,0,0
2691,1.69E-05,0.142857143,0.625,1.51E-06
2692,1.69E-05,1,0.625,1.06E-05
2693,0.000237091,0.173469388,0.5625,2.31E-05
2694,0,0,0,0
2695,0.000203221,0.214285714,0.5,2.18E-05
2696,0,0,0,0
2697,1.69E-05,0.285714286,0.375,1.81E-06
2698,0,0,0,0
2699,0.001439482,0.242016807,0.5625,0.000195963
2700,0,0,0,0
2701,0.001574963,0.251920123,0.5625,0.00022318
2702,0.0009653,0.147869674,0.625,8.92E-05
2703,0.000321767,0.278195489,0.625,5.59E-05
2704,0.001693509,0.16,0.6875,0.000186286
2705,0,0,0,0
2706,0.004098291,0.302243211,0.6875,0.000851593
2707,0.004318447,0.234173669,0.625,0.000632042
2708,0,0,0,0
2709,0,0,0,0
2710,0,0,0,0
2711,0.017527816,0.175845411,0.875,0.002696913
2712,0,0,0,0
2713,0.002912835,0.255813953,0.9375,0.000698572
2714,0,0,0,0
2715,0.02216803,0.194368657,0.8125,0.003500876
2716,0.000355637,0.170068027,0.6875,4.16E-05
2717,0.000423377,0.302857143,0.6875,8.82E-05
2718,0,0,0,0
2719,0.000389507,0.273291925,0.75,7.98E-05
2720,0.000101611,0.142857143,0.4375,6.35E-06
2721,0.000101611,0.285714286,0.375,1.09E-05
2722,0.000101611,0.142857143,0.5625,8.17E-06
2723,0.000152,0.206349206,0.5,1.57E-05
2724,0.002472523,0.325831703,0.875,0.000704923
2725,0.002353977,0.242548818,0.8125,0.0004639
2726,0,0,0,0
2727,0,0,0,0
2728,0,0,0,0
2729,0,0,0,0
2730,0,0,0,0
2731,0,0,0,0
2732,0,0,0,0
2733,0,0,0,0
2734,0,0,0,0
2735,0.001405612,0.156626506,0.8125,0.000178877
2736,0,0,0,0
2737,0.001659639,0.17638484,0.75,0.000219551
2738,0,0,0,0
2739,0,0,0,0
2740,0,0,0,0
2741,0,0,0,0
2742,0,0,0,0
2743,0,0,0,0
2744,0,0,0,0
2745,0,0,0,0
2746,0,0,0,0
2747,0,0,0,0
2748,0,0,0,0
2749,0,0,0,0
2750,0,0,0,0
2751,0,0,0,0
2752,0,0,0,0
2753,0,0,0,0
2754,0.003251537,0.250744048,0.6875,0.000560521
2755,0.003217667,0.252631579,0.625,0.000508053
2756,0.012752121,0.193511668,0.875,0.002159224
2757,0.000152416,0.158730159,0.5625,1.36E-05
2758,0.000626598,0.254826255,0.75,0.000119755
2759,0,0,0,0
2760,0,0,0,0
2761,0,0,0,0
2762,0.020745483,0.292361516,0.75,0.004548886
2763,0,0,0,0
2764,0.02030517,0.235553437,0.75,0.003587214
2765,0.003505563,0.186335404,0.6875,0.000449082
2766,0.001304002,0.345083488,0.875,0.000393741
2767,0.005554709,0.244337979,0.875,0.001187573
2768,0,0,0,0
2769,0,0,0,0
2770,0,0,0,0
2771,0,0,0,0
2772,0,0,0,0
2773,0,0,0,0
2774,0.01058443,0.2048,0.6875,0.001490288
2775,0.019560026,0.19554731,0.6875,0.002629626
2776,6.77E-05,0.142857143,0.75,7.25E-06
2777,0,0,0,0
2778,0,0,0,0
2779,0,0,0,0
2780,0.005876475,0.188554961,0.9375,0.001038786
2781,0,0,0,0
2782,0.001049975,0.232718894,0.8125,0.000198534
2783,0.017053633,0.179032487,0.8125,0.002480688
2784,0.000440312,0.214285714,0.625,5.90E-05
2785,0.000254,0.142857143,0.75,2.72E-05
2786,0.007282088,0.154152824,0.8125,0.000912075
2787,0,0,0,0
2788,0.001100781,0.276923077,0.625,0.00019052
2789,8.47E-05,0.228571429,0.5,9.68E-06
2790,0.02016969,0.192515293,0.6875,0.002669544
2791,0.000372572,0.142857143,0.625,3.33E-05
2792,0,0,0,0
2793,0.015427865,0.187862631,0.75,0.002173739
2794,0.000135481,0.285714286,0.6875,2.66E-05
2795,0,0,0,0
2796,0,0,0,0
2797,0,0,0,0
2798,0.002015275,0.228091236,0.6875,0.000316021
2799,0.019068909,0.204897234,0.9375,0.003662969
2800,0.001270132,0.316190476,0.875,0.000351403
2801,0.002066081,0.300936768,0.875,0.00054404
2802,0,0,0,0
2803,0.000508053,0.257142857,0.75,9.80E-05
2804,0,0,0,0
2805,0,0,0,0
2806,0,0,0,0
2807,0.009382039,0.338318721,0.8125,0.002578972
2808,0,0,0,0
2809,0.007603854,0.240216354,0.8125,0.001484088
2810,0.003065251,0.17679558,0.75,0.000406442
2811,0.001253196,0.345559846,0.8125,0.000351857
2812,0.00479263,0.240787481,0.75,0.000865504
2813,0,0,0,0
2814,0,0,0,0
2815,0,0,0,0
2816,0,0,0,0
2817,0.000118546,0.183673469,0.625,1.36E-05
2818,0.000152416,0.142857143,0.625,1.36E-05
2819,0,0,0,0
2820,0.0279937,0.302653185,0.75,0.006354287
2821,0.025605853,0.259542706,0.75,0.004984359
2822,0,0,0,0
2823,0,0,0,0
2824,0,0,0,0
2825,0.001558028,0.23757764,0.625,0.000231345
2826,0,0,0,0
2827,0.001490288,0.297077922,0.6875,0.000304378
2828,0,0,0,0
2829,0,0,0,0
2830,0,0,0,0
2831,0,0,0,0
2832,0,0,0,0
2833,0,0,0,0
2834,0,0,0,0
2835,3.39E-05,0.214285714,0.4375,3.18E-06
2836,5.08E-05,0.19047619,0.375,3.63E-06
2837,0.001693509,0.241428571,0.625,0.000255538
2838,1.69E-05,0.428571429,0.4375,3.17E-06
2839,0.001151586,0.224789916,0.8125,0.000210328
2840,0.005199072,0.179618427,0.6875,0.000642021
2841,1.69E-05,0.142857143,0.3125,7.54E-07
2842,0.005503904,0.24043956,0.6875,0.000909807
2843,0,0,0,0
2844,0,0,0,0
2845,0,0,0,0
2846,0,0,0,0
2847,0,0,0,0
2848,0,0,0,0
2849,0.018730207,0.19917334,0.8125,0.003031078
2850,0.000186286,0.155844156,0.625,1.81E-05
2851,0.009060272,0.236048064,0.6875,0.001470329
2852,0,0,0,0
2853,0,0,0,0
2854,0,0,0,0
2855,0,0,0,0
2856,0,0,0,0
2857,0,0,0,0
2858,0,0,0,0
2859,0,0,0,0
2860,0,0,0,0
2861,0,0,0,0
2862,0.001100781,0.230769231,0.625,0.000158766
2863,0.001473353,0.277504105,0.625,0.000255538
2864,0.000982235,0.278325123,0.625,0.000170863
2865,0,0,0,0
2866,0.0009653,0.348370927,0.75,0.000252212
2867,0.008027232,0.152802893,0.75,0.000919938
2868,0.000101611,0.142857143,0.5,7.26E-06
2869,0,0,0,0
2870,0.028112246,0.25524957,0.9375,0.006727161
2871,0.000220156,0.175824176,0.5625,2.18E-05
2872,0.014885942,0.235982448,0.75,0.002634616
2873,0,0,0,0
2874,0,0,0,0
2875,0,0,0,0
2876,0,0,0,0
2877,0.000304832,0.301587302,0.625,5.75E-05
2878,0.000304832,0.23015873,0.625,4.38E-05
2879,0,0,0,0
2880,0.038171688,0.265939916,0.9375,0.009516915
2881,0.025792139,0.265734922,0.875,0.005997138
2882,0.004504733,0.21858217,0.75,0.000738491
2883,0.012701316,0.188761905,0.6875,0.001648298
2884,1.69E-05,0.142857143,0.625,1.51E-06
2885,0.008162712,0.211025489,0.8125,0.001399564
2886,0,0,0,0
2887,0.002049146,0.283353011,0.875,0.000508053
2888,0.005588579,0.188311688,0.875,0.000920845
2889,0.015597216,0.196835738,0.8125,0.002494448
2890,0.000152416,0.142857143,0.5625,1.22E-05
2891,0,0,0,0
2892,0,0,0,0
2893,0,0,0,0
2894,0,0,0,0
2895,0,0,0,0
2896,0,0,0,0
2897,0.000626598,0.200772201,0.6875,8.65E-05
2898,0,0,0,0
2899,0.000152416,0.285714286,0.6875,2.99E-05
2900,0.009737675,0.18931677,0.9375,0.001728286
2901,0.000169351,0.2,0.5625,1.91E-05
2902,0.00479263,0.23977789,0.75,0.000861875
2903,0.000237091,0.173469388,0.6875,2.83E-05
2904,0,0,0,0
2905,0,0,0,0
2906,0.008467544,0.161142857,0.6875,0.000938083
2907,0.000220156,0.252747253,0.5,2.78E-05
2908,0.000135,0.214285714,0.625,1.81E-05
2909,0.008840116,0.204433498,0.875,0.001581314
2910,0.016291554,0.195129195,0.75,0.002384218
2911,0.005368423,0.236142406,0.9375,0.00118848
2912,0,0,0,0
2913,0,0,0,0
2914,0,0,0,0
2915,0.000118546,0.306122449,0.625,2.27E-05
2916,0.011871497,0.207458732,0.6875,0.001693206
2917,6.77E-05,0.142857143,0.625,6.04E-06
2918,0,0,0,0
2919,0,0,0,0
2920,0,0,0,0
2921,5.08E-05,0.142857143,0.625,4.54E-06
2922,0.011329574,0.194533419,0.9375,0.002066232
2923,0.000795949,0.291793313,0.75,0.000174189
2924,0.002438653,0.285714286,0.75,0.000522569
2925,0.00093143,0.187012987,0.6875,0.000119755
2926,0.001778184,0.375510204,0.8125,0.000542528
2927,0.000220156,0.197802198,0.75,3.27E-05
2928,0,0,0,0
2929,0,0,0,0
2930,0.009331233,0.346642468,0.875,0.002830276
2931,0,0,0,0
2932,0.006587749,0.237605582,0.75,0.001173964
2933,0,0,0,0
2934,0,0,0,0
2935,0,0,0,0
2936,0,0,0,0
2937,0.000304832,0.293650794,0.6875,6.15E-05
2938,0.000169351,0.257142857,0.5625,2.45E-05
2939,0.004555539,0.168879448,0.625,0.000480836
2940,0.019915663,0.349368319,0.8125,0.005653295
2941,0.023404291,0.258631383,0.875,0.005296449
2942,0,0,0,0
2943,0.001473353,0.203612479,0.6875,0.000206245
2944,0.000863689,0.176470588,0.75,0.000114312
2945,0,0,0,0
2946,0.003370082,0.228284279,0.6875,0.000528919
2947,0.002167691,0.216517857,0.6875,0.000322674
2948,0.000220156,0.241758242,0.75,3.99E-05
2949,0,0,0,0
2950,0.000304832,0.26984127,0.75,6.17E-05
2951,0,0,0,0
2952,0,0,0,0
2953,0,0,0,0
2954,0.001845925,0.254259502,0.75,0.000352008
2955,0,0,0,0
2956,0.001608833,0.381954887,0.75,0.000460876
2957,0,0,0,0
2958,0,0,0,0
2959,0,0,0,0
2960,8.47E-05,0.314285714,0.5,1.33E-05
2961,0,0,0,0
2962,3.39E-05,0.285714286,0.5625,5.45E-06
2963,0,0,0,0
2964,5.08E-05,0.238095238,0.5,6.05E-06
2965,5.08E-05,0.333333333,0.4375,7.41E-06
2966,0,0,0,0
2967,0,0,0,0
2968,0,0,0,0
2969,0.004589409,0.178703216,0.8125,0.000666365
2970,0,0,0,0
2971,0.001642704,0.24005891,0.625,0.000246466
2972,0.00875544,0.210002763,0.6875,0.001264083
2973,8.47E-05,0.142857143,0.6875,8.32E-06
2974,0,0,0,0
2975,0,0,0,0
2976,0,0,0,0
2977,0,0,0,0
2978,0.000203221,0.273809524,0.6875,3.83E-05
2979,0,0,0,0
2980,0.000186286,0.324675325,0.8125,4.91E-05
2981,0.008924791,0.161019246,0.6875,0.000987981
2982,0.000135481,0.160714286,0.5625,1.22E-05
2983,0,0,0,0
2984,0.002235432,0.149350649,0.6875,0.000229531
2985,0.022015614,0.291208791,0.9375,0.006010444
2986,0.015292384,0.273849075,0.9375,0.003926067
2987,0,0,0,0
2988,8.47E-05,0.342857143,0.625,1.82E-05
2989,3.39E-05,0.285714286,0.6875,6.66E-06
2990,1.69E-05,0.285714286,0.3125,1.51E-06
2991,0.013700486,0.209782801,0.8125,0.002335228
2992,0.006198242,0.242388759,0.8125,0.001220687
2993,0.003149926,0.216589862,0.875,0.000596962
2994,0,0,0,0
2995,0.000254026,0.314285714,0.8125,6.49E-05
2996,0.000237091,0.193877551,0.8125,3.73E-05
2997,0.01051669,0.197377502,0.6875,0.001427084
2998,0,0,0,0
2999,0.005232942,0.232085067,0.9375,0.001138582
3000,0.000745144,0.155844156,0.625,7.26E-05
3001,0.002658809,0.346678799,0.9375,0.000864143
3002,0,0,0,0
3003,0,0,0,0
3004,0,0,0,0
3005,0,0,0,0
3006,0,0,0,0
3007,0,0,0,0
3008,0,0,0,0
3009,0,0,0,0
3010,0,0,0,0
3011,0.000338702,0.2,0.6875,4.66E-05
3012,0,0,0,0
3013,0,0,0,0
3014,0.000186286,0.207792208,0.8125,3.15E-05
3015,0,0,0,0
3016,5.08E-05,0.142857143,0.5625,4.08E-06
3017,0.004081356,0.222288085,0.875,0.000793832
3018,0.007739335,0.196623945,0.75,0.001141304
3019,0.000101611,0.142857143,0.5625,8.17E-06
3020,0,0,0,0
3021,0,0,0,0
3022,0,0,0,0
3023,0.000135481,0.25,0.75,2.54E-05
3024,3.39E-05,0.142857143,0.5625,2.72E-06
3025,6.77E-05,0.321428571,0.625,1.36E-05
3026,0.000254026,0.19047619,0.6875,3.33E-05
3027,0,0,0,0
3028,0,0,0,0
3029,0.00093143,0.2,0.625,0.000116429
3030,0.002574133,0.278195489,0.625,0.00044757
3031,0.002455588,0.20591133,0.8125,0.000410827
3032,0,0,0,0
3033,8.47E-05,0.228571429,0.6875,1.33E-05
3034,8.47E-05,0.342857143,0.6875,2.00E-05
3035,0,0,0,0
3036,0,0,0,0
3037,0,0,0,0
3038,0.000304832,0.357142857,0.75,8.17E-05
3039,0,0,0,0
3040,0.000423377,0.251428571,0.75,7.98E-05
3041,0,0,0,0
3042,0,0,0,0
3043,0,0,0,0
3044,0.002303172,0.178571429,0.75,0.000308461
3045,0,0,0,0
3046,0,0,0,0
3047,5.08E-05,0.142857143,0.625,4.54E-06
3048,8.47E-05,0.457142857,0.5625,2.18E-05
3049,6.77E-05,0.178571429,0.8125,9.82E-06
3050,0,0,0,0
3051,0.00569019,0.192176871,0.8125,0.000888487
3052,0.000203221,0.297619048,0.6875,4.16E-05
3053,0,0,0,0
3054,0,0,0,0
3055,0,0,0,0
3056,0.000440312,0.296703297,0.9375,0.000122477
3057,0,0,0,0
3058,0.000372572,0.266233766,0.75,7.44E-05
3059,0,0,0,0
3060,0,0,0,0
3061,0,0,0,0
3062,0.000101611,0.238095238,0.75,1.81E-05
3063,0,0,0,0
3064,0,0,0,0
3065,0,0,0,0
3066,0,0,0,0
3067,0,0,0,0
3068,0,0,0,0
3069,0,0,0,0
3070,0,0,0,0
3071,0,0,0,0
3072,0,0,0,0
3073,0,0,0,0
3074,0,0,0,0
3075,0,0,0,0
3076,0,0,0,0
3077,0,0,0,0
3078,0.002811225,0.295180723,0.642857143,0.000533455
3079,0,0,0,0
3080,0.00292977,0.246077622,0.642857143,0.000463468
3081,0,0,0,0
3082,0,0,0,0
3083,0,0,0,0
3084,0.01634236,0.176165803,0.714285714,0.002056404
3085,0,0,0,0
3086,0.001270132,0.274285714,0.714285714,0.000248842
3087,0.001473353,0.341543514,0.785714286,0.000395383
3088,0,0,0,0
3089,0.001320937,0.254578755,0.714285714,0.000240202
3090,0,0,0,0
3091,0,0,0,0
3092,0,0,0,0
3093,0,0,0,0
3094,0,0,0,0
3095,0,0,0,0
3096,0,0,0,0
3097,0,0,0,0
3098,0,0,0,0
3099,0,0,0,0
3100,0,0,0,0
3101,0,0,0,0
3102,0,0,0,0
3103,0,0,0,0
3104,0,0,0,0
3105,0,0,0,0
3106,0,0,0,0
3107,0.029721079,0.203744404,0.857142857,0.005190432
3108,0.000237091,0.173469388,0.571428571,2.35E-05
3109,0.000795949,0.243161094,0.785714286,0.00015207
3110,0,0,0,0
3111,0,0,0,0
3112,5.08E-05,0.142857143,0.785714286,5.70E-06
3113,0,0,0,0
3114,6.77E-05,0.178571429,0.642857143,7.77E-06
3115,0,0,0,0
3116,0,0,0,0
3117,0.013971447,0.18025974,0.785714286,0.001978813
3118,0.00186286,0.185714286,0.625,0.000216225
3119,0,0,0,0
3120,0,0,0,0
3121,0,0,0,0
3122,0.001845925,0.208387942,0.714285714,0.000274763
3123,0,0,0,0
3124,1.69E-05,0.142857143,0.714285714,1.72E-06
3125,0.015885112,0.170423393,0.714285714,0.00193371
3126,0.000270961,0.1875,0.714285714,3.63E-05
3127,1.69E-05,0.142857143,0.785714286,1.90E-06
3128,0.01065217,0.167840109,0.714285714,0.001277044
3129,0,0,0,0
3130,0.000931,0.158441558,0.714285714,0.000105364
3131,0.008467544,0.231428571,0.857142857,0.001679684
3132,0,0,0,0
3133,0.000423377,0.222857143,0.785714286,7.41E-05
3134,0,0,0,0
3135,0,0,0,0
3136,3.39E-05,0.142857143,0.785714286,3.81E-06
3137,0,0,0,0
3138,0,0,0,0
3139,0,0,0,0
3140,0,0,0,0
3141,0,0,0,0
3142,0.014276279,0.240976106,0.714285714,0.002457316
3143,0.014191604,0.244630072,0.714285714,0.002479781
3144,0,0,0,0
3145,0,0,0,0
3146,0,0,0,0
3147,0,0,0,0
3148,0,0,0,0
3149,0,0,0,0
3150,0,0,0,0
3151,5.08E-05,0.142857143,0.357142857,2.59E-06
3152,6.77E-05,0.214285714,0.285714286,4.14E-06
3153,0,0,0,0
3154,0,0,0,0
3155,0,0,0,0
3156,0,0,0,0
3157,0,0,0,0
3158,0,0,0,0
3159,0,0,0,0
3160,0,0,0,0
3161,0,0,0,0
3162,0.000457247,0.164021164,0.714285714,5.36E-05
3163,0.029382377,0.211774393,0.714285714,0.004444596
3164,6.77E-05,0.214285714,0.571428571,8.29E-06
3165,0.011194093,0.163172682,0.714285714,0.001304693
3166,0.000152416,0.174603175,0.642857143,1.71E-05
3167,0,0,0,0
3168,0.030906535,0.211428571,0.857142857,0.005601021
3169,3.39E-05,0.142857143,0.571428571,2.77E-06
3170,0.001320937,0.318681319,0.785714286,0.000330753
3171,6.77E-05,0.285714286,0.428571429,8.29E-06
3172,0.026080035,0.222170686,0.857142857,0.004966474
3173,0.020728547,0.272175537,0.857142857,0.004835831
3174,0.001574963,0.215053763,0.714285714,0.00024193
3175,0.006994191,0.169491525,0.714285714,0.000846754
3176,0.001371742,0.201058201,0.571428571,0.0001576
3177,0,0,0,0
3178,0,0,0,0
3179,0,0,0,0
3180,0,0,0,0
3181,0,0,0,0
3182,0,0,0,0
3183,0,0,0,0
3184,0,0,0,0
3185,0,0,0,0
3186,0.001710444,0.202263083,0.714285714,0.000247114
3187,3.39E-05,0.142857143,0.5,2.42E-06
3188,0.000118546,0.142857143,0.571428571,9.68E-06
3189,0.00103304,0.220140515,0.714285714,0.000162439
3190,0,0,0,0
3191,3.39E-05,0.285714286,0.571428571,5.53E-06
3192,0.012040847,0.177416114,0.785714286,0.001678475
3193,0.014293214,0.229180772,0.857142857,0.002807768
3194,5.08E-05,0.476190476,0.928571429,2.25E-05
3195,0.000558858,0.220779221,0.714285714,8.81E-05
3196,0,0,0,0
3197,0,0,0,0
3198,0.013073888,0.246854182,0.857142857,0.002766295
3199,0,0,0,0
3200,0.001151586,0.31092437,0.642857143,0.000230179
3201,0,0,0,0
3202,0.000491118,0.221674877,0.785714286,8.55E-05
3203,0.000491118,0.285714286,0.785714286,0.000110251
3204,0,0,0,0
3205,0,0,0,0
3206,0,0,0,0
3207,0.001066911,0.240362812,0.714285714,0.000183176
3208,0.00099917,0.232445521,0.714285714,0.000165895
3209,0,0,0,0
3210,0,0,0,0
3211,0,0,0,0
3212,0,0,0,0
3213,0,0,0,0
3214,0,0,0,0
3215,0,0,0,0
3216,0,0,0,0
3217,0.000372572,0.162337662,0.5,3.02E-05
3218,0.007519179,0.168275418,0.857142857,0.001084537
3219,0,0,0,0
3220,8.47E-05,0.171428571,0.714285714,1.04E-05
3221,0.036359634,0.205269812,0.714285714,0.005331097
3222,0.000101611,0.142857143,0.642857143,9.33E-06
3223,0.008603025,0.161417323,1,0.001388677
3224,0,0,0,0
3225,0,0,0,0
3226,0.005808735,0.196168263,0.857142857,0.000976705
3227,0.000762079,0.301587302,0.857142857,0.000197
3228,0,0,0,0
3229,0,0,0,0
3230,0,0,0,0
3231,0.002540263,0.218095238,0.857142857,0.000474874
3232,0.00186286,0.227272727,0.857142857,0.000362895
3233,0.000677404,0.217857143,0.714285714,0.000105412
3234,0,0,0,0
3235,0,0,0,0
3236,0,0,0,0
3237,0,0,0,0
3238,0,0,0,0
3239,0,0,0,0
3240,0,0,0,0
3241,0,0,0,0
3242,0.000372572,0.207792208,0.714285714,5.53E-05
3243,0,0,0,0
3244,0.001016105,0.214285714,0.785714286,0.000171079
3245,0.021592237,0.214901961,0.785714286,0.003645882
3246,3.39E-05,0.142857143,0.857142857,4.15E-06
3247,0.000338702,0.235714286,0.714285714,5.70E-05
3248,0,0,0,0
3249,0,0,0,0
3250,0,0,0,0
3251,0,0,0,0
3252,0,0,0,0
3253,0.000220156,0.241758242,0.785714286,4.18E-05
3254,0.000220156,0.296703297,0.785714286,5.13E-05
3255,1.69E-05,0.285714286,0.357142857,1.72E-06
3256,0.004064421,0.157142857,0.714285714,0.000456211
3257,0,0,0,0
3258,0,0,0,0
3259,0,0,0,0
3260,0,0,0,0
3261,0,0,0,0
3262,0.000372572,0.214285714,0.857142857,6.84E-05
3263,0.000186286,0.298701299,0.785714286,4.37E-05
3264,0,0,0,0
3265,3.39E-05,0.214285714,0.714285714,5.19E-06
3266,0,0,0,0
3267,0,0,0,0
3268,0,0,0,0
3269,0,0,0,0
3270,0,0,0,0
3271,0,0,0,0
3272,6.77E-05,0.25,0.6,1.02E-05
3273,1.69E-05,0.142857143,0.6,1.45E-06
3274,1.69E-05,0.142857143,0.466666667,1.13E-06
3275,3.39E-05,0.142857143,0.533333333,2.58E-06
3276,3.39E-05,0.5,0.533333333,9.04E-06
3277,0,0,0,0
3278,0,0,0,0
3279,0,0,0,0
3280,0,0,0,0
3281,0,0,0,0
3282,0,0,0,0
3283,0,0,0,0
3284,0,0,0,0
3285,0,0,0,0
3286,0.000677404,0.15,0.533333333,5.42E-05
3287,0.000338702,0.328571429,0.666666667,7.42E-05
3288,0.001236261,0.162426614,0.666666667,0.000133868
3289,0,0,0,0
3290,0,0,0,0
3291,0,0,0,0
3292,0,0,0,0
3293,0.000762079,0.158730159,0.666666667,8.06E-05
3294,0.000558858,0.164502165,0.666666667,6.13E-05
3295,0.03285407,0.19167894,0.8,0.005037947
3296,0,0,0,0
3297,0.000152416,0.174603175,0.666666667,1.77E-05
3298,0,0,0,0
3299,0,0,0,0
3300,0,0,0,0
3301,0,0,0,0
3302,0,0,0,0
3303,0,0,0,0
3304,0,0,0,0
3305,0,0,0,0
3306,0,0,0,0
3307,0,0,0,0
3308,0,0,0,0
3309,0,0,0,0
3310,0,0,0,0
3311,0,0,0,0
3312,0,0,0,0
3313,0,0,0,0
3314,0,0,0,0
3315,0,0,0,0
3316,0,0,0,0
3317,0,0,0,0
3318,0,0,0,0
3319,0.000914495,0.158730159,0.733333333,0.000106449
3320,5.08E-05,0.142857143,0.4,2.90E-06
3321,0.001100781,0.175824176,0.6,0.000116126
3322,0,0,0,0
3323,0,0,0,0
3324,0,0,0,0
3325,1.69E-05,0.142857143,0.333333333,8.05E-07
3326,0.001507223,0.219903692,0.666666667,0.000220963
3327,0.001219326,0.194444444,0.666666667,0.000158061
3328,0,0,0,0
3329,0,0,0,0
3330,0,0,0,0
3331,0,0,0,0
3332,0,0,0,0
3333,0,0,0,0
3334,0,0,0,0
3335,0.002878965,0.268907563,0.666666667,0.000516117
3336,0.003370082,0.253409907,0.666666667,0.000569341
3337,0,0,0,0
3338,0,0,0,0
3339,0,0,0,0
3340,0.016088333,0.173684211,0.733333333,0.002049146
3341,3.39E-05,0.142857143,0.466666667,2.26E-06
3342,0,0,0,0
3343,0,0,0,0
3344,0,0,0,0
3345,0,0,0,0
3346,0,0,0,0
3347,0,0,0,0
3348,0,0,0,0
3349,0,0,0,0
3350,0,0,0,0
3351,0,0,0,0
3352,0,0,0,0
3353,0,0,0,0
3354,0,0,0,0
3355,0,0,0,0
3356,0,0,0,0
3357,0,0,0,0
3358,0.023692188,0.207597263,0.666666667,0.003278956
3359,1.69E-05,0.285714286,0.466666667,2.25E-06
3360,0.000203221,0.166666667,0.733333333,2.48E-05
3361,0,0,0,0
3362,0,0,0,0
3363,0,0,0,0
3364,0.011465054,0.203629458,0.8,0.001867698
3365,1.69E-05,0.142857143,0.466666667,1.13E-06
3366,0,0,0,0
3367,0.011024742,0.164362519,0.666666667,0.001208036
3368,0,0,0,0
3369,8.47E-05,0.171428571,0.466666667,6.78E-06
3370,0.035580619,0.197728973,0.733333333,0.005159234
3371,0.002794289,0.247619048,0.533333333,0.000369024
3372,0.000524988,0.142857143,0.8,6.00E-05
3373,0,0,0,0
3374,0,0,0,0
3375,0,0,0,0
3376,0,0,0,0
3377,0,0,0,0
3378,0,0,0,0
3379,0.001439482,0.208403361,0.666666667,0.000199995
3380,0.001168521,0.194616977,0.8,0.000181931
3381,0.000626598,0.177606178,0.666666667,7.42E-05
3382,0,0,0,0
3383,0,0,0,0
3384,0,0,0,0
3385,0.001625768,0.200892857,0.666666667,0.000217737
3386,0,0,0,0
3387,0,0,0,0
3388,0,0,0,0
3389,0,0,0,0
3390,0,0,0,0
3391,0,0,0,0
3392,0,0,0,0
3393,0,0,0,0
3394,0,0,0,0
3395,0,0,0,0
3396,0,0,0,0
3397,0,0,0,0
3398,0,0,0,0
3399,0,0,0,0
3400,0,0,0,0
3401,0,0,0,0
3402,0,0,0,0
3403,0,0,0,0
3404,0.010973937,0.253527337,0.666666667,0.001854795
3405,0.010855391,0.245598395,0.666666667,0.001777378
3406,6.77E-05,0.357142857,0.466666667,1.13E-05
3407,0,0,0,0
3408,0,0,0,0
3409,0,0,0,0
3410,0,0,0,0
3411,0,0,0,0
3412,0,0,0,0
3413,0,0,0,0
3414,0,0,0,0
3415,0,0,0,0
3416,0,0,0,0
3417,0,0,0,0
3418,0,0,0,0
3419,3.39E-05,0.428571429,0.4,5.81E-06
3420,3.39E-05,0.285714286,0.333333333,3.23E-06
3421,0,0,0,0
3422,0,0,0,0
3423,0,0,0,0
3424,0,0,0,0
3425,0,0,0,0
3426,0,0,0,0
3427,0.000135481,0.214285714,0.6,1.74E-05
3428,0.001320937,0.236263736,0.6,0.000187254
3429,0.00099917,0.1937046,0.666666667,0.000129029
3430,0,0,0,0
3431,0,0,0,0
3432,0,0,0,0
3433,0.015935918,0.190223167,0.8,0.002425105
3434,0.000440312,0.148351648,0.533333333,3.48E-05
3435,0.002608004,0.209647495,0.733333333,0.000400958
3436,0,0,0,0
3437,0,0,0,0
3438,0,0,0,0
3439,0,0,0,0
3440,0,0,0,0
3441,0,0,0,0
3442,0,0,0,0
3443,0.00093143,0.257142857,0.733333333,0.000175641
3444,0.001591898,0.270516717,0.666666667,0.00028709
3445,0,0,0,0
3446,0,0,0,0
3447,0,0,0,0
3448,0,0,0,0
3449,0.00093143,0.251948052,0.6,0.000140803
3450,0.00093143,0.275324675,0.666666667,0.000170964
3451,0.016765737,0.169119769,0.666666667,0.001890278
3452,0.000203221,0.154761905,0.533333333,1.68E-05
3453,0,0,0,0
3454,0.010973937,0.167989418,0.666666667,0.001229004
3455,0,0,0,0
3456,0,0,0,0
3457,6.77E-05,0.142857143,0.466666667,4.51E-06
3458,0.003471693,0.212543554,0.666666667,0.000491924
3459,0.003353147,0.201298701,0.666666667,0.000449989
3460,0,0,0,0
3461,0,0,0,0
3462,0,0,0,0
3463,0,0,0,0
3464,0.000254026,0.380952381,0.733333333,7.10E-05
3465,0.000203221,0.238095238,0.733333333,3.55E-05
3466,0.008636895,0.224089636,0.8,0.001548351
3467,1.69E-05,0.285714286,0.466666667,2.25E-06
3468,1.69E-05,0.142857143,0.4,9.66E-07
3469,0.010144118,0.180777486,0.8,0.001467063
3470,0.001371742,0.192239859,0.6,0.000158222
3471,0.000389507,0.186335404,0.666666667,4.84E-05
3472,0.037358804,0.20735656,0.666666667,0.005164395
3473,0,0,0,0
3474,1.69E-05,0.142857143,0.6,1.45E-06
3475,0,0,0,0
3476,0,0,0,0
3477,0,0,0,0
3478,0,0,0,0
3479,0,0,0,0
3480,0,0,0,0
3481,0,0,0,0
3482,0,0,0,0
3483,0,0,0,0
3484,0.000626598,0.223938224,0.666666667,9.35E-05
3485,0,0,0,0
3486,0,0,0,0
3487,0.017714102,0.212646818,0.8,0.003013478
3488,0.002540263,0.246666667,0.6,0.000375959
3489,0.000355637,0.142857143,0.533333333,2.71E-05
3490,0.007163542,0.161431949,0.666666667,0.00077095
3491,0,0,0,0
3492,8.47E-05,0.171428571,0.533333333,7.74E-06
3493,0.002421718,0.218781219,0.8,0.000423861
3494,0,0,0,0
3495,0.000558858,0.220779221,0.666666667,8.23E-05
3496,0,0,0,0
3497,0,0,0,0
3498,0,0,0,0
3499,0,0,0,0
3500,0,0,0,0
3501,0,0,0,0
3502,3.39E-05,0.142857143,0.666666667,3.23E-06
3503,3.39E-05,0.142857143,0.733333333,3.55E-06
3504,0,0,0,0
3505,0,0,0,0
3506,0,0,0,0
3507,0,0,0,0
3508,0.000203221,0.25,0.666666667,3.39E-05
3509,0.000203221,0.202380952,0.8,3.29E-05
3510,6.77E-05,0.142857143,0.533333333,5.16E-06
3511,0.001625768,0.196428571,0.666666667,0.000212898
3512,0,0,0,0
3513,0,0,0,0
3514,0.000914495,0.214285714,0.666666667,0.000130642
3515,0,0,0,0
3516,0,0,0,0
3517,0,0,0,0
3518,0.000762079,0.155555556,0.666666667,7.90E-05
3519,0.000795949,0.20668693,0.666666667,0.000109675
3520,0,0,0,0
3521,0,0,0,0
3522,0,0,0,0
3523,0.001270132,0.171428571,0.733333333,0.000159674
3524,0.01251503,0.288034023,0.733333333,0.002643487
3525,0.012735186,0.241641337,0.8,0.002461878
3526,0,0,0,0
3527,0,0,0,0
3528,0,0,0,0
3529,0,0,0,0
3530,0.001151586,0.214285714,0.666666667,0.000164512
3531,0.000779014,0.248447205,0.666666667,0.000129029
3532,0,0,0,0
3533,0,0,0,0
3534,0,0,0,0
3535,0,0,0,0
3536,0,0,0,0
3537,0,0,0,0
3538,0,0,0,0
3539,0,0,0,0
3540,0,0,0,0
3541,0,0,0,0
3542,0,0,0,0
3543,0,0,0,0
3544,0,0,0,0
3545,0,0,0,0
3546,0,0,0,0
3547,1.69E-05,0.142857143,0.333333333,8.05E-07
3548,0.000677404,0.171428571,0.8,9.29E-05
3549,0.000575793,0.18907563,0.8,8.71E-05
3550,0,0,0,0
3551,0,0,0,0
3552,0,0,0,0
3553,0.01065217,0.188734953,0.666666667,0.001340291
3554,0.000101611,0.142857143,0.533333333,7.74E-06
3555,0.000101611,0.285714286,0.466666667,1.35E-05
3556,0.007942556,0.173317088,0.8,0.001101265
3557,0,0,0,0
3558,0.000474182,0.163265306,0.666666667,5.16E-05
3559,0,0,0,0
3560,0,0,0,0
3561,0,0,0,0
3562,0,0,0,0
3563,0.000423377,0.245714286,0.6,6.24E-05
3564,0.000558858,0.281385281,0.6,9.44E-05
3565,0.011837626,0.176578786,0.8,0.001672219
3566,0.001727379,0.219887955,0.8,0.000303864
3567,0.001659639,0.199708455,0.666666667,0.000220963
3568,0.000287896,0.159663866,0.733333333,3.37E-05
3569,0.000491118,0.54679803,0.733333333,0.000196931
3570,0.000694339,0.226480836,0.866666667,0.000136287
3571,0,0,0,0
3572,0,0,0,0
3573,0,0,0,0
3574,0,0,0,0
3575,8.47E-05,0.342857143,0.666666667,1.94E-05
3576,8.47E-05,0.2,0.733333333,1.24E-05
3577,0.000508053,0.223809524,0.8,9.10E-05
3578,0,0,0,0
3579,0,0,0,0
3580,0.022709953,0.216895707,0.733333333,0.003612174
3581,0,0,0,0
3582,0,0,0,0
3583,0.004538604,0.160447761,0.8,0.000582567
3584,0.000135481,0.178571429,0.533333333,1.29E-05
3585,3.39E-05,0.357142857,0.6,7.26E-06
3586,0,0,0,0
3587,0,0,0,0
3588,0,0,0,0
3589,0,0,0,0
3590,0,0,0,0
3591,0,0,0,0
3592,0,0,0,0
3593,0.000338702,0.15,0.6,3.05E-05
3594,0.000338702,0.228571429,0.666666667,5.16E-05
3595,0.000203221,0.226190476,0.666666667,3.06E-05
3596,0,0,0,0
3597,0,0,0,0
3598,0.001337872,0.2079566,0.733333333,0.000204027
3599,0,0,0,0
3600,0,0,0,0
3601,0.000863689,0.207282913,0.8,0.000143222
3602,0,0,0,0
3603,0.000152416,0.142857143,0.666666667,1.45E-05
3604,0,0,0,0
3605,0,0,0,0
3606,0,0,0,0
3607,1.69E-05,0.142857143,0.666666667,1.61E-06
3608,1.69E-05,0.142857143,0.666666667,1.61E-06
3609,0,0,0,0
3610,0.000812884,0.214285714,0.666666667,0.000116126
3611,0.000237091,0.142857143,0.666666667,2.26E-05
3612,0.000254026,0.152380952,0.666666667,2.58E-05
3613,0,0,0,0
3614,0,0,0,0
3615,0,0,0,0
3616,0.000355637,0.210884354,0.6,4.50E-05
3617,0.001320937,0.250915751,0.666666667,0.000220963
3618,0.001066911,0.199546485,0.8,0.000170319
3619,0,0,0,0
3620,0,0,0,0
3621,0,0,0,0
3622,0,0,0,0
3623,0,0,0,0
3624,0,0,0,0
3625,0,0,0,0
3626,0.000101611,0.214285714,0.666666667,1.45E-05
3627,0.000101611,0.19047619,0.666666667,1.29E-05
3628,0.005453098,0.195208518,0.666666667,0.000709661
3629,0,0,0,0
3630,0,0,0,0
3631,0,0,0,0
3632,0,0,0,0
3633,0,0,0,0
3634,0.000101611,0.142857143,0.666666667,9.68E-06
3635,8.47E-05,0.457142857,0.6,2.32E-05
3636,0.000135481,0.160714286,0.8,1.74E-05
3637,0,0,0,0
3638,0,0,0,0
3639,0,0,0,0
3640,3.39E-05,0.142857143,0.8,3.87E-06
3641,0,0,0,0
3642,0,0,0,0
3643,0,0,0,0
3644,6.77E-05,0.142857143,0.6,5.80E-06
3645,6.77E-05,0.142857143,0.533333333,5.16E-06
3646,0.000287896,0.210084034,0.733333333,4.44E-05
3647,0,0,0,0
3648,0,0,0,0
3649,0,0,0,0
3650,0,0,0,0
3651,0,0,0,0
3652,0,0,0,0
3653,0,0,0,0
3654,0,0,0,0
3655,8.47E-05,0.2,0.722222222,1.22E-05
3656,3.39E-05,0.285714286,0.8,7.75E-06
3657,1.69E-05,0.285714286,0.666666667,3.22E-06
3658,3.39E-05,0.285714286,0.7,6.78E-06
3659,0.002777354,0.243902439,0.777777778,0.000526869
3660,0.002997511,0.255044391,0.611111111,0.000467193
3661,0.000135481,0.25,0.555555556,1.88E-05
3662,0.002845095,0.264455782,0.777777778,0.000585201
3663,0.000203221,0.226190476,0.5,2.30E-05
3664,0.00286203,0.240067625,0.611111111,0.000419883
3665,0.004013616,0.275467149,0.555555556,0.000614233
3666,0.000135481,0.214285714,0.555555556,1.61E-05
3667,0.003674914,0.267939434,0.777777778,0.000765842
3668,0.023505902,0.215932483,0.888888889,0.004511722
3669,0.000321767,0.233082707,0.722222222,5.42E-05
3670,0.001083846,0.214285714,0.833333333,0.000193544
3671,0.001388677,0.296167247,0.777777778,0.000319885
3672,0.000186286,0.194805195,0.611111111,2.22E-05
3673,0.001304002,0.239332096,0.666666667,0.00020806
3674,0.000270961,0.241071429,0.666666667,4.35E-05
3675,0.000169351,0.185714286,0.666666667,2.10E-05
3676,0.000169351,0.4,0.722222222,4.89E-05
3677,1.69E-05,0.285714286,0.555555556,2.68E-06
3678,0,0,0,0
3679,0,0,0,0
3680,0,0,0,0
3681,0,0,0,0
3682,0.011854561,0.24122449,0.777777778,0.002224141
3683,0,0,0,0
3684,0.011177158,0.244805195,0.777777778,0.002128176
3685,0.02020356,0.258771405,0.777777778,0.004066303
3686,0.020457586,0.237228004,0.777777778,0.003774643
3687,0,0,0,0
3688,0,0,0,0
3689,0,0,0,0
3690,0,0,0,0
3691,0,0,0,0
3692,0,0,0,0
3693,1.69E-05,0.142857143,0.555555556,1.34E-06
3694,0,0,0,0
3695,0,0,0,0
3696,0.014801267,0.282608696,0.777777778,0.003253419
3697,0,0,0,0
3698,0.013937577,0.224440201,0.777777778,0.002433008
3699,0,0,0,0
3700,0,0,0,0
3701,0.015393995,0.221907905,1,0.003416049
3702,1.69E-05,0.142857143,0.6,1.45E-06
3703,0,0,0,0
3704,0,0,0,0
3705,0,0,0,0
3706,0.032125862,0.237969727,1,0.007644983
3707,0.001270132,0.238095238,0.777777778,0.00023521
3708,0.007282088,0.321594684,0.944444444,0.002211776
3709,0.038832156,0.24098187,1,0.009357846
3710,0.014428695,0.233065057,0.833333333,0.002802354
3711,3.39E-05,0.142857143,0.611111111,2.96E-06
3712,0.007061932,0.186707777,0.777777778,0.001025514
3713,0,0,0,0
3714,8.47E-05,0.142857143,0.611111111,7.39E-06
3715,0,0,0,0
3716,0,0,0,0
3717,0,0,0,0
3718,0,0,0,0
3719,0,0,0,0
3720,0.007976426,0.310585381,0.888888889,0.002202099
3721,0.000186286,0.220779221,0.611111111,2.51E-05
3722,0.006045826,0.215686275,0.833333333,0.001086668
3723,0,0,0,0
3724,0,0,0,0
3725,0.000372572,0.253246753,0.611111111,5.77E-05
3726,0.007891751,0.330472103,0.833333333,0.002173336
3727,0.007705465,0.278806907,0.666666667,0.001432225
3728,0,0,0,0
3729,0,0,0,0
3730,0,0,0,0
3731,0.000203,0.166666667,0.555555556,1.88E-05
3732,0.014327084,0.265957447,0.666666667,0.002540263
3733,0.013395654,0.271446632,0.833333333,0.003030171
3734,0.001117716,0.257575758,0.555555556,0.000159943
3735,0.000982235,0.229064039,0.611111111,0.000137497
3736,0,0,0,0
3737,0.000524988,0.359447005,0.555555556,0.000104836
3738,0,0,0,0
3739,0.000440312,0.247252747,0.611111111,6.65E-05
3740,0,0,0,0
3741,0,0,0,0
3742,0,0,0,0
3743,8.47E-05,0.314285714,0.611111111,1.63E-05
3744,0,0,0,0
3745,0.000101611,0.404761905,0.555555556,2.28E-05
3746,0,0,0,0
3747,0,0,0,0
3748,0,0,0,0
3749,0,0,0,0
3750,0,0,0,0
3751,0,0,0,0
3752,0.015952853,0.348195329,0.833333333,0.004628924
3753,0.017358465,0.355261324,0.666666667,0.004111194
3754,0.000389507,0.161490683,0.611111111,3.84E-05
3755,0.000287896,0.142857143,0.666666667,2.74E-05
3756,0.016088333,0.267819549,0.888888889,0.003830018
3757,0.00665549,0.283896765,0.777777778,0.001469589
3758,0.017053633,0.22939424,0.777777778,0.003042671
3759,0.005402293,0.188087774,0.777777778,0.000790304
3760,5.08E-05,0.142857143,0.611111111,4.43E-06
3761,0.001541093,0.257456829,0.722222222,0.000286552
3762,0.004877305,0.29265873,0.777777778,0.001110189
3763,0.004978916,0.365403304,0.777777778,0.001415021
3764,1.69E-05,0.142857143,0.5,1.21E-06
3765,0,0,0,0
3766,0,0,0,0
3767,0.000152416,0.492063492,0.611111111,4.58E-05
3768,0,0,0,0
3769,0.000152416,0.26984127,0.555555556,2.28E-05
3770,0.021355146,0.232581851,0.777777778,0.003863082
3771,0.000254026,0.247619048,0.722222222,4.54E-05
3772,0.000118546,0.163265306,0.611111111,1.18E-05
3773,0.001473353,0.223316913,0.833333333,0.000274187
3774,0,0,0,0
3775,0.000102,0.285714286,0.5,1.46E-05
3776,0.007112737,0.199659864,0.666666667,0.000946752
3777,0,0,0,0
3778,1.69E-05,0.142857143,0.388888889,9.39E-07
3779,0,0,0,0
3780,0,0,0,0
3781,0,0,0,0
3782,0.001151586,0.308823529,0.833333333,0.000296364
3783,0.001100781,0.287912088,0.722222222,0.000228893
3784,0.000254026,0.152380952,0.5,1.94E-05
3785,0,0,0,0
3786,0.011600535,0.279666319,0.777777778,0.002523328
3787,0.010736846,0.27715187,0.777777778,0.002314462
3788,0.000745144,0.217532468,0.888888889,0.000144083
3789,0.0009653,0.200501253,0.8,0.000154835
3790,0,0,0,0
3791,8.47E-05,0.228571429,0.555555556,1.08E-05
3792,0.000203221,0.202380952,0.666666667,2.74E-05
3793,0,0,0,0
3794,0,0,0,0
3795,0,0,0,0
3796,0.003403953,0.234541578,0.666666667,0.000532246
3797,0.003251537,0.201636905,0.555555556,0.000364239
3798,0.000287896,0.302521008,0.888888889,7.74E-05
3799,0.000321767,0.248120301,0.777777778,6.21E-05
3800,3.39E-05,0.428571429,0.777777778,1.13E-05
3801,0,0,0,0
3802,0,0,0,0
3803,0,0,0,0
3804,0.000254026,0.247619048,0.666666667,4.19E-05
3805,0.000135481,0.25,0.555555556,1.88E-05
3806,0,0,0,0
3807,0.030381548,0.349339067,0.777777778,0.008254915
3808,0,0,0,0
3809,0.000220156,0.164835165,0.555555556,2.02E-05
3810,0.011566665,0.262288224,1,0.0030338
3811,0.007248218,0.294058745,0.944444444,0.002012991
3812,1.69E-05,0.428571429,0.666666667,4.83E-06
3813,3.39E-05,0.285714286,0.8,7.75E-06
3814,0,0,0,0
3815,0.011007807,0.22989011,0.777777778,0.001968234
3816,0.000609663,0.214285714,0.777777778,0.00010161
3817,8.47E-05,0.228571429,0.722222222,1.40E-05
3818,0,0,0,0
3819,0,0,0,0
3820,3.39E-05,0.357142857,0.666666667,8.07E-06
3821,3.39E-05,0.214285714,0.611111111,4.44E-06
3822,1.69E-05,0.428571429,0.833333333,6.04E-06
3823,1.69E-05,0.285714286,0.722222222,3.49E-06
3824,0,0,0,0
3825,0,0,0,0
3826,0,0,0,0
3827,0,0,0,0
3828,0.001879795,0.223938224,1,0.000420958
3829,6.77E-05,0.25,0.666666667,1.13E-05
3830,0,0,0,0
3831,0.001541093,0.293563579,0.777777778,0.000351873
3832,0,0,0,0
3833,0,0,0,0
3834,0.001066911,0.197278912,0.666666667,0.000140319
3835,0.000779014,0.195652174,0.722222222,0.000110078
3836,0,0,0,0
3837,0.000135481,0.25,0.722222222,2.45E-05
3838,0.000135481,0.285714286,0.666666667,2.58E-05
3839,0.000287896,0.268907563,0.666666667,5.16E-05
3840,0.000304832,0.214285714,0.722222222,4.72E-05
3841,0,0,0,0
3842,0,0,0,0
3843,3.39E-05,0.285714286,0.666666667,6.46E-06
3844,3.39E-05,0.214285714,0.722222222,5.25E-06
3845,0,0,0,0
3846,0.000186286,0.246753247,0.888888889,4.09E-05
3847,0.000152416,0.285714286,0.611111111,2.66E-05
3848,6.77E-05,0.285714286,0.666666667,1.29E-05
3849,6.77E-05,0.25,0.722222222,1.22E-05
3850,0,0,0,0
3851,0,0,0,0
3852,0,0,0,0
3853,0,0,0,0
3854,0,0,0,0
3855,0,0,0,0
3856,0.000101611,0.238095238,0.6875,1.66E-05
3857,3.39E-05,0.142857143,0.5625,2.72E-06
3858,3.39E-05,0.142857143,0.5,2.42E-06
3859,6.77E-05,0.214285714,0.625,9.07E-06
3860,6.77E-05,0.285714286,0.5625,1.09E-05
3861,0.004149097,0.264139942,0.5625,0.000616468
3862,0.004301512,0.249718785,0.625,0.000671355
3863,0,0,0,0
3864,0,0,0,0
3865,0,0,0,0
3866,0,0,0,0
3867,0,0,0,0
3868,0,0,0,0
3869,0,0,0,0
3870,0,0,0,0
3871,0.000203221,0.214285714,0.625,2.72E-05
3872,3.39E-05,0.214285714,0.625,4.54E-06
3873,0,0,0,0
3874,0.002997511,0.276836158,0.625,0.000518637
3875,0.002641874,0.271062271,0.625,0.00044757
3876,0.000339,0.228571429,0.375,2.91E-05
3877,0.000779014,0.155279503,0.6875,8.32E-05
3878,0.000491118,0.142857143,0.625,4.38E-05
3879,0.041304679,0.223979383,0.9375,0.008673184
3880,0.000524988,0.225806452,0.8125,9.63E-05
3881,3.39E-05,0.142857143,0.625,3.03E-06
3882,0,0,0,0
3883,0,0,0,0
3884,0,0,0,0
3885,0,0,0,0
3886,0,0,0,0
3887,0,0,0,0
3888,0.000237091,0.285714286,0.625,4.23E-05
3889,0.000237091,0.193877551,0.75,3.45E-05
3890,3.39E-05,0.571428571,0.6875,1.33E-05
3891,0,0,0,0
3892,1.69E-05,0.142857143,0.6875,1.66E-06
3893,1.69E-05,0.142857143,0.6875,1.66E-06
3894,0,0,0,0
3895,0,0,0,0
3896,0,0,0,0
3897,0,0,0,0
3898,0,0,0,0
3899,0,0,0,0
3900,0,0,0,0
3901,0,0,0,0
3902,0,0,0,0
3903,0,0,0,0
3904,0,0,0,0
3905,0,0,0,0
3906,0,0,0,0
3907,0,0,0,0
3908,0,0,0,0
3909,0.000592728,0.257142857,0.875,0.000133364
3910,0.001541093,0.213500785,0.875,0.000287896
3911,0.00099917,0.17433414,0.6875,0.000119755
3912,0.004487798,0.244204852,0.625,0.000684964
3913,0.004335382,0.248883929,0.625,0.000674379
3914,0,0,0,0
3915,0,0,0,0
3916,0,0,0,0
3917,0,0,0,0
3918,0,0,0,0
3919,0.01437789,0.247854619,0.75,0.00267272
3920,0.013717421,0.252733686,0.75,0.002600141
3921,0,0,0,0
3922,0,0,0,0
3923,0,0,0,0
3924,0,0,0,0
3925,0,0,0,0
3926,0,0,0,0
3927,0,0,0,0
3928,0,0,0,0
3929,0,0,0,0
3930,0,0,0,0
3931,0,0,0,0
3932,0,0,0,0
3933,0,0,0,0
3934,0,0,0,0
3935,0,0,0,0
3936,0,0,0,0
3937,0.000812884,0.172619048,0.75,0.000105239
3938,0.000592728,0.151020408,0.75,6.71E-05
3939,0,0,0,0
3940,0.000609663,0.21031746,0.75,9.62E-05
3941,0.024251046,0.220969673,0.875,0.004688902
3942,0.026723569,0.225692558,0.6875,0.004146526
3943,0.000135,0.160714286,0.75,1.63E-05
3944,5.08E-05,0.19047619,0.4375,4.23E-06
3945,0,0,0,0
3946,0,0,0,0
3947,0,0,0,0
3948,0.048434351,0.233466533,0.8125,0.009187588
3949,0.000270961,0.1875,0.75,3.81E-05
3950,6.77E-05,0.142857143,0.6875,6.65E-06
3951,0.009195753,0.196001052,0.6875,0.001239134
3952,0,0,0,0
3953,0,0,0,0
3954,0.043353825,0.232645089,0.875,0.008825298
3955,0.004216837,0.271371199,0.8125,0.000929767
3956,0.000457247,0.142857143,0.6875,4.49E-05
3957,0.001236261,0.254403131,0.5625,0.000176911
3958,0.001151586,0.279411765,0.625,0.000201104
3959,0,0,0,0
3960,0,0,0,0
3961,0,0,0,0
3962,0,0,0,0
3963,0.001100781,0.241758242,0.625,0.000166327
3964,0.001693509,0.261428571,0.875,0.00038739
3965,0.001524158,0.420634921,0.75,0.000480836
3966,0,0,0,0
3967,0,0,0,0
3968,0,0,0,0
3969,0,0,0,0
3970,0,0,0,0
3971,0,0,0,0
3972,0,0,0,0
3973,0,0,0,0
3974,0,0,0,0
3975,0,0,0,0
3976,0,0,0,0
3977,0,0,0,0
3978,0,0,0,0
3979,0,0,0,0
3980,0,0,0,0
3981,0.000237091,0.275510204,0.5,3.27E-05
3982,0.000304832,0.214285714,0.625,4.08E-05
3983,0.000101611,0.452380952,0.625,2.87E-05
3984,0,0,0,0
3985,0.000491118,0.379310345,0.6875,0.000128072
3986,0.015106098,0.229980782,0.8125,0.002822716
3987,8.47E-05,0.171428571,0.5,7.26E-06
3988,0.010499754,0.256221198,0.75,0.002017695
3989,0.010330404,0.253864169,0.625,0.001639075
3990,0,0,0,0
3991,0,0,0,0
3992,0,0,0,0
3993,0,0,0,0
3994,0,0,0,0
3995,0,0,0,0
3996,0.000152416,0.142857143,0.625,1.36E-05
3997,0.000287896,0.151260504,0.5,2.18E-05
3998,0,0,0,0
3999,0,0,0,0
4000,0.020830158,0.253890825,0.6875,0.003635903
4001,0.016833477,0.218741018,0.625,0.002301357
4002,0,0,0,0
4003,0,0,0,0
4004,0,0,0,0
4005,0,0,0,0
4006,0,0,0,0
4007,0,0,0,0
4008,0,0,0,0
4009,0,0,0,0
4010,0,0,0,0
4011,5.08E-05,0.142857143,0.3125,2.27E-06
4012,0.001219326,0.212301587,0.6875,0.00017797
4013,0.001422547,0.159863946,0.6875,0.000156347
4014,5.08E-05,0.142857143,0.375,2.72E-06
4015,0,0,0,0
4016,0.006452268,0.178102737,0.75,0.000861875
4017,0,0,0,0
4018,0,0,0,0
4019,0,0,0,0
4020,0,0,0,0
4021,0,0,0,0
4022,0,0,0,0
4023,0.001422547,0.224489796,0.625,0.000199592
4024,0.001812054,0.273698264,0.6875,0.00034097
4025,0,0,0,0
4026,0,0,0,0
4027,0.000846754,0.234285714,0.6875,0.000136388
4028,0.001287067,0.238721805,0.625,0.000192032
4029,0,0,0,0
4030,0,0,0,0
4031,0,0,0,0
4032,5.08E-05,0.142857143,0.375,2.72E-06
4033,0.009788481,0.242214533,0.8125,0.001926366
4034,0.030669444,0.231679419,0.9375,0.006661387
4035,0.036816881,0.289656985,0.75,0.0079982
4036,0.039916002,0.287653797,0.75,0.008611492
4037,0,0,0,0
4038,0,0,0,0
4039,0,0,0,0
4040,0,0,0,0
4041,6.77E-05,0.178571429,0.375,4.53E-06
4042,0.003149926,0.215821813,0.8125,0.000552356
4043,0.027113076,0.243330062,0.8125,0.005360409
4044,0,0,0,0
4045,0,0,0,0
4046,0,0,0,0
4047,0,0,0,0
4048,0.000102,0.404761905,0.8125,3.35E-05
4049,8.47E-05,0.257142857,0.6875,1.50E-05
4050,0.036749141,0.237722186,0.6875,0.006006059
4051,3.39E-05,0.285714286,0.5625,5.45E-06
4052,0.000118546,0.142857143,0.5,8.47E-06
4053,0.008399804,0.207949309,0.8125,0.001419221
4054,0.000254026,0.161904762,0.5625,2.31E-05
4055,0,0,0,0
4056,0.037714441,0.226762461,0.8125,0.006948678
4057,0.001202391,0.285714286,0.8125,0.000279126
4058,0,0,0,0
4059,0,0,0,0
4060,0.000237091,0.275510204,0.75,4.90E-05
4061,0.000203221,0.214285714,0.6875,2.99E-05
4062,0,0,0,0
4063,0,0,0,0
4064,0,0,0,0
4065,0,0,0,0
4066,0,0,0,0
4067,0,0,0,0
4068,0.003234602,0.229618549,0.75,0.000557043
4069,0,0,0,0
4070,0,0,0,0
4071,0.05298989,0.226087751,0.875,0.010482819
4072,0.002353977,0.241521069,0.9375,0.000533002
4073,0.000592728,0.163265306,0.8125,7.86E-05
4074,0.007451439,0.191883117,0.75,0.001072354
4075,0,0,0,0
4076,0.006062761,0.1839585,0.75,0.000836472
4077,0,0,0,0
4078,0,0,0,0
4079,0,0,0,0
4080,0,0,0,0
4081,0,0,0,0
4082,0,0,0,0
4083,0.000491118,0.246305419,0.5625,6.80E-05
4084,0.000609663,0.28968254,0.6875,0.000121418
4085,0,0,0,0
4086,1.69E-05,0.142857143,0.5,1.21E-06
4087,6.77E-05,0.214285714,0.625,9.07E-06
4088,6.77E-05,0.5,0.5,1.69E-05
4089,0,0,0,0
4090,0,0,0,0
4091,0,0,0,0
4092,0.000795949,0.252279635,0.6875,0.000138051
4093,0.001456418,0.284053156,0.875,0.000361988
4094,0.014259344,0.243807262,0.8125,0.002824682
4095,0.003031381,0.272146848,0.75,0.000618736
4096,0.003166861,0.242933537,0.75,0.000577003
4097,0,0,0,0
4098,0,0,0,0
4099,0,0,0,0
4100,0,0,0,0
4101,0,0,0,0
4102,0.000541923,0.15625,0.8125,6.88E-05
4103,0.016596386,0.227842566,0.8125,0.003072358
4104,0,0,0,0
4105,0,0,0,0
4106,0,0,0,0
4107,0,0,0,0
4108,0.022337381,0.257012889,0.75,0.004305746
4109,0.019407611,0.236973323,0.75,0.003449315
4110,0,0,0,0
4111,0,0,0,0
4112,0,0,0,0
4113,1.69E-05,0.142857143,0.625,1.51E-06
4114,0.000575793,0.226890756,0.8125,0.000106147
4115,0.000423377,0.234285714,0.6875,6.82E-05
4116,0,0,0,0
4117,0,0,0,0
4118,0,0,0,0
4119,0,0,0,0
4120,0,0,0,0
4121,0,0,0,0
4122,0.000118546,0.142857143,0.5,8.47E-06
4123,0,0,0,0
4124,0.006316788,0.18843355,0.6875,0.000818328
4125,0.000423377,0.314285714,0.625,8.32E-05
4126,0.000372572,0.272727273,0.6875,6.99E-05
4127,0,0,0,0
4128,0,0,0,0
4129,0.002641874,0.215201465,0.75,0.000426401
4130,0.002133821,0.20521542,0.75,0.00032842
4131,0,0,0,0
4132,0.000372572,0.207792208,0.625,4.84E-05
4133,0.002184626,0.225913621,0.8125,0.000400999
4134,0,0,0,0
4135,0,0,0,0
4136,0,0,0,0
4137,0.005639384,0.21964822,0.625,0.000774175
4138,0.006198242,0.218579235,0.6875,0.00093143
4139,0,0,0,0
4140,0,0,0,0
4141,0,0,0,0
4142,0,0,0,0
4143,0,0,0,0
4144,0.000169351,0.242857143,0.625,2.57E-05
4145,0.017053633,0.230671017,0.6875,0.002704473
4146,0,0,0,0
4147,1.69E-05,0.428571429,0.5625,4.07E-06
4148,1.69E-05,0.428571429,0.5625,4.07E-06
4149,0.017832647,0.348121015,0.875,0.005431929
4150,0.020085014,0.329800048,0.875,0.005796034
4151,0.002540263,0.218095238,0.625,0.000346262
4152,0,0,0,0
4153,0.000254026,0.276190476,0.8125,5.70E-05
4154,0.000237091,0.265306122,0.8125,5.11E-05
4155,0,0,0,0
4156,0,0,0,0
4157,0,0,0,0
4158,0,0,0,0
4159,1.69E-05,0.428571429,0.75,5.43E-06
4160,1.69E-05,0.285714286,0.6875,3.32E-06
4161,0.001541093,0.2433281,0.8125,0.00030468
4162,0,0,0,0
4163,0,0,0,0
4164,0.050889939,0.22552888,0.6875,0.007890541
4165,6.77E-05,0.142857143,0.5625,5.44E-06
4166,0,0,0,0
4167,0.00486037,0.193130911,0.875,0.000821352
4168,0.000186286,0.142857143,0.5625,1.50E-05
4169,0.005673254,0.191044776,0.75,0.000812884
4170,8.47E-05,0.4,0.6875,2.33E-05
4171,8.47E-05,0.2,0.6875,1.16E-05
4172,0,0,0,0
4173,0,0,0,0
4174,0.000101611,0.30952381,0.75,2.36E-05
4175,0.000102,0.238095238,0.75,1.82E-05
4176,0,0,0,0
4177,0.000101611,0.142857143,0.5625,8.17E-06
4178,0.000220156,0.186813187,0.8125,3.34E-05
4179,0.0009653,0.235588972,0.75,0.000170561
4180,0,0,0,0
4181,0,0,0,0
4182,0.000508053,0.219047619,0.6875,7.65E-05
4183,0.000491118,0.206896552,0.6875,6.99E-05
4184,0,0,0,0
4185,0,0,0,0
4186,0,0,0,0
4187,0,0,0,0
4188,3.39E-05,0.142857143,0.4375,2.12E-06
4189,0.000101611,0.142857143,0.625,9.07E-06
4190,0.010736846,0.231185219,0.6875,0.001706513
4191,0,0,0,0
4192,0,0,0,0
4193,0,0,0,0
4194,0.001710444,0.305516266,0.75,0.000391926
4195,0.001795119,0.246630728,0.875,0.00038739
4196,0.000440312,0.164835165,0.625,4.54E-05
4197,0,0,0,0
4198,0,0,0,0
4199,0,0,0,0
4200,0,0,0,0
4201,0.000914495,0.21957672,0.75,0.000150601
4202,0.000626598,0.262548263,0.75,0.000123384
4203,1.69E-05,0.142857143,0.3125,7.54E-07
4204,0,0,0,0
4205,0.001642704,0.212076583,0.75,0.000261284
4206,0,0,0,0
4207,0,0,0,0
4208,0,0,0,0
4209,0.000423377,0.371428571,0.625,9.83E-05
4210,0.000491118,0.256157635,0.8125,0.000102215
4211,0.000237091,0.204081633,0.6875,3.33E-05
4212,0.000101611,0.214285714,0.625,1.36E-05
4213,0.000101611,0.238095238,0.75,1.81E-05
4214,0,0,0,0
4215,0,0,0,0
4216,0,0,0,0
4217,0,0,0,0
4218,0,0,0,0
4219,0.000101611,0.333333333,0.8125,2.75E-05
4220,0.000102,0.261904762,0.75,2.00E-05
4221,0,0,0,0
4222,0,0,0,0
4223,5.08E-05,0.19047619,0.75,7.26E-06
4224,5.08E-05,0.238095238,0.75,9.07E-06
4225,0,0,0,0
4226,0,0,0,0
4227,8.47E-05,0.485714286,0.625,2.57E-05
4228,0.000101611,0.166666667,0.75,1.27E-05
4229,6.77E-05,0.142857143,0.5625,5.44E-06
4230,3.39E-05,0.214285714,0.6875,4.99E-06
4231,3.39E-05,0.357142857,0.6875,8.32E-06
4232,0,0,0,0
4233,0,0,0,0
4234,0,0,0,0
4235,0,0,0,0
4236,0,0,0,0
4237,0,0,0,0
4238,0,0,0,0
4239,0.000146771,0.230769231,0.9,3.05E-05
4240,5.08E-05,0.19047619,0.888888889,8.60E-06
4241,5.08E-05,0.19047619,0.777777778,7.53E-06
4242,4.52E-05,0.142857143,0.888888889,5.74E-06
4243,6.21E-05,0.415584416,0.888888889,2.29E-05
4244,0.001614478,0.246253746,0.777777778,0.000309222
4245,0.001699154,0.235880399,0.611111111,0.000244932
4246,9.03E-05,0.241071429,0.5,1.09E-05
4247,0.002624939,0.260829493,0.555555556,0.000380368
4248,0.002314462,0.256794425,0.722222222,0.000429246
4249,7.34E-05,0.21978022,0.555555556,8.96E-06
4250,0.000118546,0.197278912,0.555555556,1.30E-05
4251,0.001879795,0.283140283,0.722222222,0.0003844
4252,0.002099951,0.244623656,0.611111111,0.000313926
4253,0.01825038,0.181918607,0.888888889,0.002951186
4254,0.000282251,0.214285714,0.722222222,4.37E-05
4255,0.001112071,0.246555475,0.888888889,0.000243722
4256,0.000254026,0.19047619,0.722222222,3.49E-05
4257,0.028919485,0.216000669,0.888888889,0.005552558
4258,0.000750789,0.196562836,0.833333333,0.000122981
4259,0.000750789,0.282491944,0.833333333,0.000176743
4260,0.000141126,0.177142857,0.666666667,1.67E-05
4261,0.000716919,0.257592801,0.722222222,0.000133375
4262,0,0,0,0
4263,0,0,0,0
4264,0.000129836,0.267080745,0.722222222,2.50E-05
4265,0.000112901,0.178571429,0.722222222,1.46E-05
4266,6.21E-05,0.441558442,0.833333333,2.29E-05
4267,0.000119,0.19047619,0.611111111,1.39E-05
4268,0.00103304,0.30991413,0.777777778,0.000249008
4269,0.00104433,0.249420849,0.722222222,0.000188123
4270,0.000158061,0.198979592,0.722222222,2.27E-05
4271,0.000197576,0.26122449,0.777777778,4.01E-05
4272,0.000102,0.388888889,0.833333333,3.31E-05
4273,0,0,0,0
4274,0,0,0,0
4275,0,0,0,0
4276,0,0,0,0
4277,0,0,0,0
4278,0.009178818,0.238622386,0.777777778,0.001703544
4279,0,0,0,0
4280,0.008535284,0.239229025,0.777777778,0.001588135
4281,0.011346509,0.269012082,0.777777778,0.002374048
4282,0.010815876,0.221890844,0.777777778,0.001866623
4283,0,0,0,0
4284,0,0,0,0
4285,0,0,0,0
4286,0,0,0,0
4287,0,0,0,0
4288,0,0,0,0
4289,0,0,0,0
4290,0,0,0,0
4291,0,0,0,0
4292,0,0,0,0
4293,0.00569019,0.222080499,0.777777778,0.000982862
4294,0.00578051,0.270228795,0.777777778,0.001214936
4295,0,0,0,0
4296,0,0,0,0
4297,0.012091653,0.187141523,0.888888889,0.002011423
4298,0.016268974,0.219738277,0.944444444,0.00337631
4299,0.000113,0.15,0.833333333,1.41E-05
4300,0,0,0,0
4301,0,0,0,0
4302,0,0,0,0
4303,0.004154742,0.213703416,0.777777778,0.000690575
4304,0.000158061,0.229591837,0.611111111,2.22E-05
4305,0.000321767,0.20802005,0.611111111,4.09E-05
4306,0.021755943,0.209800578,1,0.004564409
4307,0.00104433,0.249420849,0.833333333,0.000217065
4308,0.005989376,0.294196849,1,0.001762056
4309,0.02707356,0.211366615,1,0.005722447
4310,0.007361118,0.215600351,1,0.00158706
4311,7.34E-05,0.142857143,0.722222222,7.57E-06
4312,0.009805416,0.15601612,0.777777778,0.001189847
4313,0,0,0,0
4314,0.000333057,0.290556901,0.722222222,6.99E-05
4315,0.006170017,0.228858973,1,0.001412064
4316,0.032250052,0.223400265,1,0.00720467
4317,0.000457,0.14638448,0.722222222,4.83E-05
4318,0.000824174,0.316046967,0.722222222,0.000188123
4319,0.018639887,0.223414381,0.833333333,0.003470349
4320,0.000203,0.174603175,0.777777778,2.76E-05
4321,0,0,0,0
4322,0.007355473,0.182216862,0.777777778,0.001042449
4323,0.000203,0.150793651,0.722222222,2.21E-05
4324,0,0,0,0
4325,0,0,0,0
4326,0,0,0,0
4327,0.001371742,0.210464433,0.833333333,0.000240586
4328,0.031493618,0.239443833,1,0.007540953
4329,0.00474747,0.324783421,1,0.0015419
4330,5.65E-06,0.142857143,0.722222222,5.83E-07
4331,0,0,0,0
4332,5.65E-06,0.142857143,0.666666667,5.38E-07
4333,0,0,0,0
4334,0,0,0,0
4335,0,0,0,0
4336,0.005972441,0.296381312,0.888888889,0.00157344
4337,0.000186286,0.220779221,0.611111111,2.51E-05
4338,0.004420058,0.214924284,0.888888889,0.000844425
4339,0.000101611,0.158730159,0.611111111,9.86E-06
4340,5.08E-05,0.333333333,0.666666667,1.13E-05
4341,0.000107,0.263157895,0.666666667,1.88E-05
4342,0.000118546,0.231292517,0.611111111,1.68E-05
4343,0.003336212,0.280396423,0.888888889,0.000831522
4344,0.002410427,0.204750753,0.888888889,0.000438699
4345,0,0,0,0
4346,0,0,0,0
4347,0,0,0,0
4348,0,0,0,0
4349,1.13E-05,0.142857143,0.722222222,1.17E-06
4350,1.13E-05,0.142857143,0.666666667,1.08E-06
4351,0.000208866,0.262548263,0.555555556,3.05E-05
4352,0.009269138,0.270314947,0.777777778,0.00194879
4353,0.009308653,0.263882873,0.666666667,0.001637596
4354,0,0,0,0
4355,0,0,0,0
4356,0,0,0,0
4357,0.015202064,0.31568617,0.777777778,0.003732619
4358,0.000248381,0.220779221,0.555555556,3.05E-05
4359,0.01535448,0.309716387,0.666666667,0.003170356
4360,0,0,0,0
4361,0,0,0,0
4362,0,0,0,0
4363,0.00104433,0.265637066,0.555555556,0.000154118
4364,0.00090885,0.21472937,0.777777778,0.000151789
4365,3.39E-05,0.214285714,0.444444444,3.23E-06
4366,0,0,0,0
4367,0,0,0,0
4368,0,0,0,0
4369,0.000434667,0.218923933,0.611111111,5.82E-05
4370,0,0,0,0
4371,0.000615308,0.24508519,0.555555556,8.38E-05
4372,0,0,0,0
4373,0,0,0,0
4374,0,0,0,0
4375,0,0,0,0
4376,0.000276606,0.32361516,0.555555556,4.97E-05
4377,0.000214511,0.251879699,0.611111111,3.30E-05
4378,0.024454267,0.298773249,0.666666667,0.004870854
4379,0.000135,0.19047619,0.5,1.29E-05
4380,0.021151925,0.27896603,0.777777778,0.004589409
4381,0.000163706,0.162561576,0.722222222,1.92E-05
4382,0.021197085,0.241050029,0.888888889,0.004541829
4383,0.010821521,0.268127282,0.888888889,0.002579151
4384,0.003787815,0.222056632,0.944444444,0.000794381
4385,0.012706961,0.223963953,0.944444444,0.002687796
4386,3.95E-05,0.142857143,0.611111111,3.45E-06
4387,0.01251503,0.206649913,0.777777778,0.002011512
4388,0.006435333,0.197619048,0.777777778,0.000989135
4389,9.60E-05,0.159663866,0.777777778,1.19E-05
4390,0.016494776,0.259215801,0.888888889,0.003800628
4391,0.000135481,0.172619048,0.666666667,1.56E-05
4392,0.009032047,0.337410714,0.888888889,0.002708897
4393,0.008072392,0.172327672,0.888888889,0.00123653
4394,0.019537446,0.242456763,0.777777778,0.003684322
4395,0.000344,0.161592506,0.833333333,4.63E-05
4396,0,0,0,0
4397,0,0,0,0
4398,0.001213681,0.246511628,0.777777778,0.000232701
4399,0.004109581,0.273547881,0.777777778,0.000874352
4400,0.004256352,0.328154604,0.888888889,0.001241548
4401,0.000107256,0.278195489,0.555555556,1.66E-05
4402,6.77E-05,0.214285714,0.5,7.25E-06
4403,0,0,0,0
4404,0.000400797,0.281690141,0.666666667,7.53E-05
4405,0,0,0,0
4406,0.000282251,0.208571429,0.611111111,3.60E-05
4407,0.01151586,0.231162465,1,0.002662035
4408,0.00097659,0.221304707,0.888888889,0.00019211
4409,0.022681728,0.238711512,0.944444444,0.00511359
4410,0.008919146,0.260578662,1,0.002324139
4411,0.003240247,0.209805874,0.833333333,0.000566519
4412,0.000186286,0.216450216,0.666666667,2.69E-05
4413,0.000372572,0.186147186,0.777777778,5.39E-05
4414,0,0,0,0
4415,0,0,0,0
4416,0.01538835,0.199192957,0.777777778,0.002384084
4417,0.000265316,0.185410334,0.722222222,3.55E-05
4418,9.03E-05,0.160714286,0.777777778,1.13E-05
4419,0.005684544,0.170804369,0.888888889,0.000863062
4420,2.82E-05,0.314285714,0.444444444,3.94E-06
4421,0.001631413,0.302026693,0.722222222,0.000355861
4422,0.011414249,0.163416702,0.666666667,0.001243519
4423,0.000119,0.224489796,0.444444444,1.19E-05
4424,5.08E-05,0.444444444,0.666666667,1.51E-05
4425,3.95E-05,0.285714286,0.5,5.64E-06
4426,0.007270798,0.193877551,0.666666667,0.000939763
4427,0.000135481,0.148809524,0.666666667,1.34E-05
4428,5.65E-06,0.285714286,0.555555556,8.97E-07
4429,5.65E-06,0.285714286,0.5,8.07E-07
4430,0,0,0,0
4431,0.000333057,0.251815981,0.833333333,6.99E-05
4432,0.022139805,0.228163473,0.777777778,0.00392894
4433,0.000423377,0.156190476,0.777777778,5.14E-05
4434,0,0,0,0
4435,0.006265982,0.185842986,1,0.001164489
4436,0,0,0,0
4437,0,0,0,0
4438,0,0,0,0
4439,0.000496763,0.238636364,0.944444444,0.00011196
4440,0.021321276,0.231400582,1,0.004933756
4441,0.002822515,0.322285714,0.944444444,0.00085912
4442,0,0,0,0
4443,6.77E-05,0.428571429,0.611111111,1.77E-05
4444,5.08E-05,0.301587302,0.666666667,1.02E-05
4445,0.000186286,0.207792208,0.5,1.94E-05
4446,0.002404782,0.218645205,0.888888889,0.000467372
4447,0.000124191,0.311688312,0.666666667,2.58E-05
4448,0.010053797,0.371460656,0.777777778,0.002904681
4449,0.001298357,0.249068323,0.777777778,0.000251517
4450,0.009195753,0.351837236,0.888888889,0.002875919
4451,0,0,0,0
4452,0,0,0,0
4453,0,0,0,0
4454,0.00093143,0.276190476,0.888888889,0.000228669
4455,0.000807239,0.253746254,0.722222222,0.000147936
4456,0.000129836,0.161490683,0.666666667,1.40E-05
4457,0,0,0,0
4458,0,0,0,0
4459,0,0,0,0
4460,0,0,0,0
4461,1.13E-05,0.142857143,0.666666667,1.08E-06
4462,0.002591068,0.216308746,0.722222222,0.000404784
4463,0.002133821,0.235449735,0.888888889,0.000446585
4464,9.03E-05,0.178571429,0.666666667,1.08E-05
4465,0,0,0,0
4466,0.009161883,0.261860752,0.777777778,0.001865996
4467,0.002619294,0.24476601,0.888888889,0.000569879
4468,0.000383862,0.212184874,0.888888889,7.24E-05
4469,0.002991866,0.20458221,0.888888889,0.000544073
4470,0,0,0,0
4471,0.001778184,0.201814059,0.666666667,0.000239242
4472,0.001648349,0.245596869,0.722222222,0.000292377
4473,0.000113,0.264285714,0.555555556,1.66E-05
4474,0,0,0,0
4475,0.000174996,0.271889401,0.666666667,3.17E-05
4476,0,0,0,0
4477,0,0,0,0
4478,0,0,0,0
4479,0.03190006,0.313876179,0.777777778,0.007787631
4480,0,0,0,0
4481,0.029574308,0.299893655,0.777777778,0.006898226
4482,0,0,0,0
4483,5.08E-05,0.253968254,0.5,6.45E-06
4484,0.005041011,0.216925292,0.666666667,0.000729015
4485,0.003855555,0.209788747,0.555555556,0.000449362
4486,0,0,0,0
4487,0.000462892,0.240418118,0.8,8.90E-05
4488,0.000231446,0.296167247,0.833333333,5.71E-05
4489,0.000993525,0.248376623,0.833333333,0.00020564
4490,0.012385194,0.259018101,0.833333333,0.002673325
4491,0.003409598,0.280037843,0.833333333,0.00079568
4492,0.000208866,0.150579151,0.555555556,1.75E-05
4493,0.011831981,0.241003272,1,0.002851546
4494,0.007569984,0.278470225,0.944444444,0.001990903
4495,1.13E-05,0.428571429,0.833333333,4.04E-06
4496,1.13E-05,0.428571429,0.777777778,3.77E-06
4497,2.26E-05,0.285714286,0.777777778,5.02E-06
4498,5.08E-05,0.26984127,0.611111111,8.38E-06
4499,0.015427865,0.231822696,0.777777778,0.002781745
4500,0.004877305,0.259259259,0.833333333,0.001053739
4501,0.006260337,0.221048564,0.833333333,0.001153199
4502,0.003889425,0.181629691,0.944444444,0.000667189
4503,0.006294208,0.196540679,0.888888889,0.001099616
4504,0.002737839,0.228865979,0.888888889,0.000556976
4505,0.000124191,0.175324675,0.611111111,1.33E-05
4506,0.000541923,0.279761905,0.777777778,0.000117918
4507,0.000604018,0.234979973,0.888888889,0.000126162
4508,0.016726222,0.227857866,0.777777778,0.002964268
4509,2.26E-05,0.142857143,0.444444444,1.43E-06
4510,0.008106262,0.209709511,0.777777778,0.001322191
4511,0,0,0,0
4512,0.000462892,0.303135889,0.888888889,0.000124728
4513,0.002370912,0.157823129,0.777777778,0.000291033
4514,0.001213681,0.235880399,0.888888889,0.000254474
4515,0,0,0,0
4516,0.02219061,0.311080423,1,0.006903064
4517,0.000835464,0.214285714,0.666666667,0.000119352
4518,0.016585096,0.333414373,1,0.005529709
4519,5.65E-06,0.142857143,0.611111111,4.93E-07
4520,0,0,0,0
4521,0,0,0,0
4522,0,0,0,0
4523,2.82E-05,0.342857143,0.722222222,6.98E-06
4524,2.82E-05,0.228571429,0.611111111,3.94E-06
4525,0.000158061,0.198979592,0.944444444,2.97E-05
4526,0.000327412,0.184729064,0.888888889,5.38E-05
4527,0.000333057,0.215496368,0.777777778,5.58E-05
4528,0,0,0,0
4529,0,0,0,0
4530,0,0,0,0
4531,0.007163542,0.221771924,1,0.001588672
4532,0.000519343,0.169254658,0.888888889,7.81E-05
4533,0.016348005,0.230564325,0.888888889,0.003350459
4534,0.000208866,0.208494208,0.777777778,3.39E-05
4535,0,0,0,0
4536,0,0,0,0
4537,0.000502408,0.202247191,0.666666667,6.77E-05
4538,0,0,0,0
4539,0,0,0,0
4540,0.006706295,0.170634921,1,0.001144328
4541,0.00099917,0.196125908,0.888888889,0.000174189
4542,7.90E-05,0.153061224,0.5,6.05E-06
4543,0,0,0,0
4544,0,0,0,0
4545,0,0,0,0
4546,4.52E-05,0.25,0.833333333,9.42E-06
4547,0.002393492,0.212938005,1,0.000509665
4548,2.82E-05,0.142857143,0.555555556,2.24E-06
4549,4.52E-05,0.232142857,0.722222222,7.58E-06
4550,0,0,0,0
4551,4.52E-05,0.196428571,0.611111111,5.43E-06
4552,0,0,0,0
4553,4.52E-05,0.357142857,0.555555556,8.97E-06
4554,0.000666113,0.213075061,0.777777778,0.000110392
4555,0.000536278,0.296240602,0.722222222,0.000114738
4556,0.000310477,0.27012987,0.722222222,6.06E-05
4557,0.000699984,0.380184332,0.833333333,0.000221769
4558,0.000248381,0.25974026,0.833333333,5.38E-05
4559,0.000102,0.246031746,0.944444444,2.37E-05
4560,0.000186286,0.324675325,0.666666667,4.03E-05
4561,0.001524158,0.260846561,0.777777778,0.000309222
4562,0.001326582,0.257142857,0.777777778,0.000265316
4563,0,0,0,0
4564,0,0,0,0
4565,0.000587083,0.203296703,0.666666667,7.96E-05
4566,0.000479827,0.189915966,0.722222222,6.58E-05
4567,0.004453928,0.226507333,0.666666667,0.000672565
4568,0,0,0,0
4569,0.003799105,0.206962428,0.833333333,0.000655227
4570,0.000237091,0.238095238,0.722222222,4.08E-05
4571,0,0,0,0
4572,0.000231446,0.268292683,0.666666667,4.14E-05
4573,0.000333057,0.157384988,0.8,4.19E-05
4574,0.007214347,0.250391236,1,0.001806409
4575,5.65E-06,0.428571429,0.777777778,1.88E-06
4576,0,0,0,0
4577,5.65E-06,0.285714286,0.722222222,1.17E-06
4578,3.39E-05,0.142857143,0.555555556,2.69E-06
4579,0.010962647,0.230837134,0.777777778,0.001968234
4580,0.000355637,0.188208617,0.777777778,5.21E-05
4581,0,0,0,0
4582,2.82E-05,0.285714286,0.666666667,5.37E-06
4583,2.82E-05,0.228571429,0.722222222,4.66E-06
4584,0,0,0,0
4585,0.001670929,0.213803089,0.888888889,0.000317555
4586,0.001179811,0.235816815,0.777777778,0.000216393
4587,3.95E-05,0.285714286,0.722222222,8.15E-06
4588,0,0,0,0
4589,3.95E-05,0.265306122,0.722222222,7.57E-06
4590,0.003866845,0.21835245,0.777777778,0.000656705
4591,0,0,0,0
4592,0.00098788,0.212244898,1,0.000209672
4593,3.39E-05,0.238095238,0.722222222,5.83E-06
4594,2.26E-05,0.214285714,0.722222222,3.50E-06
4595,0,0,0,0
4596,0.001230616,0.285058978,1,0.000350798
4597,2.26E-05,0.25,0.5,2.83E-06
4598,0.000824174,0.269080235,0.833333333,0.000184807
4599,0.001778184,0.189115646,0.888888889,0.000298918
4600,8.47E-05,0.228571429,0.555555556,1.08E-05
4601,0.000400797,0.279678068,0.722222222,8.10E-05
4602,0,0,0,0
4603,0,0,0,0
4604,0.000220156,0.201465201,0.666666667,2.96E-05
4605,0.000107256,0.218045113,0.722222222,1.69E-05
4606,0,0,0,0
4607,0.000237091,0.217687075,1,5.16E-05
4608,1.13E-05,0.214285714,0.611111111,1.48E-06
4609,0,0,0,0
4610,3.95E-05,0.265306122,0.722222222,7.57E-06
4611,4.52E-05,0.285714286,0.666666667,8.61E-06
4612,0,0,0,0
4613,0,0,0,0
4614,0,0,0,0
4615,0,0,0,0
4616,0,0,0,0
4617,0,0,0,0
4618,3.95E-05,0.265306122,0.611111111,6.40E-06
4619,4.52E-05,0.232142857,0.888888889,9.33E-06
4620,2.26E-05,0.214285714,0.722222222,3.50E-06
4621,0,0,0,0
4622,2.26E-05,0.178571429,0.722222222,2.91E-06
4623,0,0,0,0
4624,0,0,0,0
4625,0,0,0,0
4626,5.65E-05,0.242857143,0.833333333,1.14E-05
4627,0,0,0,0
4628,5.08E-05,0.26984127,0.611111111,8.38E-06
4629,0,0,0,0
4630,0,0,0,0
4631,3.95E-05,0.244897959,0.5625,5.44E-06
4632,1.13E-05,0.142857143,0.625,1.01E-06
4633,5.08E-05,0.238095238,0.75,9.07E-06
4634,2.26E-05,0.142857143,0.5625,1.82E-06
4635,1.69E-05,0.142857143,0.625,1.51E-06
4636,2.26E-05,0.464285714,0.75,7.87E-06
4637,0,0,0,0
4638,0,0,0,0
4639,0,0,0,0
4640,0,0,0,0
4641,2.82E-05,0.228571429,0.625,4.03E-06
4642,9.03E-05,0.214285714,0.625,1.21E-05
4643,0.002308817,0.28606357,0.6875,0.000454072
4644,0,0,0,0
4645,0.002444298,0.230287034,0.6875,0.000386987
4646,1.13E-05,0.142857143,0.5625,9.08E-07
4647,2.26E-05,0.5,0.5625,6.36E-06
4648,2.26E-05,0.142857143,0.625,2.02E-06
4649,0,0,0,0
4650,0,0,0,0
4651,0,0,0,0
4652,0,0,0,0
4653,0.001360452,0.280379372,0.625,0.000238402
4654,0.001518513,0.26394052,0.625,0.000250498
4655,0.000180641,0.330357143,0.625,3.73E-05
4656,0.000400797,0.152917505,0.6875,4.21E-05
4657,0.000581438,0.156726768,0.6875,6.26E-05
4658,0.017177824,0.176799211,0.75,0.002277769
4659,0,0,0,0
4660,0.000451602,0.2625,0.75,8.89E-05
4661,0,0,0,0
4662,0.021163215,0.182410548,0.9375,0.003619119
4663,0.002901545,0.228460256,0.9375,0.000621457
4664,0.001264487,0.322066327,0.875,0.000356343
4665,9.03E-05,0.151785714,0.625,8.57E-06
4666,0.001208036,0.23965287,0.875,0.000253321
4667,0,0,0,0
4668,0,0,0,0
4669,0,0,0,0
4670,0,0,0,0
4671,0,0,0,0
4672,0,0,0,0
4673,0,0,0,0
4674,0.000609663,0.338624339,0.75,0.000154835
4675,0.000587083,0.259615385,0.75,0.000114312
4676,0,0,0,0
4677,0,0,0,0
4678,0,0,0,0
4679,0,0,0,0
4680,0,0,0,0
4681,0,0,0,0
4682,0,0,0,0
4683,0,0,0,0
4684,0,0,0,0
4685,0,0,0,0
4686,0,0,0,0
4687,0,0,0,0
4688,0.002167691,0.246651786,0.625,0.000334166
4689,0,0,0,0
4690,0.002252367,0.246330111,0.625,0.000346766
4691,0,0,0,0
4692,0,0,0,0
4693,0,0,0,0
4694,0,0,0,0
4695,0,0,0,0
4696,0,0,0,0
4697,0,0,0,0
4698,0,0,0,0
4699,0,0,0,0
4700,0.000152416,0.285714286,0.625,2.72E-05
4701,2.82E-05,0.514285714,0.75,1.09E-05
4702,0.000152416,0.19047619,0.75,2.18E-05
4703,0,0,0,0
4704,0,0,0,0
4705,0,0,0,0
4706,0,0,0,0
4707,0,0,0,0
4708,0,0,0,0
4709,5.65E-06,0.142857143,0.375,3.03E-07
4710,0.000457247,0.155202822,0.8125,5.77E-05
4711,0.000536278,0.169924812,0.75,6.83E-05
4712,0.031431523,0.196633826,0.9375,0.005794219
4713,0.000101611,0.166666667,0.75,1.27E-05
4714,0.000395152,0.224489796,0.8125,7.21E-05
4715,0,0,0,0
4716,0,0,0,0
4717,0,0,0,0
4718,0,0,0,0
4719,0,0,0,0
4720,0,0,0,0
4721,0.000293542,0.274725275,0.875,7.06E-05
4722,0.000598373,0.18328841,0.6875,7.54E-05
4723,0.00095401,0.233305156,0.875,0.000194754
4724,0,0,0,0
4725,0,0,0,0
4726,0,0,0,0
4727,0,0,0,0
4728,5.65E-06,0.142857143,0.75,6.05E-07
4729,5.65E-06,0.142857143,0.6875,5.55E-07
4730,0,0,0,0
4731,0,0,0,0
4732,0,0,0,0
4733,0,0,0,0
4734,0.007225637,0.273660714,0.75,0.00148303
4735,0.007039351,0.230152366,0.75,0.001215092
4736,0,0,0,0
4737,0,0,0,0
4738,0,0,0,0
4739,0.000316122,0.165816327,0.6875,3.60E-05
4740,0.019051974,0.187470899,0.875,0.003125229
4741,0.000338702,0.192857143,0.75,4.90E-05
4742,0.014462565,0.179379949,0.8125,0.002107864
4743,0.012983567,0.200559006,0.75,0.001952978
4744,0.00111,0.177113703,0.875,0.000172022
4745,0,0,0,0
4746,0,0,0,0
4747,0,0,0,0
4748,0.001857215,0.204081633,0.6875,0.000260579
4749,0,0,0,0
4750,1.13E-05,0.142857143,0.625,1.01E-06
4751,0.015902047,0.193113241,0.9375,0.002878965
4752,0.00101046,0.229050279,0.6875,0.000159119
4753,0.002591068,0.264550265,0.9375,0.000642626
4754,0.018047159,0.17360025,0.6875,0.002153932
4755,0.000119,0.210884354,0.625,1.57E-05
4756,3.39E-05,0.142857143,0.75,3.63E-06
4757,0.011877142,0.167571972,0.6875,0.001368315
4758,0,0,0,0
4759,0.000469,0.161790017,0.625,4.74E-05
4760,0.000372572,0.192640693,0.6875,4.93E-05
4761,0.020017274,0.181693659,0.8125,0.002955072
4762,0.000637888,0.163084703,0.8125,8.45E-05
4763,0.000412087,0.272015656,0.5625,6.31E-05
4764,0.013824677,0.184973459,0.8125,0.002077724
4765,0.001416902,0.167899829,0.8125,0.000193292
4766,0,0,0,0
4767,0.009105432,0.159153308,0.75,0.00108687
4768,0.002348332,0.228021978,0.75,0.000401603
4769,0,0,0,0
4770,0,0,0,0
4771,0,0,0,0
4772,5.65E-06,0.142857143,0.4375,3.53E-07
4773,0.006785325,0.200618018,0.8125,0.001106022
4774,0.000457247,0.206349206,0.75,7.08E-05
4775,0.009026402,0.216742607,0.8125,0.00158958
4776,5.65E-06,0.142857143,0.5,4.04E-07
4777,0.000169351,0.214285714,0.75,2.72E-05
4778,5.08E-05,0.317460317,0.6875,1.11E-05
4779,0,0,0,0
4780,1.13E-05,0.142857143,0.5,8.07E-07
4781,0,0,0,0
4782,0,0,0,0
4783,0,0,0,0
4784,0.000276606,0.311953353,0.75,6.47E-05
4785,0.000468537,0.191049914,0.6875,6.15E-05
4786,0.000745144,0.235930736,0.625,0.000109876
4787,0,0,0,0
4788,0,0,0,0
4789,0,0,0,0
4790,0,0,0,0
4791,1.13E-05,0.214285714,0.6875,1.66E-06
4792,1.13E-05,0.142857143,0.625,1.01E-06
4793,0,0,0,0
4794,0,0,0,0
4795,0,0,0,0
4796,0,0,0,0
4797,0.003844265,0.294944409,0.8125,0.000921249
4798,0.00291848,0.219950263,0.8125,0.00052156
4799,0,0,0,0
4800,0,0,0,0
4801,0,0,0,0
4802,5.65E-06,0.142857143,0.3125,2.52E-07
4803,0.004775695,0.220027018,0.8125,0.00085376
4804,0.000186,0.181818182,0.6875,2.33E-05
4805,0,0,0,0
4806,0.009212688,0.231267507,0.625,0.001331622
4807,0.010132828,0.258416236,0.6875,0.00180021
4808,0,0,0,0
4809,0,0,0,0
4810,0,0,0,0
4811,0,0,0,0
4812,0,0,0,0
4813,0,0,0,0
4814,0.027344522,0.289784122,0.75,0.005943006
4815,0,0,0,0
4816,0.02806144,0.271172802,0.75,0.005707124
4817,0,0,0,0
4818,5.65E-06,0.285714286,0.4375,7.06E-07
4819,0,0,0,0
4820,0,0,0,0
4821,0,0,0,0
4822,0,0,0,0
4823,5.08E-05,0.174603175,0.5,4.43E-06
4824,0.006886936,0.265456674,0.625,0.001142614
4825,0.006452268,0.249343832,0.75,0.001206625
4826,0,0,0,0
4827,2.26E-05,0.214285714,0.375,1.82E-06
4828,3.95E-05,0.265306122,0.4375,4.58E-06
4829,0,0,0,0
4830,0,0,0,0
4831,0,0,0,0
4832,0.000705629,0.233142857,0.5625,9.25E-05
4833,0,0,0,0
4834,0.000694339,0.260162602,0.625,0.000112901
4835,0,0,0,0
4836,0,0,0,0
4837,0,0,0,0
4838,0,0,0,0
4839,0,0,0,0
4840,0,0,0,0
4841,0,0,0,0
4842,0,0,0,0
4843,0,0,0,0
4844,0.000694339,0.218350755,0.6875,0.000104231
4845,0,0,0,0
4846,0.00104433,0.262548263,0.6875,0.000188504
4847,0.000688694,0.162763466,0.8125,9.11E-05
4848,0.02032775,0.211449201,0.8125,0.003492358
4849,0.002754774,0.221604215,0.8125,0.000496006
4850,0.03283149,0.208390646,0.8125,0.005558943
4851,0.000372572,0.151515152,0.875,4.94E-05
4852,9.03E-05,0.160714286,0.6875,9.98E-06
4853,0,0,0,0
4854,0,0,0,0
4855,0,0,0,0
4856,2.82E-05,0.228571429,0.4375,2.82E-06
4857,0,0,0,0
4858,4.52E-05,0.178571429,0.375,3.03E-06
4859,0,0,0,0
4860,0.001134651,0.171997157,0.6875,0.00013417
4861,0.001004815,0.219903692,0.6875,0.000151912
4862,0,0,0,0
4863,0,0,0,0
4864,0,0,0,0
4865,0,0,0,0
4866,0,0,0,0
4867,0,0,0,0
4868,0.000146771,0.28021978,0.5625,2.31E-05
4869,0.000107,0.315789474,0.625,2.11E-05
4870,0.000220156,0.205128205,0.625,2.82E-05
4871,1.13E-05,0.357142857,0.4375,1.77E-06
4872,0.00089756,0.263252471,0.625,0.000147678
4873,0.000575793,0.238095238,0.8125,0.000111389
4874,0,0,0,0
4875,0,0,0,0
4876,0,0,0,0
4877,0,0,0,0
4878,0,0,0,0
4879,0,0,0,0
4880,0.023742993,0.199375042,0.6875,0.00325446
4881,5.65E-05,0.142857143,0.6875,5.55E-06
4882,7.34E-05,0.208791209,0.6875,1.05E-05
4883,0.012424709,0.166547673,0.6875,0.001422648
4884,5.65E-05,0.157142857,0.625,5.55E-06
4885,0,0,0,0
4886,0.033079872,0.204851292,0.8125,0.005505869
4887,0.000378217,0.142857143,0.8125,4.39E-05
4888,0.002878965,0.255182073,0.75,0.000550995
4889,0,0,0,0
4890,0,0,0,0
4891,0,0,0,0
4892,5.65E-05,0.142857143,0.625,5.04E-06
4893,0,0,0,0
4894,5.08E-05,0.142857143,0.5,3.63E-06
4895,0.000361282,0.149553571,0.6875,3.71E-05
4896,0.009365104,0.15534315,0.75,0.001091104
4897,0,0,0,0
4898,0.001016105,0.220634921,0.625,0.000140118
4899,0.000812884,0.358134921,0.875,0.000254732
4900,0.001405612,0.239816408,0.875,0.000294953
4901,0,0,0,0
4902,0,0,0,0
4903,0,0,0,0
4904,4.52E-05,0.178571429,0.5,4.04E-06
4905,0.012266649,0.192623759,0.8125,0.001919814
4906,0.000248381,0.363636364,0.6875,6.21E-05
4907,0.000265316,0.17325228,0.6875,3.16E-05
4908,0.023082525,0.205009957,0.9375,0.004436388
4909,0.004707954,0.222336417,0.8125,0.000850484
4910,2.26E-05,0.428571429,0.5,4.84E-06
4911,0.020818868,0.221141927,0.8125,0.003740689
4912,0.015439155,0.279811961,0.875,0.003780053
4913,0.00197576,0.225306122,0.75,0.000333863
4914,0.011843271,0.206455127,0.6875,0.001681009
4915,0.00087498,0.176958525,0.75,0.000116126
4916,0.012836797,0.186329941,0.8125,0.001943402
4917,0.007169187,0.173565804,0.875,0.001088785
4918,0.001208036,0.172897196,0.8125,0.000169704
4919,0.032080701,0.251677937,0.9375,0.007569379
4920,3.39E-05,0.380952381,0.4375,5.65E-06
4921,0.024612328,0.286238532,0.9375,0.006604684
4922,0.008834471,0.169785486,0.8125,0.001218722
4923,0.004160387,0.231827874,0.8125,0.000783651
4924,3.39E-05,0.142857143,0.75,3.63E-06
4925,0,0,0,0
4926,0,0,0,0
4927,0,0,0,0
4928,0.000519343,0.204968944,0.8125,8.65E-05
4929,0.007203057,0.265673981,0.75,0.001435249
4930,0.006785325,0.276562871,0.8125,0.001524712
4931,0,0,0,0
4932,0,0,0,0
4933,0,0,0,0
4934,0,0,0,0
4935,0,0,0,0
4936,0,0,0,0
4937,0.002224142,0.221537346,0.9375,0.000461935
4938,0.000220156,0.241758242,0.625,3.33E-05
4939,0.000152416,0.206349206,0.875,2.75E-05
4940,0.001902375,0.203899958,0.6875,0.000266677
4941,3.95E-05,0.285714286,0.4375,4.94E-06
4942,5.08E-05,0.142857143,0.625,4.54E-06
4943,0.001112071,0.220449601,0.6875,0.000168544
4944,0,0,0,0
4945,2.82E-05,0.285714286,0.625,5.04E-06
4946,0.012430354,0.184767095,0.6875,0.001578995
4947,0.000265316,0.215805471,0.6875,3.94E-05
4948,2.82E-05,0.142857143,0.6875,2.77E-06
4949,0.009071562,0.176904614,0.9375,0.001504501
4950,3.39E-05,0.142857143,0.625,3.03E-06
4951,0.001992695,0.277215702,0.75,0.000414305
4952,0.014129508,0.176131499,0.875,0.00217757
4953,0.009026402,0.233360136,0.9375,0.001974752
4954,0.001462063,0.223938224,1,0.000327412
4955,0.016822187,0.226366251,0.9375,0.003569977
4956,0.014761752,0.189019394,0.875,0.002441475
4957,0.00092014,0.166520596,0.9375,0.000143646
4958,0.000293542,0.228021978,0.6875,4.60E-05
4959,0.009901381,0.16126405,0.6875,0.001097757
4960,0.000581,0.192787795,0.6875,7.70E-05
4961,0,0,0,0
4962,0,0,0,0
4963,0,0,0,0
4964,0.000102,0.182539683,0.8125,1.51E-05
4965,0.006807905,0.196280502,0.9375,0.001252743
4966,0.001078201,0.215407629,0.8125,0.000188705
4967,0,0,0,0
4968,0.00578051,0.155831473,0.75,0.000675589
4969,0.001405612,0.184165232,0.6875,0.00017797
4970,0,0,0,0
4971,0,0,0,0
4972,0,0,0,0
4973,0.000395152,0.263265306,0.625,6.50E-05
4974,0.004459573,0.214104882,0.8125,0.000775788
4975,7.90E-05,0.163265306,0.75,9.67E-06
4976,0,0,0,0
4977,0.000530633,0.255319149,0.75,0.000101611
4978,0.000287896,0.238095238,0.75,5.14E-05
4979,0,0,0,0
4980,0.000485473,0.209302326,0.75,7.62E-05
4981,5.65E-06,0.142857143,0.4375,3.53E-07
4982,0,0,0,0
4983,0,0,0,0
4984,0,0,0,0
4985,0.007016771,0.220319504,0.875,0.00135269
4986,0,0,0,0
4987,2.82E-05,0.228571429,0.875,5.64E-06
4988,0.000716919,0.217097863,0.6875,0.000107004
4989,0,0,0,0
4990,0,0,0,0
4991,0.013553715,0.233057655,0.8125,0.002566523
4992,0.000265316,0.142857143,0.6875,2.61E-05
4993,0.002399137,0.253109244,0.75,0.000455433
4994,0,0,0,0
4995,0,0,0,0
4996,0,0,0,0
4997,6.77E-05,0.19047619,0.75,9.67E-06
4998,0,0,0,0
4999,0,0,0,0
5000,0,0,0,0
5001,0.000468537,0.213425129,0.75,7.50E-05
5002,0,0,0,0
5003,6.21E-05,0.155844156,0.625,6.05E-06
5004,0.000248381,0.422077922,0.6875,7.21E-05
5005,0.000163706,0.270935961,0.875,3.88E-05
5006,0,0,0,0
5007,0,0,0,0
5008,0,0,0,0
5009,0,0,0,0
5010,0.003364437,0.245925216,0.8125,0.000672262
5011,0.000220156,0.336996337,0.6875,5.10E-05
5012,2.82E-05,0.171428571,0.4375,2.11E-06
5013,0.006463559,0.249532127,0.9375,0.001512062
5014,0.002026566,0.208515718,0.8125,0.000343339
5015,0,0,0,0
5016,0.000146771,0.241758242,0.6875,2.44E-05
5017,0.000174996,0.262672811,0.75,3.45E-05
5018,0,0,0,0
5019,0.011894077,0.24944064,0.75,0.00222515
5020,0.012311809,0.254339425,0.75,0.002348534
5021,0.002782999,0.23326572,0.6875,0.00044631
5022,0,0,0,0
5023,0.002749129,0.201525374,0.875,0.000484767
5024,0,0,0,0
5025,0.001145941,0.206896552,0.875,0.000207455
5026,0.001196746,0.231132075,0.75,0.000207455
5027,0,0,0,0
5028,0,0,0,0
5029,0,0,0,0
5030,0.002410427,0.24924724,0.75,0.000450594
5031,0,0,0,0
5032,0.002049146,0.230617867,0.75,0.000354427
5033,0,0,0,0
5034,0,0,0,0
5035,0,0,0,0
5036,0.003048316,0.228042328,0.6875,0.000477912
5037,0,0,0,0
5038,0.002991866,0.218598383,0.6875,0.000449637
5039,0,0,0,0
5040,0,0,0,0
5041,0,0,0,0
5042,0.017719747,0.322168115,0.875,0.004995145
5043,0.002105596,0.209881272,0.6875,0.000303824
5044,0.018481826,0.290688542,0.875,0.004700898
5045,0,0,0,0
5046,0.000102,0.246031746,0.6875,1.73E-05
5047,0.000124191,0.357142857,0.8125,3.60E-05
5048,0,0,0,0
5049,0,0,0,0
5050,0,0,0,0
5051,0,0,0,0
5052,0,0,0,0
5053,0,0,0,0
5054,0,0,0,0
5055,0,0,0,0
5056,0,0,0,0
5057,1.13E-05,0.142857143,0.625,1.01E-06
5058,0.000282251,0.257142857,0.6875,4.99E-05
5059,0.000344347,0.227166276,0.875,6.84E-05
5060,0.000604018,0.162883845,0.5625,5.53E-05
5061,0.006090987,0.168939494,0.9375,0.000964695
5062,0.000462892,0.198606272,0.8125,7.47E-05
5063,0,0,0,0
5064,0,0,0,0
5065,0,0,0,0
5066,0.000299187,0.221024259,0.625,4.13E-05
5067,0,0,0,0
5068,0.000389507,0.265010352,0.6875,7.10E-05
5069,2.82E-05,0.142857143,0.5625,2.27E-06
5070,0.01251503,0.203943553,0.8125,0.002073792
5071,0.000530633,0.156534954,0.8125,6.75E-05
5072,0.000180641,0.151785714,0.75,2.06E-05
5073,0.013350494,0.203926306,0.6875,0.00187173
5074,8.47E-05,0.238095238,0.75,1.51E-05
5075,0.027818704,0.212981215,0.6875,0.004073342
5076,0.000254026,0.149206349,0.75,2.84E-05
5077,0,0,0,0
5078,0.008896566,0.171410442,0.875,0.001334344
5079,0.000327412,0.150246305,0.5625,2.77E-05
5080,0,0,0,0
5081,0.037499929,0.202920367,0.875,0.006658312
5082,0.000632243,0.161989796,1,0.000102417
5083,0.001845925,0.236784622,0.9375,0.000409769
5084,4.52E-05,0.214285714,0.5,4.84E-06
5085,0,0,0,0
5086,4.52E-05,0.285714286,0.4375,5.65E-06
5087,0,0,0,0
5088,0,0,0,0
5089,0,0,0,0
5090,0,0,0,0
5091,0,0,0,0
5092,0,0,0,0
5093,0.000118546,0.176870748,0.75,1.57E-05
5094,0.000158061,0.178571429,0.625,1.76E-05
5095,0.000214511,0.229323308,0.8125,4.00E-05
5096,0,0,0,0
5097,0,0,0,0
5098,0,0,0,0
5099,0,0,0,0
5100,0,0,0,0
5101,0,0,0,0
5102,0,0,0,0
5103,6.21E-05,0.363636364,0.5625,1.27E-05
5104,3.95E-05,0.306122449,0.6875,8.31E-06
5105,0.011521505,0.178833905,0.8125,0.001674104
5106,0.000412087,0.150684932,0.6875,4.27E-05
5107,0.001422547,0.195011338,0.6875,0.000190721
5108,0.031668614,0.203615992,0.8125,0.005239192
5109,5.08E-05,0.142857143,0.6875,4.99E-06
5110,0.000677404,0.267857143,0.8125,0.000147426
5111,0.00960784,0.163085446,0.875,0.001371037
5112,0.006937741,0.15645705,1,0.001085458
5113,0,0,0,0
5114,0.000282251,0.171428571,0.6875,3.33E-05
5115,0.010426369,0.161961482,0.6875,0.001160961
5116,0,0,0,0
5117,0.000620953,0.225974026,0.9375,0.000131549
5118,0.012108588,0.196936397,0.875,0.002086544
5119,0.00095401,0.24852071,0.9375,0.000222273
5120,0,0,0,0
5121,0.007869171,0.210186514,0.8125,0.00134387
5122,0.000649178,0.219875776,0.875,0.000124896
5123,0.000519343,0.203416149,0.6875,7.26E-05
5124,0.017381045,0.232867814,0.9375,0.003794518
5125,0.015535121,0.273567276,0.9375,0.003984282
5126,3.95E-05,0.367346939,0.6875,9.98E-06
5127,0,0,0,0
5128,2.26E-05,0.285714286,0.6875,4.44E-06
5129,0,0,0,0
5130,0.00488295,0.217836499,0.875,0.000930724
5131,0.002523328,0.229466283,0.875,0.000506641
5132,0.001580608,0.217346939,0.8125,0.000279127
5133,0.002348332,0.155563187,0.8125,0.000296818
5134,0.000231446,0.177700348,0.6875,2.83E-05
5135,0.003251537,0.243055556,0.9375,0.00074091
5136,0,0,0,0
5137,0.002054791,0.230376766,0.875,0.000414204
5138,0.000841109,0.224352828,0.75,0.000141529
5139,0.006085342,0.221839385,0.75,0.001012476
5140,5.65E-06,0.142857143,0.5625,4.54E-07
5141,0.013096468,0.199876847,0.8125,0.002126866
5142,7.90E-05,0.285714286,0.625,1.41E-05
5143,0.007304668,0.270479134,0.875,0.00172879
5144,0.006982901,0.169303615,0.6875,0.000812783
5145,0.000383862,0.220588235,0.8125,6.88E-05
5146,0,0,0,0
5147,0.016336715,0.268634613,0.9375,0.004114319
5148,0.001140296,0.216407355,0.75,0.000185076
5149,0.010110247,0.31546622,0.9375,0.002990101
5150,0.000141126,0.182857143,0.6875,1.77E-05
5151,0.000299187,0.237196765,0.75,5.32E-05
5152,0.000225801,0.507142857,0.75,8.59E-05
5153,0,0,0,0
5154,0,0,0,0
5155,0,0,0,0
5156,0,0,0,0
5157,0,0,0,0
5158,0,0,0,0
5159,0,0,0,0
5160,0,0,0,0
5161,0,0,0,0
5162,3.39E-05,0.142857143,0.75,3.63E-06
5163,0.000225801,0.242857143,0.8125,4.46E-05
5164,0.000276606,0.236151603,0.625,4.08E-05
5165,0,0,0,0
5166,0.000406442,0.200396825,0.8125,6.62E-05
5167,6.77E-05,0.202380952,0.625,8.56E-06
5168,0.001558028,0.208592133,0.75,0.000243744
5169,0,0,0,0
5170,3.39E-05,0.142857143,0.625,3.03E-06
5171,0.000858044,0.218045113,0.9375,0.000175399
5172,1.69E-05,0.142857143,0.625,1.51E-06
5173,6.77E-05,0.297619048,0.6875,1.39E-05
5174,0.001140296,0.212871287,0.75,0.000182052
5175,0.006339368,0.221727516,0.875,0.001229911
5176,0.000208866,0.158301158,0.9375,3.10E-05
5177,0.008783666,0.183621006,0.8125,0.001310453
5178,0.005684544,0.219180026,0.875,0.001090196
5179,3.95E-05,0.244897959,0.75,7.26E-06
5180,0.013350494,0.228027786,0.875,0.002663748
5181,0.007524824,0.168577859,0.875,0.001109954
5182,0.000434667,0.196660482,0.875,7.48E-05
5183,0.000457247,0.215167549,0.75,7.38E-05
5184,0,0,0,0
5185,0,0,0,0
5186,0.021383371,0.215756524,0.9375,0.004325252
5187,0.004566829,0.209076461,0.9375,0.00089514
5188,0.00196447,0.226600985,0.9375,0.000417329
5189,0,0,0,0
5190,0,0,0,0
5191,0,0,0,0
5192,1.13E-05,0.142857143,0.5,8.07E-07
5193,0.000434667,0.187384045,0.6875,5.60E-05
5194,0,0,0,0
5195,0,0,0,0
5196,0,0,0,0
5197,0,0,0,0
5198,0,0,0,0
5199,1.69E-05,0.142857143,0.5,1.21E-06
5200,1.69E-05,0.142857143,0.6875,1.66E-06
5201,0,0,0,0
5202,0.000231446,0.229965157,0.6875,3.66E-05
5203,0,0,0,0
5204,0,0,0,0
5205,0,0,0,0
5206,0,0,0,0
5207,0,0,0,0
5208,1.13E-05,0.285714286,0.5625,1.82E-06
5209,5.65E-06,0.428571429,0.625,1.51E-06
5210,0.000722564,0.239955357,0.8125,0.000140874
5211,0,0,0,0
5212,1.69E-05,0.238095238,0.5625,2.26E-06
5213,0.014863362,0.219087407,0.875,0.002849329
5214,5.65E-06,0.142857143,0.4375,3.53E-07
5215,0.000637888,0.264222503,0.6875,0.000115874
5216,0.000372572,0.227272727,0.6875,5.82E-05
5217,0.000265316,0.224924012,0.75,4.48E-05
5218,0,0,0,0
5219,0,0,0,0
5220,0.000491118,0.193760263,0.6875,6.54E-05
5221,0,0,0,0
5222,5.08E-05,0.206349206,0.6875,7.21E-06
5223,0.002337042,0.2605245,0.8125,0.000494696
5224,0.000287896,0.274509804,0.875,6.92E-05
5225,0,0,0,0
5226,0.000208866,0.277992278,0.8125,4.72E-05
5227,0.000220156,0.282051282,0.75,4.66E-05
5228,0.000299187,0.18328841,0.6875,3.77E-05
5229,0,0,0,0
5230,0.000124191,0.168831169,0.6875,1.44E-05
5231,0,0,0,0
5232,7.34E-05,0.21978022,0.75,1.21E-05
5233,7.34E-05,0.296703297,0.75,1.63E-05
5234,0,0,0,0
5235,0,0,0,0
5236,0,0,0,0
5237,0,0,0,0
5238,0.000451602,0.264285714,0.75,8.95E-05
5239,0.000587083,0.221153846,0.75,9.74E-05
5240,0.003426533,0.280771946,0.75,0.000721556
5241,0.000327412,0.201970443,0.6875,4.55E-05
5242,0.003505563,0.211640212,0.8125,0.000602808
5243,0.000333057,0.217917676,0.6875,4.99E-05
5244,0,0,0,0
5245,0.000259671,0.217391304,0.6875,3.88E-05
5246,0,0,0,0
5247,0,0,0,0
5248,0,0,0,0
5249,0.001800764,0.270488133,0.8125,0.000395757
5250,0.000434667,0.19851577,0.625,5.39E-05
5251,0.001614478,0.212787213,0.875,0.000300598
5252,7.90E-05,0.214285714,0.6875,1.16E-05
5253,0,0,0,0
5254,7.90E-05,0.234693878,0.75,1.39E-05
5255,0,0,0,0
5256,0,0,0,0
5257,0,0,0,0
5258,0,0,0,0
5259,1.13E-05,0.285714286,0.75,2.42E-06
5260,1.13E-05,0.428571429,0.75,3.63E-06
5261,0,0,0,0
5262,0.002421718,0.158508159,0.8125,0.000311888
5263,0.000197576,0.167346939,0.5625,1.86E-05
5264,0.000231446,0.163763066,0.5625,2.13E-05
5265,0.004691019,0.17019082,0.75,0.000598776
5266,5.65E-06,0.142857143,0.375,3.03E-07
5267,3.95E-05,0.142857143,0.6875,3.88E-06
5268,0.00766595,0.208815485,0.6875,0.001100529
5269,5.08E-05,0.142857143,0.625,4.54E-06
5270,0.006401463,0.170697909,0.9375,0.001024422
5271,0.000158061,0.173469388,0.625,1.71E-05
5272,0.000242736,0.196013289,0.625,2.97E-05
5273,0.037053972,0.204709672,0.6875,0.005214898
5274,5.65E-06,0.142857143,0.6875,5.55E-07
5275,3.39E-05,0.142857143,0.5625,2.72E-06
5276,0.00585954,0.158959538,0.75,0.000698572
5277,0.000265316,0.14893617,0.625,2.47E-05
5278,0,0,0,0
5279,0,0,0,0
5280,0,0,0,0
5281,0,0,0,0
5282,1.69E-05,0.19047619,0.5625,1.81E-06
5283,0,0,0,0
5284,1.69E-05,0.19047619,0.6875,2.21E-06
5285,0.007541759,0.168627032,0.9375,0.00119226
5286,0.008117552,0.165209617,1,0.001341098
5287,0.000852399,0.196783349,0.6875,0.00011532
5288,0.000101611,0.150793651,0.5625,8.62E-06
5289,0.001879795,0.189189189,0.9375,0.00033341
5290,0.000457247,0.352733686,0.9375,0.000151206
5291,2.82E-05,0.342857143,0.6875,6.65E-06
5292,0,0,0,0
5293,2.82E-05,0.2,0.6875,3.88E-06
5294,0,0,0,0
5295,0.003799105,0.217575886,0.875,0.000723269
5296,0.000169,0.20952381,0.8125,2.88E-05
5297,0,0,0,0
5298,0,0,0,0
5299,0,0,0,0
5300,0,0,0,0
5301,0.000824174,0.241682975,0.9375,0.00018674
5302,0.000705629,0.236571429,0.75,0.000125199
5303,5.08E-05,0.507936508,0.625,1.61E-05
5304,5.65E-05,0.171428571,0.6875,6.66E-06
5305,6.77E-05,0.226190476,0.8125,1.24E-05
5306,0.001512868,0.207356077,0.8125,0.000254883
5307,0,0,0,0
5308,0.000807239,0.210789211,0.8125,0.000138253
5309,0.000762079,0.227513228,0.6875,0.000119201
5310,6.77E-05,0.226190476,0.8125,1.24E-05
5311,0,0,0,0
5312,0.001230616,0.283093054,0.9375,0.000326605
5313,0.000163706,0.147783251,0.6875,1.66E-05
5314,0.000795949,0.227963526,0.9375,0.000170107
5315,0.005503904,0.196776557,0.8125,0.000879969
5316,0,0,0,0
5317,0.000203221,0.313492063,0.75,4.78E-05
5318,0,0,0,0
5319,0,0,0,0
5320,0,0,0,0
5321,1.13E-05,0.142857143,0.5625,9.08E-07
5322,1.13E-05,0.142857143,0.8125,1.31E-06
5323,0,0,0,0
5324,0,0,0,0
5325,6.77E-05,0.178571429,0.8125,9.82E-06
5326,3.39E-05,0.142857143,0.5625,2.72E-06
5327,0,0,0,0
5328,0.000310477,0.207792208,0.75,4.84E-05
5329,0,0,0,0
5330,0.000587083,0.199175824,0.875,0.000102316
5331,0.003646689,0.216939407,0.75,0.000593333
5332,1.69E-05,0.142857143,0.75,1.81E-06
5333,0.000208866,0.216216216,0.75,3.39E-05
5334,0,0,0,0
5335,0,0,0,0
5336,0.021874488,0.213493088,0.75,0.003502539
5337,0.000299187,0.226415094,0.8125,5.50E-05
5338,1.13E-05,0.142857143,0.625,1.01E-06
5339,7.34E-05,0.208791209,0.75,1.15E-05
5340,0,0,0,0
5341,0,0,0,0
5342,0,0,0,0
5343,0,0,0,0
5344,0,0,0,0
5345,0,0,0,0
5346,0,0,0,0
5347,0,0,0,0
5348,0.000248381,0.243506494,0.8125,4.91E-05
5349,0.000338702,0.235714286,0.75,5.99E-05
5350,1.69E-05,0.285714286,0.5625,2.72E-06
5351,0,0,0,0
5352,0,0,0,0
5353,0,0,0,0
5354,0,0,0,0
5355,7.34E-05,0.241758242,0.8125,1.44E-05
5356,7.34E-05,0.318681319,0.8125,1.90E-05
5357,0.000547568,0.257731959,0.6875,9.70E-05
5358,0.000146771,0.225274725,0.6875,2.27E-05
5359,0.000366927,0.156043956,0.8125,4.65E-05
5360,0,0,0,0
5361,0,0,0,0
5362,0,0,0,0
5363,2.82E-05,0.228571429,0.75,4.83E-06
5364,0,0,0,0
5365,2.82E-05,0.314285714,0.75,6.65E-06
5366,0,0,0,0
5367,0.001546738,0.177267987,0.75,0.00020564
5368,0,0,0,0
5369,0.00394023,0.155341793,0.8125,0.000497317
5370,5.65E-06,0.142857143,0.5,4.04E-07
5371,1.69E-05,0.19047619,0.5625,1.81E-06
5372,0,0,0,0
5373,0,0,0,0
5374,0,0,0,0
5375,0,0,0,0
5376,0.000118546,0.25170068,0.9375,2.80E-05
5377,6.21E-05,0.324675325,0.75,1.51E-05
5378,2.82E-05,0.457142857,0.625,8.06E-06
5379,2.26E-05,0.142857143,0.5625,1.82E-06
5380,3.39E-05,0.166666667,0.75,4.24E-06
5381,0,0,0,0
5382,0,0,0,0
5383,0,0,0,0
5384,0.000225801,0.182142857,0.8125,3.34E-05
5385,0,0,0,0
5386,3.95E-05,0.265306122,0.6875,7.20E-06
5387,0,0,0,0
5388,2.82E-05,0.228571429,0.75,4.83E-06
5389,0,0,0,0
5390,1.69E-05,0.238095238,0.75,3.02E-06
5391,0,0,0,0
5392,0,0,0,0
5393,0,0,0,0
5394,0,0,0,0
5395,0,0,0,0
5396,0,0,0,0
5397,0,0,0,0
5398,0,0,0,0
5399,7.15E-05,0.233082707,1,1.67E-05
5400,3.01E-05,0.151785714,0.888888889,4.06E-06
5401,3.39E-05,0.444444444,0.9,1.36E-05
5402,0.001192983,0.270166742,0.722222222,0.000232775
5403,0.00138115,0.239587388,0.611111111,0.00020222
5404,4.52E-05,0.214285714,0.555555556,5.38E-06
5405,0.021099238,0.18491292,0.888888889,0.003468019
5406,0.000146771,0.206959707,0.722222222,2.19E-05
5407,0.000724445,0.248608534,0.888888889,0.000160092
5408,0.000590846,0.312101911,0.777777778,0.000143425
5409,7.34E-05,0.172161172,0.666666667,8.42E-06
5410,0.000613427,0.244084137,0.777777778,0.000116455
5411,0,0,0,0
5412,0,0,0,0
5413,0.000102,0.272486772,0.777777778,2.16E-05
5414,9.22E-05,0.172011662,0.722222222,1.15E-05
5415,3.95E-05,0.340136054,0.833333333,1.12E-05
5416,0,0,0,0
5417,0,0,0,0
5418,0,0,0,0
5419,0,0,0,0
5420,0.004290222,0.218546366,0.777777778,0.000729254
5421,0,0,0,0
5422,0.004325974,0.260299509,0.777777778,0.000875816
5423,0,0,0,0
5424,0,0,0,0
5425,0.014089993,0.191792582,0.888888889,0.002402094
5426,0.0013,0.175202156,0.8,0.00018221
5427,0,0,0,0
5428,0,0,0,0
5429,0,0,0,0
5430,0.005276221,0.206134094,0.777777778,0.000845918
5431,7.15E-05,0.187969925,0.666666667,8.96E-06
5432,0.000137,0.211350294,0.777777778,2.25E-05
5433,0.022638449,0.211073774,1,0.004778383
5434,0.000903205,0.22827381,0.833333333,0.000171815
5435,0.004036196,0.302164502,1,0.001219595
5436,0.023765573,0.194502884,1,0.004622472
5437,0.002865793,0.210111622,1,0.000602136
5438,5.08E-05,0.142857143,0.777777778,5.64E-06
5439,0.010520453,0.159542121,0.777777778,0.001305465
5440,0,0,0,0
5441,0.000316122,0.271258503,0.777777778,6.67E-05
5442,0.014268752,0.187374013,0.777777778,0.002079461
5443,0.000470419,0.303428571,0.666666667,9.52E-05
5444,0.000305,0.158730159,0.777777778,3.77E-05
5445,3.76E-06,0.142857143,0.777777778,4.18E-07
5446,0,0,0,0
5447,3.76E-06,0.142857143,0.722222222,3.88E-07
5448,0,0,0,0
5449,0,0,0,0
5450,0.002564725,0.271145582,0.888888889,0.000618146
5451,0.000124191,0.233766234,0.611111111,1.77E-05
5452,0.001808291,0.206927308,0.833333333,0.000311821
5453,4.14E-05,0.344155844,0.722222222,1.03E-05
5454,8.66E-05,0.167701863,0.611111111,8.88E-06
5455,7.53E-05,0.278571429,0.666666667,1.40E-05
5456,0,0,0,0
5457,0,0,0,0
5458,0,0,0,0
5459,0.000105374,0.244897959,0.555555556,1.43E-05
5460,0.014987553,0.278432428,0.777777778,0.003245683
5461,0.016212524,0.287405491,0.666666667,0.003106379
5462,0,0,0,0
5463,0,0,0,0
5464,0,0,0,0
5465,0.000500526,0.257250269,0.555555556,7.15E-05
5466,0.000374454,0.210337401,0.777777778,6.13E-05
5467,2.82E-05,0.19047619,0.444444444,2.39E-06
5468,0,0,0,0
5469,6.59E-05,0.212244898,0.833333333,1.17E-05
5470,0.022787101,0.232888994,0.888888889,0.004717213
5471,0.015537002,0.294537968,0.888888889,0.004067766
5472,0.003780288,0.228045225,1,0.000862077
5473,0.010821521,0.195171026,1,0.002112047
5474,0.001029277,0.176025072,0.833333333,0.000150982
5475,0.015352598,0.214522088,0.777777778,0.002561589
5476,0.008667002,0.171701507,0.833333333,0.001240114
5477,0.001430074,0.172180451,0.888888889,0.000218872
5478,0,0,0,0
5479,0,0,0,0
5480,0.000978472,0.247527473,0.777777778,0.000188377
5481,0.009109196,0.322778647,0.777777778,0.002286864
5482,0.008845761,0.319354545,0.888888889,0.002511052
5483,5.65E-05,0.295238095,0.555555556,9.27E-06
5484,3.76E-05,0.221428571,0.611111111,5.09E-06
5485,0,0,0,0
5486,0.000238973,0.262092238,0.666666667,4.18E-05
5487,0,0,0,0
5488,0.000129836,0.209109731,0.666666667,1.81E-05
5489,0,0,0,0
5490,0,0,0,0
5491,0,0,0,0
5492,0.011007807,0.233040293,1,0.002565263
5493,0.00095401,0.197520428,1,0.000188436
5494,0.015711998,0.213173653,1,0.003349384
5495,0.006717585,0.226090436,1,0.001518782
5496,0.001320937,0.1998372,1,0.000263972
5497,0.000165588,0.204545455,0.888888889,3.01E-05
5498,0.000528751,0.197254703,0.777777778,8.11E-05
5499,0,0,0,0
5500,3.76E-06,0.142857143,0.611111111,3.28E-07
5501,0.003819803,0.232230823,0.777777778,0.000689948
5502,0.00040456,0.28372093,0.666666667,7.65E-05
5503,1.69E-05,0.238095238,0.722222222,2.91E-06
5504,0.016886164,0.197809545,0.777777778,0.002597968
5505,0.000270961,0.20734127,0.833333333,4.68E-05
5506,0.000112901,0.152380952,0.777777778,1.34E-05
5507,0.00708263,0.173068165,0.888888889,0.00108958
5508,7.53E-05,0.217857143,0.666666667,1.09E-05
5509,0.001518513,0.280403611,0.888888889,0.000378486
5510,0.015092927,0.201738294,1,0.003044821
5511,0.000340583,0.247040253,0.944444444,7.95E-05
5512,0.002722786,0.296574193,1,0.000807508
5513,0.011903485,0.165168692,0.666666667,0.001310722
5514,0.000122,0.230769231,0.611111111,1.72E-05
5515,6.59E-05,0.371428571,0.722222222,1.77E-05
5516,0.008232334,0.157387755,1,0.001295669
5517,0,0,0,0
5518,0,0,0,0
5519,0,0,0,0
5520,0,0,0,0
5521,0.001298357,0.235196687,0.888888889,0.000271439
5522,0.001300238,0.226793467,0.722222222,0.000212973
5523,4.70E-05,0.177142857,0.722222222,6.01E-06
5524,7.53E-06,0.25,0.833333333,1.57E-06
5525,0,0,0,0
5526,0,0,0,0
5527,0.024796732,0.290148082,0.777777778,0.005595897
5528,0.001544856,0.231947103,0.888888889,0.000318511
5529,0.003505563,0.212483705,1,0.000744875
5530,0,0,0,0
5531,0.001956943,0.218131868,0.666666667,0.000284581
5532,0.002226023,0.221833112,0.722222222,0.000356637
5533,4.52E-05,0.226190476,0.5,5.11E-06
5534,0,0,0,0
5535,0.000660468,0.247049247,0.833333333,0.000135973
5536,0.012473633,0.245070362,0.888888889,0.00271726
5537,0.005212244,0.337751418,0.888888889,0.001564838
5538,0.000679285,0.218440839,0.722222222,0.000107166
5539,0.023246231,0.267362797,1,0.006215177
5540,0.018829936,0.302031435,1,0.005687233
5541,7.53E-06,0.428571429,0.833333333,2.69E-06
5542,1.51E-05,0.285714286,0.8,3.45E-06
5543,2.63E-05,0.255102041,0.666666667,4.47E-06
5544,0.013384364,0.210600309,0.777777778,0.002192362
5545,0.006252811,0.269592881,0.888888889,0.001498412
5546,6.21E-05,0.177489177,0.722222222,7.96E-06
5547,0.00417544,0.220884568,0.888888889,0.000819814
5548,0.00194189,0.223283499,0.833333333,0.000361327
5549,0.006726993,0.237322677,0.888888889,0.001419083
5550,0.005458743,0.162554784,1,0.000887345
5551,0.008051693,0.175007512,1,0.001409107
5552,0.00062848,0.233532934,0.888888889,0.000130463
5553,0.012261004,0.206129966,0.777777778,0.001965725
5554,0.000786541,0.176691729,0.722222222,0.000100371
5555,0.003932704,0.226452495,1,0.000890571
5556,1.88E-05,0.142857143,0.7,1.88E-06
5557,0.004431348,0.167121626,1,0.000740574
5558,0.001081964,0.177888199,0.7,0.000134728
5559,3.76E-06,0.214285714,0.666666667,5.37E-07
5560,1.88E-06,0.428571429,0.611111111,4.92E-07
5561,0,0,0,0
5562,0,0,0,0
5563,0,0,0,0
5564,0,0,0,0
5565,3.58E-05,0.22556391,0.722222222,5.83E-06
5566,3.58E-05,0.203007519,0.611111111,4.44E-06
5567,0.000150534,0.217857143,1,3.28E-05
5568,0.002039737,0.227596205,0.888888889,0.000412655
5569,0.001712326,0.277394035,0.888888889,0.000422212
5570,0.000169351,0.23968254,0.777777778,3.16E-05
5571,0.000395152,0.247619048,0.777777778,7.61E-05
5572,0.000528751,0.332994408,0.888888889,0.000156508
5573,0,0,0,0
5574,0,0,0,0
5575,0,0,0,0
5576,1.32E-05,0.224489796,0.666666667,1.98E-06
5577,0.000406442,0.207010582,0.888888889,7.48E-05
5578,2.26E-05,0.19047619,0.5,2.15E-06
5579,0.001497814,0.28212491,0.833333333,0.000352142
5580,0,0,0,0
5581,0.004188612,0.159799769,0.888888889,0.000594968
5582,0.00746461,0.218084915,1,0.001627919
5583,0.00057203,0.165413534,0.944444444,8.94E-05
5584,0.012486805,0.197903212,1,0.002471179
5585,0.007617026,0.227555054,1,0.001733293
5586,0.000408324,0.215273206,0.944444444,8.30E-05
5587,0.004845317,0.252038835,1,0.001221208
5588,0.00061719,0.198606272,0.666666667,8.17E-05
5589,4.33E-05,0.285714286,0.5,6.19E-06
5590,4.89E-05,0.142857143,0.5,3.49E-06
5591,0.000327412,0.224958949,0.888888889,6.55E-05
5592,0,0,0,0
5593,0.007169187,0.171503562,1,0.001229541
5594,0.000600255,0.197044335,0.944444444,0.000111706
5595,9.97E-05,0.145552561,0.722222222,1.05E-05
5596,0.001198628,0.245122225,0.777777778,0.000228519
5597,0,0,0,0
5598,0,0,0,0
5599,0.002367149,0.22223484,0.666666667,0.000350709
5600,0.002239195,0.216326531,0.833333333,0.000403664
5601,0.000842991,0.227678571,1,0.000191931
5602,0.012533847,0.279473267,1,0.003502875
5603,1.69E-05,0.222222222,0.944444444,3.55E-06
5604,5.65E-06,0.714285714,0.666666667,2.69E-06
5605,1.88E-05,0.228571429,0.833333333,3.58E-06
5606,1.69E-05,0.142857143,0.611111111,1.48E-06
5607,0.008029113,0.211490174,0.777777778,0.001320728
5608,0.00041585,0.191338074,0.888888889,7.07E-05
5609,0.000227683,0.262101535,0.777777778,4.64E-05
5610,0.002764183,0.25148303,0.777777778,0.000540668
5611,0.000297305,0.245027125,0.833333333,6.07E-05
5612,0,0,0,0
5613,3.01E-05,0.276785714,0.722222222,6.02E-06
5614,3.01E-05,0.267857143,0.722222222,5.82E-06
5615,7.71E-05,0.212543554,0.666666667,1.09E-05
5616,0.006030773,0.199955427,0.888888889,0.001071898
5617,0.004293986,0.263302867,0.888888889,0.001004995
5618,3.76E-06,0.214285714,0.555555556,4.48E-07
5619,0.001157231,0.245296167,1,0.000283864
5620,0.000859926,0.247889966,0.888888889,0.000189482
5621,3.58E-05,0.172932331,0.722222222,4.47E-06
5622,0.00517461,0.219376623,0.833333333,0.00094599
5623,0.006051471,0.181547619,1,0.00109863
5624,0.000174996,0.204301075,0.833333333,2.98E-05
5625,0.002002104,0.148764769,0.777777778,0.000231655
5626,0.000220156,0.179487179,0.5,1.98E-05
5627,0.006412753,0.223130449,0.833333333,0.0011924
5628,0.000167469,0.227929374,0.944444444,3.61E-05
5629,0.000391389,0.225274725,0.888888889,7.84E-05
5630,0,0,0,0
5631,0,0,0,0
5632,5.65E-06,0.142857143,0.5,4.04E-07
5633,8.09E-05,0.202657807,0.722222222,1.18E-05
5634,0,0,0,0
5635,0.000118546,0.206349206,0.666666667,1.63E-05
5636,6.77E-05,0.202380952,0.722222222,9.90E-06
5637,0,0,0,0
5638,1.13E-05,0.142857143,0.5,8.07E-07
5639,0.00039327,0.214627478,1,8.44E-05
5640,9.41E-06,0.228571429,0.777777778,1.67E-06
5641,6.40E-05,0.197478992,0.833333333,1.05E-05
5642,7.34E-05,0.164835165,0.6,7.26E-06
5643,0.005720296,0.219266917,1,0.001254272
5644,0,0,0,0
5645,1.13E-05,0.166666667,0.555555556,1.05E-06
5646,6.40E-05,0.331932773,0.833333333,1.77E-05
5647,0.001435719,0.181988392,0.888888889,0.000232253
5648,7.53E-06,0.285714286,0.8,1.72E-06
5649,0.000457247,0.270429159,1,0.000123653
5650,1.51E-05,0.232142857,0.722222222,2.53E-06
5651,0,0,0,0
5652,1.51E-05,0.196428571,0.722222222,2.14E-06
5653,0,0,0,0
5654,0,0,0,0
5655,5.65E-06,0.142857143,0.611111111,4.93E-07
5656,0.003866845,0.218700035,0.777777778,0.00065775
5657,0.000254026,0.186243386,1,4.73E-05
5658,0,0,0,0
5659,0,0,0,0
5660,0,0,0,0
5661,0.000255908,0.211134454,0.888888889,4.80E-05
5662,0.000214511,0.215538847,0.777777778,3.60E-05
5663,5.65E-06,0.19047619,0.722222222,7.77E-07
5664,0,0,0,0
5665,0,0,0,0
5666,0,0,0,0
5667,0,0,0,0
5668,1.69E-05,0.238095238,0.666666667,2.68E-06
5669,1.88E-05,0.2,0.833333333,3.13E-06
5670,0,0,0,0
,,,,
,,,,
,,,,
,,,,
,,,,
,,,,
,,,,
,,,,
,,,,
,,,,
,,,,
,,,,
,,,,
,,,,
,,,,
,,,,
,,,,
,,,,
,,,,
,,,,
,,,,
,,,,
,,,,
,,,,
,,,,
,,,,
,,,,
,,,,
,,,,
,,,,
,,,,
,,,,
,,,,
,,,,
,,,,
,,,,
,,,,
,,,,
,,,,
,,,,
,,,,
,,,,
,,,,
,,,,
,,,,
,,,,
,,,,
,,,,
,,,,
,,,,
,,,,
,,,,
,,,,
,,,,
,,,,
,,,,
,,,,
,,,,
,,,,
,,,,
,,,,
,,,,
,,,,
,,,,
,,,,
,,,,
,,,,
,,,,
,,,,
,,,,
,,,,
,,,,
,,,,
,,,,
,,,,
,,,,
,,,,
,,,,
,,,,
,,,,
,,,,
,,,,
,,,,
,,,,
,,,,
,,,,
,,,,
,,,,
,,,,
,,,,
,,,,
,,,,
,,,,
,,,,
,,,,
,,,,
,,,,
,,,,
,,,,
,,,,
,,,,
,,,,
,,,,
,,,,
,,,,
,,,,
,,,,
,,,,
,,,,
,,,,
,,,,
,,,,
,,,,
,,,,
,,,,
,,,,
,,,,
,,,,
,,,,
,,,,
,,,,
,,,,
,,,,
,,,,
,,,,
,,,,
,,,,
,,,,
,,,,
