config_name,config_id,dU,dV,dW,sigma,n_samples,stable_without_diffusion,diego_turing,shaberi_total,shaberi_type_I,shaberi_type_II,shaberi_hopf,rob_diego,rob_shaberi_total,rob_shaberi_type_I
RMT_3954_DCC_Type1,0,1.0,10.0,10.0,0.1,100000,100000,0,0,0,0,0,0.0,0.0,0.0
RMT_3954_DCC_Type1,0,1.0,10.0,10.0,0.2,100000,100000,0,0,0,0,0,0.0,0.0,0.0
RMT_3954_DCC_Type1,0,1.0,10.0,10.0,0.3,100000,100000,0,0,0,0,0,0.0,0.0,0.0
RMT_3954_DCC_Type1,0,1.0,10.0,10.0,0.4,100000,99981,0,0,0,0,0,0.0,0.0,0.0
RMT_3954_DCC_Type1,0,1.0,10.0,10.0,0.5,100000,99732,0,0,0,0,0,0.0,0.0,0.0
RMT_3954_DCC_Type1,0,1.0,10.0,10.0,0.6,100000,98966,0,0,0,0,0,0.0,0.0,0.0
RMT_3954_DCC_Type1,0,1.0,10.0,10.0,0.7,100000,97782,0,0,0,0,0,0.0,0.0,0.0
RMT_3954_DCC_Type1,0,1.0,10.0,10.0,0.8,100000,96149,0,0,0,0,0,0.0,0.0,0.0
RMT_3954_DCC_Type1,0,1.0,10.0,10.0,0.9,100000,94311,0,0,0,0,0,0.0,0.0,0.0
RMT_3954_DCC_Type1,0,1.0,10.0,10.0,1.0,100000,92345,0,0,0,0,0,0.0,0.0,0.0
RMT_3954_DCC_Type1,0,1.0,10.0,10.0,1.1,100000,90198,0,0,0,0,0,0.0,0.0,0.0
RMT_3954_DCC_Type1,0,1.0,10.0,10.0,1.2,100000,88080,0,0,0,0,0,0.0,0.0,0.0
RMT_3954_DCC_Type1,0,1.0,10.0,10.0,1.3,100000,85689,0,0,0,0,0,0.0,0.0,0.0
RMT_3954_DCC_Type1,0,1.0,10.0,10.0,1.4,100000,83226,0,0,0,0,0,0.0,0.0,0.0
RMT_3954_DCC_Type1,0,1.0,10.0,10.0,1.5,100000,80727,0,0,0,0,0,0.0,0.0,0.0
RMT_3954_DCC_Type1,0,1.0,10.0,10.0,1.6,100000,78077,0,0,0,0,0,0.0,0.0,0.0
RMT_3954_DCC_Type1,0,1.0,10.0,10.0,1.8,100000,72870,0,0,0,0,0,0.0,0.0,0.0
RMT_3954_DCC_Type1,0,1.0,10.0,10.0,2.0,100000,67959,0,0,0,0,0,0.0,0.0,0.0
RMT_3954_DCC_Type1,0,1.0,10.0,10.0,2.2,100000,63389,0,0,0,0,0,0.0,0.0,0.0
RMT_3954_DCC_Type1,0,1.0,10.0,10.0,2.4,100000,59093,0,0,0,0,0,0.0,0.0,0.0
RMT_3954_DCC_Type1,0,1.0,10.0,10.0,2.6,100000,55261,0,0,0,0,0,0.0,0.0,0.0
RMT_3954_DCC_Type1,0,1.0,10.0,10.0,2.8,100000,51853,0,0,0,0,0,0.0,0.0,0.0
RMT_3954_DCC_Type1,0,1.0,10.0,10.0,3.0,100000,48898,0,0,0,0,0,0.0,0.0,0.0
RMT_3954_DCC_Type1,0,1.0,10.0,10.0,3.2,100000,46233,0,0,0,0,0,0.0,0.0,0.0
RMT_3954_DCC_Type1,0,1.0,10.0,10.0,3.4,100000,43879,0,2,0,0,2,0.0,0.002,0.0
RMT_3954_DCC_Type1,0,1.0,10.0,10.0,3.6,100000,41674,0,0,0,0,0,0.0,0.0,0.0
RMT_3954_DCC_Type1,0,1.0,10.0,10.0,3.8,100000,39752,0,3,0,0,3,0.0,0.003,0.0
RMT_3954_DCC_Type1,0,1.0,10.0,10.0,4.0,100000,38013,0,2,0,0,2,0.0,0.002,0.0
RMT_3954_DCC_Type1,0,1.0,10.0,10.0,5.0,100000,31319,0,24,0,0,24,0.0,0.024,0.0
RMT_3954_DCC_Type1,0,1.0,10.0,10.0,6.0,100000,26971,0,32,0,0,32,0.0,0.032,0.0
RMT_3954_DCC_Type1,0,1.0,10.0,10.0,7.0,100000,23995,0,46,0,0,46,0.0,0.046,0.0
RMT_3954_DCC_Type1,0,1.0,10.0,10.0,8.0,100000,21713,0,64,0,0,64,0.0,0.064,0.0
RMT_3954_DCC_Type1,0,1.0,10.0,10.0,9.0,100000,19905,0,87,0,0,87,0.0,0.087,0.0
RMT_3954_DCC_Type1,0,1.0,10.0,10.0,10.0,100000,18489,0,102,0,0,102,0.0,0.102,0.0
RMT_3954_DCC_Type1_OneFast,1,1.0,10.0,1.0,0.1,100000,100000,0,0,0,0,0,0.0,0.0,0.0
RMT_3954_DCC_Type1_OneFast,1,1.0,10.0,1.0,0.2,100000,100000,0,0,0,0,0,0.0,0.0,0.0
RMT_3954_DCC_Type1_OneFast,1,1.0,10.0,1.0,0.3,100000,100000,0,0,0,0,0,0.0,0.0,0.0
RMT_3954_DCC_Type1_OneFast,1,1.0,10.0,1.0,0.4,100000,99981,0,0,0,0,0,0.0,0.0,0.0
RMT_3954_DCC_Type1_OneFast,1,1.0,10.0,1.0,0.5,100000,99732,0,0,0,0,0,0.0,0.0,0.0
RMT_3954_DCC_Type1_OneFast,1,1.0,10.0,1.0,0.6,100000,98966,0,0,0,0,0,0.0,0.0,0.0
RMT_3954_DCC_Type1_OneFast,1,1.0,10.0,1.0,0.7,100000,97782,0,0,0,0,0,0.0,0.0,0.0
RMT_3954_DCC_Type1_OneFast,1,1.0,10.0,1.0,0.8,100000,96149,0,0,0,0,0,0.0,0.0,0.0
RMT_3954_DCC_Type1_OneFast,1,1.0,10.0,1.0,0.9,100000,94311,0,0,0,0,0,0.0,0.0,0.0
RMT_3954_DCC_Type1_OneFast,1,1.0,10.0,1.0,1.0,100000,92345,0,0,0,0,0,0.0,0.0,0.0
RMT_3954_DCC_Type1_OneFast,1,1.0,10.0,1.0,1.1,100000,90198,0,0,0,0,0,0.0,0.0,0.0
RMT_3954_DCC_Type1_OneFast,1,1.0,10.0,1.0,1.2,100000,88080,0,0,0,0,0,0.0,0.0,0.0
RMT_3954_DCC_Type1_OneFast,1,1.0,10.0,1.0,1.3,100000,85689,0,0,0,0,0,0.0,0.0,0.0
RMT_3954_DCC_Type1_OneFast,1,1.0,10.0,1.0,1.4,100000,83226,0,0,0,0,0,0.0,0.0,0.0
RMT_3954_DCC_Type1_OneFast,1,1.0,10.0,1.0,1.5,100000,80727,0,0,0,0,0,0.0,0.0,0.0
RMT_3954_DCC_Type1_OneFast,1,1.0,10.0,1.0,1.6,100000,78077,0,0,0,0,0,0.0,0.0,0.0
RMT_3954_DCC_Type1_OneFast,1,1.0,10.0,1.0,1.8,100000,72870,0,0,0,0,0,0.0,0.0,0.0
RMT_3954_DCC_Type1_OneFast,1,1.0,10.0,1.0,2.0,100000,67959,0,0,0,0,0,0.0,0.0,0.0
RMT_3954_DCC_Type1_OneFast,1,1.0,10.0,1.0,2.2,100000,63389,0,0,0,0,0,0.0,0.0,0.0
RMT_3954_DCC_Type1_OneFast,1,1.0,10.0,1.0,2.4,100000,59093,0,0,0,0,0,0.0,0.0,0.0
RMT_3954_DCC_Type1_OneFast,1,1.0,10.0,1.0,2.6,100000,55261,0,0,0,0,0,0.0,0.0,0.0
RMT_3954_DCC_Type1_OneFast,1,1.0,10.0,1.0,2.8,100000,51853,0,0,0,0,0,0.0,0.0,0.0
RMT_3954_DCC_Type1_OneFast,1,1.0,10.0,1.0,3.0,100000,48898,0,0,0,0,0,0.0,0.0,0.0
RMT_3954_DCC_Type1_OneFast,1,1.0,10.0,1.0,3.2,100000,46233,0,0,0,0,0,0.0,0.0,0.0
RMT_3954_DCC_Type1_OneFast,1,1.0,10.0,1.0,3.4,100000,43879,0,0,0,0,0,0.0,0.0,0.0
RMT_3954_DCC_Type1_OneFast,1,1.0,10.0,1.0,3.6,100000,41674,0,0,0,0,0,0.0,0.0,0.0
RMT_3954_DCC_Type1_OneFast,1,1.0,10.0,1.0,3.8,100000,39752,0,0,0,0,0,0.0,0.0,0.0
RMT_3954_DCC_Type1_OneFast,1,1.0,10.0,1.0,4.0,100000,38013,0,0,0,0,0,0.0,0.0,0.0
RMT_3954_DCC_Type1_OneFast,1,1.0,10.0,1.0,5.0,100000,31319,0,0,0,0,0,0.0,0.0,0.0
RMT_3954_DCC_Type1_OneFast,1,1.0,10.0,1.0,6.0,100000,26971,0,0,0,0,0,0.0,0.0,0.0
RMT_3954_DCC_Type1_OneFast,1,1.0,10.0,1.0,7.0,100000,23995,0,0,0,0,0,0.0,0.0,0.0
RMT_3954_DCC_Type1_OneFast,1,1.0,10.0,1.0,8.0,100000,21713,0,0,0,0,0,0.0,0.0,0.0
RMT_3954_DCC_Type1_OneFast,1,1.0,10.0,1.0,9.0,100000,19905,0,0,0,0,0,0.0,0.0,0.0
RMT_3954_DCC_Type1_OneFast,1,1.0,10.0,1.0,10.0,100000,18489,0,0,0,0,0,0.0,0.0,0.0
RMT_3954_DCC_Type1_Control,2,1.0,1.0,1.0,0.1,100000,100000,0,0,0,0,0,0.0,0.0,0.0
RMT_3954_DCC_Type1_Control,2,1.0,1.0,1.0,0.2,100000,100000,0,0,0,0,0,0.0,0.0,0.0
RMT_3954_DCC_Type1_Control,2,1.0,1.0,1.0,0.3,100000,100000,0,0,0,0,0,0.0,0.0,0.0
RMT_3954_DCC_Type1_Control,2,1.0,1.0,1.0,0.4,100000,99981,0,0,0,0,0,0.0,0.0,0.0
RMT_3954_DCC_Type1_Control,2,1.0,1.0,1.0,0.5,100000,99732,0,0,0,0,0,0.0,0.0,0.0
RMT_3954_DCC_Type1_Control,2,1.0,1.0,1.0,0.6,100000,98966,0,0,0,0,0,0.0,0.0,0.0
RMT_3954_DCC_Type1_Control,2,1.0,1.0,1.0,0.7,100000,97782,0,0,0,0,0,0.0,0.0,0.0
RMT_3954_DCC_Type1_Control,2,1.0,1.0,1.0,0.8,100000,96149,0,0,0,0,0,0.0,0.0,0.0
RMT_3954_DCC_Type1_Control,2,1.0,1.0,1.0,0.9,100000,94311,0,0,0,0,0,0.0,0.0,0.0
RMT_3954_DCC_Type1_Control,2,1.0,1.0,1.0,1.0,100000,92345,0,0,0,0,0,0.0,0.0,0.0
RMT_3954_DCC_Type1_Control,2,1.0,1.0,1.0,1.1,100000,90198,0,0,0,0,0,0.0,0.0,0.0
RMT_3954_DCC_Type1_Control,2,1.0,1.0,1.0,1.2,100000,88080,0,0,0,0,0,0.0,0.0,0.0
RMT_3954_DCC_Type1_Control,2,1.0,1.0,1.0,1.3,100000,85689,0,0,0,0,0,0.0,0.0,0.0
RMT_3954_DCC_Type1_Control,2,1.0,1.0,1.0,1.4,100000,83226,0,0,0,0,0,0.0,0.0,0.0
RMT_3954_DCC_Type1_Control,2,1.0,1.0,1.0,1.5,100000,80727,0,0,0,0,0,0.0,0.0,0.0
RMT_3954_DCC_Type1_Control,2,1.0,1.0,1.0,1.6,100000,78077,0,0,0,0,0,0.0,0.0,0.0
RMT_3954_DCC_Type1_Control,2,1.0,1.0,1.0,1.8,100000,72870,0,0,0,0,0,0.0,0.0,0.0
RMT_3954_DCC_Type1_Control,2,1.0,1.0,1.0,2.0,100000,67959,0,0,0,0,0,0.0,0.0,0.0
RMT_3954_DCC_Type1_Control,2,1.0,1.0,1.0,2.2,100000,63389,0,0,0,0,0,0.0,0.0,0.0
RMT_3954_DCC_Type1_Control,2,1.0,1.0,1.0,2.4,100000,59093,0,0,0,0,0,0.0,0.0,0.0
RMT_3954_DCC_Type1_Control,2,1.0,1.0,1.0,2.6,100000,55261,0,0,0,0,0,0.0,0.0,0.0
RMT_3954_DCC_Type1_Control,2,1.0,1.0,1.0,2.8,100000,51853,0,0,0,0,0,0.0,0.0,0.0
RMT_3954_DCC_Type1_Control,2,1.0,1.0,1.0,3.0,100000,48898,0,0,0,0,0,0.0,0.0,0.0
RMT_3954_DCC_Type1_Control,2,1.0,1.0,1.0,3.2,100000,46233,0,0,0,0,0,0.0,0.0,0.0
RMT_3954_DCC_Type1_Control,2,1.0,1.0,1.0,3.4,100000,43879,0,0,0,0,0,0.0,0.0,0.0
RMT_3954_DCC_Type1_Control,2,1.0,1.0,1.0,3.6,100000,41674,0,0,0,0,0,0.0,0.0,0.0
RMT_3954_DCC_Type1_Control,2,1.0,1.0,1.0,3.8,100000,39752,0,0,0,0,0,0.0,0.0,0.0
RMT_3954_DCC_Type1_Control,2,1.0,1.0,1.0,4.0,100000,38013,0,0,0,0,0,0.0,0.0,0.0
RMT_3954_DCC_Type1_Control,2,1.0,1.0,1.0,5.0,100000,31319,0,0,0,0,0,0.0,0.0,0.0
RMT_3954_DCC_Type1_Control,2,1.0,1.0,1.0,6.0,100000,26971,0,0,0,0,0,0.0,0.0,0.0
RMT_3954_DCC_Type1_Control,2,1.0,1.0,1.0,7.0,100000,23995,0,0,0,0,0,0.0,0.0,0.0
RMT_3954_DCC_Type1_Control,2,1.0,1.0,1.0,8.0,100000,21713,0,0,0,0,0,0.0,0.0,0.0
RMT_3954_DCC_Type1_Control,2,1.0,1.0,1.0,9.0,100000,19905,0,0,0,0,0,0.0,0.0,0.0
RMT_3954_DCC_Type1_Control,2,1.0,1.0,1.0,10.0,100000,18489,0,0,0,0,0,0.0,0.0,0.0
RMT_3954_DCC_Type2_Equal,3,1.0,1.0,0.0,0.1,100000,100000,0,0,0,0,0,0.0,0.0,0.0
RMT_3954_DCC_Type2_Equal,3,1.0,1.0,0.0,0.2,100000,100000,0,0,0,0,0,0.0,0.0,0.0
RMT_3954_DCC_Type2_Equal,3,1.0,1.0,0.0,0.3,100000,100000,0,0,0,0,0,0.0,0.0,0.0
RMT_3954_DCC_Type2_Equal,3,1.0,1.0,0.0,0.4,100000,99981,0,0,0,0,0,0.0,0.0,0.0
RMT_3954_DCC_Type2_Equal,3,1.0,1.0,0.0,0.5,100000,99732,0,0,0,0,0,0.0,0.0,0.0
RMT_3954_DCC_Type2_Equal,3,1.0,1.0,0.0,0.6,100000,98966,2,2,2,0,0,0.002,0.002,0.002
RMT_3954_DCC_Type2_Equal,3,1.0,1.0,0.0,0.7,100000,97782,8,8,8,0,0,0.008,0.008,0.008
RMT_3954_DCC_Type2_Equal,3,1.0,1.0,0.0,0.8,100000,96149,23,23,23,0,0,0.023,0.023,0.023
RMT_3954_DCC_Type2_Equal,3,1.0,1.0,0.0,0.9,100000,94311,65,65,65,0,0,0.065,0.065,0.065
RMT_3954_DCC_Type2_Equal,3,1.0,1.0,0.0,1.0,100000,92345,123,123,123,0,0,0.123,0.123,0.123
RMT_3954_DCC_Type2_Equal,3,1.0,1.0,0.0,1.1,100000,90198,225,225,225,0,0,0.225,0.225,0.225
RMT_3954_DCC_Type2_Equal,3,1.0,1.0,0.0,1.2,100000,88080,321,321,321,0,0,0.321,0.321,0.321
RMT_3954_DCC_Type2_Equal,3,1.0,1.0,0.0,1.3,100000,85689,434,434,434,0,0,0.434,0.434,0.434
RMT_3954_DCC_Type2_Equal,3,1.0,1.0,0.0,1.4,100000,83226,534,534,534,0,0,0.534,0.534,0.534
RMT_3954_DCC_Type2_Equal,3,1.0,1.0,0.0,1.5,100000,80727,677,677,677,0,0,0.677,0.677,0.677
RMT_3954_DCC_Type2_Equal,3,1.0,1.0,0.0,1.6,100000,78077,784,784,784,0,0,0.784,0.784,0.784
RMT_3954_DCC_Type2_Equal,3,1.0,1.0,0.0,1.8,100000,72870,966,966,966,0,0,0.966,0.966,0.966
RMT_3954_DCC_Type2_Equal,3,1.0,1.0,0.0,2.0,100000,67959,1129,1129,1129,0,0,1.129,1.129,1.129
RMT_3954_DCC_Type2_Equal,3,1.0,1.0,0.0,2.2,100000,63389,1350,1350,1350,0,0,1.35,1.35,1.35
RMT_3954_DCC_Type2_Equal,3,1.0,1.0,0.0,2.4,100000,59093,1501,1501,1501,0,0,1.501,1.501,1.501
RMT_3954_DCC_Type2_Equal,3,1.0,1.0,0.0,2.6,100000,55261,1617,1617,1617,0,0,1.617,1.617,1.617
RMT_3954_DCC_Type2_Equal,3,1.0,1.0,0.0,2.8,100000,51853,1728,1728,1728,0,0,1.728,1.728,1.728
RMT_3954_DCC_Type2_Equal,3,1.0,1.0,0.0,3.0,100000,48898,1882,1882,1882,0,0,1.882,1.882,1.882
RMT_3954_DCC_Type2_Equal,3,1.0,1.0,0.0,3.2,100000,46233,1999,1999,1999,0,0,1.999,1.999,1.999
RMT_3954_DCC_Type2_Equal,3,1.0,1.0,0.0,3.4,100000,43879,2064,2064,2064,0,0,2.064,2.064,2.064
RMT_3954_DCC_Type2_Equal,3,1.0,1.0,0.0,3.6,100000,41674,2160,2160,2160,0,0,2.16,2.16,2.16
RMT_3954_DCC_Type2_Equal,3,1.0,1.0,0.0,3.8,100000,39752,2225,2225,2225,0,0,2.225,2.225,2.225
RMT_3954_DCC_Type2_Equal,3,1.0,1.0,0.0,4.0,100000,38013,2293,2293,2293,0,0,2.293,2.293,2.293
RMT_3954_DCC_Type2_Equal,3,1.0,1.0,0.0,5.0,100000,31319,2561,2561,2561,0,0,2.561,2.561,2.561
RMT_3954_DCC_Type2_Equal,3,1.0,1.0,0.0,6.0,100000,26971,2837,2837,2837,0,0,2.837,2.837,2.837
RMT_3954_DCC_Type2_Equal,3,1.0,1.0,0.0,7.0,100000,23995,3014,3014,3014,0,0,3.014,3.014,3.014
RMT_3954_DCC_Type2_Equal,3,1.0,1.0,0.0,8.0,100000,21713,3107,3107,3107,0,0,3.107,3.107,3.107
RMT_3954_DCC_Type2_Equal,3,1.0,1.0,0.0,9.0,100000,19905,3201,3201,3201,0,0,3.201,3.201,3.201
RMT_3954_DCC_Type2_Equal,3,1.0,1.0,0.0,10.0,100000,18489,3302,3302,3302,0,0,3.302,3.302,3.302
RMT_3954_DCC_Type2_Unequal1,4,1.0,0.1,0.0,0.1,100000,100000,0,0,0,0,0,0.0,0.0,0.0
RMT_3954_DCC_Type2_Unequal1,4,1.0,0.1,0.0,0.2,100000,100000,0,0,0,0,0,0.0,0.0,0.0
RMT_3954_DCC_Type2_Unequal1,4,1.0,0.1,0.0,0.3,100000,100000,0,0,0,0,0,0.0,0.0,0.0
RMT_3954_DCC_Type2_Unequal1,4,1.0,0.1,0.0,0.4,100000,99981,3,3,3,0,0,0.003,0.003,0.003
RMT_3954_DCC_Type2_Unequal1,4,1.0,0.1,0.0,0.5,100000,99732,38,38,38,0,0,0.038,0.038,0.038
RMT_3954_DCC_Type2_Unequal1,4,1.0,0.1,0.0,0.6,100000,98966,200,200,200,0,0,0.2,0.2,0.2
RMT_3954_DCC_Type2_Unequal1,4,1.0,0.1,0.0,0.7,100000,97782,594,594,594,0,0,0.594,0.594,0.594
RMT_3954_DCC_Type2_Unequal1,4,1.0,0.1,0.0,0.8,100000,96149,1360,1360,1360,0,0,1.36,1.36,1.36
RMT_3954_DCC_Type2_Unequal1,4,1.0,0.1,0.0,0.9,100000,94311,2438,2438,2438,0,0,2.438,2.438,2.438
RMT_3954_DCC_Type2_Unequal1,4,1.0,0.1,0.0,1.0,100000,92345,3630,3630,3630,0,0,3.63,3.63,3.63
RMT_3954_DCC_Type2_Unequal1,4,1.0,0.1,0.0,1.1,100000,90198,4867,4867,4867,0,0,4.867,4.867,4.867
RMT_3954_DCC_Type2_Unequal1,4,1.0,0.1,0.0,1.2,100000,88080,6123,6123,6123,0,0,6.123,6.123,6.123
RMT_3954_DCC_Type2_Unequal1,4,1.0,0.1,0.0,1.3,100000,85689,7149,7149,7149,0,0,7.149,7.149,7.149
RMT_3954_DCC_Type2_Unequal1,4,1.0,0.1,0.0,1.4,100000,83226,8094,8094,8094,0,0,8.094,8.094,8.094
RMT_3954_DCC_Type2_Unequal1,4,1.0,0.1,0.0,1.5,100000,80727,8903,8903,8903,0,0,8.903,8.903,8.903
RMT_3954_DCC_Type2_Unequal1,4,1.0,0.1,0.0,1.6,100000,78077,9473,9473,9473,0,0,9.473,9.473,9.473
RMT_3954_DCC_Type2_Unequal1,4,1.0,0.1,0.0,1.8,100000,72870,10429,10429,10429,0,0,10.429,10.429,10.429
RMT_3954_DCC_Type2_Unequal1,4,1.0,0.1,0.0,2.0,100000,67959,10980,10980,10980,0,0,10.98,10.98,10.98
RMT_3954_DCC_Type2_Unequal1,4,1.0,0.1,0.0,2.2,100000,63389,11309,11309,11309,0,0,11.309,11.309,11.309
RMT_3954_DCC_Type2_Unequal1,4,1.0,0.1,0.0,2.4,100000,59093,11486,11486,11486,0,0,11.486,11.486,11.486
RMT_3954_DCC_Type2_Unequal1,4,1.0,0.1,0.0,2.6,100000,55261,11575,11575,11575,0,0,11.575,11.575,11.575
RMT_3954_DCC_Type2_Unequal1,4,1.0,0.1,0.0,2.8,100000,51853,11607,11607,11607,0,0,11.607,11.607,11.607
RMT_3954_DCC_Type2_Unequal1,4,1.0,0.1,0.0,3.0,100000,48898,11587,11587,11587,0,0,11.587,11.587,11.587
RMT_3954_DCC_Type2_Unequal1,4,1.0,0.1,0.0,3.2,100000,46233,11548,11548,11548,0,0,11.548,11.548,11.548
RMT_3954_DCC_Type2_Unequal1,4,1.0,0.1,0.0,3.4,100000,43879,11416,11416,11416,0,0,11.416,11.416,11.416
RMT_3954_DCC_Type2_Unequal1,4,1.0,0.1,0.0,3.6,100000,41674,11350,11350,11350,0,0,11.35,11.35,11.35
RMT_3954_DCC_Type2_Unequal1,4,1.0,0.1,0.0,3.8,100000,39752,11283,11283,11283,0,0,11.283,11.283,11.283
RMT_3954_DCC_Type2_Unequal1,4,1.0,0.1,0.0,4.0,100000,38013,11161,11161,11161,0,0,11.161,11.161,11.161
RMT_3954_DCC_Type2_Unequal1,4,1.0,0.1,0.0,5.0,100000,31319,10604,10604,10604,0,0,10.604,10.604,10.604
RMT_3954_DCC_Type2_Unequal1,4,1.0,0.1,0.0,6.0,100000,26971,10130,10130,10130,0,0,10.13,10.13,10.13
RMT_3954_DCC_Type2_Unequal1,4,1.0,0.1,0.0,7.0,100000,23995,9793,9793,9792,1,0,9.793,9.793,9.792
RMT_3954_DCC_Type2_Unequal1,4,1.0,0.1,0.0,8.0,100000,21713,9457,9457,9455,2,0,9.457,9.457,9.455
RMT_3954_DCC_Type2_Unequal1,4,1.0,0.1,0.0,9.0,100000,19905,9103,9103,9100,3,0,9.103,9.103,9.1
RMT_3954_DCC_Type2_Unequal1,4,1.0,0.1,0.0,10.0,100000,18489,8874,8874,8854,20,0,8.874,8.874,8.854
RMT_3954_DCC_Type2_Unequal2,5,10.0,1.0,0.0,0.1,100000,100000,0,0,0,0,0,0.0,0.0,0.0
RMT_3954_DCC_Type2_Unequal2,5,10.0,1.0,0.0,0.2,100000,100000,0,0,0,0,0,0.0,0.0,0.0
RMT_3954_DCC_Type2_Unequal2,5,10.0,1.0,0.0,0.3,100000,100000,0,0,0,0,0,0.0,0.0,0.0
RMT_3954_DCC_Type2_Unequal2,5,10.0,1.0,0.0,0.4,100000,99981,2,2,2,0,0,0.002,0.002,0.002
RMT_3954_DCC_Type2_Unequal2,5,10.0,1.0,0.0,0.5,100000,99732,38,38,38,0,0,0.038,0.038,0.038
RMT_3954_DCC_Type2_Unequal2,5,10.0,1.0,0.0,0.6,100000,98966,198,198,198,0,0,0.198,0.198,0.198
RMT_3954_DCC_Type2_Unequal2,5,10.0,1.0,0.0,0.7,100000,97782,590,590,590,0,0,0.59,0.59,0.59
RMT_3954_DCC_Type2_Unequal2,5,10.0,1.0,0.0,0.8,100000,96149,1347,1347,1347,0,0,1.347,1.347,1.347
RMT_3954_DCC_Type2_Unequal2,5,10.0,1.0,0.0,0.9,100000,94311,2420,2420,2420,0,0,2.42,2.42,2.42
RMT_3954_DCC_Type2_Unequal2,5,10.0,1.0,0.0,1.0,100000,92345,3616,3616,3616,0,0,3.616,3.616,3.616
RMT_3954_DCC_Type2_Unequal2,5,10.0,1.0,0.0,1.1,100000,90198,4830,4830,4830,0,0,4.83,4.83,4.83
RMT_3954_DCC_Type2_Unequal2,5,10.0,1.0,0.0,1.2,100000,88080,6101,6101,6101,0,0,6.101,6.101,6.101
RMT_3954_DCC_Type2_Unequal2,5,10.0,1.0,0.0,1.3,100000,85689,7125,7125,7125,0,0,7.125,7.125,7.125
RMT_3954_DCC_Type2_Unequal2,5,10.0,1.0,0.0,1.4,100000,83226,8061,8061,8061,0,0,8.061,8.061,8.061
RMT_3954_DCC_Type2_Unequal2,5,10.0,1.0,0.0,1.5,100000,80727,8875,8875,8875,0,0,8.875,8.875,8.875
RMT_3954_DCC_Type2_Unequal2,5,10.0,1.0,0.0,1.6,100000,78077,9441,9441,9441,0,0,9.441,9.441,9.441
RMT_3954_DCC_Type2_Unequal2,5,10.0,1.0,0.0,1.8,100000,72870,10401,10401,10401,0,0,10.401,10.401,10.401
RMT_3954_DCC_Type2_Unequal2,5,10.0,1.0,0.0,2.0,100000,67959,10955,10955,10955,0,0,10.955,10.955,10.955
RMT_3954_DCC_Type2_Unequal2,5,10.0,1.0,0.0,2.2,100000,63389,11291,11291,11291,0,0,11.291,11.291,11.291
RMT_3954_DCC_Type2_Unequal2,5,10.0,1.0,0.0,2.4,100000,59093,11462,11462,11462,0,0,11.462,11.462,11.462
RMT_3954_DCC_Type2_Unequal2,5,10.0,1.0,0.0,2.6,100000,55261,11542,11542,11542,0,0,11.542,11.542,11.542
RMT_3954_DCC_Type2_Unequal2,5,10.0,1.0,0.0,2.8,100000,51853,11583,11583,11583,0,0,11.583,11.583,11.583
RMT_3954_DCC_Type2_Unequal2,5,10.0,1.0,0.0,3.0,100000,48898,11572,11572,11572,0,0,11.572,11.572,11.572
RMT_3954_DCC_Type2_Unequal2,5,10.0,1.0,0.0,3.2,100000,46233,11536,11536,11536,0,0,11.536,11.536,11.536
RMT_3954_DCC_Type2_Unequal2,5,10.0,1.0,0.0,3.4,100000,43879,11399,11399,11399,0,0,11.399,11.399,11.399
RMT_3954_DCC_Type2_Unequal2,5,10.0,1.0,0.0,3.6,100000,41674,11336,11336,11336,0,0,11.336,11.336,11.336
RMT_3954_DCC_Type2_Unequal2,5,10.0,1.0,0.0,3.8,100000,39752,11276,11276,11276,0,0,11.276,11.276,11.276
RMT_3954_DCC_Type2_Unequal2,5,10.0,1.0,0.0,4.0,100000,38013,11150,11150,11150,0,0,11.15,11.15,11.15
RMT_3954_DCC_Type2_Unequal2,5,10.0,1.0,0.0,5.0,100000,31319,10595,10595,10595,0,0,10.595,10.595,10.595
RMT_3954_DCC_Type2_Unequal2,5,10.0,1.0,0.0,6.0,100000,26971,10125,10125,10125,0,0,10.125,10.125,10.125
RMT_3954_DCC_Type2_Unequal2,5,10.0,1.0,0.0,7.0,100000,23995,9789,9789,9789,0,0,9.789,9.789,9.789
RMT_3954_DCC_Type2_Unequal2,5,10.0,1.0,0.0,8.0,100000,21713,9451,9451,9451,0,0,9.451,9.451,9.451
RMT_3954_DCC_Type2_Unequal2,5,10.0,1.0,0.0,9.0,100000,19905,9100,9100,9100,0,0,9.1,9.1,9.1
RMT_3954_DCC_Type2_Unequal2,5,10.0,1.0,0.0,10.0,100000,18489,8872,8872,8872,0,0,8.872,8.872,8.872
RMT_3954_DCC_Type2_Limit,6,0.1,0.1,0.0,0.1,100000,100000,0,0,0,0,0,0.0,0.0,0.0
RMT_3954_DCC_Type2_Limit,6,0.1,0.1,0.0,0.2,100000,100000,0,0,0,0,0,0.0,0.0,0.0
RMT_3954_DCC_Type2_Limit,6,0.1,0.1,0.0,0.3,100000,100000,0,0,0,0,0,0.0,0.0,0.0
RMT_3954_DCC_Type2_Limit,6,0.1,0.1,0.0,0.4,100000,99981,0,0,0,0,0,0.0,0.0,0.0
RMT_3954_DCC_Type2_Limit,6,0.1,0.1,0.0,0.5,100000,99732,0,0,0,0,0,0.0,0.0,0.0
RMT_3954_DCC_Type2_Limit,6,0.1,0.1,0.0,0.6,100000,98966,2,2,2,0,0,0.002,0.002,0.002
RMT_3954_DCC_Type2_Limit,6,0.1,0.1,0.0,0.7,100000,97782,8,8,8,0,0,0.008,0.008,0.008
RMT_3954_DCC_Type2_Limit,6,0.1,0.1,0.0,0.8,100000,96149,24,24,24,0,0,0.024,0.024,0.024
RMT_3954_DCC_Type2_Limit,6,0.1,0.1,0.0,0.9,100000,94311,65,65,65,0,0,0.065,0.065,0.065
RMT_3954_DCC_Type2_Limit,6,0.1,0.1,0.0,1.0,100000,92345,124,124,124,0,0,0.124,0.124,0.124
RMT_3954_DCC_Type2_Limit,6,0.1,0.1,0.0,1.1,100000,90198,226,226,226,0,0,0.226,0.226,0.226
RMT_3954_DCC_Type2_Limit,6,0.1,0.1,0.0,1.2,100000,88080,324,324,324,0,0,0.324,0.324,0.324
RMT_3954_DCC_Type2_Limit,6,0.1,0.1,0.0,1.3,100000,85689,436,436,436,0,0,0.436,0.436,0.436
RMT_3954_DCC_Type2_Limit,6,0.1,0.1,0.0,1.4,100000,83226,536,536,536,0,0,0.536,0.536,0.536
RMT_3954_DCC_Type2_Limit,6,0.1,0.1,0.0,1.5,100000,80727,681,681,681,0,0,0.681,0.681,0.681
RMT_3954_DCC_Type2_Limit,6,0.1,0.1,0.0,1.6,100000,78077,787,787,787,0,0,0.787,0.787,0.787
RMT_3954_DCC_Type2_Limit,6,0.1,0.1,0.0,1.8,100000,72870,972,972,972,0,0,0.972,0.972,0.972
RMT_3954_DCC_Type2_Limit,6,0.1,0.1,0.0,2.0,100000,67959,1129,1129,1129,0,0,1.129,1.129,1.129
RMT_3954_DCC_Type2_Limit,6,0.1,0.1,0.0,2.2,100000,63389,1355,1355,1355,0,0,1.355,1.355,1.355
RMT_3954_DCC_Type2_Limit,6,0.1,0.1,0.0,2.4,100000,59093,1503,1503,1503,0,0,1.503,1.503,1.503
RMT_3954_DCC_Type2_Limit,6,0.1,0.1,0.0,2.6,100000,55261,1618,1618,1618,0,0,1.618,1.618,1.618
RMT_3954_DCC_Type2_Limit,6,0.1,0.1,0.0,2.8,100000,51853,1729,1729,1729,0,0,1.729,1.729,1.729
RMT_3954_DCC_Type2_Limit,6,0.1,0.1,0.0,3.0,100000,48898,1884,1884,1883,1,0,1.884,1.884,1.883
RMT_3954_DCC_Type2_Limit,6,0.1,0.1,0.0,3.2,100000,46233,2000,2000,1999,1,0,2.0,2.0,1.999
RMT_3954_DCC_Type2_Limit,6,0.1,0.1,0.0,3.4,100000,43879,2068,2068,2065,3,0,2.068,2.068,2.065
RMT_3954_DCC_Type2_Limit,6,0.1,0.1,0.0,3.6,100000,41674,2164,2164,2160,4,0,2.164,2.164,2.16
RMT_3954_DCC_Type2_Limit,6,0.1,0.1,0.0,3.8,100000,39752,2226,2226,2219,7,0,2.226,2.226,2.219
RMT_3954_DCC_Type2_Limit,6,0.1,0.1,0.0,4.0,100000,38013,2295,2295,2283,12,0,2.295,2.295,2.283
RMT_3954_DCC_Type2_Limit,6,0.1,0.1,0.0,5.0,100000,31319,2555,2555,2488,67,0,2.555,2.555,2.488
RMT_3954_DCC_Type2_Limit,6,0.1,0.1,0.0,6.0,100000,26971,2816,2816,2602,214,0,2.816,2.816,2.602
RMT_3954_DCC_Type2_Limit,6,0.1,0.1,0.0,7.0,100000,23995,2969,2969,2493,476,0,2.969,2.969,2.493
RMT_3954_DCC_Type2_Limit,6,0.1,0.1,0.0,8.0,100000,21713,3010,3010,2251,759,0,3.01,3.01,2.251
RMT_3954_DCC_Type2_Limit,6,0.1,0.1,0.0,9.0,100000,19905,3065,3065,2025,1040,0,3.065,3.065,2.025
RMT_3954_DCC_Type2_Limit,6,0.1,0.1,0.0,10.0,100000,18489,3076,3076,1815,1261,0,3.076,3.076,1.815
RMT_3954_DCC_Type3_Equal,7,0.0,1.0,1.0,0.1,100000,100000,0,0,0,0,0,0.0,0.0,0.0
RMT_3954_DCC_Type3_Equal,7,0.0,1.0,1.0,0.2,100000,100000,0,0,0,0,0,0.0,0.0,0.0
RMT_3954_DCC_Type3_Equal,7,0.0,1.0,1.0,0.3,100000,100000,0,0,0,0,0,0.0,0.0,0.0
RMT_3954_DCC_Type3_Equal,7,0.0,1.0,1.0,0.4,100000,99981,0,0,0,0,0,0.0,0.0,0.0
RMT_3954_DCC_Type3_Equal,7,0.0,1.0,1.0,0.5,100000,99732,0,0,0,0,0,0.0,0.0,0.0
RMT_3954_DCC_Type3_Equal,7,0.0,1.0,1.0,0.6,100000,98966,0,0,0,0,0,0.0,0.0,0.0
RMT_3954_DCC_Type3_Equal,7,0.0,1.0,1.0,0.7,100000,97782,0,0,0,0,0,0.0,0.0,0.0
RMT_3954_DCC_Type3_Equal,7,0.0,1.0,1.0,0.8,100000,96149,0,0,0,0,0,0.0,0.0,0.0
RMT_3954_DCC_Type3_Equal,7,0.0,1.0,1.0,0.9,100000,94311,0,0,0,0,0,0.0,0.0,0.0
RMT_3954_DCC_Type3_Equal,7,0.0,1.0,1.0,1.0,100000,92345,0,0,0,0,0,0.0,0.0,0.0
RMT_3954_DCC_Type3_Equal,7,0.0,1.0,1.0,1.1,100000,90198,0,0,0,0,0,0.0,0.0,0.0
RMT_3954_DCC_Type3_Equal,7,0.0,1.0,1.0,1.2,100000,88080,0,0,0,0,0,0.0,0.0,0.0
RMT_3954_DCC_Type3_Equal,7,0.0,1.0,1.0,1.3,100000,85689,0,0,0,0,0,0.0,0.0,0.0
RMT_3954_DCC_Type3_Equal,7,0.0,1.0,1.0,1.4,100000,83226,0,0,0,0,0,0.0,0.0,0.0
RMT_3954_DCC_Type3_Equal,7,0.0,1.0,1.0,1.5,100000,80727,0,0,0,0,0,0.0,0.0,0.0
RMT_3954_DCC_Type3_Equal,7,0.0,1.0,1.0,1.6,100000,78077,0,0,0,0,0,0.0,0.0,0.0
RMT_3954_DCC_Type3_Equal,7,0.0,1.0,1.0,1.8,100000,72870,0,0,0,0,0,0.0,0.0,0.0
RMT_3954_DCC_Type3_Equal,7,0.0,1.0,1.0,2.0,100000,67959,0,0,0,0,0,0.0,0.0,0.0
RMT_3954_DCC_Type3_Equal,7,0.0,1.0,1.0,2.2,100000,63389,0,0,0,0,0,0.0,0.0,0.0
RMT_3954_DCC_Type3_Equal,7,0.0,1.0,1.0,2.4,100000,59093,0,1,0,0,1,0.0,0.001,0.0
RMT_3954_DCC_Type3_Equal,7,0.0,1.0,1.0,2.6,100000,55261,0,1,0,0,1,0.0,0.001,0.0
RMT_3954_DCC_Type3_Equal,7,0.0,1.0,1.0,2.8,100000,51853,0,1,0,0,1,0.0,0.001,0.0
RMT_3954_DCC_Type3_Equal,7,0.0,1.0,1.0,3.0,100000,48898,0,0,0,0,0,0.0,0.0,0.0
RMT_3954_DCC_Type3_Equal,7,0.0,1.0,1.0,3.2,100000,46233,0,1,0,0,1,0.0,0.001,0.0
RMT_3954_DCC_Type3_Equal,7,0.0,1.0,1.0,3.4,100000,43879,0,5,0,0,5,0.0,0.005,0.0
RMT_3954_DCC_Type3_Equal,7,0.0,1.0,1.0,3.6,100000,41674,0,4,0,0,4,0.0,0.004,0.0
RMT_3954_DCC_Type3_Equal,7,0.0,1.0,1.0,3.8,100000,39752,0,7,0,0,7,0.0,0.007,0.0
RMT_3954_DCC_Type3_Equal,7,0.0,1.0,1.0,4.0,100000,38013,0,9,0,0,9,0.0,0.009,0.0
RMT_3954_DCC_Type3_Equal,7,0.0,1.0,1.0,5.0,100000,31319,0,42,0,0,42,0.0,0.042,0.0
RMT_3954_DCC_Type3_Equal,7,0.0,1.0,1.0,6.0,100000,26971,0,53,0,0,53,0.0,0.053,0.0
RMT_3954_DCC_Type3_Equal,7,0.0,1.0,1.0,7.0,100000,23995,0,95,0,0,95,0.0,0.095,0.0
RMT_3954_DCC_Type3_Equal,7,0.0,1.0,1.0,8.0,100000,21713,0,118,0,0,118,0.0,0.118,0.0
RMT_3954_DCC_Type3_Equal,7,0.0,1.0,1.0,9.0,100000,19905,0,145,0,0,145,0.0,0.145,0.0
RMT_3954_DCC_Type3_Equal,7,0.0,1.0,1.0,10.0,100000,18489,0,158,0,0,158,0.0,0.158,0.0
RMT_3954_DCC_Type3_Unequal1,8,0.0,0.1,1.0,0.1,100000,100000,0,0,0,0,0,0.0,0.0,0.0
RMT_3954_DCC_Type3_Unequal1,8,0.0,0.1,1.0,0.2,100000,100000,0,0,0,0,0,0.0,0.0,0.0
RMT_3954_DCC_Type3_Unequal1,8,0.0,0.1,1.0,0.3,100000,100000,0,0,0,0,0,0.0,0.0,0.0
RMT_3954_DCC_Type3_Unequal1,8,0.0,0.1,1.0,0.4,100000,99981,0,0,0,0,0,0.0,0.0,0.0
RMT_3954_DCC_Type3_Unequal1,8,0.0,0.1,1.0,0.5,100000,99732,0,0,0,0,0,0.0,0.0,0.0
RMT_3954_DCC_Type3_Unequal1,8,0.0,0.1,1.0,0.6,100000,98966,0,0,0,0,0,0.0,0.0,0.0
RMT_3954_DCC_Type3_Unequal1,8,0.0,0.1,1.0,0.7,100000,97782,0,0,0,0,0,0.0,0.0,0.0
RMT_3954_DCC_Type3_Unequal1,8,0.0,0.1,1.0,0.8,100000,96149,0,0,0,0,0,0.0,0.0,0.0
RMT_3954_DCC_Type3_Unequal1,8,0.0,0.1,1.0,0.9,100000,94311,0,0,0,0,0,0.0,0.0,0.0
RMT_3954_DCC_Type3_Unequal1,8,0.0,0.1,1.0,1.0,100000,92345,0,0,0,0,0,0.0,0.0,0.0
RMT_3954_DCC_Type3_Unequal1,8,0.0,0.1,1.0,1.1,100000,90198,0,0,0,0,0,0.0,0.0,0.0
RMT_3954_DCC_Type3_Unequal1,8,0.0,0.1,1.0,1.2,100000,88080,0,0,0,0,0,0.0,0.0,0.0
RMT_3954_DCC_Type3_Unequal1,8,0.0,0.1,1.0,1.3,100000,85689,0,0,0,0,0,0.0,0.0,0.0
RMT_3954_DCC_Type3_Unequal1,8,0.0,0.1,1.0,1.4,100000,83226,0,0,0,0,0,0.0,0.0,0.0
RMT_3954_DCC_Type3_Unequal1,8,0.0,0.1,1.0,1.5,100000,80727,0,0,0,0,0,0.0,0.0,0.0
RMT_3954_DCC_Type3_Unequal1,8,0.0,0.1,1.0,1.6,100000,78077,0,0,0,0,0,0.0,0.0,0.0
RMT_3954_DCC_Type3_Unequal1,8,0.0,0.1,1.0,1.8,100000,72870,0,1,0,0,1,0.0,0.001,0.0
RMT_3954_DCC_Type3_Unequal1,8,0.0,0.1,1.0,2.0,100000,67959,0,4,0,0,4,0.0,0.004,0.0
RMT_3954_DCC_Type3_Unequal1,8,0.0,0.1,1.0,2.2,100000,63389,0,11,0,0,11,0.0,0.011,0.0
RMT_3954_DCC_Type3_Unequal1,8,0.0,0.1,1.0,2.4,100000,59093,0,28,0,0,28,0.0,0.028,0.0
RMT_3954_DCC_Type3_Unequal1,8,0.0,0.1,1.0,2.6,100000,55261,0,36,0,0,36,0.0,0.036,0.0
RMT_3954_DCC_Type3_Unequal1,8,0.0,0.1,1.0,2.8,100000,51853,0,41,0,0,41,0.0,0.041,0.0
RMT_3954_DCC_Type3_Unequal1,8,0.0,0.1,1.0,3.0,100000,48898,0,81,0,0,81,0.0,0.081,0.0
RMT_3954_DCC_Type3_Unequal1,8,0.0,0.1,1.0,3.2,100000,46233,0,105,0,0,105,0.0,0.105,0.0
RMT_3954_DCC_Type3_Unequal1,8,0.0,0.1,1.0,3.4,100000,43879,0,130,0,0,130,0.0,0.13,0.0
RMT_3954_DCC_Type3_Unequal1,8,0.0,0.1,1.0,3.6,100000,41674,0,182,0,0,182,0.0,0.182,0.0
RMT_3954_DCC_Type3_Unequal1,8,0.0,0.1,1.0,3.8,100000,39752,0,240,0,0,240,0.0,0.24,0.0
RMT_3954_DCC_Type3_Unequal1,8,0.0,0.1,1.0,4.0,100000,38013,0,296,0,0,296,0.0,0.296,0.0
RMT_3954_DCC_Type3_Unequal1,8,0.0,0.1,1.0,5.0,100000,31319,0,547,0,0,547,0.0,0.547,0.0
RMT_3954_DCC_Type3_Unequal1,8,0.0,0.1,1.0,6.0,100000,26971,0,805,0,0,805,0.0,0.805,0.0
RMT_3954_DCC_Type3_Unequal1,8,0.0,0.1,1.0,7.0,100000,23995,0,1056,0,0,1056,0.0,1.056,0.0
RMT_3954_DCC_Type3_Unequal1,8,0.0,0.1,1.0,8.0,100000,21713,0,1218,0,0,1218,0.0,1.218,0.0
RMT_3954_DCC_Type3_Unequal1,8,0.0,0.1,1.0,9.0,100000,19905,0,1333,0,0,1333,0.0,1.333,0.0
RMT_3954_DCC_Type3_Unequal1,8,0.0,0.1,1.0,10.0,100000,18489,0,1413,0,0,1413,0.0,1.413,0.0
RMT_3954_DCC_Type3_Unequal2,9,0.0,1.0,10.0,0.1,100000,100000,0,0,0,0,0,0.0,0.0,0.0
RMT_3954_DCC_Type3_Unequal2,9,0.0,1.0,10.0,0.2,100000,100000,0,0,0,0,0,0.0,0.0,0.0
RMT_3954_DCC_Type3_Unequal2,9,0.0,1.0,10.0,0.3,100000,100000,0,0,0,0,0,0.0,0.0,0.0
RMT_3954_DCC_Type3_Unequal2,9,0.0,1.0,10.0,0.4,100000,99981,0,0,0,0,0,0.0,0.0,0.0
RMT_3954_DCC_Type3_Unequal2,9,0.0,1.0,10.0,0.5,100000,99732,0,0,0,0,0,0.0,0.0,0.0
RMT_3954_DCC_Type3_Unequal2,9,0.0,1.0,10.0,0.6,100000,98966,0,0,0,0,0,0.0,0.0,0.0
RMT_3954_DCC_Type3_Unequal2,9,0.0,1.0,10.0,0.7,100000,97782,0,0,0,0,0,0.0,0.0,0.0
RMT_3954_DCC_Type3_Unequal2,9,0.0,1.0,10.0,0.8,100000,96149,0,0,0,0,0,0.0,0.0,0.0
RMT_3954_DCC_Type3_Unequal2,9,0.0,1.0,10.0,0.9,100000,94311,0,0,0,0,0,0.0,0.0,0.0
RMT_3954_DCC_Type3_Unequal2,9,0.0,1.0,10.0,1.0,100000,92345,0,0,0,0,0,0.0,0.0,0.0
RMT_3954_DCC_Type3_Unequal2,9,0.0,1.0,10.0,1.1,100000,90198,0,0,0,0,0,0.0,0.0,0.0
RMT_3954_DCC_Type3_Unequal2,9,0.0,1.0,10.0,1.2,100000,88080,0,0,0,0,0,0.0,0.0,0.0
RMT_3954_DCC_Type3_Unequal2,9,0.0,1.0,10.0,1.3,100000,85689,0,0,0,0,0,0.0,0.0,0.0
RMT_3954_DCC_Type3_Unequal2,9,0.0,1.0,10.0,1.4,100000,83226,0,0,0,0,0,0.0,0.0,0.0
RMT_3954_DCC_Type3_Unequal2,9,0.0,1.0,10.0,1.5,100000,80727,0,0,0,0,0,0.0,0.0,0.0
RMT_3954_DCC_Type3_Unequal2,9,0.0,1.0,10.0,1.6,100000,78077,0,0,0,0,0,0.0,0.0,0.0
RMT_3954_DCC_Type3_Unequal2,9,0.0,1.0,10.0,1.8,100000,72870,0,1,0,0,1,0.0,0.001,0.0
RMT_3954_DCC_Type3_Unequal2,9,0.0,1.0,10.0,2.0,100000,67959,0,4,0,0,4,0.0,0.004,0.0
RMT_3954_DCC_Type3_Unequal2,9,0.0,1.0,10.0,2.2,100000,63389,0,10,0,0,10,0.0,0.01,0.0
RMT_3954_DCC_Type3_Unequal2,9,0.0,1.0,10.0,2.4,100000,59093,0,28,0,0,28,0.0,0.028,0.0
RMT_3954_DCC_Type3_Unequal2,9,0.0,1.0,10.0,2.6,100000,55261,0,36,0,0,36,0.0,0.036,0.0
RMT_3954_DCC_Type3_Unequal2,9,0.0,1.0,10.0,2.8,100000,51853,0,38,0,0,38,0.0,0.038,0.0
RMT_3954_DCC_Type3_Unequal2,9,0.0,1.0,10.0,3.0,100000,48898,0,79,0,0,79,0.0,0.079,0.0
RMT_3954_DCC_Type3_Unequal2,9,0.0,1.0,10.0,3.2,100000,46233,0,104,0,0,104,0.0,0.104,0.0
RMT_3954_DCC_Type3_Unequal2,9,0.0,1.0,10.0,3.4,100000,43879,0,128,0,0,128,0.0,0.128,0.0
RMT_3954_DCC_Type3_Unequal2,9,0.0,1.0,10.0,3.6,100000,41674,0,178,0,0,178,0.0,0.178,0.0
RMT_3954_DCC_Type3_Unequal2,9,0.0,1.0,10.0,3.8,100000,39752,0,237,0,0,237,0.0,0.237,0.0
RMT_3954_DCC_Type3_Unequal2,9,0.0,1.0,10.0,4.0,100000,38013,0,293,0,0,293,0.0,0.293,0.0
RMT_3954_DCC_Type3_Unequal2,9,0.0,1.0,10.0,5.0,100000,31319,0,547,0,0,547,0.0,0.547,0.0
RMT_3954_DCC_Type3_Unequal2,9,0.0,1.0,10.0,6.0,100000,26971,0,795,0,0,795,0.0,0.795,0.0
RMT_3954_DCC_Type3_Unequal2,9,0.0,1.0,10.0,7.0,100000,23995,0,1045,0,0,1045,0.0,1.045,0.0
RMT_3954_DCC_Type3_Unequal2,9,0.0,1.0,10.0,8.0,100000,21713,0,1209,0,0,1209,0.0,1.209,0.0
RMT_3954_DCC_Type3_Unequal2,9,0.0,1.0,10.0,9.0,100000,19905,0,1324,0,0,1324,0.0,1.324,0.0
RMT_3954_DCC_Type3_Unequal2,9,0.0,1.0,10.0,10.0,100000,18489,0,1404,0,0,1404,0.0,1.404,0.0
RMT_3954_DCC_Type3_Limit,10,0.0,0.1,0.1,0.1,100000,100000,0,0,0,0,0,0.0,0.0,0.0
RMT_3954_DCC_Type3_Limit,10,0.0,0.1,0.1,0.2,100000,100000,0,0,0,0,0,0.0,0.0,0.0
RMT_3954_DCC_Type3_Limit,10,0.0,0.1,0.1,0.3,100000,100000,0,0,0,0,0,0.0,0.0,0.0
RMT_3954_DCC_Type3_Limit,10,0.0,0.1,0.1,0.4,100000,99981,0,0,0,0,0,0.0,0.0,0.0
RMT_3954_DCC_Type3_Limit,10,0.0,0.1,0.1,0.5,100000,99732,0,0,0,0,0,0.0,0.0,0.0
RMT_3954_DCC_Type3_Limit,10,0.0,0.1,0.1,0.6,100000,98966,0,0,0,0,0,0.0,0.0,0.0
RMT_3954_DCC_Type3_Limit,10,0.0,0.1,0.1,0.7,100000,97782,0,0,0,0,0,0.0,0.0,0.0
RMT_3954_DCC_Type3_Limit,10,0.0,0.1,0.1,0.8,100000,96149,0,0,0,0,0,0.0,0.0,0.0
RMT_3954_DCC_Type3_Limit,10,0.0,0.1,0.1,0.9,100000,94311,0,0,0,0,0,0.0,0.0,0.0
RMT_3954_DCC_Type3_Limit,10,0.0,0.1,0.1,1.0,100000,92345,0,0,0,0,0,0.0,0.0,0.0
RMT_3954_DCC_Type3_Limit,10,0.0,0.1,0.1,1.1,100000,90198,0,0,0,0,0,0.0,0.0,0.0
RMT_3954_DCC_Type3_Limit,10,0.0,0.1,0.1,1.2,100000,88080,0,0,0,0,0,0.0,0.0,0.0
RMT_3954_DCC_Type3_Limit,10,0.0,0.1,0.1,1.3,100000,85689,0,0,0,0,0,0.0,0.0,0.0
RMT_3954_DCC_Type3_Limit,10,0.0,0.1,0.1,1.4,100000,83226,0,0,0,0,0,0.0,0.0,0.0
RMT_3954_DCC_Type3_Limit,10,0.0,0.1,0.1,1.5,100000,80727,0,0,0,0,0,0.0,0.0,0.0
RMT_3954_DCC_Type3_Limit,10,0.0,0.1,0.1,1.6,100000,78077,0,0,0,0,0,0.0,0.0,0.0
RMT_3954_DCC_Type3_Limit,10,0.0,0.1,0.1,1.8,100000,72870,0,0,0,0,0,0.0,0.0,0.0
RMT_3954_DCC_Type3_Limit,10,0.0,0.1,0.1,2.0,100000,67959,0,0,0,0,0,0.0,0.0,0.0
RMT_3954_DCC_Type3_Limit,10,0.0,0.1,0.1,2.2,100000,63389,0,0,0,0,0,0.0,0.0,0.0
RMT_3954_DCC_Type3_Limit,10,0.0,0.1,0.1,2.4,100000,59093,0,1,0,0,1,0.0,0.001,0.0
RMT_3954_DCC_Type3_Limit,10,0.0,0.1,0.1,2.6,100000,55261,0,1,0,0,1,0.0,0.001,0.0
RMT_3954_DCC_Type3_Limit,10,0.0,0.1,0.1,2.8,100000,51853,0,1,0,0,1,0.0,0.001,0.0
RMT_3954_DCC_Type3_Limit,10,0.0,0.1,0.1,3.0,100000,48898,0,0,0,0,0,0.0,0.0,0.0
RMT_3954_DCC_Type3_Limit,10,0.0,0.1,0.1,3.2,100000,46233,0,1,0,0,1,0.0,0.001,0.0
RMT_3954_DCC_Type3_Limit,10,0.0,0.1,0.1,3.4,100000,43879,0,5,0,0,5,0.0,0.005,0.0
RMT_3954_DCC_Type3_Limit,10,0.0,0.1,0.1,3.6,100000,41674,0,4,0,0,4,0.0,0.004,0.0
RMT_3954_DCC_Type3_Limit,10,0.0,0.1,0.1,3.8,100000,39752,0,7,0,0,7,0.0,0.007,0.0
RMT_3954_DCC_Type3_Limit,10,0.0,0.1,0.1,4.0,100000,38013,0,9,0,0,9,0.0,0.009,0.0
RMT_3954_DCC_Type3_Limit,10,0.0,0.1,0.1,5.0,100000,31319,0,43,0,0,43,0.0,0.043,0.0
RMT_3954_DCC_Type3_Limit,10,0.0,0.1,0.1,6.0,100000,26971,0,53,0,0,53,0.0,0.053,0.0
RMT_3954_DCC_Type3_Limit,10,0.0,0.1,0.1,7.0,100000,23995,0,95,0,0,95,0.0,0.095,0.0
RMT_3954_DCC_Type3_Limit,10,0.0,0.1,0.1,8.0,100000,21713,0,118,0,0,118,0.0,0.118,0.0
RMT_3954_DCC_Type3_Limit,10,0.0,0.1,0.1,9.0,100000,19905,0,145,0,0,145,0.0,0.145,0.0
RMT_3954_DCC_Type3_Limit,10,0.0,0.1,0.1,10.0,100000,18489,0,158,0,0,158,0.0,0.158,0.0
RMT_3954_CDD_Type1,11,10.0,1.0,1.0,0.1,100000,100000,0,0,0,0,0,0.0,0.0,0.0
RMT_3954_CDD_Type1,11,10.0,1.0,1.0,0.2,100000,100000,0,0,0,0,0,0.0,0.0,0.0
RMT_3954_CDD_Type1,11,10.0,1.0,1.0,0.3,100000,100000,0,0,0,0,0,0.0,0.0,0.0
RMT_3954_CDD_Type1,11,10.0,1.0,1.0,0.4,100000,99981,0,0,0,0,0,0.0,0.0,0.0
RMT_3954_CDD_Type1,11,10.0,1.0,1.0,0.5,100000,99732,10,10,10,0,0,0.01,0.01,0.01
RMT_3954_CDD_Type1,11,10.0,1.0,1.0,0.6,100000,98966,66,66,66,0,0,0.066,0.066,0.066
RMT_3954_CDD_Type1,11,10.0,1.0,1.0,0.7,100000,97782,214,214,214,0,0,0.214,0.214,0.214
RMT_3954_CDD_Type1,11,10.0,1.0,1.0,0.8,100000,96149,530,530,530,0,0,0.53,0.53,0.53
RMT_3954_CDD_Type1,11,10.0,1.0,1.0,0.9,100000,94311,1090,1090,1090,0,0,1.09,1.09,1.09
RMT_3954_CDD_Type1,11,10.0,1.0,1.0,1.0,100000,92345,1719,1719,1719,0,0,1.719,1.719,1.719
RMT_3954_CDD_Type1,11,10.0,1.0,1.0,1.1,100000,90198,2294,2294,2294,0,0,2.294,2.294,2.294
RMT_3954_CDD_Type1,11,10.0,1.0,1.0,1.2,100000,88080,2945,2945,2945,0,0,2.945,2.945,2.945
RMT_3954_CDD_Type1,11,10.0,1.0,1.0,1.3,100000,85689,3535,3535,3535,0,0,3.535,3.535,3.535
RMT_3954_CDD_Type1,11,10.0,1.0,1.0,1.4,100000,83226,3977,3977,3977,0,0,3.977,3.977,3.977
RMT_3954_CDD_Type1,11,10.0,1.0,1.0,1.5,100000,80727,4391,4391,4391,0,0,4.391,4.391,4.391
RMT_3954_CDD_Type1,11,10.0,1.0,1.0,1.6,100000,78077,4706,4706,4706,0,0,4.706,4.706,4.706
RMT_3954_CDD_Type1,11,10.0,1.0,1.0,1.8,100000,72870,5242,5242,5242,0,0,5.242,5.242,5.242
RMT_3954_CDD_Type1,11,10.0,1.0,1.0,2.0,100000,67959,5488,5488,5488,0,0,5.488,5.488,5.488
RMT_3954_CDD_Type1,11,10.0,1.0,1.0,2.2,100000,63389,5623,5623,5623,0,0,5.623,5.623,5.623
RMT_3954_CDD_Type1,11,10.0,1.0,1.0,2.4,100000,59093,5701,5701,5701,0,0,5.701,5.701,5.701
RMT_3954_CDD_Type1,11,10.0,1.0,1.0,2.6,100000,55261,5602,5602,5602,0,0,5.602,5.602,5.602
RMT_3954_CDD_Type1,11,10.0,1.0,1.0,2.8,100000,51853,5562,5562,5562,0,0,5.562,5.562,5.562
RMT_3954_CDD_Type1,11,10.0,1.0,1.0,3.0,100000,48898,5509,5509,5509,0,0,5.509,5.509,5.509
RMT_3954_CDD_Type1,11,10.0,1.0,1.0,3.2,100000,46233,5487,5487,5487,0,0,5.487,5.487,5.487
RMT_3954_CDD_Type1,11,10.0,1.0,1.0,3.4,100000,43879,5399,5399,5399,0,0,5.399,5.399,5.399
RMT_3954_CDD_Type1,11,10.0,1.0,1.0,3.6,100000,41674,5279,5279,5279,0,0,5.279,5.279,5.279
RMT_3954_CDD_Type1,11,10.0,1.0,1.0,3.8,100000,39752,5171,5171,5171,0,0,5.171,5.171,5.171
RMT_3954_CDD_Type1,11,10.0,1.0,1.0,4.0,100000,38013,5123,5123,5123,0,0,5.123,5.123,5.123
RMT_3954_CDD_Type1,11,10.0,1.0,1.0,5.0,100000,31319,4694,4694,4694,0,0,4.694,4.694,4.694
RMT_3954_CDD_Type1,11,10.0,1.0,1.0,6.0,100000,26971,4423,4423,4423,0,0,4.423,4.423,4.423
RMT_3954_CDD_Type1,11,10.0,1.0,1.0,7.0,100000,23995,4155,4155,4155,0,0,4.155,4.155,4.155
RMT_3954_CDD_Type1,11,10.0,1.0,1.0,8.0,100000,21713,3973,3973,3973,0,0,3.973,3.973,3.973
RMT_3954_CDD_Type1,11,10.0,1.0,1.0,9.0,100000,19905,3785,3785,3785,0,0,3.785,3.785,3.785
RMT_3954_CDD_Type1,11,10.0,1.0,1.0,10.0,100000,18489,3619,3619,3619,0,0,3.619,3.619,3.619
RMT_3954_CDD_Type1_Control,12,1.0,1.0,1.0,0.1,100000,100000,0,0,0,0,0,0.0,0.0,0.0
RMT_3954_CDD_Type1_Control,12,1.0,1.0,1.0,0.2,100000,100000,0,0,0,0,0,0.0,0.0,0.0
RMT_3954_CDD_Type1_Control,12,1.0,1.0,1.0,0.3,100000,100000,0,0,0,0,0,0.0,0.0,0.0
RMT_3954_CDD_Type1_Control,12,1.0,1.0,1.0,0.4,100000,99981,0,0,0,0,0,0.0,0.0,0.0
RMT_3954_CDD_Type1_Control,12,1.0,1.0,1.0,0.5,100000,99732,0,0,0,0,0,0.0,0.0,0.0
RMT_3954_CDD_Type1_Control,12,1.0,1.0,1.0,0.6,100000,98966,0,0,0,0,0,0.0,0.0,0.0
RMT_3954_CDD_Type1_Control,12,1.0,1.0,1.0,0.7,100000,97782,0,0,0,0,0,0.0,0.0,0.0
RMT_3954_CDD_Type1_Control,12,1.0,1.0,1.0,0.8,100000,96149,0,0,0,0,0,0.0,0.0,0.0
RMT_3954_CDD_Type1_Control,12,1.0,1.0,1.0,0.9,100000,94311,0,0,0,0,0,0.0,0.0,0.0
RMT_3954_CDD_Type1_Control,12,1.0,1.0,1.0,1.0,100000,92345,0,0,0,0,0,0.0,0.0,0.0
RMT_3954_CDD_Type1_Control,12,1.0,1.0,1.0,1.1,100000,90198,0,0,0,0,0,0.0,0.0,0.0
RMT_3954_CDD_Type1_Control,12,1.0,1.0,1.0,1.2,100000,88080,0,0,0,0,0,0.0,0.0,0.0
RMT_3954_CDD_Type1_Control,12,1.0,1.0,1.0,1.3,100000,85689,0,0,0,0,0,0.0,0.0,0.0
RMT_3954_CDD_Type1_Control,12,1.0,1.0,1.0,1.4,100000,83226,0,0,0,0,0,0.0,0.0,0.0
RMT_3954_CDD_Type1_Control,12,1.0,1.0,1.0,1.5,100000,80727,0,0,0,0,0,0.0,0.0,0.0
RMT_3954_CDD_Type1_Control,12,1.0,1.0,1.0,1.6,100000,78077,0,0,0,0,0,0.0,0.0,0.0
RMT_3954_CDD_Type1_Control,12,1.0,1.0,1.0,1.8,100000,72870,0,0,0,0,0,0.0,0.0,0.0
RMT_3954_CDD_Type1_Control,12,1.0,1.0,1.0,2.0,100000,67959,0,0,0,0,0,0.0,0.0,0.0
RMT_3954_CDD_Type1_Control,12,1.0,1.0,1.0,2.2,100000,63389,0,0,0,0,0,0.0,0.0,0.0
RMT_3954_CDD_Type1_Control,12,1.0,1.0,1.0,2.4,100000,59093,0,0,0,0,0,0.0,0.0,0.0
RMT_3954_CDD_Type1_Control,12,1.0,1.0,1.0,2.6,100000,55261,0,0,0,0,0,0.0,0.0,0.0
RMT_3954_CDD_Type1_Control,12,1.0,1.0,1.0,2.8,100000,51853,0,0,0,0,0,0.0,0.0,0.0
RMT_3954_CDD_Type1_Control,12,1.0,1.0,1.0,3.0,100000,48898,0,0,0,0,0,0.0,0.0,0.0
RMT_3954_CDD_Type1_Control,12,1.0,1.0,1.0,3.2,100000,46233,0,0,0,0,0,0.0,0.0,0.0
RMT_3954_CDD_Type1_Control,12,1.0,1.0,1.0,3.4,100000,43879,0,0,0,0,0,0.0,0.0,0.0
RMT_3954_CDD_Type1_Control,12,1.0,1.0,1.0,3.6,100000,41674,0,0,0,0,0,0.0,0.0,0.0
RMT_3954_CDD_Type1_Control,12,1.0,1.0,1.0,3.8,100000,39752,0,0,0,0,0,0.0,0.0,0.0
RMT_3954_CDD_Type1_Control,12,1.0,1.0,1.0,4.0,100000,38013,0,0,0,0,0,0.0,0.0,0.0
RMT_3954_CDD_Type1_Control,12,1.0,1.0,1.0,5.0,100000,31319,0,0,0,0,0,0.0,0.0,0.0
RMT_3954_CDD_Type1_Control,12,1.0,1.0,1.0,6.0,100000,26971,0,0,0,0,0,0.0,0.0,0.0
RMT_3954_CDD_Type1_Control,12,1.0,1.0,1.0,7.0,100000,23995,0,0,0,0,0,0.0,0.0,0.0
RMT_3954_CDD_Type1_Control,12,1.0,1.0,1.0,8.0,100000,21713,0,0,0,0,0,0.0,0.0,0.0
RMT_3954_CDD_Type1_Control,12,1.0,1.0,1.0,9.0,100000,19905,0,0,0,0,0,0.0,0.0,0.0
RMT_3954_CDD_Type1_Control,12,1.0,1.0,1.0,10.0,100000,18489,0,0,0,0,0,0.0,0.0,0.0
RMT_3954_CDD_Type2_Equal,13,0.0,1.0,1.0,0.1,100000,100000,0,0,0,0,0,0.0,0.0,0.0
RMT_3954_CDD_Type2_Equal,13,0.0,1.0,1.0,0.2,100000,100000,0,0,0,0,0,0.0,0.0,0.0
RMT_3954_CDD_Type2_Equal,13,0.0,1.0,1.0,0.3,100000,100000,0,0,0,0,0,0.0,0.0,0.0
RMT_3954_CDD_Type2_Equal,13,0.0,1.0,1.0,0.4,100000,99981,0,0,0,0,0,0.0,0.0,0.0
RMT_3954_CDD_Type2_Equal,13,0.0,1.0,1.0,0.5,100000,99732,0,0,0,0,0,0.0,0.0,0.0
RMT_3954_CDD_Type2_Equal,13,0.0,1.0,1.0,0.6,100000,98966,0,0,0,0,0,0.0,0.0,0.0
RMT_3954_CDD_Type2_Equal,13,0.0,1.0,1.0,0.7,100000,97782,0,0,0,0,0,0.0,0.0,0.0
RMT_3954_CDD_Type2_Equal,13,0.0,1.0,1.0,0.8,100000,96149,0,0,0,0,0,0.0,0.0,0.0
RMT_3954_CDD_Type2_Equal,13,0.0,1.0,1.0,0.9,100000,94311,0,0,0,0,0,0.0,0.0,0.0
RMT_3954_CDD_Type2_Equal,13,0.0,1.0,1.0,1.0,100000,92345,0,0,0,0,0,0.0,0.0,0.0
RMT_3954_CDD_Type2_Equal,13,0.0,1.0,1.0,1.1,100000,90198,0,0,0,0,0,0.0,0.0,0.0
RMT_3954_CDD_Type2_Equal,13,0.0,1.0,1.0,1.2,100000,88080,0,0,0,0,0,0.0,0.0,0.0
RMT_3954_CDD_Type2_Equal,13,0.0,1.0,1.0,1.3,100000,85689,0,0,0,0,0,0.0,0.0,0.0
RMT_3954_CDD_Type2_Equal,13,0.0,1.0,1.0,1.4,100000,83226,0,0,0,0,0,0.0,0.0,0.0
RMT_3954_CDD_Type2_Equal,13,0.0,1.0,1.0,1.5,100000,80727,0,0,0,0,0,0.0,0.0,0.0
RMT_3954_CDD_Type2_Equal,13,0.0,1.0,1.0,1.6,100000,78077,0,0,0,0,0,0.0,0.0,0.0
RMT_3954_CDD_Type2_Equal,13,0.0,1.0,1.0,1.8,100000,72870,0,0,0,0,0,0.0,0.0,0.0
RMT_3954_CDD_Type2_Equal,13,0.0,1.0,1.0,2.0,100000,67959,0,0,0,0,0,0.0,0.0,0.0
RMT_3954_CDD_Type2_Equal,13,0.0,1.0,1.0,2.2,100000,63389,0,0,0,0,0,0.0,0.0,0.0
RMT_3954_CDD_Type2_Equal,13,0.0,1.0,1.0,2.4,100000,59093,0,1,0,0,1,0.0,0.001,0.0
RMT_3954_CDD_Type2_Equal,13,0.0,1.0,1.0,2.6,100000,55261,0,1,0,0,1,0.0,0.001,0.0
RMT_3954_CDD_Type2_Equal,13,0.0,1.0,1.0,2.8,100000,51853,0,1,0,0,1,0.0,0.001,0.0
RMT_3954_CDD_Type2_Equal,13,0.0,1.0,1.0,3.0,100000,48898,0,0,0,0,0,0.0,0.0,0.0
RMT_3954_CDD_Type2_Equal,13,0.0,1.0,1.0,3.2,100000,46233,0,1,0,0,1,0.0,0.001,0.0
RMT_3954_CDD_Type2_Equal,13,0.0,1.0,1.0,3.4,100000,43879,0,5,0,0,5,0.0,0.005,0.0
RMT_3954_CDD_Type2_Equal,13,0.0,1.0,1.0,3.6,100000,41674,0,4,0,0,4,0.0,0.004,0.0
RMT_3954_CDD_Type2_Equal,13,0.0,1.0,1.0,3.8,100000,39752,0,7,0,0,7,0.0,0.007,0.0
RMT_3954_CDD_Type2_Equal,13,0.0,1.0,1.0,4.0,100000,38013,0,9,0,0,9,0.0,0.009,0.0
RMT_3954_CDD_Type2_Equal,13,0.0,1.0,1.0,5.0,100000,31319,0,42,0,0,42,0.0,0.042,0.0
RMT_3954_CDD_Type2_Equal,13,0.0,1.0,1.0,6.0,100000,26971,0,53,0,0,53,0.0,0.053,0.0
RMT_3954_CDD_Type2_Equal,13,0.0,1.0,1.0,7.0,100000,23995,0,95,0,0,95,0.0,0.095,0.0
RMT_3954_CDD_Type2_Equal,13,0.0,1.0,1.0,8.0,100000,21713,0,118,0,0,118,0.0,0.118,0.0
RMT_3954_CDD_Type2_Equal,13,0.0,1.0,1.0,9.0,100000,19905,0,145,0,0,145,0.0,0.145,0.0
RMT_3954_CDD_Type2_Equal,13,0.0,1.0,1.0,10.0,100000,18489,0,158,0,0,158,0.0,0.158,0.0
RMT_3954_CDD_Type2_Unequal1,14,0.0,0.1,1.0,0.1,100000,100000,0,0,0,0,0,0.0,0.0,0.0
RMT_3954_CDD_Type2_Unequal1,14,0.0,0.1,1.0,0.2,100000,100000,0,0,0,0,0,0.0,0.0,0.0
RMT_3954_CDD_Type2_Unequal1,14,0.0,0.1,1.0,0.3,100000,100000,0,0,0,0,0,0.0,0.0,0.0
RMT_3954_CDD_Type2_Unequal1,14,0.0,0.1,1.0,0.4,100000,99981,0,0,0,0,0,0.0,0.0,0.0
RMT_3954_CDD_Type2_Unequal1,14,0.0,0.1,1.0,0.5,100000,99732,0,0,0,0,0,0.0,0.0,0.0
RMT_3954_CDD_Type2_Unequal1,14,0.0,0.1,1.0,0.6,100000,98966,0,0,0,0,0,0.0,0.0,0.0
RMT_3954_CDD_Type2_Unequal1,14,0.0,0.1,1.0,0.7,100000,97782,0,0,0,0,0,0.0,0.0,0.0
RMT_3954_CDD_Type2_Unequal1,14,0.0,0.1,1.0,0.8,100000,96149,0,0,0,0,0,0.0,0.0,0.0
RMT_3954_CDD_Type2_Unequal1,14,0.0,0.1,1.0,0.9,100000,94311,0,0,0,0,0,0.0,0.0,0.0
RMT_3954_CDD_Type2_Unequal1,14,0.0,0.1,1.0,1.0,100000,92345,0,0,0,0,0,0.0,0.0,0.0
RMT_3954_CDD_Type2_Unequal1,14,0.0,0.1,1.0,1.1,100000,90198,0,0,0,0,0,0.0,0.0,0.0
RMT_3954_CDD_Type2_Unequal1,14,0.0,0.1,1.0,1.2,100000,88080,0,0,0,0,0,0.0,0.0,0.0
RMT_3954_CDD_Type2_Unequal1,14,0.0,0.1,1.0,1.3,100000,85689,0,0,0,0,0,0.0,0.0,0.0
RMT_3954_CDD_Type2_Unequal1,14,0.0,0.1,1.0,1.4,100000,83226,0,0,0,0,0,0.0,0.0,0.0
RMT_3954_CDD_Type2_Unequal1,14,0.0,0.1,1.0,1.5,100000,80727,0,0,0,0,0,0.0,0.0,0.0
RMT_3954_CDD_Type2_Unequal1,14,0.0,0.1,1.0,1.6,100000,78077,0,0,0,0,0,0.0,0.0,0.0
RMT_3954_CDD_Type2_Unequal1,14,0.0,0.1,1.0,1.8,100000,72870,0,1,0,0,1,0.0,0.001,0.0
RMT_3954_CDD_Type2_Unequal1,14,0.0,0.1,1.0,2.0,100000,67959,0,4,0,0,4,0.0,0.004,0.0
RMT_3954_CDD_Type2_Unequal1,14,0.0,0.1,1.0,2.2,100000,63389,0,11,0,0,11,0.0,0.011,0.0
RMT_3954_CDD_Type2_Unequal1,14,0.0,0.1,1.0,2.4,100000,59093,0,28,0,0,28,0.0,0.028,0.0
RMT_3954_CDD_Type2_Unequal1,14,0.0,0.1,1.0,2.6,100000,55261,0,36,0,0,36,0.0,0.036,0.0
RMT_3954_CDD_Type2_Unequal1,14,0.0,0.1,1.0,2.8,100000,51853,0,41,0,0,41,0.0,0.041,0.0
RMT_3954_CDD_Type2_Unequal1,14,0.0,0.1,1.0,3.0,100000,48898,0,81,0,0,81,0.0,0.081,0.0
RMT_3954_CDD_Type2_Unequal1,14,0.0,0.1,1.0,3.2,100000,46233,0,105,0,0,105,0.0,0.105,0.0
RMT_3954_CDD_Type2_Unequal1,14,0.0,0.1,1.0,3.4,100000,43879,0,130,0,0,130,0.0,0.13,0.0
RMT_3954_CDD_Type2_Unequal1,14,0.0,0.1,1.0,3.6,100000,41674,0,182,0,0,182,0.0,0.182,0.0
RMT_3954_CDD_Type2_Unequal1,14,0.0,0.1,1.0,3.8,100000,39752,0,240,0,0,240,0.0,0.24,0.0
RMT_3954_CDD_Type2_Unequal1,14,0.0,0.1,1.0,4.0,100000,38013,0,296,0,0,296,0.0,0.296,0.0
RMT_3954_CDD_Type2_Unequal1,14,0.0,0.1,1.0,5.0,100000,31319,0,547,0,0,547,0.0,0.547,0.0
RMT_3954_CDD_Type2_Unequal1,14,0.0,0.1,1.0,6.0,100000,26971,0,805,0,0,805,0.0,0.805,0.0
RMT_3954_CDD_Type2_Unequal1,14,0.0,0.1,1.0,7.0,100000,23995,0,1056,0,0,1056,0.0,1.056,0.0
RMT_3954_CDD_Type2_Unequal1,14,0.0,0.1,1.0,8.0,100000,21713,0,1218,0,0,1218,0.0,1.218,0.0
RMT_3954_CDD_Type2_Unequal1,14,0.0,0.1,1.0,9.0,100000,19905,0,1333,0,0,1333,0.0,1.333,0.0
RMT_3954_CDD_Type2_Unequal1,14,0.0,0.1,1.0,10.0,100000,18489,0,1413,0,0,1413,0.0,1.413,0.0
RMT_3954_CDD_Type2_Unequal2,15,0.0,1.0,10.0,0.1,100000,100000,0,0,0,0,0,0.0,0.0,0.0
RMT_3954_CDD_Type2_Unequal2,15,0.0,1.0,10.0,0.2,100000,100000,0,0,0,0,0,0.0,0.0,0.0
RMT_3954_CDD_Type2_Unequal2,15,0.0,1.0,10.0,0.3,100000,100000,0,0,0,0,0,0.0,0.0,0.0
RMT_3954_CDD_Type2_Unequal2,15,0.0,1.0,10.0,0.4,100000,99981,0,0,0,0,0,0.0,0.0,0.0
RMT_3954_CDD_Type2_Unequal2,15,0.0,1.0,10.0,0.5,100000,99732,0,0,0,0,0,0.0,0.0,0.0
RMT_3954_CDD_Type2_Unequal2,15,0.0,1.0,10.0,0.6,100000,98966,0,0,0,0,0,0.0,0.0,0.0
RMT_3954_CDD_Type2_Unequal2,15,0.0,1.0,10.0,0.7,100000,97782,0,0,0,0,0,0.0,0.0,0.0
RMT_3954_CDD_Type2_Unequal2,15,0.0,1.0,10.0,0.8,100000,96149,0,0,0,0,0,0.0,0.0,0.0
RMT_3954_CDD_Type2_Unequal2,15,0.0,1.0,10.0,0.9,100000,94311,0,0,0,0,0,0.0,0.0,0.0
RMT_3954_CDD_Type2_Unequal2,15,0.0,1.0,10.0,1.0,100000,92345,0,0,0,0,0,0.0,0.0,0.0
RMT_3954_CDD_Type2_Unequal2,15,0.0,1.0,10.0,1.1,100000,90198,0,0,0,0,0,0.0,0.0,0.0
RMT_3954_CDD_Type2_Unequal2,15,0.0,1.0,10.0,1.2,100000,88080,0,0,0,0,0,0.0,0.0,0.0
RMT_3954_CDD_Type2_Unequal2,15,0.0,1.0,10.0,1.3,100000,85689,0,0,0,0,0,0.0,0.0,0.0
RMT_3954_CDD_Type2_Unequal2,15,0.0,1.0,10.0,1.4,100000,83226,0,0,0,0,0,0.0,0.0,0.0
RMT_3954_CDD_Type2_Unequal2,15,0.0,1.0,10.0,1.5,100000,80727,0,0,0,0,0,0.0,0.0,0.0
RMT_3954_CDD_Type2_Unequal2,15,0.0,1.0,10.0,1.6,100000,78077,0,0,0,0,0,0.0,0.0,0.0
RMT_3954_CDD_Type2_Unequal2,15,0.0,1.0,10.0,1.8,100000,72870,0,1,0,0,1,0.0,0.001,0.0
RMT_3954_CDD_Type2_Unequal2,15,0.0,1.0,10.0,2.0,100000,67959,0,4,0,0,4,0.0,0.004,0.0
RMT_3954_CDD_Type2_Unequal2,15,0.0,1.0,10.0,2.2,100000,63389,0,10,0,0,10,0.0,0.01,0.0
RMT_3954_CDD_Type2_Unequal2,15,0.0,1.0,10.0,2.4,100000,59093,0,28,0,0,28,0.0,0.028,0.0
RMT_3954_CDD_Type2_Unequal2,15,0.0,1.0,10.0,2.6,100000,55261,0,36,0,0,36,0.0,0.036,0.0
RMT_3954_CDD_Type2_Unequal2,15,0.0,1.0,10.0,2.8,100000,51853,0,38,0,0,38,0.0,0.038,0.0
RMT_3954_CDD_Type2_Unequal2,15,0.0,1.0,10.0,3.0,100000,48898,0,79,0,0,79,0.0,0.079,0.0
RMT_3954_CDD_Type2_Unequal2,15,0.0,1.0,10.0,3.2,100000,46233,0,104,0,0,104,0.0,0.104,0.0
RMT_3954_CDD_Type2_Unequal2,15,0.0,1.0,10.0,3.4,100000,43879,0,128,0,0,128,0.0,0.128,0.0
RMT_3954_CDD_Type2_Unequal2,15,0.0,1.0,10.0,3.6,100000,41674,0,178,0,0,178,0.0,0.178,0.0
RMT_3954_CDD_Type2_Unequal2,15,0.0,1.0,10.0,3.8,100000,39752,0,237,0,0,237,0.0,0.237,0.0
RMT_3954_CDD_Type2_Unequal2,15,0.0,1.0,10.0,4.0,100000,38013,0,293,0,0,293,0.0,0.293,0.0
RMT_3954_CDD_Type2_Unequal2,15,0.0,1.0,10.0,5.0,100000,31319,0,547,0,0,547,0.0,0.547,0.0
RMT_3954_CDD_Type2_Unequal2,15,0.0,1.0,10.0,6.0,100000,26971,0,795,0,0,795,0.0,0.795,0.0
RMT_3954_CDD_Type2_Unequal2,15,0.0,1.0,10.0,7.0,100000,23995,0,1045,0,0,1045,0.0,1.045,0.0
RMT_3954_CDD_Type2_Unequal2,15,0.0,1.0,10.0,8.0,100000,21713,0,1209,0,0,1209,0.0,1.209,0.0
RMT_3954_CDD_Type2_Unequal2,15,0.0,1.0,10.0,9.0,100000,19905,0,1324,0,0,1324,0.0,1.324,0.0
RMT_3954_CDD_Type2_Unequal2,15,0.0,1.0,10.0,10.0,100000,18489,0,1404,0,0,1404,0.0,1.404,0.0
RMT_3954_CDD_Type2_Limit,16,0.0,0.1,0.1,0.1,100000,100000,0,0,0,0,0,0.0,0.0,0.0
RMT_3954_CDD_Type2_Limit,16,0.0,0.1,0.1,0.2,100000,100000,0,0,0,0,0,0.0,0.0,0.0
RMT_3954_CDD_Type2_Limit,16,0.0,0.1,0.1,0.3,100000,100000,0,0,0,0,0,0.0,0.0,0.0
RMT_3954_CDD_Type2_Limit,16,0.0,0.1,0.1,0.4,100000,99981,0,0,0,0,0,0.0,0.0,0.0
RMT_3954_CDD_Type2_Limit,16,0.0,0.1,0.1,0.5,100000,99732,0,0,0,0,0,0.0,0.0,0.0
RMT_3954_CDD_Type2_Limit,16,0.0,0.1,0.1,0.6,100000,98966,0,0,0,0,0,0.0,0.0,0.0
RMT_3954_CDD_Type2_Limit,16,0.0,0.1,0.1,0.7,100000,97782,0,0,0,0,0,0.0,0.0,0.0
RMT_3954_CDD_Type2_Limit,16,0.0,0.1,0.1,0.8,100000,96149,0,0,0,0,0,0.0,0.0,0.0
RMT_3954_CDD_Type2_Limit,16,0.0,0.1,0.1,0.9,100000,94311,0,0,0,0,0,0.0,0.0,0.0
RMT_3954_CDD_Type2_Limit,16,0.0,0.1,0.1,1.0,100000,92345,0,0,0,0,0,0.0,0.0,0.0
RMT_3954_CDD_Type2_Limit,16,0.0,0.1,0.1,1.1,100000,90198,0,0,0,0,0,0.0,0.0,0.0
RMT_3954_CDD_Type2_Limit,16,0.0,0.1,0.1,1.2,100000,88080,0,0,0,0,0,0.0,0.0,0.0
RMT_3954_CDD_Type2_Limit,16,0.0,0.1,0.1,1.3,100000,85689,0,0,0,0,0,0.0,0.0,0.0
RMT_3954_CDD_Type2_Limit,16,0.0,0.1,0.1,1.4,100000,83226,0,0,0,0,0,0.0,0.0,0.0
RMT_3954_CDD_Type2_Limit,16,0.0,0.1,0.1,1.5,100000,80727,0,0,0,0,0,0.0,0.0,0.0
RMT_3954_CDD_Type2_Limit,16,0.0,0.1,0.1,1.6,100000,78077,0,0,0,0,0,0.0,0.0,0.0
RMT_3954_CDD_Type2_Limit,16,0.0,0.1,0.1,1.8,100000,72870,0,0,0,0,0,0.0,0.0,0.0
RMT_3954_CDD_Type2_Limit,16,0.0,0.1,0.1,2.0,100000,67959,0,0,0,0,0,0.0,0.0,0.0
RMT_3954_CDD_Type2_Limit,16,0.0,0.1,0.1,2.2,100000,63389,0,0,0,0,0,0.0,0.0,0.0
RMT_3954_CDD_Type2_Limit,16,0.0,0.1,0.1,2.4,100000,59093,0,1,0,0,1,0.0,0.001,0.0
RMT_3954_CDD_Type2_Limit,16,0.0,0.1,0.1,2.6,100000,55261,0,1,0,0,1,0.0,0.001,0.0
RMT_3954_CDD_Type2_Limit,16,0.0,0.1,0.1,2.8,100000,51853,0,1,0,0,1,0.0,0.001,0.0
RMT_3954_CDD_Type2_Limit,16,0.0,0.1,0.1,3.0,100000,48898,0,0,0,0,0,0.0,0.0,0.0
RMT_3954_CDD_Type2_Limit,16,0.0,0.1,0.1,3.2,100000,46233,0,1,0,0,1,0.0,0.001,0.0
RMT_3954_CDD_Type2_Limit,16,0.0,0.1,0.1,3.4,100000,43879,0,5,0,0,5,0.0,0.005,0.0
RMT_3954_CDD_Type2_Limit,16,0.0,0.1,0.1,3.6,100000,41674,0,4,0,0,4,0.0,0.004,0.0
RMT_3954_CDD_Type2_Limit,16,0.0,0.1,0.1,3.8,100000,39752,0,7,0,0,7,0.0,0.007,0.0
RMT_3954_CDD_Type2_Limit,16,0.0,0.1,0.1,4.0,100000,38013,0,9,0,0,9,0.0,0.009,0.0
RMT_3954_CDD_Type2_Limit,16,0.0,0.1,0.1,5.0,100000,31319,0,43,0,0,43,0.0,0.043,0.0
RMT_3954_CDD_Type2_Limit,16,0.0,0.1,0.1,6.0,100000,26971,0,53,0,0,53,0.0,0.053,0.0
RMT_3954_CDD_Type2_Limit,16,0.0,0.1,0.1,7.0,100000,23995,0,95,0,0,95,0.0,0.095,0.0
RMT_3954_CDD_Type2_Limit,16,0.0,0.1,0.1,8.0,100000,21713,0,118,0,0,118,0.0,0.118,0.0
RMT_3954_CDD_Type2_Limit,16,0.0,0.1,0.1,9.0,100000,19905,0,145,0,0,145,0.0,0.145,0.0
RMT_3954_CDD_Type2_Limit,16,0.0,0.1,0.1,10.0,100000,18489,0,158,0,0,158,0.0,0.158,0.0
RMT_3954_CDD_Type3_Equal,17,1.0,1.0,0.0,0.1,100000,100000,0,0,0,0,0,0.0,0.0,0.0
RMT_3954_CDD_Type3_Equal,17,1.0,1.0,0.0,0.2,100000,100000,0,0,0,0,0,0.0,0.0,0.0
RMT_3954_CDD_Type3_Equal,17,1.0,1.0,0.0,0.3,100000,100000,0,0,0,0,0,0.0,0.0,0.0
RMT_3954_CDD_Type3_Equal,17,1.0,1.0,0.0,0.4,100000,99981,0,0,0,0,0,0.0,0.0,0.0
RMT_3954_CDD_Type3_Equal,17,1.0,1.0,0.0,0.5,100000,99732,0,0,0,0,0,0.0,0.0,0.0
RMT_3954_CDD_Type3_Equal,17,1.0,1.0,0.0,0.6,100000,98966,2,2,2,0,0,0.002,0.002,0.002
RMT_3954_CDD_Type3_Equal,17,1.0,1.0,0.0,0.7,100000,97782,8,8,8,0,0,0.008,0.008,0.008
RMT_3954_CDD_Type3_Equal,17,1.0,1.0,0.0,0.8,100000,96149,23,23,23,0,0,0.023,0.023,0.023
RMT_3954_CDD_Type3_Equal,17,1.0,1.0,0.0,0.9,100000,94311,65,65,65,0,0,0.065,0.065,0.065
RMT_3954_CDD_Type3_Equal,17,1.0,1.0,0.0,1.0,100000,92345,123,123,123,0,0,0.123,0.123,0.123
RMT_3954_CDD_Type3_Equal,17,1.0,1.0,0.0,1.1,100000,90198,225,225,225,0,0,0.225,0.225,0.225
RMT_3954_CDD_Type3_Equal,17,1.0,1.0,0.0,1.2,100000,88080,321,321,321,0,0,0.321,0.321,0.321
RMT_3954_CDD_Type3_Equal,17,1.0,1.0,0.0,1.3,100000,85689,434,434,434,0,0,0.434,0.434,0.434
RMT_3954_CDD_Type3_Equal,17,1.0,1.0,0.0,1.4,100000,83226,534,534,534,0,0,0.534,0.534,0.534
RMT_3954_CDD_Type3_Equal,17,1.0,1.0,0.0,1.5,100000,80727,677,677,677,0,0,0.677,0.677,0.677
RMT_3954_CDD_Type3_Equal,17,1.0,1.0,0.0,1.6,100000,78077,784,784,784,0,0,0.784,0.784,0.784
RMT_3954_CDD_Type3_Equal,17,1.0,1.0,0.0,1.8,100000,72870,966,966,966,0,0,0.966,0.966,0.966
RMT_3954_CDD_Type3_Equal,17,1.0,1.0,0.0,2.0,100000,67959,1129,1129,1129,0,0,1.129,1.129,1.129
RMT_3954_CDD_Type3_Equal,17,1.0,1.0,0.0,2.2,100000,63389,1350,1350,1350,0,0,1.35,1.35,1.35
RMT_3954_CDD_Type3_Equal,17,1.0,1.0,0.0,2.4,100000,59093,1501,1501,1501,0,0,1.501,1.501,1.501
RMT_3954_CDD_Type3_Equal,17,1.0,1.0,0.0,2.6,100000,55261,1617,1617,1617,0,0,1.617,1.617,1.617
RMT_3954_CDD_Type3_Equal,17,1.0,1.0,0.0,2.8,100000,51853,1728,1728,1728,0,0,1.728,1.728,1.728
RMT_3954_CDD_Type3_Equal,17,1.0,1.0,0.0,3.0,100000,48898,1882,1882,1882,0,0,1.882,1.882,1.882
RMT_3954_CDD_Type3_Equal,17,1.0,1.0,0.0,3.2,100000,46233,1999,1999,1999,0,0,1.999,1.999,1.999
RMT_3954_CDD_Type3_Equal,17,1.0,1.0,0.0,3.4,100000,43879,2064,2064,2064,0,0,2.064,2.064,2.064
RMT_3954_CDD_Type3_Equal,17,1.0,1.0,0.0,3.6,100000,41674,2160,2160,2160,0,0,2.16,2.16,2.16
RMT_3954_CDD_Type3_Equal,17,1.0,1.0,0.0,3.8,100000,39752,2225,2225,2225,0,0,2.225,2.225,2.225
RMT_3954_CDD_Type3_Equal,17,1.0,1.0,0.0,4.0,100000,38013,2293,2293,2293,0,0,2.293,2.293,2.293
RMT_3954_CDD_Type3_Equal,17,1.0,1.0,0.0,5.0,100000,31319,2561,2561,2561,0,0,2.561,2.561,2.561
RMT_3954_CDD_Type3_Equal,17,1.0,1.0,0.0,6.0,100000,26971,2837,2837,2837,0,0,2.837,2.837,2.837
RMT_3954_CDD_Type3_Equal,17,1.0,1.0,0.0,7.0,100000,23995,3014,3014,3014,0,0,3.014,3.014,3.014
RMT_3954_CDD_Type3_Equal,17,1.0,1.0,0.0,8.0,100000,21713,3107,3107,3107,0,0,3.107,3.107,3.107
RMT_3954_CDD_Type3_Equal,17,1.0,1.0,0.0,9.0,100000,19905,3201,3201,3201,0,0,3.201,3.201,3.201
RMT_3954_CDD_Type3_Equal,17,1.0,1.0,0.0,10.0,100000,18489,3302,3302,3302,0,0,3.302,3.302,3.302
RMT_3954_CDD_Type3_Unequal1,18,1.0,0.1,0.0,0.1,100000,100000,0,0,0,0,0,0.0,0.0,0.0
RMT_3954_CDD_Type3_Unequal1,18,1.0,0.1,0.0,0.2,100000,100000,0,0,0,0,0,0.0,0.0,0.0
RMT_3954_CDD_Type3_Unequal1,18,1.0,0.1,0.0,0.3,100000,100000,0,0,0,0,0,0.0,0.0,0.0
RMT_3954_CDD_Type3_Unequal1,18,1.0,0.1,0.0,0.4,100000,99981,3,3,3,0,0,0.003,0.003,0.003
RMT_3954_CDD_Type3_Unequal1,18,1.0,0.1,0.0,0.5,100000,99732,38,38,38,0,0,0.038,0.038,0.038
RMT_3954_CDD_Type3_Unequal1,18,1.0,0.1,0.0,0.6,100000,98966,200,200,200,0,0,0.2,0.2,0.2
RMT_3954_CDD_Type3_Unequal1,18,1.0,0.1,0.0,0.7,100000,97782,594,594,594,0,0,0.594,0.594,0.594
RMT_3954_CDD_Type3_Unequal1,18,1.0,0.1,0.0,0.8,100000,96149,1360,1360,1360,0,0,1.36,1.36,1.36
RMT_3954_CDD_Type3_Unequal1,18,1.0,0.1,0.0,0.9,100000,94311,2438,2438,2438,0,0,2.438,2.438,2.438
RMT_3954_CDD_Type3_Unequal1,18,1.0,0.1,0.0,1.0,100000,92345,3630,3630,3630,0,0,3.63,3.63,3.63
RMT_3954_CDD_Type3_Unequal1,18,1.0,0.1,0.0,1.1,100000,90198,4867,4867,4867,0,0,4.867,4.867,4.867
RMT_3954_CDD_Type3_Unequal1,18,1.0,0.1,0.0,1.2,100000,88080,6123,6123,6123,0,0,6.123,6.123,6.123
RMT_3954_CDD_Type3_Unequal1,18,1.0,0.1,0.0,1.3,100000,85689,7149,7149,7149,0,0,7.149,7.149,7.149
RMT_3954_CDD_Type3_Unequal1,18,1.0,0.1,0.0,1.4,100000,83226,8094,8094,8094,0,0,8.094,8.094,8.094
RMT_3954_CDD_Type3_Unequal1,18,1.0,0.1,0.0,1.5,100000,80727,8903,8903,8903,0,0,8.903,8.903,8.903
RMT_3954_CDD_Type3_Unequal1,18,1.0,0.1,0.0,1.6,100000,78077,9473,9473,9473,0,0,9.473,9.473,9.473
RMT_3954_CDD_Type3_Unequal1,18,1.0,0.1,0.0,1.8,100000,72870,10429,10429,10429,0,0,10.429,10.429,10.429
RMT_3954_CDD_Type3_Unequal1,18,1.0,0.1,0.0,2.0,100000,67959,10980,10980,10980,0,0,10.98,10.98,10.98
RMT_3954_CDD_Type3_Unequal1,18,1.0,0.1,0.0,2.2,100000,63389,11309,11309,11309,0,0,11.309,11.309,11.309
RMT_3954_CDD_Type3_Unequal1,18,1.0,0.1,0.0,2.4,100000,59093,11486,11486,11486,0,0,11.486,11.486,11.486
RMT_3954_CDD_Type3_Unequal1,18,1.0,0.1,0.0,2.6,100000,55261,11575,11575,11575,0,0,11.575,11.575,11.575
RMT_3954_CDD_Type3_Unequal1,18,1.0,0.1,0.0,2.8,100000,51853,11607,11607,11607,0,0,11.607,11.607,11.607
RMT_3954_CDD_Type3_Unequal1,18,1.0,0.1,0.0,3.0,100000,48898,11587,11587,11587,0,0,11.587,11.587,11.587
RMT_3954_CDD_Type3_Unequal1,18,1.0,0.1,0.0,3.2,100000,46233,11548,11548,11548,0,0,11.548,11.548,11.548
RMT_3954_CDD_Type3_Unequal1,18,1.0,0.1,0.0,3.4,100000,43879,11416,11416,11416,0,0,11.416,11.416,11.416
RMT_3954_CDD_Type3_Unequal1,18,1.0,0.1,0.0,3.6,100000,41674,11350,11350,11350,0,0,11.35,11.35,11.35
RMT_3954_CDD_Type3_Unequal1,18,1.0,0.1,0.0,3.8,100000,39752,11283,11283,11283,0,0,11.283,11.283,11.283
RMT_3954_CDD_Type3_Unequal1,18,1.0,0.1,0.0,4.0,100000,38013,11161,11161,11161,0,0,11.161,11.161,11.161
RMT_3954_CDD_Type3_Unequal1,18,1.0,0.1,0.0,5.0,100000,31319,10604,10604,10604,0,0,10.604,10.604,10.604
RMT_3954_CDD_Type3_Unequal1,18,1.0,0.1,0.0,6.0,100000,26971,10130,10130,10130,0,0,10.13,10.13,10.13
RMT_3954_CDD_Type3_Unequal1,18,1.0,0.1,0.0,7.0,100000,23995,9793,9793,9792,1,0,9.793,9.793,9.792
RMT_3954_CDD_Type3_Unequal1,18,1.0,0.1,0.0,8.0,100000,21713,9457,9457,9455,2,0,9.457,9.457,9.455
RMT_3954_CDD_Type3_Unequal1,18,1.0,0.1,0.0,9.0,100000,19905,9103,9103,9100,3,0,9.103,9.103,9.1
RMT_3954_CDD_Type3_Unequal1,18,1.0,0.1,0.0,10.0,100000,18489,8874,8874,8854,20,0,8.874,8.874,8.854
RMT_3954_CDD_Type3_Unequal2,19,10.0,1.0,0.0,0.1,100000,100000,0,0,0,0,0,0.0,0.0,0.0
RMT_3954_CDD_Type3_Unequal2,19,10.0,1.0,0.0,0.2,100000,100000,0,0,0,0,0,0.0,0.0,0.0
RMT_3954_CDD_Type3_Unequal2,19,10.0,1.0,0.0,0.3,100000,100000,0,0,0,0,0,0.0,0.0,0.0
RMT_3954_CDD_Type3_Unequal2,19,10.0,1.0,0.0,0.4,100000,99981,2,2,2,0,0,0.002,0.002,0.002
RMT_3954_CDD_Type3_Unequal2,19,10.0,1.0,0.0,0.5,100000,99732,38,38,38,0,0,0.038,0.038,0.038
RMT_3954_CDD_Type3_Unequal2,19,10.0,1.0,0.0,0.6,100000,98966,198,198,198,0,0,0.198,0.198,0.198
RMT_3954_CDD_Type3_Unequal2,19,10.0,1.0,0.0,0.7,100000,97782,590,590,590,0,0,0.59,0.59,0.59
RMT_3954_CDD_Type3_Unequal2,19,10.0,1.0,0.0,0.8,100000,96149,1347,1347,1347,0,0,1.347,1.347,1.347
RMT_3954_CDD_Type3_Unequal2,19,10.0,1.0,0.0,0.9,100000,94311,2420,2420,2420,0,0,2.42,2.42,2.42
RMT_3954_CDD_Type3_Unequal2,19,10.0,1.0,0.0,1.0,100000,92345,3616,3616,3616,0,0,3.616,3.616,3.616
RMT_3954_CDD_Type3_Unequal2,19,10.0,1.0,0.0,1.1,100000,90198,4830,4830,4830,0,0,4.83,4.83,4.83
RMT_3954_CDD_Type3_Unequal2,19,10.0,1.0,0.0,1.2,100000,88080,6101,6101,6101,0,0,6.101,6.101,6.101
RMT_3954_CDD_Type3_Unequal2,19,10.0,1.0,0.0,1.3,100000,85689,7125,7125,7125,0,0,7.125,7.125,7.125
RMT_3954_CDD_Type3_Unequal2,19,10.0,1.0,0.0,1.4,100000,83226,8061,8061,8061,0,0,8.061,8.061,8.061
RMT_3954_CDD_Type3_Unequal2,19,10.0,1.0,0.0,1.5,100000,80727,8875,8875,8875,0,0,8.875,8.875,8.875
RMT_3954_CDD_Type3_Unequal2,19,10.0,1.0,0.0,1.6,100000,78077,9441,9441,9441,0,0,9.441,9.441,9.441
RMT_3954_CDD_Type3_Unequal2,19,10.0,1.0,0.0,1.8,100000,72870,10401,10401,10401,0,0,10.401,10.401,10.401
RMT_3954_CDD_Type3_Unequal2,19,10.0,1.0,0.0,2.0,100000,67959,10955,10955,10955,0,0,10.955,10.955,10.955
RMT_3954_CDD_Type3_Unequal2,19,10.0,1.0,0.0,2.2,100000,63389,11291,11291,11291,0,0,11.291,11.291,11.291
RMT_3954_CDD_Type3_Unequal2,19,10.0,1.0,0.0,2.4,100000,59093,11462,11462,11462,0,0,11.462,11.462,11.462
RMT_3954_CDD_Type3_Unequal2,19,10.0,1.0,0.0,2.6,100000,55261,11542,11542,11542,0,0,11.542,11.542,11.542
RMT_3954_CDD_Type3_Unequal2,19,10.0,1.0,0.0,2.8,100000,51853,11583,11583,11583,0,0,11.583,11.583,11.583
RMT_3954_CDD_Type3_Unequal2,19,10.0,1.0,0.0,3.0,100000,48898,11572,11572,11572,0,0,11.572,11.572,11.572
RMT_3954_CDD_Type3_Unequal2,19,10.0,1.0,0.0,3.2,100000,46233,11536,11536,11536,0,0,11.536,11.536,11.536
RMT_3954_CDD_Type3_Unequal2,19,10.0,1.0,0.0,3.4,100000,43879,11399,11399,11399,0,0,11.399,11.399,11.399
RMT_3954_CDD_Type3_Unequal2,19,10.0,1.0,0.0,3.6,100000,41674,11336,11336,11336,0,0,11.336,11.336,11.336
RMT_3954_CDD_Type3_Unequal2,19,10.0,1.0,0.0,3.8,100000,39752,11276,11276,11276,0,0,11.276,11.276,11.276
RMT_3954_CDD_Type3_Unequal2,19,10.0,1.0,0.0,4.0,100000,38013,11150,11150,11150,0,0,11.15,11.15,11.15
RMT_3954_CDD_Type3_Unequal2,19,10.0,1.0,0.0,5.0,100000,31319,10595,10595,10595,0,0,10.595,10.595,10.595
RMT_3954_CDD_Type3_Unequal2,19,10.0,1.0,0.0,6.0,100000,26971,10125,10125,10125,0,0,10.125,10.125,10.125
RMT_3954_CDD_Type3_Unequal2,19,10.0,1.0,0.0,7.0,100000,23995,9789,9789,9789,0,0,9.789,9.789,9.789
RMT_3954_CDD_Type3_Unequal2,19,10.0,1.0,0.0,8.0,100000,21713,9451,9451,9451,0,0,9.451,9.451,9.451
RMT_3954_CDD_Type3_Unequal2,19,10.0,1.0,0.0,9.0,100000,19905,9100,9100,9100,0,0,9.1,9.1,9.1
RMT_3954_CDD_Type3_Unequal2,19,10.0,1.0,0.0,10.0,100000,18489,8872,8872,8872,0,0,8.872,8.872,8.872
RMT_3954_CDD_Type3_Limit,20,0.1,0.1,0.0,0.1,100000,100000,0,0,0,0,0,0.0,0.0,0.0
RMT_3954_CDD_Type3_Limit,20,0.1,0.1,0.0,0.2,100000,100000,0,0,0,0,0,0.0,0.0,0.0
RMT_3954_CDD_Type3_Limit,20,0.1,0.1,0.0,0.3,100000,100000,0,0,0,0,0,0.0,0.0,0.0
RMT_3954_CDD_Type3_Limit,20,0.1,0.1,0.0,0.4,100000,99981,0,0,0,0,0,0.0,0.0,0.0
RMT_3954_CDD_Type3_Limit,20,0.1,0.1,0.0,0.5,100000,99732,0,0,0,0,0,0.0,0.0,0.0
RMT_3954_CDD_Type3_Limit,20,0.1,0.1,0.0,0.6,100000,98966,2,2,2,0,0,0.002,0.002,0.002
RMT_3954_CDD_Type3_Limit,20,0.1,0.1,0.0,0.7,100000,97782,8,8,8,0,0,0.008,0.008,0.008
RMT_3954_CDD_Type3_Limit,20,0.1,0.1,0.0,0.8,100000,96149,24,24,24,0,0,0.024,0.024,0.024
RMT_3954_CDD_Type3_Limit,20,0.1,0.1,0.0,0.9,100000,94311,65,65,65,0,0,0.065,0.065,0.065
RMT_3954_CDD_Type3_Limit,20,0.1,0.1,0.0,1.0,100000,92345,124,124,124,0,0,0.124,0.124,0.124
RMT_3954_CDD_Type3_Limit,20,0.1,0.1,0.0,1.1,100000,90198,226,226,226,0,0,0.226,0.226,0.226
RMT_3954_CDD_Type3_Limit,20,0.1,0.1,0.0,1.2,100000,88080,324,324,324,0,0,0.324,0.324,0.324
RMT_3954_CDD_Type3_Limit,20,0.1,0.1,0.0,1.3,100000,85689,436,436,436,0,0,0.436,0.436,0.436
RMT_3954_CDD_Type3_Limit,20,0.1,0.1,0.0,1.4,100000,83226,536,536,536,0,0,0.536,0.536,0.536
RMT_3954_CDD_Type3_Limit,20,0.1,0.1,0.0,1.5,100000,80727,681,681,681,0,0,0.681,0.681,0.681
RMT_3954_CDD_Type3_Limit,20,0.1,0.1,0.0,1.6,100000,78077,787,787,787,0,0,0.787,0.787,0.787
RMT_3954_CDD_Type3_Limit,20,0.1,0.1,0.0,1.8,100000,72870,972,972,972,0,0,0.972,0.972,0.972
RMT_3954_CDD_Type3_Limit,20,0.1,0.1,0.0,2.0,100000,67959,1129,1129,1129,0,0,1.129,1.129,1.129
RMT_3954_CDD_Type3_Limit,20,0.1,0.1,0.0,2.2,100000,63389,1355,1355,1355,0,0,1.355,1.355,1.355
RMT_3954_CDD_Type3_Limit,20,0.1,0.1,0.0,2.4,100000,59093,1503,1503,1503,0,0,1.503,1.503,1.503
RMT_3954_CDD_Type3_Limit,20,0.1,0.1,0.0,2.6,100000,55261,1618,1618,1618,0,0,1.618,1.618,1.618
RMT_3954_CDD_Type3_Limit,20,0.1,0.1,0.0,2.8,100000,51853,1729,1729,1729,0,0,1.729,1.729,1.729
RMT_3954_CDD_Type3_Limit,20,0.1,0.1,0.0,3.0,100000,48898,1884,1884,1883,1,0,1.884,1.884,1.883
RMT_3954_CDD_Type3_Limit,20,0.1,0.1,0.0,3.2,100000,46233,2000,2000,1999,1,0,2.0,2.0,1.999
RMT_3954_CDD_Type3_Limit,20,0.1,0.1,0.0,3.4,100000,43879,2068,2068,2065,3,0,2.068,2.068,2.065
RMT_3954_CDD_Type3_Limit,20,0.1,0.1,0.0,3.6,100000,41674,2164,2164,2160,4,0,2.164,2.164,2.16
RMT_3954_CDD_Type3_Limit,20,0.1,0.1,0.0,3.8,100000,39752,2226,2226,2219,7,0,2.226,2.226,2.219
RMT_3954_CDD_Type3_Limit,20,0.1,0.1,0.0,4.0,100000,38013,2295,2295,2283,12,0,2.295,2.295,2.283
RMT_3954_CDD_Type3_Limit,20,0.1,0.1,0.0,5.0,100000,31319,2555,2555,2488,67,0,2.555,2.555,2.488
RMT_3954_CDD_Type3_Limit,20,0.1,0.1,0.0,6.0,100000,26971,2816,2816,2602,214,0,2.816,2.816,2.602
RMT_3954_CDD_Type3_Limit,20,0.1,0.1,0.0,7.0,100000,23995,2969,2969,2493,476,0,2.969,2.969,2.493
RMT_3954_CDD_Type3_Limit,20,0.1,0.1,0.0,8.0,100000,21713,3010,3010,2251,759,0,3.01,3.01,2.251
RMT_3954_CDD_Type3_Limit,20,0.1,0.1,0.0,9.0,100000,19905,3065,3065,2025,1040,0,3.065,3.065,2.025
RMT_3954_CDD_Type3_Limit,20,0.1,0.1,0.0,10.0,100000,18489,3076,3076,1815,1261,0,3.076,3.076,1.815
RMT_3954_CCD_Type1,21,10.0,10.0,1.0,0.1,100000,100000,0,0,0,0,0,0.0,0.0,0.0
RMT_3954_CCD_Type1,21,10.0,10.0,1.0,0.2,100000,100000,0,0,0,0,0,0.0,0.0,0.0
RMT_3954_CCD_Type1,21,10.0,10.0,1.0,0.3,100000,100000,0,0,0,0,0,0.0,0.0,0.0
RMT_3954_CCD_Type1,21,10.0,10.0,1.0,0.4,100000,99981,0,0,0,0,0,0.0,0.0,0.0
RMT_3954_CCD_Type1,21,10.0,10.0,1.0,0.5,100000,99732,0,0,0,0,0,0.0,0.0,0.0
RMT_3954_CCD_Type1,21,10.0,10.0,1.0,0.6,100000,98966,1,1,1,0,0,0.001,0.001,0.001
RMT_3954_CCD_Type1,21,10.0,10.0,1.0,0.7,100000,97782,4,4,4,0,0,0.004,0.004,0.004
RMT_3954_CCD_Type1,21,10.0,10.0,1.0,0.8,100000,96149,11,11,11,0,0,0.011,0.011,0.011
RMT_3954_CCD_Type1,21,10.0,10.0,1.0,0.9,100000,94311,32,32,32,0,0,0.032,0.032,0.032
RMT_3954_CCD_Type1,21,10.0,10.0,1.0,1.0,100000,92345,59,59,59,0,0,0.059,0.059,0.059
RMT_3954_CCD_Type1,21,10.0,10.0,1.0,1.1,100000,90198,117,117,117,0,0,0.117,0.117,0.117
RMT_3954_CCD_Type1,21,10.0,10.0,1.0,1.2,100000,88080,166,166,166,0,0,0.166,0.166,0.166
RMT_3954_CCD_Type1,21,10.0,10.0,1.0,1.3,100000,85689,209,209,209,0,0,0.209,0.209,0.209
RMT_3954_CCD_Type1,21,10.0,10.0,1.0,1.4,100000,83226,310,310,310,0,0,0.31,0.31,0.31
RMT_3954_CCD_Type1,21,10.0,10.0,1.0,1.5,100000,80727,358,358,358,0,0,0.358,0.358,0.358
RMT_3954_CCD_Type1,21,10.0,10.0,1.0,1.6,100000,78077,430,430,430,0,0,0.43,0.43,0.43
RMT_3954_CCD_Type1,21,10.0,10.0,1.0,1.8,100000,72870,541,541,541,0,0,0.541,0.541,0.541
RMT_3954_CCD_Type1,21,10.0,10.0,1.0,2.0,100000,67959,628,628,628,0,0,0.628,0.628,0.628
RMT_3954_CCD_Type1,21,10.0,10.0,1.0,2.2,100000,63389,736,736,736,0,0,0.736,0.736,0.736
RMT_3954_CCD_Type1,21,10.0,10.0,1.0,2.4,100000,59093,810,810,810,0,0,0.81,0.81,0.81
RMT_3954_CCD_Type1,21,10.0,10.0,1.0,2.6,100000,55261,846,846,846,0,0,0.846,0.846,0.846
RMT_3954_CCD_Type1,21,10.0,10.0,1.0,2.8,100000,51853,920,920,920,0,0,0.92,0.92,0.92
RMT_3954_CCD_Type1,21,10.0,10.0,1.0,3.0,100000,48898,987,987,987,0,0,0.987,0.987,0.987
RMT_3954_CCD_Type1,21,10.0,10.0,1.0,3.2,100000,46233,1059,1059,1059,0,0,1.059,1.059,1.059
RMT_3954_CCD_Type1,21,10.0,10.0,1.0,3.4,100000,43879,1098,1098,1098,0,0,1.098,1.098,1.098
RMT_3954_CCD_Type1,21,10.0,10.0,1.0,3.6,100000,41674,1156,1156,1156,0,0,1.156,1.156,1.156
RMT_3954_CCD_Type1,21,10.0,10.0,1.0,3.8,100000,39752,1166,1166,1166,0,0,1.166,1.166,1.166
RMT_3954_CCD_Type1,21,10.0,10.0,1.0,4.0,100000,38013,1185,1185,1185,0,0,1.185,1.185,1.185
RMT_3954_CCD_Type1,21,10.0,10.0,1.0,5.0,100000,31319,1298,1298,1298,0,0,1.298,1.298,1.298
RMT_3954_CCD_Type1,21,10.0,10.0,1.0,6.0,100000,26971,1425,1425,1425,0,0,1.425,1.425,1.425
RMT_3954_CCD_Type1,21,10.0,10.0,1.0,7.0,100000,23995,1470,1470,1470,0,0,1.47,1.47,1.47
RMT_3954_CCD_Type1,21,10.0,10.0,1.0,8.0,100000,21713,1461,1461,1461,0,0,1.461,1.461,1.461
RMT_3954_CCD_Type1,21,10.0,10.0,1.0,9.0,100000,19905,1475,1475,1475,0,0,1.475,1.475,1.475
RMT_3954_CCD_Type1,21,10.0,10.0,1.0,10.0,100000,18489,1468,1468,1468,0,0,1.468,1.468,1.468
RMT_3954_CCD_Type1_OneFast,22,10.0,1.0,1.0,0.1,100000,100000,0,0,0,0,0,0.0,0.0,0.0
RMT_3954_CCD_Type1_OneFast,22,10.0,1.0,1.0,0.2,100000,100000,0,0,0,0,0,0.0,0.0,0.0
RMT_3954_CCD_Type1_OneFast,22,10.0,1.0,1.0,0.3,100000,100000,0,0,0,0,0,0.0,0.0,0.0
RMT_3954_CCD_Type1_OneFast,22,10.0,1.0,1.0,0.4,100000,99981,0,0,0,0,0,0.0,0.0,0.0
RMT_3954_CCD_Type1_OneFast,22,10.0,1.0,1.0,0.5,100000,99732,10,10,10,0,0,0.01,0.01,0.01
RMT_3954_CCD_Type1_OneFast,22,10.0,1.0,1.0,0.6,100000,98966,66,66,66,0,0,0.066,0.066,0.066
RMT_3954_CCD_Type1_OneFast,22,10.0,1.0,1.0,0.7,100000,97782,214,214,214,0,0,0.214,0.214,0.214
RMT_3954_CCD_Type1_OneFast,22,10.0,1.0,1.0,0.8,100000,96149,530,530,530,0,0,0.53,0.53,0.53
RMT_3954_CCD_Type1_OneFast,22,10.0,1.0,1.0,0.9,100000,94311,1090,1090,1090,0,0,1.09,1.09,1.09
RMT_3954_CCD_Type1_OneFast,22,10.0,1.0,1.0,1.0,100000,92345,1719,1719,1719,0,0,1.719,1.719,1.719
RMT_3954_CCD_Type1_OneFast,22,10.0,1.0,1.0,1.1,100000,90198,2294,2294,2294,0,0,2.294,2.294,2.294
RMT_3954_CCD_Type1_OneFast,22,10.0,1.0,1.0,1.2,100000,88080,2945,2945,2945,0,0,2.945,2.945,2.945
RMT_3954_CCD_Type1_OneFast,22,10.0,1.0,1.0,1.3,100000,85689,3535,3535,3535,0,0,3.535,3.535,3.535
RMT_3954_CCD_Type1_OneFast,22,10.0,1.0,1.0,1.4,100000,83226,3977,3977,3977,0,0,3.977,3.977,3.977
RMT_3954_CCD_Type1_OneFast,22,10.0,1.0,1.0,1.5,100000,80727,4391,4391,4391,0,0,4.391,4.391,4.391
RMT_3954_CCD_Type1_OneFast,22,10.0,1.0,1.0,1.6,100000,78077,4706,4706,4706,0,0,4.706,4.706,4.706
RMT_3954_CCD_Type1_OneFast,22,10.0,1.0,1.0,1.8,100000,72870,5242,5242,5242,0,0,5.242,5.242,5.242
RMT_3954_CCD_Type1_OneFast,22,10.0,1.0,1.0,2.0,100000,67959,5488,5488,5488,0,0,5.488,5.488,5.488
RMT_3954_CCD_Type1_OneFast,22,10.0,1.0,1.0,2.2,100000,63389,5623,5623,5623,0,0,5.623,5.623,5.623
RMT_3954_CCD_Type1_OneFast,22,10.0,1.0,1.0,2.4,100000,59093,5701,5701,5701,0,0,5.701,5.701,5.701
RMT_3954_CCD_Type1_OneFast,22,10.0,1.0,1.0,2.6,100000,55261,5602,5602,5602,0,0,5.602,5.602,5.602
RMT_3954_CCD_Type1_OneFast,22,10.0,1.0,1.0,2.8,100000,51853,5562,5562,5562,0,0,5.562,5.562,5.562
RMT_3954_CCD_Type1_OneFast,22,10.0,1.0,1.0,3.0,100000,48898,5509,5509,5509,0,0,5.509,5.509,5.509
RMT_3954_CCD_Type1_OneFast,22,10.0,1.0,1.0,3.2,100000,46233,5487,5487,5487,0,0,5.487,5.487,5.487
RMT_3954_CCD_Type1_OneFast,22,10.0,1.0,1.0,3.4,100000,43879,5399,5399,5399,0,0,5.399,5.399,5.399
RMT_3954_CCD_Type1_OneFast,22,10.0,1.0,1.0,3.6,100000,41674,5279,5279,5279,0,0,5.279,5.279,5.279
RMT_3954_CCD_Type1_OneFast,22,10.0,1.0,1.0,3.8,100000,39752,5171,5171,5171,0,0,5.171,5.171,5.171
RMT_3954_CCD_Type1_OneFast,22,10.0,1.0,1.0,4.0,100000,38013,5123,5123,5123,0,0,5.123,5.123,5.123
RMT_3954_CCD_Type1_OneFast,22,10.0,1.0,1.0,5.0,100000,31319,4694,4694,4694,0,0,4.694,4.694,4.694
RMT_3954_CCD_Type1_OneFast,22,10.0,1.0,1.0,6.0,100000,26971,4423,4423,4423,0,0,4.423,4.423,4.423
RMT_3954_CCD_Type1_OneFast,22,10.0,1.0,1.0,7.0,100000,23995,4155,4155,4155,0,0,4.155,4.155,4.155
RMT_3954_CCD_Type1_OneFast,22,10.0,1.0,1.0,8.0,100000,21713,3973,3973,3973,0,0,3.973,3.973,3.973
RMT_3954_CCD_Type1_OneFast,22,10.0,1.0,1.0,9.0,100000,19905,3785,3785,3785,0,0,3.785,3.785,3.785
RMT_3954_CCD_Type1_OneFast,22,10.0,1.0,1.0,10.0,100000,18489,3619,3619,3619,0,0,3.619,3.619,3.619
RMT_3954_CCD_Type1_Control,23,1.0,1.0,1.0,0.1,100000,100000,0,0,0,0,0,0.0,0.0,0.0
RMT_3954_CCD_Type1_Control,23,1.0,1.0,1.0,0.2,100000,100000,0,0,0,0,0,0.0,0.0,0.0
RMT_3954_CCD_Type1_Control,23,1.0,1.0,1.0,0.3,100000,100000,0,0,0,0,0,0.0,0.0,0.0
RMT_3954_CCD_Type1_Control,23,1.0,1.0,1.0,0.4,100000,99981,0,0,0,0,0,0.0,0.0,0.0
RMT_3954_CCD_Type1_Control,23,1.0,1.0,1.0,0.5,100000,99732,0,0,0,0,0,0.0,0.0,0.0
RMT_3954_CCD_Type1_Control,23,1.0,1.0,1.0,0.6,100000,98966,0,0,0,0,0,0.0,0.0,0.0
RMT_3954_CCD_Type1_Control,23,1.0,1.0,1.0,0.7,100000,97782,0,0,0,0,0,0.0,0.0,0.0
RMT_3954_CCD_Type1_Control,23,1.0,1.0,1.0,0.8,100000,96149,0,0,0,0,0,0.0,0.0,0.0
RMT_3954_CCD_Type1_Control,23,1.0,1.0,1.0,0.9,100000,94311,0,0,0,0,0,0.0,0.0,0.0
RMT_3954_CCD_Type1_Control,23,1.0,1.0,1.0,1.0,100000,92345,0,0,0,0,0,0.0,0.0,0.0
RMT_3954_CCD_Type1_Control,23,1.0,1.0,1.0,1.1,100000,90198,0,0,0,0,0,0.0,0.0,0.0
RMT_3954_CCD_Type1_Control,23,1.0,1.0,1.0,1.2,100000,88080,0,0,0,0,0,0.0,0.0,0.0
RMT_3954_CCD_Type1_Control,23,1.0,1.0,1.0,1.3,100000,85689,0,0,0,0,0,0.0,0.0,0.0
RMT_3954_CCD_Type1_Control,23,1.0,1.0,1.0,1.4,100000,83226,0,0,0,0,0,0.0,0.0,0.0
RMT_3954_CCD_Type1_Control,23,1.0,1.0,1.0,1.5,100000,80727,0,0,0,0,0,0.0,0.0,0.0
RMT_3954_CCD_Type1_Control,23,1.0,1.0,1.0,1.6,100000,78077,0,0,0,0,0,0.0,0.0,0.0
RMT_3954_CCD_Type1_Control,23,1.0,1.0,1.0,1.8,100000,72870,0,0,0,0,0,0.0,0.0,0.0
RMT_3954_CCD_Type1_Control,23,1.0,1.0,1.0,2.0,100000,67959,0,0,0,0,0,0.0,0.0,0.0
RMT_3954_CCD_Type1_Control,23,1.0,1.0,1.0,2.2,100000,63389,0,0,0,0,0,0.0,0.0,0.0
RMT_3954_CCD_Type1_Control,23,1.0,1.0,1.0,2.4,100000,59093,0,0,0,0,0,0.0,0.0,0.0
RMT_3954_CCD_Type1_Control,23,1.0,1.0,1.0,2.6,100000,55261,0,0,0,0,0,0.0,0.0,0.0
RMT_3954_CCD_Type1_Control,23,1.0,1.0,1.0,2.8,100000,51853,0,0,0,0,0,0.0,0.0,0.0
RMT_3954_CCD_Type1_Control,23,1.0,1.0,1.0,3.0,100000,48898,0,0,0,0,0,0.0,0.0,0.0
RMT_3954_CCD_Type1_Control,23,1.0,1.0,1.0,3.2,100000,46233,0,0,0,0,0,0.0,0.0,0.0
RMT_3954_CCD_Type1_Control,23,1.0,1.0,1.0,3.4,100000,43879,0,0,0,0,0,0.0,0.0,0.0
RMT_3954_CCD_Type1_Control,23,1.0,1.0,1.0,3.6,100000,41674,0,0,0,0,0,0.0,0.0,0.0
RMT_3954_CCD_Type1_Control,23,1.0,1.0,1.0,3.8,100000,39752,0,0,0,0,0,0.0,0.0,0.0
RMT_3954_CCD_Type1_Control,23,1.0,1.0,1.0,4.0,100000,38013,0,0,0,0,0,0.0,0.0,0.0
RMT_3954_CCD_Type1_Control,23,1.0,1.0,1.0,5.0,100000,31319,0,0,0,0,0,0.0,0.0,0.0
RMT_3954_CCD_Type1_Control,23,1.0,1.0,1.0,6.0,100000,26971,0,0,0,0,0,0.0,0.0,0.0
RMT_3954_CCD_Type1_Control,23,1.0,1.0,1.0,7.0,100000,23995,0,0,0,0,0,0.0,0.0,0.0
RMT_3954_CCD_Type1_Control,23,1.0,1.0,1.0,8.0,100000,21713,0,0,0,0,0,0.0,0.0,0.0
RMT_3954_CCD_Type1_Control,23,1.0,1.0,1.0,9.0,100000,19905,0,0,0,0,0,0.0,0.0,0.0
RMT_3954_CCD_Type1_Control,23,1.0,1.0,1.0,10.0,100000,18489,0,0,0,0,0,0.0,0.0,0.0
RMT_3954_CCD_Type2_Equal,24,0.0,1.0,1.0,0.1,100000,100000,0,0,0,0,0,0.0,0.0,0.0
RMT_3954_CCD_Type2_Equal,24,0.0,1.0,1.0,0.2,100000,100000,0,0,0,0,0,0.0,0.0,0.0
RMT_3954_CCD_Type2_Equal,24,0.0,1.0,1.0,0.3,100000,100000,0,0,0,0,0,0.0,0.0,0.0
RMT_3954_CCD_Type2_Equal,24,0.0,1.0,1.0,0.4,100000,99981,0,0,0,0,0,0.0,0.0,0.0
RMT_3954_CCD_Type2_Equal,24,0.0,1.0,1.0,0.5,100000,99732,0,0,0,0,0,0.0,0.0,0.0
RMT_3954_CCD_Type2_Equal,24,0.0,1.0,1.0,0.6,100000,98966,0,0,0,0,0,0.0,0.0,0.0
RMT_3954_CCD_Type2_Equal,24,0.0,1.0,1.0,0.7,100000,97782,0,0,0,0,0,0.0,0.0,0.0
RMT_3954_CCD_Type2_Equal,24,0.0,1.0,1.0,0.8,100000,96149,0,0,0,0,0,0.0,0.0,0.0
RMT_3954_CCD_Type2_Equal,24,0.0,1.0,1.0,0.9,100000,94311,0,0,0,0,0,0.0,0.0,0.0
RMT_3954_CCD_Type2_Equal,24,0.0,1.0,1.0,1.0,100000,92345,0,0,0,0,0,0.0,0.0,0.0
RMT_3954_CCD_Type2_Equal,24,0.0,1.0,1.0,1.1,100000,90198,0,0,0,0,0,0.0,0.0,0.0
RMT_3954_CCD_Type2_Equal,24,0.0,1.0,1.0,1.2,100000,88080,0,0,0,0,0,0.0,0.0,0.0
RMT_3954_CCD_Type2_Equal,24,0.0,1.0,1.0,1.3,100000,85689,0,0,0,0,0,0.0,0.0,0.0
RMT_3954_CCD_Type2_Equal,24,0.0,1.0,1.0,1.4,100000,83226,0,0,0,0,0,0.0,0.0,0.0
RMT_3954_CCD_Type2_Equal,24,0.0,1.0,1.0,1.5,100000,80727,0,0,0,0,0,0.0,0.0,0.0
RMT_3954_CCD_Type2_Equal,24,0.0,1.0,1.0,1.6,100000,78077,0,0,0,0,0,0.0,0.0,0.0
RMT_3954_CCD_Type2_Equal,24,0.0,1.0,1.0,1.8,100000,72870,0,0,0,0,0,0.0,0.0,0.0
RMT_3954_CCD_Type2_Equal,24,0.0,1.0,1.0,2.0,100000,67959,0,0,0,0,0,0.0,0.0,0.0
RMT_3954_CCD_Type2_Equal,24,0.0,1.0,1.0,2.2,100000,63389,0,0,0,0,0,0.0,0.0,0.0
RMT_3954_CCD_Type2_Equal,24,0.0,1.0,1.0,2.4,100000,59093,0,1,0,0,1,0.0,0.001,0.0
RMT_3954_CCD_Type2_Equal,24,0.0,1.0,1.0,2.6,100000,55261,0,1,0,0,1,0.0,0.001,0.0
RMT_3954_CCD_Type2_Equal,24,0.0,1.0,1.0,2.8,100000,51853,0,1,0,0,1,0.0,0.001,0.0
RMT_3954_CCD_Type2_Equal,24,0.0,1.0,1.0,3.0,100000,48898,0,0,0,0,0,0.0,0.0,0.0
RMT_3954_CCD_Type2_Equal,24,0.0,1.0,1.0,3.2,100000,46233,0,1,0,0,1,0.0,0.001,0.0
RMT_3954_CCD_Type2_Equal,24,0.0,1.0,1.0,3.4,100000,43879,0,5,0,0,5,0.0,0.005,0.0
RMT_3954_CCD_Type2_Equal,24,0.0,1.0,1.0,3.6,100000,41674,0,4,0,0,4,0.0,0.004,0.0
RMT_3954_CCD_Type2_Equal,24,0.0,1.0,1.0,3.8,100000,39752,0,7,0,0,7,0.0,0.007,0.0
RMT_3954_CCD_Type2_Equal,24,0.0,1.0,1.0,4.0,100000,38013,0,9,0,0,9,0.0,0.009,0.0
RMT_3954_CCD_Type2_Equal,24,0.0,1.0,1.0,5.0,100000,31319,0,42,0,0,42,0.0,0.042,0.0
RMT_3954_CCD_Type2_Equal,24,0.0,1.0,1.0,6.0,100000,26971,0,53,0,0,53,0.0,0.053,0.0
RMT_3954_CCD_Type2_Equal,24,0.0,1.0,1.0,7.0,100000,23995,0,95,0,0,95,0.0,0.095,0.0
RMT_3954_CCD_Type2_Equal,24,0.0,1.0,1.0,8.0,100000,21713,0,118,0,0,118,0.0,0.118,0.0
RMT_3954_CCD_Type2_Equal,24,0.0,1.0,1.0,9.0,100000,19905,0,145,0,0,145,0.0,0.145,0.0
RMT_3954_CCD_Type2_Equal,24,0.0,1.0,1.0,10.0,100000,18489,0,158,0,0,158,0.0,0.158,0.0
RMT_3954_CCD_Type2_Unequal1,25,0.0,0.1,1.0,0.1,100000,100000,0,0,0,0,0,0.0,0.0,0.0
RMT_3954_CCD_Type2_Unequal1,25,0.0,0.1,1.0,0.2,100000,100000,0,0,0,0,0,0.0,0.0,0.0
RMT_3954_CCD_Type2_Unequal1,25,0.0,0.1,1.0,0.3,100000,100000,0,0,0,0,0,0.0,0.0,0.0
RMT_3954_CCD_Type2_Unequal1,25,0.0,0.1,1.0,0.4,100000,99981,0,0,0,0,0,0.0,0.0,0.0
RMT_3954_CCD_Type2_Unequal1,25,0.0,0.1,1.0,0.5,100000,99732,0,0,0,0,0,0.0,0.0,0.0
RMT_3954_CCD_Type2_Unequal1,25,0.0,0.1,1.0,0.6,100000,98966,0,0,0,0,0,0.0,0.0,0.0
RMT_3954_CCD_Type2_Unequal1,25,0.0,0.1,1.0,0.7,100000,97782,0,0,0,0,0,0.0,0.0,0.0
RMT_3954_CCD_Type2_Unequal1,25,0.0,0.1,1.0,0.8,100000,96149,0,0,0,0,0,0.0,0.0,0.0
RMT_3954_CCD_Type2_Unequal1,25,0.0,0.1,1.0,0.9,100000,94311,0,0,0,0,0,0.0,0.0,0.0
RMT_3954_CCD_Type2_Unequal1,25,0.0,0.1,1.0,1.0,100000,92345,0,0,0,0,0,0.0,0.0,0.0
RMT_3954_CCD_Type2_Unequal1,25,0.0,0.1,1.0,1.1,100000,90198,0,0,0,0,0,0.0,0.0,0.0
RMT_3954_CCD_Type2_Unequal1,25,0.0,0.1,1.0,1.2,100000,88080,0,0,0,0,0,0.0,0.0,0.0
RMT_3954_CCD_Type2_Unequal1,25,0.0,0.1,1.0,1.3,100000,85689,0,0,0,0,0,0.0,0.0,0.0
RMT_3954_CCD_Type2_Unequal1,25,0.0,0.1,1.0,1.4,100000,83226,0,0,0,0,0,0.0,0.0,0.0
RMT_3954_CCD_Type2_Unequal1,25,0.0,0.1,1.0,1.5,100000,80727,0,0,0,0,0,0.0,0.0,0.0
RMT_3954_CCD_Type2_Unequal1,25,0.0,0.1,1.0,1.6,100000,78077,0,0,0,0,0,0.0,0.0,0.0
RMT_3954_CCD_Type2_Unequal1,25,0.0,0.1,1.0,1.8,100000,72870,0,1,0,0,1,0.0,0.001,0.0
RMT_3954_CCD_Type2_Unequal1,25,0.0,0.1,1.0,2.0,100000,67959,0,4,0,0,4,0.0,0.004,0.0
RMT_3954_CCD_Type2_Unequal1,25,0.0,0.1,1.0,2.2,100000,63389,0,11,0,0,11,0.0,0.011,0.0
RMT_3954_CCD_Type2_Unequal1,25,0.0,0.1,1.0,2.4,100000,59093,0,28,0,0,28,0.0,0.028,0.0
RMT_3954_CCD_Type2_Unequal1,25,0.0,0.1,1.0,2.6,100000,55261,0,36,0,0,36,0.0,0.036,0.0
RMT_3954_CCD_Type2_Unequal1,25,0.0,0.1,1.0,2.8,100000,51853,0,41,0,0,41,0.0,0.041,0.0
RMT_3954_CCD_Type2_Unequal1,25,0.0,0.1,1.0,3.0,100000,48898,0,81,0,0,81,0.0,0.081,0.0
RMT_3954_CCD_Type2_Unequal1,25,0.0,0.1,1.0,3.2,100000,46233,0,105,0,0,105,0.0,0.105,0.0
RMT_3954_CCD_Type2_Unequal1,25,0.0,0.1,1.0,3.4,100000,43879,0,130,0,0,130,0.0,0.13,0.0
RMT_3954_CCD_Type2_Unequal1,25,0.0,0.1,1.0,3.6,100000,41674,0,182,0,0,182,0.0,0.182,0.0
RMT_3954_CCD_Type2_Unequal1,25,0.0,0.1,1.0,3.8,100000,39752,0,240,0,0,240,0.0,0.24,0.0
RMT_3954_CCD_Type2_Unequal1,25,0.0,0.1,1.0,4.0,100000,38013,0,296,0,0,296,0.0,0.296,0.0
RMT_3954_CCD_Type2_Unequal1,25,0.0,0.1,1.0,5.0,100000,31319,0,547,0,0,547,0.0,0.547,0.0
RMT_3954_CCD_Type2_Unequal1,25,0.0,0.1,1.0,6.0,100000,26971,0,805,0,0,805,0.0,0.805,0.0
RMT_3954_CCD_Type2_Unequal1,25,0.0,0.1,1.0,7.0,100000,23995,0,1056,0,0,1056,0.0,1.056,0.0
RMT_3954_CCD_Type2_Unequal1,25,0.0,0.1,1.0,8.0,100000,21713,0,1218,0,0,1218,0.0,1.218,0.0
RMT_3954_CCD_Type2_Unequal1,25,0.0,0.1,1.0,9.0,100000,19905,0,1333,0,0,1333,0.0,1.333,0.0
RMT_3954_CCD_Type2_Unequal1,25,0.0,0.1,1.0,10.0,100000,18489,0,1413,0,0,1413,0.0,1.413,0.0
RMT_3954_CCD_Type2_Unequal2,26,0.0,1.0,10.0,0.1,100000,100000,0,0,0,0,0,0.0,0.0,0.0
RMT_3954_CCD_Type2_Unequal2,26,0.0,1.0,10.0,0.2,100000,100000,0,0,0,0,0,0.0,0.0,0.0
RMT_3954_CCD_Type2_Unequal2,26,0.0,1.0,10.0,0.3,100000,100000,0,0,0,0,0,0.0,0.0,0.0
RMT_3954_CCD_Type2_Unequal2,26,0.0,1.0,10.0,0.4,100000,99981,0,0,0,0,0,0.0,0.0,0.0
RMT_3954_CCD_Type2_Unequal2,26,0.0,1.0,10.0,0.5,100000,99732,0,0,0,0,0,0.0,0.0,0.0
RMT_3954_CCD_Type2_Unequal2,26,0.0,1.0,10.0,0.6,100000,98966,0,0,0,0,0,0.0,0.0,0.0
RMT_3954_CCD_Type2_Unequal2,26,0.0,1.0,10.0,0.7,100000,97782,0,0,0,0,0,0.0,0.0,0.0
RMT_3954_CCD_Type2_Unequal2,26,0.0,1.0,10.0,0.8,100000,96149,0,0,0,0,0,0.0,0.0,0.0
RMT_3954_CCD_Type2_Unequal2,26,0.0,1.0,10.0,0.9,100000,94311,0,0,0,0,0,0.0,0.0,0.0
RMT_3954_CCD_Type2_Unequal2,26,0.0,1.0,10.0,1.0,100000,92345,0,0,0,0,0,0.0,0.0,0.0
RMT_3954_CCD_Type2_Unequal2,26,0.0,1.0,10.0,1.1,100000,90198,0,0,0,0,0,0.0,0.0,0.0
RMT_3954_CCD_Type2_Unequal2,26,0.0,1.0,10.0,1.2,100000,88080,0,0,0,0,0,0.0,0.0,0.0
RMT_3954_CCD_Type2_Unequal2,26,0.0,1.0,10.0,1.3,100000,85689,0,0,0,0,0,0.0,0.0,0.0
RMT_3954_CCD_Type2_Unequal2,26,0.0,1.0,10.0,1.4,100000,83226,0,0,0,0,0,0.0,0.0,0.0
RMT_3954_CCD_Type2_Unequal2,26,0.0,1.0,10.0,1.5,100000,80727,0,0,0,0,0,0.0,0.0,0.0
RMT_3954_CCD_Type2_Unequal2,26,0.0,1.0,10.0,1.6,100000,78077,0,0,0,0,0,0.0,0.0,0.0
RMT_3954_CCD_Type2_Unequal2,26,0.0,1.0,10.0,1.8,100000,72870,0,1,0,0,1,0.0,0.001,0.0
RMT_3954_CCD_Type2_Unequal2,26,0.0,1.0,10.0,2.0,100000,67959,0,4,0,0,4,0.0,0.004,0.0
RMT_3954_CCD_Type2_Unequal2,26,0.0,1.0,10.0,2.2,100000,63389,0,10,0,0,10,0.0,0.01,0.0
RMT_3954_CCD_Type2_Unequal2,26,0.0,1.0,10.0,2.4,100000,59093,0,28,0,0,28,0.0,0.028,0.0
RMT_3954_CCD_Type2_Unequal2,26,0.0,1.0,10.0,2.6,100000,55261,0,36,0,0,36,0.0,0.036,0.0
RMT_3954_CCD_Type2_Unequal2,26,0.0,1.0,10.0,2.8,100000,51853,0,38,0,0,38,0.0,0.038,0.0
RMT_3954_CCD_Type2_Unequal2,26,0.0,1.0,10.0,3.0,100000,48898,0,79,0,0,79,0.0,0.079,0.0
RMT_3954_CCD_Type2_Unequal2,26,0.0,1.0,10.0,3.2,100000,46233,0,104,0,0,104,0.0,0.104,0.0
RMT_3954_CCD_Type2_Unequal2,26,0.0,1.0,10.0,3.4,100000,43879,0,128,0,0,128,0.0,0.128,0.0
RMT_3954_CCD_Type2_Unequal2,26,0.0,1.0,10.0,3.6,100000,41674,0,178,0,0,178,0.0,0.178,0.0
RMT_3954_CCD_Type2_Unequal2,26,0.0,1.0,10.0,3.8,100000,39752,0,237,0,0,237,0.0,0.237,0.0
RMT_3954_CCD_Type2_Unequal2,26,0.0,1.0,10.0,4.0,100000,38013,0,293,0,0,293,0.0,0.293,0.0
RMT_3954_CCD_Type2_Unequal2,26,0.0,1.0,10.0,5.0,100000,31319,0,547,0,0,547,0.0,0.547,0.0
RMT_3954_CCD_Type2_Unequal2,26,0.0,1.0,10.0,6.0,100000,26971,0,795,0,0,795,0.0,0.795,0.0
RMT_3954_CCD_Type2_Unequal2,26,0.0,1.0,10.0,7.0,100000,23995,0,1045,0,0,1045,0.0,1.045,0.0
RMT_3954_CCD_Type2_Unequal2,26,0.0,1.0,10.0,8.0,100000,21713,0,1209,0,0,1209,0.0,1.209,0.0
RMT_3954_CCD_Type2_Unequal2,26,0.0,1.0,10.0,9.0,100000,19905,0,1324,0,0,1324,0.0,1.324,0.0
RMT_3954_CCD_Type2_Unequal2,26,0.0,1.0,10.0,10.0,100000,18489,0,1404,0,0,1404,0.0,1.404,0.0
RMT_3954_CCD_Type2_Limit,27,0.0,0.1,0.1,0.1,100000,100000,0,0,0,0,0,0.0,0.0,0.0
RMT_3954_CCD_Type2_Limit,27,0.0,0.1,0.1,0.2,100000,100000,0,0,0,0,0,0.0,0.0,0.0
RMT_3954_CCD_Type2_Limit,27,0.0,0.1,0.1,0.3,100000,100000,0,0,0,0,0,0.0,0.0,0.0
RMT_3954_CCD_Type2_Limit,27,0.0,0.1,0.1,0.4,100000,99981,0,0,0,0,0,0.0,0.0,0.0
RMT_3954_CCD_Type2_Limit,27,0.0,0.1,0.1,0.5,100000,99732,0,0,0,0,0,0.0,0.0,0.0
RMT_3954_CCD_Type2_Limit,27,0.0,0.1,0.1,0.6,100000,98966,0,0,0,0,0,0.0,0.0,0.0
RMT_3954_CCD_Type2_Limit,27,0.0,0.1,0.1,0.7,100000,97782,0,0,0,0,0,0.0,0.0,0.0
RMT_3954_CCD_Type2_Limit,27,0.0,0.1,0.1,0.8,100000,96149,0,0,0,0,0,0.0,0.0,0.0
RMT_3954_CCD_Type2_Limit,27,0.0,0.1,0.1,0.9,100000,94311,0,0,0,0,0,0.0,0.0,0.0
RMT_3954_CCD_Type2_Limit,27,0.0,0.1,0.1,1.0,100000,92345,0,0,0,0,0,0.0,0.0,0.0
RMT_3954_CCD_Type2_Limit,27,0.0,0.1,0.1,1.1,100000,90198,0,0,0,0,0,0.0,0.0,0.0
RMT_3954_CCD_Type2_Limit,27,0.0,0.1,0.1,1.2,100000,88080,0,0,0,0,0,0.0,0.0,0.0
RMT_3954_CCD_Type2_Limit,27,0.0,0.1,0.1,1.3,100000,85689,0,0,0,0,0,0.0,0.0,0.0
RMT_3954_CCD_Type2_Limit,27,0.0,0.1,0.1,1.4,100000,83226,0,0,0,0,0,0.0,0.0,0.0
RMT_3954_CCD_Type2_Limit,27,0.0,0.1,0.1,1.5,100000,80727,0,0,0,0,0,0.0,0.0,0.0
RMT_3954_CCD_Type2_Limit,27,0.0,0.1,0.1,1.6,100000,78077,0,0,0,0,0,0.0,0.0,0.0
RMT_3954_CCD_Type2_Limit,27,0.0,0.1,0.1,1.8,100000,72870,0,0,0,0,0,0.0,0.0,0.0
RMT_3954_CCD_Type2_Limit,27,0.0,0.1,0.1,2.0,100000,67959,0,0,0,0,0,0.0,0.0,0.0
RMT_3954_CCD_Type2_Limit,27,0.0,0.1,0.1,2.2,100000,63389,0,0,0,0,0,0.0,0.0,0.0
RMT_3954_CCD_Type2_Limit,27,0.0,0.1,0.1,2.4,100000,59093,0,1,0,0,1,0.0,0.001,0.0
RMT_3954_CCD_Type2_Limit,27,0.0,0.1,0.1,2.6,100000,55261,0,1,0,0,1,0.0,0.001,0.0
RMT_3954_CCD_Type2_Limit,27,0.0,0.1,0.1,2.8,100000,51853,0,1,0,0,1,0.0,0.001,0.0
RMT_3954_CCD_Type2_Limit,27,0.0,0.1,0.1,3.0,100000,48898,0,0,0,0,0,0.0,0.0,0.0
RMT_3954_CCD_Type2_Limit,27,0.0,0.1,0.1,3.2,100000,46233,0,1,0,0,1,0.0,0.001,0.0
RMT_3954_CCD_Type2_Limit,27,0.0,0.1,0.1,3.4,100000,43879,0,5,0,0,5,0.0,0.005,0.0
RMT_3954_CCD_Type2_Limit,27,0.0,0.1,0.1,3.6,100000,41674,0,4,0,0,4,0.0,0.004,0.0
RMT_3954_CCD_Type2_Limit,27,0.0,0.1,0.1,3.8,100000,39752,0,7,0,0,7,0.0,0.007,0.0
RMT_3954_CCD_Type2_Limit,27,0.0,0.1,0.1,4.0,100000,38013,0,9,0,0,9,0.0,0.009,0.0
RMT_3954_CCD_Type2_Limit,27,0.0,0.1,0.1,5.0,100000,31319,0,43,0,0,43,0.0,0.043,0.0
RMT_3954_CCD_Type2_Limit,27,0.0,0.1,0.1,6.0,100000,26971,0,53,0,0,53,0.0,0.053,0.0
RMT_3954_CCD_Type2_Limit,27,0.0,0.1,0.1,7.0,100000,23995,0,95,0,0,95,0.0,0.095,0.0
RMT_3954_CCD_Type2_Limit,27,0.0,0.1,0.1,8.0,100000,21713,0,118,0,0,118,0.0,0.118,0.0
RMT_3954_CCD_Type2_Limit,27,0.0,0.1,0.1,9.0,100000,19905,0,145,0,0,145,0.0,0.145,0.0
RMT_3954_CCD_Type2_Limit,27,0.0,0.1,0.1,10.0,100000,18489,0,158,0,0,158,0.0,0.158,0.0
RMT_3954_CCD_Type3_Equal,28,1.0,1.0,0.0,0.1,100000,100000,0,0,0,0,0,0.0,0.0,0.0
RMT_3954_CCD_Type3_Equal,28,1.0,1.0,0.0,0.2,100000,100000,0,0,0,0,0,0.0,0.0,0.0
RMT_3954_CCD_Type3_Equal,28,1.0,1.0,0.0,0.3,100000,100000,0,0,0,0,0,0.0,0.0,0.0
RMT_3954_CCD_Type3_Equal,28,1.0,1.0,0.0,0.4,100000,99981,0,0,0,0,0,0.0,0.0,0.0
RMT_3954_CCD_Type3_Equal,28,1.0,1.0,0.0,0.5,100000,99732,0,0,0,0,0,0.0,0.0,0.0
RMT_3954_CCD_Type3_Equal,28,1.0,1.0,0.0,0.6,100000,98966,2,2,2,0,0,0.002,0.002,0.002
RMT_3954_CCD_Type3_Equal,28,1.0,1.0,0.0,0.7,100000,97782,8,8,8,0,0,0.008,0.008,0.008
RMT_3954_CCD_Type3_Equal,28,1.0,1.0,0.0,0.8,100000,96149,23,23,23,0,0,0.023,0.023,0.023
RMT_3954_CCD_Type3_Equal,28,1.0,1.0,0.0,0.9,100000,94311,65,65,65,0,0,0.065,0.065,0.065
RMT_3954_CCD_Type3_Equal,28,1.0,1.0,0.0,1.0,100000,92345,123,123,123,0,0,0.123,0.123,0.123
RMT_3954_CCD_Type3_Equal,28,1.0,1.0,0.0,1.1,100000,90198,225,225,225,0,0,0.225,0.225,0.225
RMT_3954_CCD_Type3_Equal,28,1.0,1.0,0.0,1.2,100000,88080,321,321,321,0,0,0.321,0.321,0.321
RMT_3954_CCD_Type3_Equal,28,1.0,1.0,0.0,1.3,100000,85689,434,434,434,0,0,0.434,0.434,0.434
RMT_3954_CCD_Type3_Equal,28,1.0,1.0,0.0,1.4,100000,83226,534,534,534,0,0,0.534,0.534,0.534
RMT_3954_CCD_Type3_Equal,28,1.0,1.0,0.0,1.5,100000,80727,677,677,677,0,0,0.677,0.677,0.677
RMT_3954_CCD_Type3_Equal,28,1.0,1.0,0.0,1.6,100000,78077,784,784,784,0,0,0.784,0.784,0.784
RMT_3954_CCD_Type3_Equal,28,1.0,1.0,0.0,1.8,100000,72870,966,966,966,0,0,0.966,0.966,0.966
RMT_3954_CCD_Type3_Equal,28,1.0,1.0,0.0,2.0,100000,67959,1129,1129,1129,0,0,1.129,1.129,1.129
RMT_3954_CCD_Type3_Equal,28,1.0,1.0,0.0,2.2,100000,63389,1350,1350,1350,0,0,1.35,1.35,1.35
RMT_3954_CCD_Type3_Equal,28,1.0,1.0,0.0,2.4,100000,59093,1501,1501,1501,0,0,1.501,1.501,1.501
RMT_3954_CCD_Type3_Equal,28,1.0,1.0,0.0,2.6,100000,55261,1617,1617,1617,0,0,1.617,1.617,1.617
RMT_3954_CCD_Type3_Equal,28,1.0,1.0,0.0,2.8,100000,51853,1728,1728,1728,0,0,1.728,1.728,1.728
RMT_3954_CCD_Type3_Equal,28,1.0,1.0,0.0,3.0,100000,48898,1882,1882,1882,0,0,1.882,1.882,1.882
RMT_3954_CCD_Type3_Equal,28,1.0,1.0,0.0,3.2,100000,46233,1999,1999,1999,0,0,1.999,1.999,1.999
RMT_3954_CCD_Type3_Equal,28,1.0,1.0,0.0,3.4,100000,43879,2064,2064,2064,0,0,2.064,2.064,2.064
RMT_3954_CCD_Type3_Equal,28,1.0,1.0,0.0,3.6,100000,41674,2160,2160,2160,0,0,2.16,2.16,2.16
RMT_3954_CCD_Type3_Equal,28,1.0,1.0,0.0,3.8,100000,39752,2225,2225,2225,0,0,2.225,2.225,2.225
RMT_3954_CCD_Type3_Equal,28,1.0,1.0,0.0,4.0,100000,38013,2293,2293,2293,0,0,2.293,2.293,2.293
RMT_3954_CCD_Type3_Equal,28,1.0,1.0,0.0,5.0,100000,31319,2561,2561,2561,0,0,2.561,2.561,2.561
RMT_3954_CCD_Type3_Equal,28,1.0,1.0,0.0,6.0,100000,26971,2837,2837,2837,0,0,2.837,2.837,2.837
RMT_3954_CCD_Type3_Equal,28,1.0,1.0,0.0,7.0,100000,23995,3014,3014,3014,0,0,3.014,3.014,3.014
RMT_3954_CCD_Type3_Equal,28,1.0,1.0,0.0,8.0,100000,21713,3107,3107,3107,0,0,3.107,3.107,3.107
RMT_3954_CCD_Type3_Equal,28,1.0,1.0,0.0,9.0,100000,19905,3201,3201,3201,0,0,3.201,3.201,3.201
RMT_3954_CCD_Type3_Equal,28,1.0,1.0,0.0,10.0,100000,18489,3302,3302,3302,0,0,3.302,3.302,3.302
RMT_3954_CCD_Type3_Unequal1,29,0.1,1.0,0.0,0.1,100000,100000,0,0,0,0,0,0.0,0.0,0.0
RMT_3954_CCD_Type3_Unequal1,29,0.1,1.0,0.0,0.2,100000,100000,0,0,0,0,0,0.0,0.0,0.0
RMT_3954_CCD_Type3_Unequal1,29,0.1,1.0,0.0,0.3,100000,100000,0,0,0,0,0,0.0,0.0,0.0
RMT_3954_CCD_Type3_Unequal1,29,0.1,1.0,0.0,0.4,100000,99981,0,0,0,0,0,0.0,0.0,0.0
RMT_3954_CCD_Type3_Unequal1,29,0.1,1.0,0.0,0.5,100000,99732,0,0,0,0,0,0.0,0.0,0.0
RMT_3954_CCD_Type3_Unequal1,29,0.1,1.0,0.0,0.6,100000,98966,0,0,0,0,0,0.0,0.0,0.0
RMT_3954_CCD_Type3_Unequal1,29,0.1,1.0,0.0,0.7,100000,97782,0,0,0,0,0,0.0,0.0,0.0
RMT_3954_CCD_Type3_Unequal1,29,0.1,1.0,0.0,0.8,100000,96149,0,0,0,0,0,0.0,0.0,0.0
RMT_3954_CCD_Type3_Unequal1,29,0.1,1.0,0.0,0.9,100000,94311,0,0,0,0,0,0.0,0.0,0.0
RMT_3954_CCD_Type3_Unequal1,29,0.1,1.0,0.0,1.0,100000,92345,0,0,0,0,0,0.0,0.0,0.0
RMT_3954_CCD_Type3_Unequal1,29,0.1,1.0,0.0,1.1,100000,90198,0,0,0,0,0,0.0,0.0,0.0
RMT_3954_CCD_Type3_Unequal1,29,0.1,1.0,0.0,1.2,100000,88080,0,0,0,0,0,0.0,0.0,0.0
RMT_3954_CCD_Type3_Unequal1,29,0.1,1.0,0.0,1.3,100000,85689,0,0,0,0,0,0.0,0.0,0.0
RMT_3954_CCD_Type3_Unequal1,29,0.1,1.0,0.0,1.4,100000,83226,0,0,0,0,0,0.0,0.0,0.0
RMT_3954_CCD_Type3_Unequal1,29,0.1,1.0,0.0,1.5,100000,80727,0,0,0,0,0,0.0,0.0,0.0
RMT_3954_CCD_Type3_Unequal1,29,0.1,1.0,0.0,1.6,100000,78077,0,0,0,0,0,0.0,0.0,0.0
RMT_3954_CCD_Type3_Unequal1,29,0.1,1.0,0.0,1.8,100000,72870,0,0,0,0,0,0.0,0.0,0.0
RMT_3954_CCD_Type3_Unequal1,29,0.1,1.0,0.0,2.0,100000,67959,0,0,0,0,0,0.0,0.0,0.0
RMT_3954_CCD_Type3_Unequal1,29,0.1,1.0,0.0,2.2,100000,63389,0,0,0,0,0,0.0,0.0,0.0
RMT_3954_CCD_Type3_Unequal1,29,0.1,1.0,0.0,2.4,100000,59093,1,1,1,0,0,0.001,0.001,0.001
RMT_3954_CCD_Type3_Unequal1,29,0.1,1.0,0.0,2.6,100000,55261,2,2,2,0,0,0.002,0.002,0.002
RMT_3954_CCD_Type3_Unequal1,29,0.1,1.0,0.0,2.8,100000,51853,2,2,2,0,0,0.002,0.002,0.002
RMT_3954_CCD_Type3_Unequal1,29,0.1,1.0,0.0,3.0,100000,48898,7,7,7,0,0,0.007,0.007,0.007
RMT_3954_CCD_Type3_Unequal1,29,0.1,1.0,0.0,3.2,100000,46233,8,8,8,0,0,0.008,0.008,0.008
RMT_3954_CCD_Type3_Unequal1,29,0.1,1.0,0.0,3.4,100000,43879,12,12,12,0,0,0.012,0.012,0.012
RMT_3954_CCD_Type3_Unequal1,29,0.1,1.0,0.0,3.6,100000,41674,14,14,14,0,0,0.014,0.014,0.014
RMT_3954_CCD_Type3_Unequal1,29,0.1,1.0,0.0,3.8,100000,39752,21,21,21,0,0,0.021,0.021,0.021
RMT_3954_CCD_Type3_Unequal1,29,0.1,1.0,0.0,4.0,100000,38013,22,22,22,0,0,0.022,0.022,0.022
RMT_3954_CCD_Type3_Unequal1,29,0.1,1.0,0.0,5.0,100000,31319,62,62,62,0,0,0.062,0.062,0.062
RMT_3954_CCD_Type3_Unequal1,29,0.1,1.0,0.0,6.0,100000,26971,108,108,108,0,0,0.108,0.108,0.108
RMT_3954_CCD_Type3_Unequal1,29,0.1,1.0,0.0,7.0,100000,23995,179,179,179,0,0,0.179,0.179,0.179
RMT_3954_CCD_Type3_Unequal1,29,0.1,1.0,0.0,8.0,100000,21713,251,251,251,0,0,0.251,0.251,0.251
RMT_3954_CCD_Type3_Unequal1,29,0.1,1.0,0.0,9.0,100000,19905,318,318,318,0,0,0.318,0.318,0.318
RMT_3954_CCD_Type3_Unequal1,29,0.1,1.0,0.0,10.0,100000,18489,376,376,376,0,0,0.376,0.376,0.376
RMT_3954_CCD_Type3_Unequal2,30,10.0,1.0,0.0,0.1,100000,100000,0,0,0,0,0,0.0,0.0,0.0
RMT_3954_CCD_Type3_Unequal2,30,10.0,1.0,0.0,0.2,100000,100000,0,0,0,0,0,0.0,0.0,0.0
RMT_3954_CCD_Type3_Unequal2,30,10.0,1.0,0.0,0.3,100000,100000,0,0,0,0,0,0.0,0.0,0.0
RMT_3954_CCD_Type3_Unequal2,30,10.0,1.0,0.0,0.4,100000,99981,2,2,2,0,0,0.002,0.002,0.002
RMT_3954_CCD_Type3_Unequal2,30,10.0,1.0,0.0,0.5,100000,99732,38,38,38,0,0,0.038,0.038,0.038
RMT_3954_CCD_Type3_Unequal2,30,10.0,1.0,0.0,0.6,100000,98966,198,198,198,0,0,0.198,0.198,0.198
RMT_3954_CCD_Type3_Unequal2,30,10.0,1.0,0.0,0.7,100000,97782,590,590,590,0,0,0.59,0.59,0.59
RMT_3954_CCD_Type3_Unequal2,30,10.0,1.0,0.0,0.8,100000,96149,1347,1347,1347,0,0,1.347,1.347,1.347
RMT_3954_CCD_Type3_Unequal2,30,10.0,1.0,0.0,0.9,100000,94311,2420,2420,2420,0,0,2.42,2.42,2.42
RMT_3954_CCD_Type3_Unequal2,30,10.0,1.0,0.0,1.0,100000,92345,3616,3616,3616,0,0,3.616,3.616,3.616
RMT_3954_CCD_Type3_Unequal2,30,10.0,1.0,0.0,1.1,100000,90198,4830,4830,4830,0,0,4.83,4.83,4.83
RMT_3954_CCD_Type3_Unequal2,30,10.0,1.0,0.0,1.2,100000,88080,6101,6101,6101,0,0,6.101,6.101,6.101
RMT_3954_CCD_Type3_Unequal2,30,10.0,1.0,0.0,1.3,100000,85689,7125,7125,7125,0,0,7.125,7.125,7.125
RMT_3954_CCD_Type3_Unequal2,30,10.0,1.0,0.0,1.4,100000,83226,8061,8061,8061,0,0,8.061,8.061,8.061
RMT_3954_CCD_Type3_Unequal2,30,10.0,1.0,0.0,1.5,100000,80727,8875,8875,8875,0,0,8.875,8.875,8.875
RMT_3954_CCD_Type3_Unequal2,30,10.0,1.0,0.0,1.6,100000,78077,9441,9441,9441,0,0,9.441,9.441,9.441
RMT_3954_CCD_Type3_Unequal2,30,10.0,1.0,0.0,1.8,100000,72870,10401,10401,10401,0,0,10.401,10.401,10.401
RMT_3954_CCD_Type3_Unequal2,30,10.0,1.0,0.0,2.0,100000,67959,10955,10955,10955,0,0,10.955,10.955,10.955
RMT_3954_CCD_Type3_Unequal2,30,10.0,1.0,0.0,2.2,100000,63389,11291,11291,11291,0,0,11.291,11.291,11.291
RMT_3954_CCD_Type3_Unequal2,30,10.0,1.0,0.0,2.4,100000,59093,11462,11462,11462,0,0,11.462,11.462,11.462
RMT_3954_CCD_Type3_Unequal2,30,10.0,1.0,0.0,2.6,100000,55261,11542,11542,11542,0,0,11.542,11.542,11.542
RMT_3954_CCD_Type3_Unequal2,30,10.0,1.0,0.0,2.8,100000,51853,11583,11583,11583,0,0,11.583,11.583,11.583
RMT_3954_CCD_Type3_Unequal2,30,10.0,1.0,0.0,3.0,100000,48898,11572,11572,11572,0,0,11.572,11.572,11.572
RMT_3954_CCD_Type3_Unequal2,30,10.0,1.0,0.0,3.2,100000,46233,11536,11536,11536,0,0,11.536,11.536,11.536
RMT_3954_CCD_Type3_Unequal2,30,10.0,1.0,0.0,3.4,100000,43879,11399,11399,11399,0,0,11.399,11.399,11.399
RMT_3954_CCD_Type3_Unequal2,30,10.0,1.0,0.0,3.6,100000,41674,11336,11336,11336,0,0,11.336,11.336,11.336
RMT_3954_CCD_Type3_Unequal2,30,10.0,1.0,0.0,3.8,100000,39752,11276,11276,11276,0,0,11.276,11.276,11.276
RMT_3954_CCD_Type3_Unequal2,30,10.0,1.0,0.0,4.0,100000,38013,11150,11150,11150,0,0,11.15,11.15,11.15
RMT_3954_CCD_Type3_Unequal2,30,10.0,1.0,0.0,5.0,100000,31319,10595,10595,10595,0,0,10.595,10.595,10.595
RMT_3954_CCD_Type3_Unequal2,30,10.0,1.0,0.0,6.0,100000,26971,10125,10125,10125,0,0,10.125,10.125,10.125
RMT_3954_CCD_Type3_Unequal2,30,10.0,1.0,0.0,7.0,100000,23995,9789,9789,9789,0,0,9.789,9.789,9.789
RMT_3954_CCD_Type3_Unequal2,30,10.0,1.0,0.0,8.0,100000,21713,9451,9451,9451,0,0,9.451,9.451,9.451
RMT_3954_CCD_Type3_Unequal2,30,10.0,1.0,0.0,9.0,100000,19905,9100,9100,9100,0,0,9.1,9.1,9.1
RMT_3954_CCD_Type3_Unequal2,30,10.0,1.0,0.0,10.0,100000,18489,8872,8872,8872,0,0,8.872,8.872,8.872
RMT_3954_CCD_Type3_Limit,31,0.1,0.1,0.0,0.1,100000,100000,0,0,0,0,0,0.0,0.0,0.0
RMT_3954_CCD_Type3_Limit,31,0.1,0.1,0.0,0.2,100000,100000,0,0,0,0,0,0.0,0.0,0.0
RMT_3954_CCD_Type3_Limit,31,0.1,0.1,0.0,0.3,100000,100000,0,0,0,0,0,0.0,0.0,0.0
RMT_3954_CCD_Type3_Limit,31,0.1,0.1,0.0,0.4,100000,99981,0,0,0,0,0,0.0,0.0,0.0
RMT_3954_CCD_Type3_Limit,31,0.1,0.1,0.0,0.5,100000,99732,0,0,0,0,0,0.0,0.0,0.0
RMT_3954_CCD_Type3_Limit,31,0.1,0.1,0.0,0.6,100000,98966,2,2,2,0,0,0.002,0.002,0.002
RMT_3954_CCD_Type3_Limit,31,0.1,0.1,0.0,0.7,100000,97782,8,8,8,0,0,0.008,0.008,0.008
RMT_3954_CCD_Type3_Limit,31,0.1,0.1,0.0,0.8,100000,96149,24,24,24,0,0,0.024,0.024,0.024
RMT_3954_CCD_Type3_Limit,31,0.1,0.1,0.0,0.9,100000,94311,65,65,65,0,0,0.065,0.065,0.065
RMT_3954_CCD_Type3_Limit,31,0.1,0.1,0.0,1.0,100000,92345,124,124,124,0,0,0.124,0.124,0.124
RMT_3954_CCD_Type3_Limit,31,0.1,0.1,0.0,1.1,100000,90198,226,226,226,0,0,0.226,0.226,0.226
RMT_3954_CCD_Type3_Limit,31,0.1,0.1,0.0,1.2,100000,88080,324,324,324,0,0,0.324,0.324,0.324
RMT_3954_CCD_Type3_Limit,31,0.1,0.1,0.0,1.3,100000,85689,436,436,436,0,0,0.436,0.436,0.436
RMT_3954_CCD_Type3_Limit,31,0.1,0.1,0.0,1.4,100000,83226,536,536,536,0,0,0.536,0.536,0.536
RMT_3954_CCD_Type3_Limit,31,0.1,0.1,0.0,1.5,100000,80727,681,681,681,0,0,0.681,0.681,0.681
RMT_3954_CCD_Type3_Limit,31,0.1,0.1,0.0,1.6,100000,78077,787,787,787,0,0,0.787,0.787,0.787
RMT_3954_CCD_Type3_Limit,31,0.1,0.1,0.0,1.8,100000,72870,972,972,972,0,0,0.972,0.972,0.972
RMT_3954_CCD_Type3_Limit,31,0.1,0.1,0.0,2.0,100000,67959,1129,1129,1129,0,0,1.129,1.129,1.129
RMT_3954_CCD_Type3_Limit,31,0.1,0.1,0.0,2.2,100000,63389,1355,1355,1355,0,0,1.355,1.355,1.355
RMT_3954_CCD_Type3_Limit,31,0.1,0.1,0.0,2.4,100000,59093,1503,1503,1503,0,0,1.503,1.503,1.503
RMT_3954_CCD_Type3_Limit,31,0.1,0.1,0.0,2.6,100000,55261,1618,1618,1618,0,0,1.618,1.618,1.618
RMT_3954_CCD_Type3_Limit,31,0.1,0.1,0.0,2.8,100000,51853,1729,1729,1729,0,0,1.729,1.729,1.729
RMT_3954_CCD_Type3_Limit,31,0.1,0.1,0.0,3.0,100000,48898,1884,1884,1883,1,0,1.884,1.884,1.883
RMT_3954_CCD_Type3_Limit,31,0.1,0.1,0.0,3.2,100000,46233,2000,2000,1999,1,0,2.0,2.0,1.999
RMT_3954_CCD_Type3_Limit,31,0.1,0.1,0.0,3.4,100000,43879,2068,2068,2065,3,0,2.068,2.068,2.065
RMT_3954_CCD_Type3_Limit,31,0.1,0.1,0.0,3.6,100000,41674,2164,2164,2160,4,0,2.164,2.164,2.16
RMT_3954_CCD_Type3_Limit,31,0.1,0.1,0.0,3.8,100000,39752,2226,2226,2219,7,0,2.226,2.226,2.219
RMT_3954_CCD_Type3_Limit,31,0.1,0.1,0.0,4.0,100000,38013,2295,2295,2283,12,0,2.295,2.295,2.283
RMT_3954_CCD_Type3_Limit,31,0.1,0.1,0.0,5.0,100000,31319,2555,2555,2488,67,0,2.555,2.555,2.488
RMT_3954_CCD_Type3_Limit,31,0.1,0.1,0.0,6.0,100000,26971,2816,2816,2602,214,0,2.816,2.816,2.602
RMT_3954_CCD_Type3_Limit,31,0.1,0.1,0.0,7.0,100000,23995,2969,2969,2493,476,0,2.969,2.969,2.493
RMT_3954_CCD_Type3_Limit,31,0.1,0.1,0.0,8.0,100000,21713,3010,3010,2251,759,0,3.01,3.01,2.251
RMT_3954_CCD_Type3_Limit,31,0.1,0.1,0.0,9.0,100000,19905,3065,3065,2025,1040,0,3.065,3.065,2.025
RMT_3954_CCD_Type3_Limit,31,0.1,0.1,0.0,10.0,100000,18489,3076,3076,1815,1261,0,3.076,3.076,1.815
RMT_3954_DCI_Type1,32,1.0,10.0,0.0,0.1,100000,100000,0,0,0,0,0,0.0,0.0,0.0
RMT_3954_DCI_Type1,32,1.0,10.0,0.0,0.2,100000,100000,0,0,0,0,0,0.0,0.0,0.0
RMT_3954_DCI_Type1,32,1.0,10.0,0.0,0.3,100000,100000,0,0,0,0,0,0.0,0.0,0.0
RMT_3954_DCI_Type1,32,1.0,10.0,0.0,0.4,100000,99981,0,0,0,0,0,0.0,0.0,0.0
RMT_3954_DCI_Type1,32,1.0,10.0,0.0,0.5,100000,99732,0,0,0,0,0,0.0,0.0,0.0
RMT_3954_DCI_Type1,32,1.0,10.0,0.0,0.6,100000,98966,0,0,0,0,0,0.0,0.0,0.0
RMT_3954_DCI_Type1,32,1.0,10.0,0.0,0.7,100000,97782,0,0,0,0,0,0.0,0.0,0.0
RMT_3954_DCI_Type1,32,1.0,10.0,0.0,0.8,100000,96149,0,0,0,0,0,0.0,0.0,0.0
RMT_3954_DCI_Type1,32,1.0,10.0,0.0,0.9,100000,94311,0,0,0,0,0,0.0,0.0,0.0
RMT_3954_DCI_Type1,32,1.0,10.0,0.0,1.0,100000,92345,0,0,0,0,0,0.0,0.0,0.0
RMT_3954_DCI_Type1,32,1.0,10.0,0.0,1.1,100000,90198,0,0,0,0,0,0.0,0.0,0.0
RMT_3954_DCI_Type1,32,1.0,10.0,0.0,1.2,100000,88080,0,0,0,0,0,0.0,0.0,0.0
RMT_3954_DCI_Type1,32,1.0,10.0,0.0,1.3,100000,85689,0,0,0,0,0,0.0,0.0,0.0
RMT_3954_DCI_Type1,32,1.0,10.0,0.0,1.4,100000,83226,0,0,0,0,0,0.0,0.0,0.0
RMT_3954_DCI_Type1,32,1.0,10.0,0.0,1.5,100000,80727,0,0,0,0,0,0.0,0.0,0.0
RMT_3954_DCI_Type1,32,1.0,10.0,0.0,1.6,100000,78077,0,0,0,0,0,0.0,0.0,0.0
RMT_3954_DCI_Type1,32,1.0,10.0,0.0,1.8,100000,72870,0,0,0,0,0,0.0,0.0,0.0
RMT_3954_DCI_Type1,32,1.0,10.0,0.0,2.0,100000,67959,0,0,0,0,0,0.0,0.0,0.0
RMT_3954_DCI_Type1,32,1.0,10.0,0.0,2.2,100000,63389,0,0,0,0,0,0.0,0.0,0.0
RMT_3954_DCI_Type1,32,1.0,10.0,0.0,2.4,100000,59093,1,1,1,0,0,0.001,0.001,0.001
RMT_3954_DCI_Type1,32,1.0,10.0,0.0,2.6,100000,55261,2,2,2,0,0,0.002,0.002,0.002
RMT_3954_DCI_Type1,32,1.0,10.0,0.0,2.8,100000,51853,2,2,2,0,0,0.002,0.002,0.002
RMT_3954_DCI_Type1,32,1.0,10.0,0.0,3.0,100000,48898,7,7,7,0,0,0.007,0.007,0.007
RMT_3954_DCI_Type1,32,1.0,10.0,0.0,3.2,100000,46233,8,8,8,0,0,0.008,0.008,0.008
RMT_3954_DCI_Type1,32,1.0,10.0,0.0,3.4,100000,43879,11,11,11,0,0,0.011,0.011,0.011
RMT_3954_DCI_Type1,32,1.0,10.0,0.0,3.6,100000,41674,14,14,14,0,0,0.014,0.014,0.014
RMT_3954_DCI_Type1,32,1.0,10.0,0.0,3.8,100000,39752,21,21,21,0,0,0.021,0.021,0.021
RMT_3954_DCI_Type1,32,1.0,10.0,0.0,4.0,100000,38013,21,21,21,0,0,0.021,0.021,0.021
RMT_3954_DCI_Type1,32,1.0,10.0,0.0,5.0,100000,31319,62,62,62,0,0,0.062,0.062,0.062
RMT_3954_DCI_Type1,32,1.0,10.0,0.0,6.0,100000,26971,108,108,108,0,0,0.108,0.108,0.108
RMT_3954_DCI_Type1,32,1.0,10.0,0.0,7.0,100000,23995,178,178,178,0,0,0.178,0.178,0.178
RMT_3954_DCI_Type1,32,1.0,10.0,0.0,8.0,100000,21713,251,251,251,0,0,0.251,0.251,0.251
RMT_3954_DCI_Type1,32,1.0,10.0,0.0,9.0,100000,19905,318,318,318,0,0,0.318,0.318,0.318
RMT_3954_DCI_Type1,32,1.0,10.0,0.0,10.0,100000,18489,375,375,375,0,0,0.375,0.375,0.375
RMT_3954_DCI_Type1_Control,33,1.0,1.0,0.0,0.1,100000,100000,0,0,0,0,0,0.0,0.0,0.0
RMT_3954_DCI_Type1_Control,33,1.0,1.0,0.0,0.2,100000,100000,0,0,0,0,0,0.0,0.0,0.0
RMT_3954_DCI_Type1_Control,33,1.0,1.0,0.0,0.3,100000,100000,0,0,0,0,0,0.0,0.0,0.0
RMT_3954_DCI_Type1_Control,33,1.0,1.0,0.0,0.4,100000,99981,0,0,0,0,0,0.0,0.0,0.0
RMT_3954_DCI_Type1_Control,33,1.0,1.0,0.0,0.5,100000,99732,0,0,0,0,0,0.0,0.0,0.0
RMT_3954_DCI_Type1_Control,33,1.0,1.0,0.0,0.6,100000,98966,2,2,2,0,0,0.002,0.002,0.002
RMT_3954_DCI_Type1_Control,33,1.0,1.0,0.0,0.7,100000,97782,8,8,8,0,0,0.008,0.008,0.008
RMT_3954_DCI_Type1_Control,33,1.0,1.0,0.0,0.8,100000,96149,23,23,23,0,0,0.023,0.023,0.023
RMT_3954_DCI_Type1_Control,33,1.0,1.0,0.0,0.9,100000,94311,65,65,65,0,0,0.065,0.065,0.065
RMT_3954_DCI_Type1_Control,33,1.0,1.0,0.0,1.0,100000,92345,123,123,123,0,0,0.123,0.123,0.123
RMT_3954_DCI_Type1_Control,33,1.0,1.0,0.0,1.1,100000,90198,225,225,225,0,0,0.225,0.225,0.225
RMT_3954_DCI_Type1_Control,33,1.0,1.0,0.0,1.2,100000,88080,321,321,321,0,0,0.321,0.321,0.321
RMT_3954_DCI_Type1_Control,33,1.0,1.0,0.0,1.3,100000,85689,434,434,434,0,0,0.434,0.434,0.434
RMT_3954_DCI_Type1_Control,33,1.0,1.0,0.0,1.4,100000,83226,534,534,534,0,0,0.534,0.534,0.534
RMT_3954_DCI_Type1_Control,33,1.0,1.0,0.0,1.5,100000,80727,677,677,677,0,0,0.677,0.677,0.677
RMT_3954_DCI_Type1_Control,33,1.0,1.0,0.0,1.6,100000,78077,784,784,784,0,0,0.784,0.784,0.784
RMT_3954_DCI_Type1_Control,33,1.0,1.0,0.0,1.8,100000,72870,966,966,966,0,0,0.966,0.966,0.966
RMT_3954_DCI_Type1_Control,33,1.0,1.0,0.0,2.0,100000,67959,1129,1129,1129,0,0,1.129,1.129,1.129
RMT_3954_DCI_Type1_Control,33,1.0,1.0,0.0,2.2,100000,63389,1350,1350,1350,0,0,1.35,1.35,1.35
RMT_3954_DCI_Type1_Control,33,1.0,1.0,0.0,2.4,100000,59093,1501,1501,1501,0,0,1.501,1.501,1.501
RMT_3954_DCI_Type1_Control,33,1.0,1.0,0.0,2.6,100000,55261,1617,1617,1617,0,0,1.617,1.617,1.617
RMT_3954_DCI_Type1_Control,33,1.0,1.0,0.0,2.8,100000,51853,1728,1728,1728,0,0,1.728,1.728,1.728
RMT_3954_DCI_Type1_Control,33,1.0,1.0,0.0,3.0,100000,48898,1882,1882,1882,0,0,1.882,1.882,1.882
RMT_3954_DCI_Type1_Control,33,1.0,1.0,0.0,3.2,100000,46233,1999,1999,1999,0,0,1.999,1.999,1.999
RMT_3954_DCI_Type1_Control,33,1.0,1.0,0.0,3.4,100000,43879,2064,2064,2064,0,0,2.064,2.064,2.064
RMT_3954_DCI_Type1_Control,33,1.0,1.0,0.0,3.6,100000,41674,2160,2160,2160,0,0,2.16,2.16,2.16
RMT_3954_DCI_Type1_Control,33,1.0,1.0,0.0,3.8,100000,39752,2225,2225,2225,0,0,2.225,2.225,2.225
RMT_3954_DCI_Type1_Control,33,1.0,1.0,0.0,4.0,100000,38013,2293,2293,2293,0,0,2.293,2.293,2.293
RMT_3954_DCI_Type1_Control,33,1.0,1.0,0.0,5.0,100000,31319,2561,2561,2561,0,0,2.561,2.561,2.561
RMT_3954_DCI_Type1_Control,33,1.0,1.0,0.0,6.0,100000,26971,2837,2837,2837,0,0,2.837,2.837,2.837
RMT_3954_DCI_Type1_Control,33,1.0,1.0,0.0,7.0,100000,23995,3014,3014,3014,0,0,3.014,3.014,3.014
RMT_3954_DCI_Type1_Control,33,1.0,1.0,0.0,8.0,100000,21713,3107,3107,3107,0,0,3.107,3.107,3.107
RMT_3954_DCI_Type1_Control,33,1.0,1.0,0.0,9.0,100000,19905,3201,3201,3201,0,0,3.201,3.201,3.201
RMT_3954_DCI_Type1_Control,33,1.0,1.0,0.0,10.0,100000,18489,3302,3302,3302,0,0,3.302,3.302,3.302
RMT_3954_DCI_Type2,34,1.0,0.0,0.0,0.1,100000,100000,0,0,0,0,0,0.0,0.0,0.0
RMT_3954_DCI_Type2,34,1.0,0.0,0.0,0.2,100000,100000,0,0,0,0,0,0.0,0.0,0.0
RMT_3954_DCI_Type2,34,1.0,0.0,0.0,0.3,100000,100000,0,0,0,0,0,0.0,0.0,0.0
RMT_3954_DCI_Type2,34,1.0,0.0,0.0,0.4,100000,99981,46,46,0,46,0,0.046,0.046,0.0
RMT_3954_DCI_Type2,34,1.0,0.0,0.0,0.5,100000,99732,384,384,0,384,0,0.384,0.384,0.0
RMT_3954_DCI_Type2,34,1.0,0.0,0.0,0.6,100000,98966,1414,1414,0,1414,0,1.414,1.414,0.0
RMT_3954_DCI_Type2,34,1.0,0.0,0.0,0.7,100000,97782,3579,3579,0,3579,0,3.579,3.579,0.0
RMT_3954_DCI_Type2,34,1.0,0.0,0.0,0.8,100000,96149,6495,6495,0,6495,0,6.495,6.495,0.0
RMT_3954_DCI_Type2,34,1.0,0.0,0.0,0.9,100000,94311,9648,9648,0,9648,0,9.648,9.648,0.0
RMT_3954_DCI_Type2,34,1.0,0.0,0.0,1.0,100000,92345,13036,13036,0,13036,0,13.036,13.036,0.0
RMT_3954_DCI_Type2,34,1.0,0.0,0.0,1.1,100000,90198,16058,16058,0,16058,0,16.058,16.058,0.0
RMT_3954_DCI_Type2,34,1.0,0.0,0.0,1.2,100000,88080,18951,18951,0,18951,0,18.951,18.951,0.0
RMT_3954_DCI_Type2,34,1.0,0.0,0.0,1.3,100000,85689,21270,21270,0,21270,0,21.27,21.27,0.0
RMT_3954_DCI_Type2,34,1.0,0.0,0.0,1.4,100000,83226,23191,23191,0,23191,0,23.191,23.191,0.0
RMT_3954_DCI_Type2,34,1.0,0.0,0.0,1.5,100000,80727,24738,24738,0,24738,0,24.738,24.738,0.0
RMT_3954_DCI_Type2,34,1.0,0.0,0.0,1.6,100000,78077,25874,25874,0,25874,0,25.874,25.874,0.0
RMT_3954_DCI_Type2,34,1.0,0.0,0.0,1.8,100000,72870,27526,27526,0,27526,0,27.526,27.526,0.0
RMT_3954_DCI_Type2,34,1.0,0.0,0.0,2.0,100000,67959,28177,28177,0,28177,0,28.177,28.177,0.0
RMT_3954_DCI_Type2,34,1.0,0.0,0.0,2.2,100000,63389,28293,28293,0,28293,0,28.293,28.293,0.0
RMT_3954_DCI_Type2,34,1.0,0.0,0.0,2.4,100000,59093,27979,27979,0,27979,0,27.979,27.979,0.0
RMT_3954_DCI_Type2,34,1.0,0.0,0.0,2.6,100000,55261,27448,27448,0,27448,0,27.448,27.448,0.0
RMT_3954_DCI_Type2,34,1.0,0.0,0.0,2.8,100000,51853,26831,26831,0,26831,0,26.831,26.831,0.0
RMT_3954_DCI_Type2,34,1.0,0.0,0.0,3.0,100000,48898,26252,26252,0,26252,0,26.252,26.252,0.0
RMT_3954_DCI_Type2,34,1.0,0.0,0.0,3.2,100000,46233,25678,25678,0,25678,0,25.678,25.678,0.0
RMT_3954_DCI_Type2,34,1.0,0.0,0.0,3.4,100000,43879,25036,25036,0,25036,0,25.036,25.036,0.0
RMT_3954_DCI_Type2,34,1.0,0.0,0.0,3.6,100000,41674,24419,24419,0,24419,0,24.419,24.419,0.0
RMT_3954_DCI_Type2,34,1.0,0.0,0.0,3.8,100000,39752,23833,23833,0,23833,0,23.833,23.833,0.0
RMT_3954_DCI_Type2,34,1.0,0.0,0.0,4.0,100000,38013,23190,23190,0,23190,0,23.19,23.19,0.0
RMT_3954_DCI_Type2,34,1.0,0.0,0.0,5.0,100000,31319,20539,20539,0,20539,0,20.539,20.539,0.0
RMT_3954_DCI_Type2,34,1.0,0.0,0.0,6.0,100000,26971,18623,18623,0,18623,0,18.623,18.623,0.0
RMT_3954_DCI_Type2,34,1.0,0.0,0.0,7.0,100000,23995,17159,17159,0,17159,0,17.159,17.159,0.0
RMT_3954_DCI_Type2,34,1.0,0.0,0.0,8.0,100000,21713,15923,15923,0,15923,0,15.923,15.923,0.0
RMT_3954_DCI_Type2,34,1.0,0.0,0.0,9.0,100000,19905,14821,14821,0,14821,0,14.821,14.821,0.0
RMT_3954_DCI_Type2,34,1.0,0.0,0.0,10.0,100000,18489,13949,13949,0,13949,0,13.949,13.949,0.0
RMT_3954_DCI_Type2_Limit,35,0.1,0.0,0.0,0.1,100000,100000,0,0,0,0,0,0.0,0.0,0.0
RMT_3954_DCI_Type2_Limit,35,0.1,0.0,0.0,0.2,100000,100000,0,0,0,0,0,0.0,0.0,0.0
RMT_3954_DCI_Type2_Limit,35,0.1,0.0,0.0,0.3,100000,100000,0,0,0,0,0,0.0,0.0,0.0
RMT_3954_DCI_Type2_Limit,35,0.1,0.0,0.0,0.4,100000,99981,39,39,0,39,0,0.039,0.039,0.0
RMT_3954_DCI_Type2_Limit,35,0.1,0.0,0.0,0.5,100000,99732,321,321,0,321,0,0.321,0.321,0.0
RMT_3954_DCI_Type2_Limit,35,0.1,0.0,0.0,0.6,100000,98966,1166,1166,0,1166,0,1.166,1.166,0.0
RMT_3954_DCI_Type2_Limit,35,0.1,0.0,0.0,0.7,100000,97782,2912,2912,0,2912,0,2.912,2.912,0.0
RMT_3954_DCI_Type2_Limit,35,0.1,0.0,0.0,0.8,100000,96149,5213,5213,0,5213,0,5.213,5.213,0.0
RMT_3954_DCI_Type2_Limit,35,0.1,0.0,0.0,0.9,100000,94311,7877,7877,0,7877,0,7.877,7.877,0.0
RMT_3954_DCI_Type2_Limit,35,0.1,0.0,0.0,1.0,100000,92345,10476,10476,0,10476,0,10.476,10.476,0.0
RMT_3954_DCI_Type2_Limit,35,0.1,0.0,0.0,1.1,100000,90198,12793,12793,0,12793,0,12.793,12.793,0.0
RMT_3954_DCI_Type2_Limit,35,0.1,0.0,0.0,1.2,100000,88080,15009,15009,0,15009,0,15.009,15.009,0.0
RMT_3954_DCI_Type2_Limit,35,0.1,0.0,0.0,1.3,100000,85689,16652,16652,0,16652,0,16.652,16.652,0.0
RMT_3954_DCI_Type2_Limit,35,0.1,0.0,0.0,1.4,100000,83226,18060,18060,0,18060,0,18.06,18.06,0.0
RMT_3954_DCI_Type2_Limit,35,0.1,0.0,0.0,1.5,100000,80727,19148,19148,0,19148,0,19.148,19.148,0.0
RMT_3954_DCI_Type2_Limit,35,0.1,0.0,0.0,1.6,100000,78077,19728,19728,0,19728,0,19.728,19.728,0.0
RMT_3954_DCI_Type2_Limit,35,0.1,0.0,0.0,1.8,100000,72870,20550,20550,0,20550,0,20.55,20.55,0.0
RMT_3954_DCI_Type2_Limit,35,0.1,0.0,0.0,2.0,100000,67959,20676,20676,0,20676,0,20.676,20.676,0.0
RMT_3954_DCI_Type2_Limit,35,0.1,0.0,0.0,2.2,100000,63389,20392,20392,0,20392,0,20.392,20.392,0.0
RMT_3954_DCI_Type2_Limit,35,0.1,0.0,0.0,2.4,100000,59093,19768,19768,0,19768,0,19.768,19.768,0.0
RMT_3954_DCI_Type2_Limit,35,0.1,0.0,0.0,2.6,100000,55261,19049,19049,0,19049,0,19.049,19.049,0.0
RMT_3954_DCI_Type2_Limit,35,0.1,0.0,0.0,2.8,100000,51853,18373,18373,0,18373,0,18.373,18.373,0.0
RMT_3954_DCI_Type2_Limit,35,0.1,0.0,0.0,3.0,100000,48898,17677,17677,0,17677,0,17.677,17.677,0.0
RMT_3954_DCI_Type2_Limit,35,0.1,0.0,0.0,3.2,100000,46233,16996,16996,0,16996,0,16.996,16.996,0.0
RMT_3954_DCI_Type2_Limit,35,0.1,0.0,0.0,3.4,100000,43879,16326,16326,0,16326,0,16.326,16.326,0.0
RMT_3954_DCI_Type2_Limit,35,0.1,0.0,0.0,3.6,100000,41674,15664,15664,0,15664,0,15.664,15.664,0.0
RMT_3954_DCI_Type2_Limit,35,0.1,0.0,0.0,3.8,100000,39752,15046,15046,0,15046,0,15.046,15.046,0.0
RMT_3954_DCI_Type2_Limit,35,0.1,0.0,0.0,4.0,100000,38013,14461,14461,0,14461,0,14.461,14.461,0.0
RMT_3954_DCI_Type2_Limit,35,0.1,0.0,0.0,5.0,100000,31319,12015,12015,0,12015,0,12.015,12.015,0.0
RMT_3954_DCI_Type2_Limit,35,0.1,0.0,0.0,6.0,100000,26971,10284,10284,0,10284,0,10.284,10.284,0.0
RMT_3954_DCI_Type2_Limit,35,0.1,0.0,0.0,7.0,100000,23995,8983,8983,0,8983,0,8.983,8.983,0.0
RMT_3954_DCI_Type2_Limit,35,0.1,0.0,0.0,8.0,100000,21713,7955,7955,0,7955,0,7.955,7.955,0.0
RMT_3954_DCI_Type2_Limit,35,0.1,0.0,0.0,9.0,100000,19905,7193,7193,0,7193,0,7.193,7.193,0.0
RMT_3954_DCI_Type2_Limit,35,0.1,0.0,0.0,10.0,100000,18489,6550,6550,0,6550,0,6.55,6.55,0.0
RMT_3954_DCI_Type3,36,0.0,1.0,0.0,0.1,100000,100000,0,0,0,0,0,0.0,0.0,0.0
RMT_3954_DCI_Type3,36,0.0,1.0,0.0,0.2,100000,100000,0,0,0,0,0,0.0,0.0,0.0
RMT_3954_DCI_Type3,36,0.0,1.0,0.0,0.3,100000,100000,0,0,0,0,0,0.0,0.0,0.0
RMT_3954_DCI_Type3,36,0.0,1.0,0.0,0.4,100000,99981,0,0,0,0,0,0.0,0.0,0.0
RMT_3954_DCI_Type3,36,0.0,1.0,0.0,0.5,100000,99732,0,0,0,0,0,0.0,0.0,0.0
RMT_3954_DCI_Type3,36,0.0,1.0,0.0,0.6,100000,98966,0,0,0,0,0,0.0,0.0,0.0
RMT_3954_DCI_Type3,36,0.0,1.0,0.0,0.7,100000,97782,0,0,0,0,0,0.0,0.0,0.0
RMT_3954_DCI_Type3,36,0.0,1.0,0.0,0.8,100000,96149,0,0,0,0,0,0.0,0.0,0.0
RMT_3954_DCI_Type3,36,0.0,1.0,0.0,0.9,100000,94311,0,0,0,0,0,0.0,0.0,0.0
RMT_3954_DCI_Type3,36,0.0,1.0,0.0,1.0,100000,92345,0,0,0,0,0,0.0,0.0,0.0
RMT_3954_DCI_Type3,36,0.0,1.0,0.0,1.1,100000,90198,0,0,0,0,0,0.0,0.0,0.0
RMT_3954_DCI_Type3,36,0.0,1.0,0.0,1.2,100000,88080,0,0,0,0,0,0.0,0.0,0.0
RMT_3954_DCI_Type3,36,0.0,1.0,0.0,1.3,100000,85689,0,0,0,0,0,0.0,0.0,0.0
RMT_3954_DCI_Type3,36,0.0,1.0,0.0,1.4,100000,83226,0,0,0,0,0,0.0,0.0,0.0
RMT_3954_DCI_Type3,36,0.0,1.0,0.0,1.5,100000,80727,0,0,0,0,0,0.0,0.0,0.0
RMT_3954_DCI_Type3,36,0.0,1.0,0.0,1.6,100000,78077,0,0,0,0,0,0.0,0.0,0.0
RMT_3954_DCI_Type3,36,0.0,1.0,0.0,1.8,100000,72870,0,0,0,0,0,0.0,0.0,0.0
RMT_3954_DCI_Type3,36,0.0,1.0,0.0,2.0,100000,67959,0,0,0,0,0,0.0,0.0,0.0
RMT_3954_DCI_Type3,36,0.0,1.0,0.0,2.2,100000,63389,0,0,0,0,0,0.0,0.0,0.0
RMT_3954_DCI_Type3,36,0.0,1.0,0.0,2.4,100000,59093,0,0,0,0,0,0.0,0.0,0.0
RMT_3954_DCI_Type3,36,0.0,1.0,0.0,2.6,100000,55261,0,0,0,0,0,0.0,0.0,0.0
RMT_3954_DCI_Type3,36,0.0,1.0,0.0,2.8,100000,51853,0,0,0,0,0,0.0,0.0,0.0
RMT_3954_DCI_Type3,36,0.0,1.0,0.0,3.0,100000,48898,0,0,0,0,0,0.0,0.0,0.0
RMT_3954_DCI_Type3,36,0.0,1.0,0.0,3.2,100000,46233,0,0,0,0,0,0.0,0.0,0.0
RMT_3954_DCI_Type3,36,0.0,1.0,0.0,3.4,100000,43879,0,0,0,0,0,0.0,0.0,0.0
RMT_3954_DCI_Type3,36,0.0,1.0,0.0,3.6,100000,41674,0,0,0,0,0,0.0,0.0,0.0
RMT_3954_DCI_Type3,36,0.0,1.0,0.0,3.8,100000,39752,0,0,0,0,0,0.0,0.0,0.0
RMT_3954_DCI_Type3,36,0.0,1.0,0.0,4.0,100000,38013,0,0,0,0,0,0.0,0.0,0.0
RMT_3954_DCI_Type3,36,0.0,1.0,0.0,5.0,100000,31319,0,0,0,0,0,0.0,0.0,0.0
RMT_3954_DCI_Type3,36,0.0,1.0,0.0,6.0,100000,26971,0,0,0,0,0,0.0,0.0,0.0
RMT_3954_DCI_Type3,36,0.0,1.0,0.0,7.0,100000,23995,0,0,0,0,0,0.0,0.0,0.0
RMT_3954_DCI_Type3,36,0.0,1.0,0.0,8.0,100000,21713,0,0,0,0,0,0.0,0.0,0.0
RMT_3954_DCI_Type3,36,0.0,1.0,0.0,9.0,100000,19905,0,0,0,0,0,0.0,0.0,0.0
RMT_3954_DCI_Type3,36,0.0,1.0,0.0,10.0,100000,18489,0,0,0,0,0,0.0,0.0,0.0
RMT_3954_DCI_Type3_Limit,37,0.0,0.1,0.0,0.1,100000,100000,0,0,0,0,0,0.0,0.0,0.0
RMT_3954_DCI_Type3_Limit,37,0.0,0.1,0.0,0.2,100000,100000,0,0,0,0,0,0.0,0.0,0.0
RMT_3954_DCI_Type3_Limit,37,0.0,0.1,0.0,0.3,100000,100000,0,0,0,0,0,0.0,0.0,0.0
RMT_3954_DCI_Type3_Limit,37,0.0,0.1,0.0,0.4,100000,99981,0,0,0,0,0,0.0,0.0,0.0
RMT_3954_DCI_Type3_Limit,37,0.0,0.1,0.0,0.5,100000,99732,0,0,0,0,0,0.0,0.0,0.0
RMT_3954_DCI_Type3_Limit,37,0.0,0.1,0.0,0.6,100000,98966,0,0,0,0,0,0.0,0.0,0.0
RMT_3954_DCI_Type3_Limit,37,0.0,0.1,0.0,0.7,100000,97782,0,0,0,0,0,0.0,0.0,0.0
RMT_3954_DCI_Type3_Limit,37,0.0,0.1,0.0,0.8,100000,96149,0,0,0,0,0,0.0,0.0,0.0
RMT_3954_DCI_Type3_Limit,37,0.0,0.1,0.0,0.9,100000,94311,0,0,0,0,0,0.0,0.0,0.0
RMT_3954_DCI_Type3_Limit,37,0.0,0.1,0.0,1.0,100000,92345,0,0,0,0,0,0.0,0.0,0.0
RMT_3954_DCI_Type3_Limit,37,0.0,0.1,0.0,1.1,100000,90198,0,0,0,0,0,0.0,0.0,0.0
RMT_3954_DCI_Type3_Limit,37,0.0,0.1,0.0,1.2,100000,88080,0,0,0,0,0,0.0,0.0,0.0
RMT_3954_DCI_Type3_Limit,37,0.0,0.1,0.0,1.3,100000,85689,0,0,0,0,0,0.0,0.0,0.0
RMT_3954_DCI_Type3_Limit,37,0.0,0.1,0.0,1.4,100000,83226,0,0,0,0,0,0.0,0.0,0.0
RMT_3954_DCI_Type3_Limit,37,0.0,0.1,0.0,1.5,100000,80727,0,0,0,0,0,0.0,0.0,0.0
RMT_3954_DCI_Type3_Limit,37,0.0,0.1,0.0,1.6,100000,78077,0,0,0,0,0,0.0,0.0,0.0
RMT_3954_DCI_Type3_Limit,37,0.0,0.1,0.0,1.8,100000,72870,0,0,0,0,0,0.0,0.0,0.0
RMT_3954_DCI_Type3_Limit,37,0.0,0.1,0.0,2.0,100000,67959,0,0,0,0,0,0.0,0.0,0.0
RMT_3954_DCI_Type3_Limit,37,0.0,0.1,0.0,2.2,100000,63389,0,0,0,0,0,0.0,0.0,0.0
RMT_3954_DCI_Type3_Limit,37,0.0,0.1,0.0,2.4,100000,59093,0,0,0,0,0,0.0,0.0,0.0
RMT_3954_DCI_Type3_Limit,37,0.0,0.1,0.0,2.6,100000,55261,0,0,0,0,0,0.0,0.0,0.0
RMT_3954_DCI_Type3_Limit,37,0.0,0.1,0.0,2.8,100000,51853,0,0,0,0,0,0.0,0.0,0.0
RMT_3954_DCI_Type3_Limit,37,0.0,0.1,0.0,3.0,100000,48898,0,0,0,0,0,0.0,0.0,0.0
RMT_3954_DCI_Type3_Limit,37,0.0,0.1,0.0,3.2,100000,46233,0,0,0,0,0,0.0,0.0,0.0
RMT_3954_DCI_Type3_Limit,37,0.0,0.1,0.0,3.4,100000,43879,0,0,0,0,0,0.0,0.0,0.0
RMT_3954_DCI_Type3_Limit,37,0.0,0.1,0.0,3.6,100000,41674,0,0,0,0,0,0.0,0.0,0.0
RMT_3954_DCI_Type3_Limit,37,0.0,0.1,0.0,3.8,100000,39752,0,0,0,0,0,0.0,0.0,0.0
RMT_3954_DCI_Type3_Limit,37,0.0,0.1,0.0,4.0,100000,38013,0,0,0,0,0,0.0,0.0,0.0
RMT_3954_DCI_Type3_Limit,37,0.0,0.1,0.0,5.0,100000,31319,0,0,0,0,0,0.0,0.0,0.0
RMT_3954_DCI_Type3_Limit,37,0.0,0.1,0.0,6.0,100000,26971,0,0,0,0,0,0.0,0.0,0.0
RMT_3954_DCI_Type3_Limit,37,0.0,0.1,0.0,7.0,100000,23995,0,0,0,0,0,0.0,0.0,0.0
RMT_3954_DCI_Type3_Limit,37,0.0,0.1,0.0,8.0,100000,21713,0,0,0,0,0,0.0,0.0,0.0
RMT_3954_DCI_Type3_Limit,37,0.0,0.1,0.0,9.0,100000,19905,0,0,0,0,0,0.0,0.0,0.0
RMT_3954_DCI_Type3_Limit,37,0.0,0.1,0.0,10.0,100000,18489,0,0,0,0,0,0.0,0.0,0.0
