config_name,config_id,dU,dV,dW,sigma,n_samples,stable_without_diffusion,diego_turing,shaberi_total,shaberi_type_I,shaberi_type_II,shaberi_hopf,rob_diego,rob_shaberi_total,rob_shaberi_type_I
NEW_RMT_3954_Type1_Control_Slow,0,0.1,0.1,0.1,0.1,100000,100000,0,0,0,0,0,0.0,0.0,0.0
NEW_RMT_3954_Type1_Control_Slow,0,0.1,0.1,0.1,0.2,100000,100000,0,0,0,0,0,0.0,0.0,0.0
NEW_RMT_3954_Type1_Control_Slow,0,0.1,0.1,0.1,0.3,100000,100000,0,0,0,0,0,0.0,0.0,0.0
NEW_RMT_3954_Type1_Control_Slow,0,0.1,0.1,0.1,0.4,100000,99981,0,0,0,0,0,0.0,0.0,0.0
NEW_RMT_3954_Type1_Control_Slow,0,0.1,0.1,0.1,0.5,100000,99732,0,0,0,0,0,0.0,0.0,0.0
NEW_RMT_3954_Type1_Control_Slow,0,0.1,0.1,0.1,0.6,100000,98966,0,0,0,0,0,0.0,0.0,0.0
NEW_RMT_3954_Type1_Control_Slow,0,0.1,0.1,0.1,0.7,100000,97782,0,0,0,0,0,0.0,0.0,0.0
NEW_RMT_3954_Type1_Control_Slow,0,0.1,0.1,0.1,0.8,100000,96149,0,0,0,0,0,0.0,0.0,0.0
NEW_RMT_3954_Type1_Control_Slow,0,0.1,0.1,0.1,0.9,100000,94311,0,0,0,0,0,0.0,0.0,0.0
NEW_RMT_3954_Type1_Control_Slow,0,0.1,0.1,0.1,1.0,100000,92345,0,0,0,0,0,0.0,0.0,0.0
NEW_RMT_3954_Type1_Control_Slow,0,0.1,0.1,0.1,1.1,100000,90198,0,0,0,0,0,0.0,0.0,0.0
NEW_RMT_3954_Type1_Control_Slow,0,0.1,0.1,0.1,1.2,100000,88080,0,0,0,0,0,0.0,0.0,0.0
NEW_RMT_3954_Type1_Control_Slow,0,0.1,0.1,0.1,1.3,100000,85689,0,0,0,0,0,0.0,0.0,0.0
NEW_RMT_3954_Type1_Control_Slow,0,0.1,0.1,0.1,1.4,100000,83226,0,0,0,0,0,0.0,0.0,0.0
NEW_RMT_3954_Type1_Control_Slow,0,0.1,0.1,0.1,1.5,100000,80727,0,0,0,0,0,0.0,0.0,0.0
NEW_RMT_3954_Type1_Control_Slow,0,0.1,0.1,0.1,1.6,100000,78077,0,0,0,0,0,0.0,0.0,0.0
NEW_RMT_3954_Type1_Control_Slow,0,0.1,0.1,0.1,1.8,100000,72870,0,0,0,0,0,0.0,0.0,0.0
NEW_RMT_3954_Type1_Control_Slow,0,0.1,0.1,0.1,2.0,100000,67959,0,0,0,0,0,0.0,0.0,0.0
NEW_RMT_3954_Type1_Control_Slow,0,0.1,0.1,0.1,2.2,100000,63389,0,0,0,0,0,0.0,0.0,0.0
NEW_RMT_3954_Type1_Control_Slow,0,0.1,0.1,0.1,2.4,100000,59093,0,0,0,0,0,0.0,0.0,0.0
NEW_RMT_3954_Type1_Control_Slow,0,0.1,0.1,0.1,2.6,100000,55261,0,0,0,0,0,0.0,0.0,0.0
NEW_RMT_3954_Type1_Control_Slow,0,0.1,0.1,0.1,2.8,100000,51853,0,0,0,0,0,0.0,0.0,0.0
NEW_RMT_3954_Type1_Control_Slow,0,0.1,0.1,0.1,3.0,100000,48898,0,0,0,0,0,0.0,0.0,0.0
NEW_RMT_3954_Type1_Control_Slow,0,0.1,0.1,0.1,3.2,100000,46233,0,0,0,0,0,0.0,0.0,0.0
NEW_RMT_3954_Type1_Control_Slow,0,0.1,0.1,0.1,3.4,100000,43879,0,0,0,0,0,0.0,0.0,0.0
NEW_RMT_3954_Type1_Control_Slow,0,0.1,0.1,0.1,3.6,100000,41674,0,0,0,0,0,0.0,0.0,0.0
NEW_RMT_3954_Type1_Control_Slow,0,0.1,0.1,0.1,3.8,100000,39752,0,0,0,0,0,0.0,0.0,0.0
NEW_RMT_3954_Type1_Control_Slow,0,0.1,0.1,0.1,4.0,100000,38013,0,0,0,0,0,0.0,0.0,0.0
NEW_RMT_3954_Type1_Control_Slow,0,0.1,0.1,0.1,5.0,100000,31319,0,0,0,0,0,0.0,0.0,0.0
NEW_RMT_3954_Type1_Control_Slow,0,0.1,0.1,0.1,6.0,100000,26971,0,0,0,0,0,0.0,0.0,0.0
NEW_RMT_3954_Type1_Control_Slow,0,0.1,0.1,0.1,7.0,100000,23995,0,0,0,0,0,0.0,0.0,0.0
NEW_RMT_3954_Type1_Control_Slow,0,0.1,0.1,0.1,8.0,100000,21713,0,0,0,0,0,0.0,0.0,0.0
NEW_RMT_3954_Type1_Control_Slow,0,0.1,0.1,0.1,9.0,100000,19905,0,0,0,0,0,0.0,0.0,0.0
NEW_RMT_3954_Type1_Control_Slow,0,0.1,0.1,0.1,10.0,100000,18489,0,0,0,0,0,0.0,0.0,0.0
NEW_RMT_3954_Type1_Control_Equal,1,1.0,1.0,1.0,0.1,100000,100000,0,0,0,0,0,0.0,0.0,0.0
NEW_RMT_3954_Type1_Control_Equal,1,1.0,1.0,1.0,0.2,100000,100000,0,0,0,0,0,0.0,0.0,0.0
NEW_RMT_3954_Type1_Control_Equal,1,1.0,1.0,1.0,0.3,100000,100000,0,0,0,0,0,0.0,0.0,0.0
NEW_RMT_3954_Type1_Control_Equal,1,1.0,1.0,1.0,0.4,100000,99981,0,0,0,0,0,0.0,0.0,0.0
NEW_RMT_3954_Type1_Control_Equal,1,1.0,1.0,1.0,0.5,100000,99732,0,0,0,0,0,0.0,0.0,0.0
NEW_RMT_3954_Type1_Control_Equal,1,1.0,1.0,1.0,0.6,100000,98966,0,0,0,0,0,0.0,0.0,0.0
NEW_RMT_3954_Type1_Control_Equal,1,1.0,1.0,1.0,0.7,100000,97782,0,0,0,0,0,0.0,0.0,0.0
NEW_RMT_3954_Type1_Control_Equal,1,1.0,1.0,1.0,0.8,100000,96149,0,0,0,0,0,0.0,0.0,0.0
NEW_RMT_3954_Type1_Control_Equal,1,1.0,1.0,1.0,0.9,100000,94311,0,0,0,0,0,0.0,0.0,0.0
NEW_RMT_3954_Type1_Control_Equal,1,1.0,1.0,1.0,1.0,100000,92345,0,0,0,0,0,0.0,0.0,0.0
NEW_RMT_3954_Type1_Control_Equal,1,1.0,1.0,1.0,1.1,100000,90198,0,0,0,0,0,0.0,0.0,0.0
NEW_RMT_3954_Type1_Control_Equal,1,1.0,1.0,1.0,1.2,100000,88080,0,0,0,0,0,0.0,0.0,0.0
NEW_RMT_3954_Type1_Control_Equal,1,1.0,1.0,1.0,1.3,100000,85689,0,0,0,0,0,0.0,0.0,0.0
NEW_RMT_3954_Type1_Control_Equal,1,1.0,1.0,1.0,1.4,100000,83226,0,0,0,0,0,0.0,0.0,0.0
NEW_RMT_3954_Type1_Control_Equal,1,1.0,1.0,1.0,1.5,100000,80727,0,0,0,0,0,0.0,0.0,0.0
NEW_RMT_3954_Type1_Control_Equal,1,1.0,1.0,1.0,1.6,100000,78077,0,0,0,0,0,0.0,0.0,0.0
NEW_RMT_3954_Type1_Control_Equal,1,1.0,1.0,1.0,1.8,100000,72870,0,0,0,0,0,0.0,0.0,0.0
NEW_RMT_3954_Type1_Control_Equal,1,1.0,1.0,1.0,2.0,100000,67959,0,0,0,0,0,0.0,0.0,0.0
NEW_RMT_3954_Type1_Control_Equal,1,1.0,1.0,1.0,2.2,100000,63389,0,0,0,0,0,0.0,0.0,0.0
NEW_RMT_3954_Type1_Control_Equal,1,1.0,1.0,1.0,2.4,100000,59093,0,0,0,0,0,0.0,0.0,0.0
NEW_RMT_3954_Type1_Control_Equal,1,1.0,1.0,1.0,2.6,100000,55261,0,0,0,0,0,0.0,0.0,0.0
NEW_RMT_3954_Type1_Control_Equal,1,1.0,1.0,1.0,2.8,100000,51853,0,0,0,0,0,0.0,0.0,0.0
NEW_RMT_3954_Type1_Control_Equal,1,1.0,1.0,1.0,3.0,100000,48898,0,0,0,0,0,0.0,0.0,0.0
NEW_RMT_3954_Type1_Control_Equal,1,1.0,1.0,1.0,3.2,100000,46233,0,0,0,0,0,0.0,0.0,0.0
NEW_RMT_3954_Type1_Control_Equal,1,1.0,1.0,1.0,3.4,100000,43879,0,0,0,0,0,0.0,0.0,0.0
NEW_RMT_3954_Type1_Control_Equal,1,1.0,1.0,1.0,3.6,100000,41674,0,0,0,0,0,0.0,0.0,0.0
NEW_RMT_3954_Type1_Control_Equal,1,1.0,1.0,1.0,3.8,100000,39752,0,0,0,0,0,0.0,0.0,0.0
NEW_RMT_3954_Type1_Control_Equal,1,1.0,1.0,1.0,4.0,100000,38013,0,0,0,0,0,0.0,0.0,0.0
NEW_RMT_3954_Type1_Control_Equal,1,1.0,1.0,1.0,5.0,100000,31319,0,0,0,0,0,0.0,0.0,0.0
NEW_RMT_3954_Type1_Control_Equal,1,1.0,1.0,1.0,6.0,100000,26971,0,0,0,0,0,0.0,0.0,0.0
NEW_RMT_3954_Type1_Control_Equal,1,1.0,1.0,1.0,7.0,100000,23995,0,0,0,0,0,0.0,0.0,0.0
NEW_RMT_3954_Type1_Control_Equal,1,1.0,1.0,1.0,8.0,100000,21713,0,0,0,0,0,0.0,0.0,0.0
NEW_RMT_3954_Type1_Control_Equal,1,1.0,1.0,1.0,9.0,100000,19905,0,0,0,0,0,0.0,0.0,0.0
NEW_RMT_3954_Type1_Control_Equal,1,1.0,1.0,1.0,10.0,100000,18489,0,0,0,0,0,0.0,0.0,0.0
NEW_RMT_3954_Type1_Control_Fast,2,10.0,10.0,10.0,0.1,100000,100000,0,0,0,0,0,0.0,0.0,0.0
NEW_RMT_3954_Type1_Control_Fast,2,10.0,10.0,10.0,0.2,100000,100000,0,0,0,0,0,0.0,0.0,0.0
NEW_RMT_3954_Type1_Control_Fast,2,10.0,10.0,10.0,0.3,100000,100000,0,0,0,0,0,0.0,0.0,0.0
NEW_RMT_3954_Type1_Control_Fast,2,10.0,10.0,10.0,0.4,100000,99981,0,0,0,0,0,0.0,0.0,0.0
NEW_RMT_3954_Type1_Control_Fast,2,10.0,10.0,10.0,0.5,100000,99732,0,0,0,0,0,0.0,0.0,0.0
NEW_RMT_3954_Type1_Control_Fast,2,10.0,10.0,10.0,0.6,100000,98966,0,0,0,0,0,0.0,0.0,0.0
NEW_RMT_3954_Type1_Control_Fast,2,10.0,10.0,10.0,0.7,100000,97782,0,0,0,0,0,0.0,0.0,0.0
NEW_RMT_3954_Type1_Control_Fast,2,10.0,10.0,10.0,0.8,100000,96149,0,0,0,0,0,0.0,0.0,0.0
NEW_RMT_3954_Type1_Control_Fast,2,10.0,10.0,10.0,0.9,100000,94311,0,0,0,0,0,0.0,0.0,0.0
NEW_RMT_3954_Type1_Control_Fast,2,10.0,10.0,10.0,1.0,100000,92345,0,0,0,0,0,0.0,0.0,0.0
NEW_RMT_3954_Type1_Control_Fast,2,10.0,10.0,10.0,1.1,100000,90198,0,0,0,0,0,0.0,0.0,0.0
NEW_RMT_3954_Type1_Control_Fast,2,10.0,10.0,10.0,1.2,100000,88080,0,0,0,0,0,0.0,0.0,0.0
NEW_RMT_3954_Type1_Control_Fast,2,10.0,10.0,10.0,1.3,100000,85689,0,0,0,0,0,0.0,0.0,0.0
NEW_RMT_3954_Type1_Control_Fast,2,10.0,10.0,10.0,1.4,100000,83226,0,0,0,0,0,0.0,0.0,0.0
NEW_RMT_3954_Type1_Control_Fast,2,10.0,10.0,10.0,1.5,100000,80727,0,0,0,0,0,0.0,0.0,0.0
NEW_RMT_3954_Type1_Control_Fast,2,10.0,10.0,10.0,1.6,100000,78077,0,0,0,0,0,0.0,0.0,0.0
NEW_RMT_3954_Type1_Control_Fast,2,10.0,10.0,10.0,1.8,100000,72870,0,0,0,0,0,0.0,0.0,0.0
NEW_RMT_3954_Type1_Control_Fast,2,10.0,10.0,10.0,2.0,100000,67959,0,0,0,0,0,0.0,0.0,0.0
NEW_RMT_3954_Type1_Control_Fast,2,10.0,10.0,10.0,2.2,100000,63389,0,0,0,0,0,0.0,0.0,0.0
NEW_RMT_3954_Type1_Control_Fast,2,10.0,10.0,10.0,2.4,100000,59093,0,0,0,0,0,0.0,0.0,0.0
NEW_RMT_3954_Type1_Control_Fast,2,10.0,10.0,10.0,2.6,100000,55261,0,0,0,0,0,0.0,0.0,0.0
NEW_RMT_3954_Type1_Control_Fast,2,10.0,10.0,10.0,2.8,100000,51853,0,0,0,0,0,0.0,0.0,0.0
NEW_RMT_3954_Type1_Control_Fast,2,10.0,10.0,10.0,3.0,100000,48898,0,0,0,0,0,0.0,0.0,0.0
NEW_RMT_3954_Type1_Control_Fast,2,10.0,10.0,10.0,3.2,100000,46233,0,0,0,0,0,0.0,0.0,0.0
NEW_RMT_3954_Type1_Control_Fast,2,10.0,10.0,10.0,3.4,100000,43879,0,0,0,0,0,0.0,0.0,0.0
NEW_RMT_3954_Type1_Control_Fast,2,10.0,10.0,10.0,3.6,100000,41674,0,0,0,0,0,0.0,0.0,0.0
NEW_RMT_3954_Type1_Control_Fast,2,10.0,10.0,10.0,3.8,100000,39752,0,0,0,0,0,0.0,0.0,0.0
NEW_RMT_3954_Type1_Control_Fast,2,10.0,10.0,10.0,4.0,100000,38013,0,0,0,0,0,0.0,0.0,0.0
NEW_RMT_3954_Type1_Control_Fast,2,10.0,10.0,10.0,5.0,100000,31319,0,0,0,0,0,0.0,0.0,0.0
NEW_RMT_3954_Type1_Control_Fast,2,10.0,10.0,10.0,6.0,100000,26971,0,0,0,0,0,0.0,0.0,0.0
NEW_RMT_3954_Type1_Control_Fast,2,10.0,10.0,10.0,7.0,100000,23995,0,0,0,0,0,0.0,0.0,0.0
NEW_RMT_3954_Type1_Control_Fast,2,10.0,10.0,10.0,8.0,100000,21713,0,0,0,0,0,0.0,0.0,0.0
NEW_RMT_3954_Type1_Control_Fast,2,10.0,10.0,10.0,9.0,100000,19905,0,0,0,0,0,0.0,0.0,0.0
NEW_RMT_3954_Type1_Control_Fast,2,10.0,10.0,10.0,10.0,100000,18489,0,0,0,0,0,0.0,0.0,0.0
NEW_RMT_3954_Type1_UFast_Unequal1,3,10.0,1.0,1.0,0.1,100000,100000,0,0,0,0,0,0.0,0.0,0.0
NEW_RMT_3954_Type1_UFast_Unequal1,3,10.0,1.0,1.0,0.2,100000,100000,0,0,0,0,0,0.0,0.0,0.0
NEW_RMT_3954_Type1_UFast_Unequal1,3,10.0,1.0,1.0,0.3,100000,100000,0,0,0,0,0,0.0,0.0,0.0
NEW_RMT_3954_Type1_UFast_Unequal1,3,10.0,1.0,1.0,0.4,100000,99981,0,0,0,0,0,0.0,0.0,0.0
NEW_RMT_3954_Type1_UFast_Unequal1,3,10.0,1.0,1.0,0.5,100000,99732,10,10,10,0,0,0.01,0.01,0.01
NEW_RMT_3954_Type1_UFast_Unequal1,3,10.0,1.0,1.0,0.6,100000,98966,66,66,66,0,0,0.066,0.066,0.066
NEW_RMT_3954_Type1_UFast_Unequal1,3,10.0,1.0,1.0,0.7,100000,97782,214,214,214,0,0,0.214,0.214,0.214
NEW_RMT_3954_Type1_UFast_Unequal1,3,10.0,1.0,1.0,0.8,100000,96149,530,530,530,0,0,0.53,0.53,0.53
NEW_RMT_3954_Type1_UFast_Unequal1,3,10.0,1.0,1.0,0.9,100000,94311,1090,1090,1090,0,0,1.09,1.09,1.09
NEW_RMT_3954_Type1_UFast_Unequal1,3,10.0,1.0,1.0,1.0,100000,92345,1719,1719,1719,0,0,1.719,1.719,1.719
NEW_RMT_3954_Type1_UFast_Unequal1,3,10.0,1.0,1.0,1.1,100000,90198,2294,2294,2294,0,0,2.294,2.294,2.294
NEW_RMT_3954_Type1_UFast_Unequal1,3,10.0,1.0,1.0,1.2,100000,88080,2945,2945,2945,0,0,2.945,2.945,2.945
NEW_RMT_3954_Type1_UFast_Unequal1,3,10.0,1.0,1.0,1.3,100000,85689,3535,3535,3535,0,0,3.535,3.535,3.535
NEW_RMT_3954_Type1_UFast_Unequal1,3,10.0,1.0,1.0,1.4,100000,83226,3977,3977,3977,0,0,3.977,3.977,3.977
NEW_RMT_3954_Type1_UFast_Unequal1,3,10.0,1.0,1.0,1.5,100000,80727,4391,4391,4391,0,0,4.391,4.391,4.391
NEW_RMT_3954_Type1_UFast_Unequal1,3,10.0,1.0,1.0,1.6,100000,78077,4706,4706,4706,0,0,4.706,4.706,4.706
NEW_RMT_3954_Type1_UFast_Unequal1,3,10.0,1.0,1.0,1.8,100000,72870,5242,5242,5242,0,0,5.242,5.242,5.242
NEW_RMT_3954_Type1_UFast_Unequal1,3,10.0,1.0,1.0,2.0,100000,67959,5488,5488,5488,0,0,5.488,5.488,5.488
NEW_RMT_3954_Type1_UFast_Unequal1,3,10.0,1.0,1.0,2.2,100000,63389,5623,5623,5623,0,0,5.623,5.623,5.623
NEW_RMT_3954_Type1_UFast_Unequal1,3,10.0,1.0,1.0,2.4,100000,59093,5701,5701,5701,0,0,5.701,5.701,5.701
NEW_RMT_3954_Type1_UFast_Unequal1,3,10.0,1.0,1.0,2.6,100000,55261,5602,5602,5602,0,0,5.602,5.602,5.602
NEW_RMT_3954_Type1_UFast_Unequal1,3,10.0,1.0,1.0,2.8,100000,51853,5562,5562,5562,0,0,5.562,5.562,5.562
NEW_RMT_3954_Type1_UFast_Unequal1,3,10.0,1.0,1.0,3.0,100000,48898,5509,5509,5509,0,0,5.509,5.509,5.509
NEW_RMT_3954_Type1_UFast_Unequal1,3,10.0,1.0,1.0,3.2,100000,46233,5487,5487,5487,0,0,5.487,5.487,5.487
NEW_RMT_3954_Type1_UFast_Unequal1,3,10.0,1.0,1.0,3.4,100000,43879,5399,5399,5399,0,0,5.399,5.399,5.399
NEW_RMT_3954_Type1_UFast_Unequal1,3,10.0,1.0,1.0,3.6,100000,41674,5279,5279,5279,0,0,5.279,5.279,5.279
NEW_RMT_3954_Type1_UFast_Unequal1,3,10.0,1.0,1.0,3.8,100000,39752,5171,5171,5171,0,0,5.171,5.171,5.171
NEW_RMT_3954_Type1_UFast_Unequal1,3,10.0,1.0,1.0,4.0,100000,38013,5123,5123,5123,0,0,5.123,5.123,5.123
NEW_RMT_3954_Type1_UFast_Unequal1,3,10.0,1.0,1.0,5.0,100000,31319,4694,4694,4694,0,0,4.694,4.694,4.694
NEW_RMT_3954_Type1_UFast_Unequal1,3,10.0,1.0,1.0,6.0,100000,26971,4423,4423,4423,0,0,4.423,4.423,4.423
NEW_RMT_3954_Type1_UFast_Unequal1,3,10.0,1.0,1.0,7.0,100000,23995,4155,4155,4155,0,0,4.155,4.155,4.155
NEW_RMT_3954_Type1_UFast_Unequal1,3,10.0,1.0,1.0,8.0,100000,21713,3973,3973,3973,0,0,3.973,3.973,3.973
NEW_RMT_3954_Type1_UFast_Unequal1,3,10.0,1.0,1.0,9.0,100000,19905,3785,3785,3785,0,0,3.785,3.785,3.785
NEW_RMT_3954_Type1_UFast_Unequal1,3,10.0,1.0,1.0,10.0,100000,18489,3619,3619,3619,0,0,3.619,3.619,3.619
NEW_RMT_3954_Type1_UFast_Unequal2,4,1.0,0.1,0.1,0.1,100000,100000,0,0,0,0,0,0.0,0.0,0.0
NEW_RMT_3954_Type1_UFast_Unequal2,4,1.0,0.1,0.1,0.2,100000,100000,0,0,0,0,0,0.0,0.0,0.0
NEW_RMT_3954_Type1_UFast_Unequal2,4,1.0,0.1,0.1,0.3,100000,100000,0,0,0,0,0,0.0,0.0,0.0
NEW_RMT_3954_Type1_UFast_Unequal2,4,1.0,0.1,0.1,0.4,100000,99981,0,0,0,0,0,0.0,0.0,0.0
NEW_RMT_3954_Type1_UFast_Unequal2,4,1.0,0.1,0.1,0.5,100000,99732,10,10,10,0,0,0.01,0.01,0.01
NEW_RMT_3954_Type1_UFast_Unequal2,4,1.0,0.1,0.1,0.6,100000,98966,69,69,69,0,0,0.069,0.069,0.069
NEW_RMT_3954_Type1_UFast_Unequal2,4,1.0,0.1,0.1,0.7,100000,97782,220,220,220,0,0,0.22,0.22,0.22
NEW_RMT_3954_Type1_UFast_Unequal2,4,1.0,0.1,0.1,0.8,100000,96149,539,539,539,0,0,0.539,0.539,0.539
NEW_RMT_3954_Type1_UFast_Unequal2,4,1.0,0.1,0.1,0.9,100000,94311,1108,1108,1108,0,0,1.108,1.108,1.108
NEW_RMT_3954_Type1_UFast_Unequal2,4,1.0,0.1,0.1,1.0,100000,92345,1749,1749,1749,0,0,1.749,1.749,1.749
NEW_RMT_3954_Type1_UFast_Unequal2,4,1.0,0.1,0.1,1.1,100000,90198,2326,2326,2326,0,0,2.326,2.326,2.326
NEW_RMT_3954_Type1_UFast_Unequal2,4,1.0,0.1,0.1,1.2,100000,88080,2986,2986,2986,0,0,2.986,2.986,2.986
NEW_RMT_3954_Type1_UFast_Unequal2,4,1.0,0.1,0.1,1.3,100000,85689,3576,3576,3576,0,0,3.576,3.576,3.576
NEW_RMT_3954_Type1_UFast_Unequal2,4,1.0,0.1,0.1,1.4,100000,83226,4016,4016,4016,0,0,4.016,4.016,4.016
NEW_RMT_3954_Type1_UFast_Unequal2,4,1.0,0.1,0.1,1.5,100000,80727,4444,4444,4444,0,0,4.444,4.444,4.444
NEW_RMT_3954_Type1_UFast_Unequal2,4,1.0,0.1,0.1,1.6,100000,78077,4761,4761,4761,0,0,4.761,4.761,4.761
NEW_RMT_3954_Type1_UFast_Unequal2,4,1.0,0.1,0.1,1.8,100000,72870,5279,5279,5279,0,0,5.279,5.279,5.279
NEW_RMT_3954_Type1_UFast_Unequal2,4,1.0,0.1,0.1,2.0,100000,67959,5518,5518,5518,0,0,5.518,5.518,5.518
NEW_RMT_3954_Type1_UFast_Unequal2,4,1.0,0.1,0.1,2.2,100000,63389,5675,5675,5675,0,0,5.675,5.675,5.675
NEW_RMT_3954_Type1_UFast_Unequal2,4,1.0,0.1,0.1,2.4,100000,59093,5738,5738,5738,0,0,5.738,5.738,5.738
NEW_RMT_3954_Type1_UFast_Unequal2,4,1.0,0.1,0.1,2.6,100000,55261,5633,5633,5633,0,0,5.633,5.633,5.633
NEW_RMT_3954_Type1_UFast_Unequal2,4,1.0,0.1,0.1,2.8,100000,51853,5598,5598,5598,0,0,5.598,5.598,5.598
NEW_RMT_3954_Type1_UFast_Unequal2,4,1.0,0.1,0.1,3.0,100000,48898,5547,5547,5547,0,0,5.547,5.547,5.547
NEW_RMT_3954_Type1_UFast_Unequal2,4,1.0,0.1,0.1,3.2,100000,46233,5510,5510,5510,0,0,5.51,5.51,5.51
NEW_RMT_3954_Type1_UFast_Unequal2,4,1.0,0.1,0.1,3.4,100000,43879,5413,5413,5413,0,0,5.413,5.413,5.413
NEW_RMT_3954_Type1_UFast_Unequal2,4,1.0,0.1,0.1,3.6,100000,41674,5305,5305,5305,0,0,5.305,5.305,5.305
NEW_RMT_3954_Type1_UFast_Unequal2,4,1.0,0.1,0.1,3.8,100000,39752,5191,5191,5191,0,0,5.191,5.191,5.191
NEW_RMT_3954_Type1_UFast_Unequal2,4,1.0,0.1,0.1,4.0,100000,38013,5142,5142,5142,0,0,5.142,5.142,5.142
NEW_RMT_3954_Type1_UFast_Unequal2,4,1.0,0.1,0.1,5.0,100000,31319,4712,4712,4712,0,0,4.712,4.712,4.712
NEW_RMT_3954_Type1_UFast_Unequal2,4,1.0,0.1,0.1,6.0,100000,26971,4434,4434,4434,0,0,4.434,4.434,4.434
NEW_RMT_3954_Type1_UFast_Unequal2,4,1.0,0.1,0.1,7.0,100000,23995,4165,4165,4165,0,0,4.165,4.165,4.165
NEW_RMT_3954_Type1_UFast_Unequal2,4,1.0,0.1,0.1,8.0,100000,21713,3975,3975,3975,0,0,3.975,3.975,3.975
NEW_RMT_3954_Type1_UFast_Unequal2,4,1.0,0.1,0.1,9.0,100000,19905,3794,3794,3794,0,0,3.794,3.794,3.794
NEW_RMT_3954_Type1_UFast_Unequal2,4,1.0,0.1,0.1,10.0,100000,18489,3630,3630,3630,0,0,3.63,3.63,3.63
NEW_RMT_3954_Type1_UFast_Unequal3,5,10.0,0.1,1.0,0.1,100000,100000,0,0,0,0,0,0.0,0.0,0.0
NEW_RMT_3954_Type1_UFast_Unequal3,5,10.0,0.1,1.0,0.2,100000,100000,0,0,0,0,0,0.0,0.0,0.0
NEW_RMT_3954_Type1_UFast_Unequal3,5,10.0,0.1,1.0,0.3,100000,100000,0,0,0,0,0,0.0,0.0,0.0
NEW_RMT_3954_Type1_UFast_Unequal3,5,10.0,0.1,1.0,0.4,100000,99981,1,1,1,0,0,0.001,0.001,0.001
NEW_RMT_3954_Type1_UFast_Unequal3,5,10.0,0.1,1.0,0.5,100000,99732,29,29,29,0,0,0.029,0.029,0.029
NEW_RMT_3954_Type1_UFast_Unequal3,5,10.0,0.1,1.0,0.6,100000,98966,163,163,163,0,0,0.163,0.163,0.163
NEW_RMT_3954_Type1_UFast_Unequal3,5,10.0,0.1,1.0,0.7,100000,97782,461,461,461,0,0,0.461,0.461,0.461
NEW_RMT_3954_Type1_UFast_Unequal3,5,10.0,0.1,1.0,0.8,100000,96149,1086,1086,1086,0,0,1.086,1.086,1.086
NEW_RMT_3954_Type1_UFast_Unequal3,5,10.0,0.1,1.0,0.9,100000,94311,2008,2008,2008,0,0,2.008,2.008,2.008
NEW_RMT_3954_Type1_UFast_Unequal3,5,10.0,0.1,1.0,1.0,100000,92345,2980,2980,2980,0,0,2.98,2.98,2.98
NEW_RMT_3954_Type1_UFast_Unequal3,5,10.0,0.1,1.0,1.1,100000,90198,3929,3929,3929,0,0,3.929,3.929,3.929
NEW_RMT_3954_Type1_UFast_Unequal3,5,10.0,0.1,1.0,1.2,100000,88080,4956,4956,4956,0,0,4.956,4.956,4.956
NEW_RMT_3954_Type1_UFast_Unequal3,5,10.0,0.1,1.0,1.3,100000,85689,5765,5765,5765,0,0,5.765,5.765,5.765
NEW_RMT_3954_Type1_UFast_Unequal3,5,10.0,0.1,1.0,1.4,100000,83226,6501,6501,6501,0,0,6.501,6.501,6.501
NEW_RMT_3954_Type1_UFast_Unequal3,5,10.0,0.1,1.0,1.5,100000,80727,7116,7116,7116,0,0,7.116,7.116,7.116
NEW_RMT_3954_Type1_UFast_Unequal3,5,10.0,0.1,1.0,1.6,100000,78077,7564,7564,7564,0,0,7.564,7.564,7.564
NEW_RMT_3954_Type1_UFast_Unequal3,5,10.0,0.1,1.0,1.8,100000,72870,8241,8241,8241,0,0,8.241,8.241,8.241
NEW_RMT_3954_Type1_UFast_Unequal3,5,10.0,0.1,1.0,2.0,100000,67959,8541,8541,8541,0,0,8.541,8.541,8.541
NEW_RMT_3954_Type1_UFast_Unequal3,5,10.0,0.1,1.0,2.2,100000,63389,8661,8661,8661,0,0,8.661,8.661,8.661
NEW_RMT_3954_Type1_UFast_Unequal3,5,10.0,0.1,1.0,2.4,100000,59093,8623,8623,8623,0,0,8.623,8.623,8.623
NEW_RMT_3954_Type1_UFast_Unequal3,5,10.0,0.1,1.0,2.6,100000,55261,8557,8557,8557,0,0,8.557,8.557,8.557
NEW_RMT_3954_Type1_UFast_Unequal3,5,10.0,0.1,1.0,2.8,100000,51853,8430,8430,8430,0,0,8.43,8.43,8.43
NEW_RMT_3954_Type1_UFast_Unequal3,5,10.0,0.1,1.0,3.0,100000,48898,8313,8313,8313,0,0,8.313,8.313,8.313
NEW_RMT_3954_Type1_UFast_Unequal3,5,10.0,0.1,1.0,3.2,100000,46233,8247,8247,8247,0,0,8.247,8.247,8.247
NEW_RMT_3954_Type1_UFast_Unequal3,5,10.0,0.1,1.0,3.4,100000,43879,8106,8106,8106,0,0,8.106,8.106,8.106
NEW_RMT_3954_Type1_UFast_Unequal3,5,10.0,0.1,1.0,3.6,100000,41674,7942,7942,7942,0,0,7.942,7.942,7.942
NEW_RMT_3954_Type1_UFast_Unequal3,5,10.0,0.1,1.0,3.8,100000,39752,7777,7777,7777,0,0,7.777,7.777,7.777
NEW_RMT_3954_Type1_UFast_Unequal3,5,10.0,0.1,1.0,4.0,100000,38013,7593,7593,7593,0,0,7.593,7.593,7.593
NEW_RMT_3954_Type1_UFast_Unequal3,5,10.0,0.1,1.0,5.0,100000,31319,6797,6797,6797,0,0,6.797,6.797,6.797
NEW_RMT_3954_Type1_UFast_Unequal3,5,10.0,0.1,1.0,6.0,100000,26971,6294,6294,6294,0,0,6.294,6.294,6.294
NEW_RMT_3954_Type1_UFast_Unequal3,5,10.0,0.1,1.0,7.0,100000,23995,5865,5865,5865,0,0,5.865,5.865,5.865
NEW_RMT_3954_Type1_UFast_Unequal3,5,10.0,0.1,1.0,8.0,100000,21713,5444,5444,5444,0,0,5.444,5.444,5.444
NEW_RMT_3954_Type1_UFast_Unequal3,5,10.0,0.1,1.0,9.0,100000,19905,5164,5164,5164,0,0,5.164,5.164,5.164
NEW_RMT_3954_Type1_UFast_Unequal3,5,10.0,0.1,1.0,10.0,100000,18489,4877,4877,4877,0,0,4.877,4.877,4.877
NEW_RMT_3954_Type1_UFast_Unequal4,6,10.0,1.0,0.1,0.1,100000,100000,0,0,0,0,0,0.0,0.0,0.0
NEW_RMT_3954_Type1_UFast_Unequal4,6,10.0,1.0,0.1,0.2,100000,100000,0,0,0,0,0,0.0,0.0,0.0
NEW_RMT_3954_Type1_UFast_Unequal4,6,10.0,1.0,0.1,0.3,100000,100000,0,0,0,0,0,0.0,0.0,0.0
NEW_RMT_3954_Type1_UFast_Unequal4,6,10.0,1.0,0.1,0.4,100000,99981,2,2,2,0,0,0.002,0.002,0.002
NEW_RMT_3954_Type1_UFast_Unequal4,6,10.0,1.0,0.1,0.5,100000,99732,35,35,35,0,0,0.035,0.035,0.035
NEW_RMT_3954_Type1_UFast_Unequal4,6,10.0,1.0,0.1,0.6,100000,98966,178,178,178,0,0,0.178,0.178,0.178
NEW_RMT_3954_Type1_UFast_Unequal4,6,10.0,1.0,0.1,0.7,100000,97782,515,515,515,0,0,0.515,0.515,0.515
NEW_RMT_3954_Type1_UFast_Unequal4,6,10.0,1.0,0.1,0.8,100000,96149,1208,1208,1208,0,0,1.208,1.208,1.208
NEW_RMT_3954_Type1_UFast_Unequal4,6,10.0,1.0,0.1,0.9,100000,94311,2217,2217,2217,0,0,2.217,2.217,2.217
NEW_RMT_3954_Type1_UFast_Unequal4,6,10.0,1.0,0.1,1.0,100000,92345,3309,3309,3309,0,0,3.309,3.309,3.309
NEW_RMT_3954_Type1_UFast_Unequal4,6,10.0,1.0,0.1,1.1,100000,90198,4354,4354,4354,0,0,4.354,4.354,4.354
NEW_RMT_3954_Type1_UFast_Unequal4,6,10.0,1.0,0.1,1.2,100000,88080,5558,5558,5558,0,0,5.558,5.558,5.558
NEW_RMT_3954_Type1_UFast_Unequal4,6,10.0,1.0,0.1,1.3,100000,85689,6496,6496,6496,0,0,6.496,6.496,6.496
NEW_RMT_3954_Type1_UFast_Unequal4,6,10.0,1.0,0.1,1.4,100000,83226,7375,7375,7375,0,0,7.375,7.375,7.375
NEW_RMT_3954_Type1_UFast_Unequal4,6,10.0,1.0,0.1,1.5,100000,80727,8110,8110,8110,0,0,8.11,8.11,8.11
NEW_RMT_3954_Type1_UFast_Unequal4,6,10.0,1.0,0.1,1.6,100000,78077,8643,8643,8643,0,0,8.643,8.643,8.643
NEW_RMT_3954_Type1_UFast_Unequal4,6,10.0,1.0,0.1,1.8,100000,72870,9471,9471,9471,0,0,9.471,9.471,9.471
NEW_RMT_3954_Type1_UFast_Unequal4,6,10.0,1.0,0.1,2.0,100000,67959,9989,9989,9989,0,0,9.989,9.989,9.989
NEW_RMT_3954_Type1_UFast_Unequal4,6,10.0,1.0,0.1,2.2,100000,63389,10289,10289,10289,0,0,10.289,10.289,10.289
NEW_RMT_3954_Type1_UFast_Unequal4,6,10.0,1.0,0.1,2.4,100000,59093,10356,10356,10356,0,0,10.356,10.356,10.356
NEW_RMT_3954_Type1_UFast_Unequal4,6,10.0,1.0,0.1,2.6,100000,55261,10465,10465,10465,0,0,10.465,10.465,10.465
NEW_RMT_3954_Type1_UFast_Unequal4,6,10.0,1.0,0.1,2.8,100000,51853,10458,10458,10458,0,0,10.458,10.458,10.458
NEW_RMT_3954_Type1_UFast_Unequal4,6,10.0,1.0,0.1,3.0,100000,48898,10434,10434,10434,0,0,10.434,10.434,10.434
NEW_RMT_3954_Type1_UFast_Unequal4,6,10.0,1.0,0.1,3.2,100000,46233,10359,10359,10359,0,0,10.359,10.359,10.359
NEW_RMT_3954_Type1_UFast_Unequal4,6,10.0,1.0,0.1,3.4,100000,43879,10282,10282,10282,0,0,10.282,10.282,10.282
NEW_RMT_3954_Type1_UFast_Unequal4,6,10.0,1.0,0.1,3.6,100000,41674,10154,10154,10154,0,0,10.154,10.154,10.154
NEW_RMT_3954_Type1_UFast_Unequal4,6,10.0,1.0,0.1,3.8,100000,39752,10076,10076,10076,0,0,10.076,10.076,10.076
NEW_RMT_3954_Type1_UFast_Unequal4,6,10.0,1.0,0.1,4.0,100000,38013,9962,9962,9962,0,0,9.962,9.962,9.962
NEW_RMT_3954_Type1_UFast_Unequal4,6,10.0,1.0,0.1,5.0,100000,31319,9376,9376,9376,0,0,9.376,9.376,9.376
NEW_RMT_3954_Type1_UFast_Unequal4,6,10.0,1.0,0.1,6.0,100000,26971,8953,8953,8953,0,0,8.953,8.953,8.953
NEW_RMT_3954_Type1_UFast_Unequal4,6,10.0,1.0,0.1,7.0,100000,23995,8553,8553,8553,0,0,8.553,8.553,8.553
NEW_RMT_3954_Type1_UFast_Unequal4,6,10.0,1.0,0.1,8.0,100000,21713,8207,8207,8207,0,0,8.207,8.207,8.207
NEW_RMT_3954_Type1_UFast_Unequal4,6,10.0,1.0,0.1,9.0,100000,19905,7920,7920,7920,0,0,7.92,7.92,7.92
NEW_RMT_3954_Type1_UFast_Unequal4,6,10.0,1.0,0.1,10.0,100000,18489,7642,7642,7642,0,0,7.642,7.642,7.642
NEW_RMT_3954_Type1_UFast_Unequal5,7,10.0,0.1,0.1,0.1,100000,100000,0,0,0,0,0,0.0,0.0,0.0
NEW_RMT_3954_Type1_UFast_Unequal5,7,10.0,0.1,0.1,0.2,100000,100000,0,0,0,0,0,0.0,0.0,0.0
NEW_RMT_3954_Type1_UFast_Unequal5,7,10.0,0.1,0.1,0.3,100000,100000,0,0,0,0,0,0.0,0.0,0.0
NEW_RMT_3954_Type1_UFast_Unequal5,7,10.0,0.1,0.1,0.4,100000,99981,14,14,14,0,0,0.014,0.014,0.014
NEW_RMT_3954_Type1_UFast_Unequal5,7,10.0,0.1,0.1,0.5,100000,99732,144,144,144,0,0,0.144,0.144,0.144
NEW_RMT_3954_Type1_UFast_Unequal5,7,10.0,0.1,0.1,0.6,100000,98966,581,581,581,0,0,0.581,0.581,0.581
NEW_RMT_3954_Type1_UFast_Unequal5,7,10.0,0.1,0.1,0.7,100000,97782,1595,1595,1595,0,0,1.595,1.595,1.595
NEW_RMT_3954_Type1_UFast_Unequal5,7,10.0,0.1,0.1,0.8,100000,96149,3222,3222,3222,0,0,3.222,3.222,3.222
NEW_RMT_3954_Type1_UFast_Unequal5,7,10.0,0.1,0.1,0.9,100000,94311,5256,5256,5256,0,0,5.256,5.256,5.256
NEW_RMT_3954_Type1_UFast_Unequal5,7,10.0,0.1,0.1,1.0,100000,92345,7377,7377,7377,0,0,7.377,7.377,7.377
NEW_RMT_3954_Type1_UFast_Unequal5,7,10.0,0.1,0.1,1.1,100000,90198,9395,9395,9395,0,0,9.395,9.395,9.395
NEW_RMT_3954_Type1_UFast_Unequal5,7,10.0,0.1,0.1,1.2,100000,88080,11335,11335,11335,0,0,11.335,11.335,11.335
NEW_RMT_3954_Type1_UFast_Unequal5,7,10.0,0.1,0.1,1.3,100000,85689,12958,12958,12958,0,0,12.958,12.958,12.958
NEW_RMT_3954_Type1_UFast_Unequal5,7,10.0,0.1,0.1,1.4,100000,83226,14354,14354,14354,0,0,14.354,14.354,14.354
NEW_RMT_3954_Type1_UFast_Unequal5,7,10.0,0.1,0.1,1.5,100000,80727,15545,15545,15545,0,0,15.545,15.545,15.545
NEW_RMT_3954_Type1_UFast_Unequal5,7,10.0,0.1,0.1,1.6,100000,78077,16397,16397,16397,0,0,16.397,16.397,16.397
NEW_RMT_3954_Type1_UFast_Unequal5,7,10.0,0.1,0.1,1.8,100000,72870,17520,17520,17520,0,0,17.52,17.52,17.52
NEW_RMT_3954_Type1_UFast_Unequal5,7,10.0,0.1,0.1,2.0,100000,67959,18217,18217,18217,0,0,18.217,18.217,18.217
NEW_RMT_3954_Type1_UFast_Unequal5,7,10.0,0.1,0.1,2.2,100000,63389,18562,18562,18562,0,0,18.562,18.562,18.562
NEW_RMT_3954_Type1_UFast_Unequal5,7,10.0,0.1,0.1,2.4,100000,59093,18475,18475,18475,0,0,18.475,18.475,18.475
NEW_RMT_3954_Type1_UFast_Unequal5,7,10.0,0.1,0.1,2.6,100000,55261,18327,18327,18327,0,0,18.327,18.327,18.327
NEW_RMT_3954_Type1_UFast_Unequal5,7,10.0,0.1,0.1,2.8,100000,51853,18062,18062,18062,0,0,18.062,18.062,18.062
NEW_RMT_3954_Type1_UFast_Unequal5,7,10.0,0.1,0.1,3.0,100000,48898,17744,17744,17744,0,0,17.744,17.744,17.744
NEW_RMT_3954_Type1_UFast_Unequal5,7,10.0,0.1,0.1,3.2,100000,46233,17515,17515,17515,0,0,17.515,17.515,17.515
NEW_RMT_3954_Type1_UFast_Unequal5,7,10.0,0.1,0.1,3.4,100000,43879,17195,17195,17195,0,0,17.195,17.195,17.195
NEW_RMT_3954_Type1_UFast_Unequal5,7,10.0,0.1,0.1,3.6,100000,41674,16885,16885,16885,0,0,16.885,16.885,16.885
NEW_RMT_3954_Type1_UFast_Unequal5,7,10.0,0.1,0.1,3.8,100000,39752,16538,16538,16538,0,0,16.538,16.538,16.538
NEW_RMT_3954_Type1_UFast_Unequal5,7,10.0,0.1,0.1,4.0,100000,38013,16220,16220,16220,0,0,16.22,16.22,16.22
NEW_RMT_3954_Type1_UFast_Unequal5,7,10.0,0.1,0.1,5.0,100000,31319,14666,14666,14666,0,0,14.666,14.666,14.666
NEW_RMT_3954_Type1_UFast_Unequal5,7,10.0,0.1,0.1,6.0,100000,26971,13573,13573,13573,0,0,13.573,13.573,13.573
NEW_RMT_3954_Type1_UFast_Unequal5,7,10.0,0.1,0.1,7.0,100000,23995,12671,12671,12671,0,0,12.671,12.671,12.671
NEW_RMT_3954_Type1_UFast_Unequal5,7,10.0,0.1,0.1,8.0,100000,21713,11961,11961,11961,0,0,11.961,11.961,11.961
NEW_RMT_3954_Type1_UFast_Unequal5,7,10.0,0.1,0.1,9.0,100000,19905,11283,11283,11283,0,0,11.283,11.283,11.283
NEW_RMT_3954_Type1_UFast_Unequal5,7,10.0,0.1,0.1,10.0,100000,18489,10761,10761,10761,0,0,10.761,10.761,10.761
NEW_RMT_3954_Type1_VFast_Unequal1,8,1.0,10.0,1.0,0.1,100000,100000,0,0,0,0,0,0.0,0.0,0.0
NEW_RMT_3954_Type1_VFast_Unequal1,8,1.0,10.0,1.0,0.2,100000,100000,0,0,0,0,0,0.0,0.0,0.0
NEW_RMT_3954_Type1_VFast_Unequal1,8,1.0,10.0,1.0,0.3,100000,100000,0,0,0,0,0,0.0,0.0,0.0
NEW_RMT_3954_Type1_VFast_Unequal1,8,1.0,10.0,1.0,0.4,100000,99981,0,0,0,0,0,0.0,0.0,0.0
NEW_RMT_3954_Type1_VFast_Unequal1,8,1.0,10.0,1.0,0.5,100000,99732,0,0,0,0,0,0.0,0.0,0.0
NEW_RMT_3954_Type1_VFast_Unequal1,8,1.0,10.0,1.0,0.6,100000,98966,0,0,0,0,0,0.0,0.0,0.0
NEW_RMT_3954_Type1_VFast_Unequal1,8,1.0,10.0,1.0,0.7,100000,97782,0,0,0,0,0,0.0,0.0,0.0
NEW_RMT_3954_Type1_VFast_Unequal1,8,1.0,10.0,1.0,0.8,100000,96149,0,0,0,0,0,0.0,0.0,0.0
NEW_RMT_3954_Type1_VFast_Unequal1,8,1.0,10.0,1.0,0.9,100000,94311,0,0,0,0,0,0.0,0.0,0.0
NEW_RMT_3954_Type1_VFast_Unequal1,8,1.0,10.0,1.0,1.0,100000,92345,0,0,0,0,0,0.0,0.0,0.0
NEW_RMT_3954_Type1_VFast_Unequal1,8,1.0,10.0,1.0,1.1,100000,90198,0,0,0,0,0,0.0,0.0,0.0
NEW_RMT_3954_Type1_VFast_Unequal1,8,1.0,10.0,1.0,1.2,100000,88080,0,0,0,0,0,0.0,0.0,0.0
NEW_RMT_3954_Type1_VFast_Unequal1,8,1.0,10.0,1.0,1.3,100000,85689,0,0,0,0,0,0.0,0.0,0.0
NEW_RMT_3954_Type1_VFast_Unequal1,8,1.0,10.0,1.0,1.4,100000,83226,0,0,0,0,0,0.0,0.0,0.0
NEW_RMT_3954_Type1_VFast_Unequal1,8,1.0,10.0,1.0,1.5,100000,80727,0,0,0,0,0,0.0,0.0,0.0
NEW_RMT_3954_Type1_VFast_Unequal1,8,1.0,10.0,1.0,1.6,100000,78077,0,0,0,0,0,0.0,0.0,0.0
NEW_RMT_3954_Type1_VFast_Unequal1,8,1.0,10.0,1.0,1.8,100000,72870,0,0,0,0,0,0.0,0.0,0.0
NEW_RMT_3954_Type1_VFast_Unequal1,8,1.0,10.0,1.0,2.0,100000,67959,0,0,0,0,0,0.0,0.0,0.0
NEW_RMT_3954_Type1_VFast_Unequal1,8,1.0,10.0,1.0,2.2,100000,63389,0,0,0,0,0,0.0,0.0,0.0
NEW_RMT_3954_Type1_VFast_Unequal1,8,1.0,10.0,1.0,2.4,100000,59093,0,0,0,0,0,0.0,0.0,0.0
NEW_RMT_3954_Type1_VFast_Unequal1,8,1.0,10.0,1.0,2.6,100000,55261,0,0,0,0,0,0.0,0.0,0.0
NEW_RMT_3954_Type1_VFast_Unequal1,8,1.0,10.0,1.0,2.8,100000,51853,0,0,0,0,0,0.0,0.0,0.0
NEW_RMT_3954_Type1_VFast_Unequal1,8,1.0,10.0,1.0,3.0,100000,48898,0,0,0,0,0,0.0,0.0,0.0
NEW_RMT_3954_Type1_VFast_Unequal1,8,1.0,10.0,1.0,3.2,100000,46233,0,0,0,0,0,0.0,0.0,0.0
NEW_RMT_3954_Type1_VFast_Unequal1,8,1.0,10.0,1.0,3.4,100000,43879,0,0,0,0,0,0.0,0.0,0.0
NEW_RMT_3954_Type1_VFast_Unequal1,8,1.0,10.0,1.0,3.6,100000,41674,0,0,0,0,0,0.0,0.0,0.0
NEW_RMT_3954_Type1_VFast_Unequal1,8,1.0,10.0,1.0,3.8,100000,39752,0,0,0,0,0,0.0,0.0,0.0
NEW_RMT_3954_Type1_VFast_Unequal1,8,1.0,10.0,1.0,4.0,100000,38013,0,0,0,0,0,0.0,0.0,0.0
NEW_RMT_3954_Type1_VFast_Unequal1,8,1.0,10.0,1.0,5.0,100000,31319,0,0,0,0,0,0.0,0.0,0.0
NEW_RMT_3954_Type1_VFast_Unequal1,8,1.0,10.0,1.0,6.0,100000,26971,0,0,0,0,0,0.0,0.0,0.0
NEW_RMT_3954_Type1_VFast_Unequal1,8,1.0,10.0,1.0,7.0,100000,23995,0,0,0,0,0,0.0,0.0,0.0
NEW_RMT_3954_Type1_VFast_Unequal1,8,1.0,10.0,1.0,8.0,100000,21713,0,0,0,0,0,0.0,0.0,0.0
NEW_RMT_3954_Type1_VFast_Unequal1,8,1.0,10.0,1.0,9.0,100000,19905,0,0,0,0,0,0.0,0.0,0.0
NEW_RMT_3954_Type1_VFast_Unequal1,8,1.0,10.0,1.0,10.0,100000,18489,0,0,0,0,0,0.0,0.0,0.0
NEW_RMT_3954_Type1_VFast_Unequal2,9,0.1,1.0,0.1,0.1,100000,100000,0,0,0,0,0,0.0,0.0,0.0
NEW_RMT_3954_Type1_VFast_Unequal2,9,0.1,1.0,0.1,0.2,100000,100000,0,0,0,0,0,0.0,0.0,0.0
NEW_RMT_3954_Type1_VFast_Unequal2,9,0.1,1.0,0.1,0.3,100000,100000,0,0,0,0,0,0.0,0.0,0.0
NEW_RMT_3954_Type1_VFast_Unequal2,9,0.1,1.0,0.1,0.4,100000,99981,0,0,0,0,0,0.0,0.0,0.0
NEW_RMT_3954_Type1_VFast_Unequal2,9,0.1,1.0,0.1,0.5,100000,99732,0,0,0,0,0,0.0,0.0,0.0
NEW_RMT_3954_Type1_VFast_Unequal2,9,0.1,1.0,0.1,0.6,100000,98966,0,0,0,0,0,0.0,0.0,0.0
NEW_RMT_3954_Type1_VFast_Unequal2,9,0.1,1.0,0.1,0.7,100000,97782,0,0,0,0,0,0.0,0.0,0.0
NEW_RMT_3954_Type1_VFast_Unequal2,9,0.1,1.0,0.1,0.8,100000,96149,0,0,0,0,0,0.0,0.0,0.0
NEW_RMT_3954_Type1_VFast_Unequal2,9,0.1,1.0,0.1,0.9,100000,94311,0,0,0,0,0,0.0,0.0,0.0
NEW_RMT_3954_Type1_VFast_Unequal2,9,0.1,1.0,0.1,1.0,100000,92345,0,0,0,0,0,0.0,0.0,0.0
NEW_RMT_3954_Type1_VFast_Unequal2,9,0.1,1.0,0.1,1.1,100000,90198,0,0,0,0,0,0.0,0.0,0.0
NEW_RMT_3954_Type1_VFast_Unequal2,9,0.1,1.0,0.1,1.2,100000,88080,0,0,0,0,0,0.0,0.0,0.0
NEW_RMT_3954_Type1_VFast_Unequal2,9,0.1,1.0,0.1,1.3,100000,85689,0,0,0,0,0,0.0,0.0,0.0
NEW_RMT_3954_Type1_VFast_Unequal2,9,0.1,1.0,0.1,1.4,100000,83226,0,0,0,0,0,0.0,0.0,0.0
NEW_RMT_3954_Type1_VFast_Unequal2,9,0.1,1.0,0.1,1.5,100000,80727,0,0,0,0,0,0.0,0.0,0.0
NEW_RMT_3954_Type1_VFast_Unequal2,9,0.1,1.0,0.1,1.6,100000,78077,0,0,0,0,0,0.0,0.0,0.0
NEW_RMT_3954_Type1_VFast_Unequal2,9,0.1,1.0,0.1,1.8,100000,72870,0,0,0,0,0,0.0,0.0,0.0
NEW_RMT_3954_Type1_VFast_Unequal2,9,0.1,1.0,0.1,2.0,100000,67959,0,0,0,0,0,0.0,0.0,0.0
NEW_RMT_3954_Type1_VFast_Unequal2,9,0.1,1.0,0.1,2.2,100000,63389,0,0,0,0,0,0.0,0.0,0.0
NEW_RMT_3954_Type1_VFast_Unequal2,9,0.1,1.0,0.1,2.4,100000,59093,0,0,0,0,0,0.0,0.0,0.0
NEW_RMT_3954_Type1_VFast_Unequal2,9,0.1,1.0,0.1,2.6,100000,55261,0,0,0,0,0,0.0,0.0,0.0
NEW_RMT_3954_Type1_VFast_Unequal2,9,0.1,1.0,0.1,2.8,100000,51853,0,0,0,0,0,0.0,0.0,0.0
NEW_RMT_3954_Type1_VFast_Unequal2,9,0.1,1.0,0.1,3.0,100000,48898,0,0,0,0,0,0.0,0.0,0.0
NEW_RMT_3954_Type1_VFast_Unequal2,9,0.1,1.0,0.1,3.2,100000,46233,0,0,0,0,0,0.0,0.0,0.0
NEW_RMT_3954_Type1_VFast_Unequal2,9,0.1,1.0,0.1,3.4,100000,43879,0,0,0,0,0,0.0,0.0,0.0
NEW_RMT_3954_Type1_VFast_Unequal2,9,0.1,1.0,0.1,3.6,100000,41674,0,0,0,0,0,0.0,0.0,0.0
NEW_RMT_3954_Type1_VFast_Unequal2,9,0.1,1.0,0.1,3.8,100000,39752,0,0,0,0,0,0.0,0.0,0.0
NEW_RMT_3954_Type1_VFast_Unequal2,9,0.1,1.0,0.1,4.0,100000,38013,0,0,0,0,0,0.0,0.0,0.0
NEW_RMT_3954_Type1_VFast_Unequal2,9,0.1,1.0,0.1,5.0,100000,31319,0,0,0,0,0,0.0,0.0,0.0
NEW_RMT_3954_Type1_VFast_Unequal2,9,0.1,1.0,0.1,6.0,100000,26971,0,0,0,0,0,0.0,0.0,0.0
NEW_RMT_3954_Type1_VFast_Unequal2,9,0.1,1.0,0.1,7.0,100000,23995,0,0,0,0,0,0.0,0.0,0.0
NEW_RMT_3954_Type1_VFast_Unequal2,9,0.1,1.0,0.1,8.0,100000,21713,0,0,0,0,0,0.0,0.0,0.0
NEW_RMT_3954_Type1_VFast_Unequal2,9,0.1,1.0,0.1,9.0,100000,19905,0,0,0,0,0,0.0,0.0,0.0
NEW_RMT_3954_Type1_VFast_Unequal2,9,0.1,1.0,0.1,10.0,100000,18489,0,0,0,0,0,0.0,0.0,0.0
NEW_RMT_3954_Type1_VFast_Unequal3,10,0.1,10.0,1.0,0.1,100000,100000,0,0,0,0,0,0.0,0.0,0.0
NEW_RMT_3954_Type1_VFast_Unequal3,10,0.1,10.0,1.0,0.2,100000,100000,0,0,0,0,0,0.0,0.0,0.0
NEW_RMT_3954_Type1_VFast_Unequal3,10,0.1,10.0,1.0,0.3,100000,100000,0,0,0,0,0,0.0,0.0,0.0
NEW_RMT_3954_Type1_VFast_Unequal3,10,0.1,10.0,1.0,0.4,100000,99981,0,0,0,0,0,0.0,0.0,0.0
NEW_RMT_3954_Type1_VFast_Unequal3,10,0.1,10.0,1.0,0.5,100000,99732,0,0,0,0,0,0.0,0.0,0.0
NEW_RMT_3954_Type1_VFast_Unequal3,10,0.1,10.0,1.0,0.6,100000,98966,0,0,0,0,0,0.0,0.0,0.0
NEW_RMT_3954_Type1_VFast_Unequal3,10,0.1,10.0,1.0,0.7,100000,97782,0,0,0,0,0,0.0,0.0,0.0
NEW_RMT_3954_Type1_VFast_Unequal3,10,0.1,10.0,1.0,0.8,100000,96149,0,0,0,0,0,0.0,0.0,0.0
NEW_RMT_3954_Type1_VFast_Unequal3,10,0.1,10.0,1.0,0.9,100000,94311,0,0,0,0,0,0.0,0.0,0.0
NEW_RMT_3954_Type1_VFast_Unequal3,10,0.1,10.0,1.0,1.0,100000,92345,0,0,0,0,0,0.0,0.0,0.0
NEW_RMT_3954_Type1_VFast_Unequal3,10,0.1,10.0,1.0,1.1,100000,90198,0,0,0,0,0,0.0,0.0,0.0
NEW_RMT_3954_Type1_VFast_Unequal3,10,0.1,10.0,1.0,1.2,100000,88080,0,0,0,0,0,0.0,0.0,0.0
NEW_RMT_3954_Type1_VFast_Unequal3,10,0.1,10.0,1.0,1.3,100000,85689,0,0,0,0,0,0.0,0.0,0.0
NEW_RMT_3954_Type1_VFast_Unequal3,10,0.1,10.0,1.0,1.4,100000,83226,0,0,0,0,0,0.0,0.0,0.0
NEW_RMT_3954_Type1_VFast_Unequal3,10,0.1,10.0,1.0,1.5,100000,80727,0,0,0,0,0,0.0,0.0,0.0
NEW_RMT_3954_Type1_VFast_Unequal3,10,0.1,10.0,1.0,1.6,100000,78077,0,0,0,0,0,0.0,0.0,0.0
NEW_RMT_3954_Type1_VFast_Unequal3,10,0.1,10.0,1.0,1.8,100000,72870,0,0,0,0,0,0.0,0.0,0.0
NEW_RMT_3954_Type1_VFast_Unequal3,10,0.1,10.0,1.0,2.0,100000,67959,0,0,0,0,0,0.0,0.0,0.0
NEW_RMT_3954_Type1_VFast_Unequal3,10,0.1,10.0,1.0,2.2,100000,63389,0,0,0,0,0,0.0,0.0,0.0
NEW_RMT_3954_Type1_VFast_Unequal3,10,0.1,10.0,1.0,2.4,100000,59093,0,0,0,0,0,0.0,0.0,0.0
NEW_RMT_3954_Type1_VFast_Unequal3,10,0.1,10.0,1.0,2.6,100000,55261,0,0,0,0,0,0.0,0.0,0.0
NEW_RMT_3954_Type1_VFast_Unequal3,10,0.1,10.0,1.0,2.8,100000,51853,0,0,0,0,0,0.0,0.0,0.0
NEW_RMT_3954_Type1_VFast_Unequal3,10,0.1,10.0,1.0,3.0,100000,48898,0,0,0,0,0,0.0,0.0,0.0
NEW_RMT_3954_Type1_VFast_Unequal3,10,0.1,10.0,1.0,3.2,100000,46233,0,0,0,0,0,0.0,0.0,0.0
NEW_RMT_3954_Type1_VFast_Unequal3,10,0.1,10.0,1.0,3.4,100000,43879,0,0,0,0,0,0.0,0.0,0.0
NEW_RMT_3954_Type1_VFast_Unequal3,10,0.1,10.0,1.0,3.6,100000,41674,0,0,0,0,0,0.0,0.0,0.0
NEW_RMT_3954_Type1_VFast_Unequal3,10,0.1,10.0,1.0,3.8,100000,39752,0,0,0,0,0,0.0,0.0,0.0
NEW_RMT_3954_Type1_VFast_Unequal3,10,0.1,10.0,1.0,4.0,100000,38013,0,0,0,0,0,0.0,0.0,0.0
NEW_RMT_3954_Type1_VFast_Unequal3,10,0.1,10.0,1.0,5.0,100000,31319,0,0,0,0,0,0.0,0.0,0.0
NEW_RMT_3954_Type1_VFast_Unequal3,10,0.1,10.0,1.0,6.0,100000,26971,0,0,0,0,0,0.0,0.0,0.0
NEW_RMT_3954_Type1_VFast_Unequal3,10,0.1,10.0,1.0,7.0,100000,23995,0,0,0,0,0,0.0,0.0,0.0
NEW_RMT_3954_Type1_VFast_Unequal3,10,0.1,10.0,1.0,8.0,100000,21713,0,0,0,0,0,0.0,0.0,0.0
NEW_RMT_3954_Type1_VFast_Unequal3,10,0.1,10.0,1.0,9.0,100000,19905,0,0,0,0,0,0.0,0.0,0.0
NEW_RMT_3954_Type1_VFast_Unequal3,10,0.1,10.0,1.0,10.0,100000,18489,0,0,0,0,0,0.0,0.0,0.0
NEW_RMT_3954_Type1_VFast_Unequal4,11,1.0,10.0,0.1,0.1,100000,100000,0,0,0,0,0,0.0,0.0,0.0
NEW_RMT_3954_Type1_VFast_Unequal4,11,1.0,10.0,0.1,0.2,100000,100000,0,0,0,0,0,0.0,0.0,0.0
NEW_RMT_3954_Type1_VFast_Unequal4,11,1.0,10.0,0.1,0.3,100000,100000,0,0,0,0,0,0.0,0.0,0.0
NEW_RMT_3954_Type1_VFast_Unequal4,11,1.0,10.0,0.1,0.4,100000,99981,0,0,0,0,0,0.0,0.0,0.0
NEW_RMT_3954_Type1_VFast_Unequal4,11,1.0,10.0,0.1,0.5,100000,99732,0,0,0,0,0,0.0,0.0,0.0
NEW_RMT_3954_Type1_VFast_Unequal4,11,1.0,10.0,0.1,0.6,100000,98966,0,0,0,0,0,0.0,0.0,0.0
NEW_RMT_3954_Type1_VFast_Unequal4,11,1.0,10.0,0.1,0.7,100000,97782,0,0,0,0,0,0.0,0.0,0.0
NEW_RMT_3954_Type1_VFast_Unequal4,11,1.0,10.0,0.1,0.8,100000,96149,0,0,0,0,0,0.0,0.0,0.0
NEW_RMT_3954_Type1_VFast_Unequal4,11,1.0,10.0,0.1,0.9,100000,94311,0,0,0,0,0,0.0,0.0,0.0
NEW_RMT_3954_Type1_VFast_Unequal4,11,1.0,10.0,0.1,1.0,100000,92345,0,0,0,0,0,0.0,0.0,0.0
NEW_RMT_3954_Type1_VFast_Unequal4,11,1.0,10.0,0.1,1.1,100000,90198,0,0,0,0,0,0.0,0.0,0.0
NEW_RMT_3954_Type1_VFast_Unequal4,11,1.0,10.0,0.1,1.2,100000,88080,0,0,0,0,0,0.0,0.0,0.0
NEW_RMT_3954_Type1_VFast_Unequal4,11,1.0,10.0,0.1,1.3,100000,85689,0,0,0,0,0,0.0,0.0,0.0
NEW_RMT_3954_Type1_VFast_Unequal4,11,1.0,10.0,0.1,1.4,100000,83226,0,0,0,0,0,0.0,0.0,0.0
NEW_RMT_3954_Type1_VFast_Unequal4,11,1.0,10.0,0.1,1.5,100000,80727,0,0,0,0,0,0.0,0.0,0.0
NEW_RMT_3954_Type1_VFast_Unequal4,11,1.0,10.0,0.1,1.6,100000,78077,0,0,0,0,0,0.0,0.0,0.0
NEW_RMT_3954_Type1_VFast_Unequal4,11,1.0,10.0,0.1,1.8,100000,72870,0,0,0,0,0,0.0,0.0,0.0
NEW_RMT_3954_Type1_VFast_Unequal4,11,1.0,10.0,0.1,2.0,100000,67959,0,0,0,0,0,0.0,0.0,0.0
NEW_RMT_3954_Type1_VFast_Unequal4,11,1.0,10.0,0.1,2.2,100000,63389,0,0,0,0,0,0.0,0.0,0.0
NEW_RMT_3954_Type1_VFast_Unequal4,11,1.0,10.0,0.1,2.4,100000,59093,0,0,0,0,0,0.0,0.0,0.0
NEW_RMT_3954_Type1_VFast_Unequal4,11,1.0,10.0,0.1,2.6,100000,55261,1,1,1,0,0,0.001,0.001,0.001
NEW_RMT_3954_Type1_VFast_Unequal4,11,1.0,10.0,0.1,2.8,100000,51853,1,1,1,0,0,0.001,0.001,0.001
NEW_RMT_3954_Type1_VFast_Unequal4,11,1.0,10.0,0.1,3.0,100000,48898,2,2,2,0,0,0.002,0.002,0.002
NEW_RMT_3954_Type1_VFast_Unequal4,11,1.0,10.0,0.1,3.2,100000,46233,3,3,3,0,0,0.003,0.003,0.003
NEW_RMT_3954_Type1_VFast_Unequal4,11,1.0,10.0,0.1,3.4,100000,43879,5,5,5,0,0,0.005,0.005,0.005
NEW_RMT_3954_Type1_VFast_Unequal4,11,1.0,10.0,0.1,3.6,100000,41674,7,7,7,0,0,0.007,0.007,0.007
NEW_RMT_3954_Type1_VFast_Unequal4,11,1.0,10.0,0.1,3.8,100000,39752,8,8,8,0,0,0.008,0.008,0.008
NEW_RMT_3954_Type1_VFast_Unequal4,11,1.0,10.0,0.1,4.0,100000,38013,11,11,11,0,0,0.011,0.011,0.011
NEW_RMT_3954_Type1_VFast_Unequal4,11,1.0,10.0,0.1,5.0,100000,31319,26,26,26,0,0,0.026,0.026,0.026
NEW_RMT_3954_Type1_VFast_Unequal4,11,1.0,10.0,0.1,6.0,100000,26971,50,50,50,0,0,0.05,0.05,0.05
NEW_RMT_3954_Type1_VFast_Unequal4,11,1.0,10.0,0.1,7.0,100000,23995,83,83,83,0,0,0.083,0.083,0.083
NEW_RMT_3954_Type1_VFast_Unequal4,11,1.0,10.0,0.1,8.0,100000,21713,109,109,109,0,0,0.109,0.109,0.109
NEW_RMT_3954_Type1_VFast_Unequal4,11,1.0,10.0,0.1,9.0,100000,19905,157,157,157,0,0,0.157,0.157,0.157
NEW_RMT_3954_Type1_VFast_Unequal4,11,1.0,10.0,0.1,10.0,100000,18489,182,182,182,0,0,0.182,0.182,0.182
NEW_RMT_3954_Type1_VFast_Unequal5,12,0.1,10.0,0.1,0.1,100000,100000,0,0,0,0,0,0.0,0.0,0.0
NEW_RMT_3954_Type1_VFast_Unequal5,12,0.1,10.0,0.1,0.2,100000,100000,0,0,0,0,0,0.0,0.0,0.0
NEW_RMT_3954_Type1_VFast_Unequal5,12,0.1,10.0,0.1,0.3,100000,100000,0,0,0,0,0,0.0,0.0,0.0
NEW_RMT_3954_Type1_VFast_Unequal5,12,0.1,10.0,0.1,0.4,100000,99981,0,0,0,0,0,0.0,0.0,0.0
NEW_RMT_3954_Type1_VFast_Unequal5,12,0.1,10.0,0.1,0.5,100000,99732,0,0,0,0,0,0.0,0.0,0.0
NEW_RMT_3954_Type1_VFast_Unequal5,12,0.1,10.0,0.1,0.6,100000,98966,0,0,0,0,0,0.0,0.0,0.0
NEW_RMT_3954_Type1_VFast_Unequal5,12,0.1,10.0,0.1,0.7,100000,97782,0,0,0,0,0,0.0,0.0,0.0
NEW_RMT_3954_Type1_VFast_Unequal5,12,0.1,10.0,0.1,0.8,100000,96149,0,0,0,0,0,0.0,0.0,0.0
NEW_RMT_3954_Type1_VFast_Unequal5,12,0.1,10.0,0.1,0.9,100000,94311,0,0,0,0,0,0.0,0.0,0.0
NEW_RMT_3954_Type1_VFast_Unequal5,12,0.1,10.0,0.1,1.0,100000,92345,0,0,0,0,0,0.0,0.0,0.0
NEW_RMT_3954_Type1_VFast_Unequal5,12,0.1,10.0,0.1,1.1,100000,90198,0,0,0,0,0,0.0,0.0,0.0
NEW_RMT_3954_Type1_VFast_Unequal5,12,0.1,10.0,0.1,1.2,100000,88080,0,0,0,0,0,0.0,0.0,0.0
NEW_RMT_3954_Type1_VFast_Unequal5,12,0.1,10.0,0.1,1.3,100000,85689,0,0,0,0,0,0.0,0.0,0.0
NEW_RMT_3954_Type1_VFast_Unequal5,12,0.1,10.0,0.1,1.4,100000,83226,0,0,0,0,0,0.0,0.0,0.0
NEW_RMT_3954_Type1_VFast_Unequal5,12,0.1,10.0,0.1,1.5,100000,80727,0,0,0,0,0,0.0,0.0,0.0
NEW_RMT_3954_Type1_VFast_Unequal5,12,0.1,10.0,0.1,1.6,100000,78077,0,0,0,0,0,0.0,0.0,0.0
NEW_RMT_3954_Type1_VFast_Unequal5,12,0.1,10.0,0.1,1.8,100000,72870,0,0,0,0,0,0.0,0.0,0.0
NEW_RMT_3954_Type1_VFast_Unequal5,12,0.1,10.0,0.1,2.0,100000,67959,0,0,0,0,0,0.0,0.0,0.0
NEW_RMT_3954_Type1_VFast_Unequal5,12,0.1,10.0,0.1,2.2,100000,63389,0,0,0,0,0,0.0,0.0,0.0
NEW_RMT_3954_Type1_VFast_Unequal5,12,0.1,10.0,0.1,2.4,100000,59093,0,0,0,0,0,0.0,0.0,0.0
NEW_RMT_3954_Type1_VFast_Unequal5,12,0.1,10.0,0.1,2.6,100000,55261,0,0,0,0,0,0.0,0.0,0.0
NEW_RMT_3954_Type1_VFast_Unequal5,12,0.1,10.0,0.1,2.8,100000,51853,0,0,0,0,0,0.0,0.0,0.0
NEW_RMT_3954_Type1_VFast_Unequal5,12,0.1,10.0,0.1,3.0,100000,48898,0,0,0,0,0,0.0,0.0,0.0
NEW_RMT_3954_Type1_VFast_Unequal5,12,0.1,10.0,0.1,3.2,100000,46233,0,0,0,0,0,0.0,0.0,0.0
NEW_RMT_3954_Type1_VFast_Unequal5,12,0.1,10.0,0.1,3.4,100000,43879,0,0,0,0,0,0.0,0.0,0.0
NEW_RMT_3954_Type1_VFast_Unequal5,12,0.1,10.0,0.1,3.6,100000,41674,0,0,0,0,0,0.0,0.0,0.0
NEW_RMT_3954_Type1_VFast_Unequal5,12,0.1,10.0,0.1,3.8,100000,39752,0,0,0,0,0,0.0,0.0,0.0
NEW_RMT_3954_Type1_VFast_Unequal5,12,0.1,10.0,0.1,4.0,100000,38013,0,0,0,0,0,0.0,0.0,0.0
NEW_RMT_3954_Type1_VFast_Unequal5,12,0.1,10.0,0.1,5.0,100000,31319,0,0,0,0,0,0.0,0.0,0.0
NEW_RMT_3954_Type1_VFast_Unequal5,12,0.1,10.0,0.1,6.0,100000,26971,0,0,0,0,0,0.0,0.0,0.0
NEW_RMT_3954_Type1_VFast_Unequal5,12,0.1,10.0,0.1,7.0,100000,23995,0,0,0,0,0,0.0,0.0,0.0
NEW_RMT_3954_Type1_VFast_Unequal5,12,0.1,10.0,0.1,8.0,100000,21713,0,0,0,0,0,0.0,0.0,0.0
NEW_RMT_3954_Type1_VFast_Unequal5,12,0.1,10.0,0.1,9.0,100000,19905,0,0,0,0,0,0.0,0.0,0.0
NEW_RMT_3954_Type1_VFast_Unequal5,12,0.1,10.0,0.1,10.0,100000,18489,0,0,0,0,0,0.0,0.0,0.0
NEW_RMT_3954_Type1_WFast_Unequal1,13,1.0,1.0,10.0,0.1,100000,100000,0,0,0,0,0,0.0,0.0,0.0
NEW_RMT_3954_Type1_WFast_Unequal1,13,1.0,1.0,10.0,0.2,100000,100000,0,0,0,0,0,0.0,0.0,0.0
NEW_RMT_3954_Type1_WFast_Unequal1,13,1.0,1.0,10.0,0.3,100000,100000,0,0,0,0,0,0.0,0.0,0.0
NEW_RMT_3954_Type1_WFast_Unequal1,13,1.0,1.0,10.0,0.4,100000,99981,0,0,0,0,0,0.0,0.0,0.0
NEW_RMT_3954_Type1_WFast_Unequal1,13,1.0,1.0,10.0,0.5,100000,99732,0,0,0,0,0,0.0,0.0,0.0
NEW_RMT_3954_Type1_WFast_Unequal1,13,1.0,1.0,10.0,0.6,100000,98966,0,0,0,0,0,0.0,0.0,0.0
NEW_RMT_3954_Type1_WFast_Unequal1,13,1.0,1.0,10.0,0.7,100000,97782,0,0,0,0,0,0.0,0.0,0.0
NEW_RMT_3954_Type1_WFast_Unequal1,13,1.0,1.0,10.0,0.8,100000,96149,0,0,0,0,0,0.0,0.0,0.0
NEW_RMT_3954_Type1_WFast_Unequal1,13,1.0,1.0,10.0,0.9,100000,94311,0,0,0,0,0,0.0,0.0,0.0
NEW_RMT_3954_Type1_WFast_Unequal1,13,1.0,1.0,10.0,1.0,100000,92345,0,0,0,0,0,0.0,0.0,0.0
NEW_RMT_3954_Type1_WFast_Unequal1,13,1.0,1.0,10.0,1.1,100000,90198,0,0,0,0,0,0.0,0.0,0.0
NEW_RMT_3954_Type1_WFast_Unequal1,13,1.0,1.0,10.0,1.2,100000,88080,0,0,0,0,0,0.0,0.0,0.0
NEW_RMT_3954_Type1_WFast_Unequal1,13,1.0,1.0,10.0,1.3,100000,85689,0,0,0,0,0,0.0,0.0,0.0
NEW_RMT_3954_Type1_WFast_Unequal1,13,1.0,1.0,10.0,1.4,100000,83226,0,0,0,0,0,0.0,0.0,0.0
NEW_RMT_3954_Type1_WFast_Unequal1,13,1.0,1.0,10.0,1.5,100000,80727,0,0,0,0,0,0.0,0.0,0.0
NEW_RMT_3954_Type1_WFast_Unequal1,13,1.0,1.0,10.0,1.6,100000,78077,0,0,0,0,0,0.0,0.0,0.0
NEW_RMT_3954_Type1_WFast_Unequal1,13,1.0,1.0,10.0,1.8,100000,72870,0,0,0,0,0,0.0,0.0,0.0
NEW_RMT_3954_Type1_WFast_Unequal1,13,1.0,1.0,10.0,2.0,100000,67959,0,0,0,0,0,0.0,0.0,0.0
NEW_RMT_3954_Type1_WFast_Unequal1,13,1.0,1.0,10.0,2.2,100000,63389,0,1,0,0,1,0.0,0.001,0.0
NEW_RMT_3954_Type1_WFast_Unequal1,13,1.0,1.0,10.0,2.4,100000,59093,0,9,0,0,9,0.0,0.009,0.0
NEW_RMT_3954_Type1_WFast_Unequal1,13,1.0,1.0,10.0,2.6,100000,55261,0,17,0,0,17,0.0,0.017,0.0
NEW_RMT_3954_Type1_WFast_Unequal1,13,1.0,1.0,10.0,2.8,100000,51853,0,7,0,0,7,0.0,0.007,0.0
NEW_RMT_3954_Type1_WFast_Unequal1,13,1.0,1.0,10.0,3.0,100000,48898,0,18,0,0,18,0.0,0.018,0.0
NEW_RMT_3954_Type1_WFast_Unequal1,13,1.0,1.0,10.0,3.2,100000,46233,0,37,0,0,37,0.0,0.037,0.0
NEW_RMT_3954_Type1_WFast_Unequal1,13,1.0,1.0,10.0,3.4,100000,43879,0,41,0,0,41,0.0,0.041,0.0
NEW_RMT_3954_Type1_WFast_Unequal1,13,1.0,1.0,10.0,3.6,100000,41674,0,60,0,0,60,0.0,0.06,0.0
NEW_RMT_3954_Type1_WFast_Unequal1,13,1.0,1.0,10.0,3.8,100000,39752,0,90,0,0,90,0.0,0.09,0.0
NEW_RMT_3954_Type1_WFast_Unequal1,13,1.0,1.0,10.0,4.0,100000,38013,0,113,0,0,113,0.0,0.113,0.0
NEW_RMT_3954_Type1_WFast_Unequal1,13,1.0,1.0,10.0,5.0,100000,31319,0,236,0,0,236,0.0,0.236,0.0
NEW_RMT_3954_Type1_WFast_Unequal1,13,1.0,1.0,10.0,6.0,100000,26971,0,390,0,0,390,0.0,0.39,0.0
NEW_RMT_3954_Type1_WFast_Unequal1,13,1.0,1.0,10.0,7.0,100000,23995,0,533,0,0,533,0.0,0.533,0.0
NEW_RMT_3954_Type1_WFast_Unequal1,13,1.0,1.0,10.0,8.0,100000,21713,0,665,0,0,665,0.0,0.665,0.0
NEW_RMT_3954_Type1_WFast_Unequal1,13,1.0,1.0,10.0,9.0,100000,19905,0,715,0,0,715,0.0,0.715,0.0
NEW_RMT_3954_Type1_WFast_Unequal1,13,1.0,1.0,10.0,10.0,100000,18489,0,750,0,0,750,0.0,0.75,0.0
NEW_RMT_3954_Type1_WFast_Unequal2,14,0.1,0.1,1.0,0.1,100000,100000,0,0,0,0,0,0.0,0.0,0.0
NEW_RMT_3954_Type1_WFast_Unequal2,14,0.1,0.1,1.0,0.2,100000,100000,0,0,0,0,0,0.0,0.0,0.0
NEW_RMT_3954_Type1_WFast_Unequal2,14,0.1,0.1,1.0,0.3,100000,100000,0,0,0,0,0,0.0,0.0,0.0
NEW_RMT_3954_Type1_WFast_Unequal2,14,0.1,0.1,1.0,0.4,100000,99981,0,0,0,0,0,0.0,0.0,0.0
NEW_RMT_3954_Type1_WFast_Unequal2,14,0.1,0.1,1.0,0.5,100000,99732,0,0,0,0,0,0.0,0.0,0.0
NEW_RMT_3954_Type1_WFast_Unequal2,14,0.1,0.1,1.0,0.6,100000,98966,0,0,0,0,0,0.0,0.0,0.0
NEW_RMT_3954_Type1_WFast_Unequal2,14,0.1,0.1,1.0,0.7,100000,97782,0,0,0,0,0,0.0,0.0,0.0
NEW_RMT_3954_Type1_WFast_Unequal2,14,0.1,0.1,1.0,0.8,100000,96149,0,0,0,0,0,0.0,0.0,0.0
NEW_RMT_3954_Type1_WFast_Unequal2,14,0.1,0.1,1.0,0.9,100000,94311,0,0,0,0,0,0.0,0.0,0.0
NEW_RMT_3954_Type1_WFast_Unequal2,14,0.1,0.1,1.0,1.0,100000,92345,0,0,0,0,0,0.0,0.0,0.0
NEW_RMT_3954_Type1_WFast_Unequal2,14,0.1,0.1,1.0,1.1,100000,90198,0,0,0,0,0,0.0,0.0,0.0
NEW_RMT_3954_Type1_WFast_Unequal2,14,0.1,0.1,1.0,1.2,100000,88080,0,0,0,0,0,0.0,0.0,0.0
NEW_RMT_3954_Type1_WFast_Unequal2,14,0.1,0.1,1.0,1.3,100000,85689,0,0,0,0,0,0.0,0.0,0.0
NEW_RMT_3954_Type1_WFast_Unequal2,14,0.1,0.1,1.0,1.4,100000,83226,0,0,0,0,0,0.0,0.0,0.0
NEW_RMT_3954_Type1_WFast_Unequal2,14,0.1,0.1,1.0,1.5,100000,80727,0,0,0,0,0,0.0,0.0,0.0
NEW_RMT_3954_Type1_WFast_Unequal2,14,0.1,0.1,1.0,1.6,100000,78077,0,0,0,0,0,0.0,0.0,0.0
NEW_RMT_3954_Type1_WFast_Unequal2,14,0.1,0.1,1.0,1.8,100000,72870,0,0,0,0,0,0.0,0.0,0.0
NEW_RMT_3954_Type1_WFast_Unequal2,14,0.1,0.1,1.0,2.0,100000,67959,0,0,0,0,0,0.0,0.0,0.0
NEW_RMT_3954_Type1_WFast_Unequal2,14,0.1,0.1,1.0,2.2,100000,63389,0,2,0,0,2,0.0,0.002,0.0
NEW_RMT_3954_Type1_WFast_Unequal2,14,0.1,0.1,1.0,2.4,100000,59093,0,10,0,0,10,0.0,0.01,0.0
NEW_RMT_3954_Type1_WFast_Unequal2,14,0.1,0.1,1.0,2.6,100000,55261,0,17,0,0,17,0.0,0.017,0.0
NEW_RMT_3954_Type1_WFast_Unequal2,14,0.1,0.1,1.0,2.8,100000,51853,0,8,0,0,8,0.0,0.008,0.0
NEW_RMT_3954_Type1_WFast_Unequal2,14,0.1,0.1,1.0,3.0,100000,48898,0,22,0,0,22,0.0,0.022,0.0
NEW_RMT_3954_Type1_WFast_Unequal2,14,0.1,0.1,1.0,3.2,100000,46233,0,39,0,0,39,0.0,0.039,0.0
NEW_RMT_3954_Type1_WFast_Unequal2,14,0.1,0.1,1.0,3.4,100000,43879,0,42,0,0,42,0.0,0.042,0.0
NEW_RMT_3954_Type1_WFast_Unequal2,14,0.1,0.1,1.0,3.6,100000,41674,0,62,0,0,62,0.0,0.062,0.0
NEW_RMT_3954_Type1_WFast_Unequal2,14,0.1,0.1,1.0,3.8,100000,39752,0,93,0,0,93,0.0,0.093,0.0
NEW_RMT_3954_Type1_WFast_Unequal2,14,0.1,0.1,1.0,4.0,100000,38013,0,118,0,0,118,0.0,0.118,0.0
NEW_RMT_3954_Type1_WFast_Unequal2,14,0.1,0.1,1.0,5.0,100000,31319,0,241,0,0,241,0.0,0.241,0.0
NEW_RMT_3954_Type1_WFast_Unequal2,14,0.1,0.1,1.0,6.0,100000,26971,0,399,0,0,399,0.0,0.399,0.0
NEW_RMT_3954_Type1_WFast_Unequal2,14,0.1,0.1,1.0,7.0,100000,23995,0,543,0,0,543,0.0,0.543,0.0
NEW_RMT_3954_Type1_WFast_Unequal2,14,0.1,0.1,1.0,8.0,100000,21713,0,670,0,0,670,0.0,0.67,0.0
NEW_RMT_3954_Type1_WFast_Unequal2,14,0.1,0.1,1.0,9.0,100000,19905,0,719,0,0,719,0.0,0.719,0.0
NEW_RMT_3954_Type1_WFast_Unequal2,14,0.1,0.1,1.0,10.0,100000,18489,0,757,0,0,757,0.0,0.757,0.0
NEW_RMT_3954_Type1_WFast_Unequal3,15,0.1,1.0,10.0,0.1,100000,100000,0,0,0,0,0,0.0,0.0,0.0
NEW_RMT_3954_Type1_WFast_Unequal3,15,0.1,1.0,10.0,0.2,100000,100000,0,0,0,0,0,0.0,0.0,0.0
NEW_RMT_3954_Type1_WFast_Unequal3,15,0.1,1.0,10.0,0.3,100000,100000,0,0,0,0,0,0.0,0.0,0.0
NEW_RMT_3954_Type1_WFast_Unequal3,15,0.1,1.0,10.0,0.4,100000,99981,0,0,0,0,0,0.0,0.0,0.0
NEW_RMT_3954_Type1_WFast_Unequal3,15,0.1,1.0,10.0,0.5,100000,99732,0,0,0,0,0,0.0,0.0,0.0
NEW_RMT_3954_Type1_WFast_Unequal3,15,0.1,1.0,10.0,0.6,100000,98966,0,0,0,0,0,0.0,0.0,0.0
NEW_RMT_3954_Type1_WFast_Unequal3,15,0.1,1.0,10.0,0.7,100000,97782,0,0,0,0,0,0.0,0.0,0.0
NEW_RMT_3954_Type1_WFast_Unequal3,15,0.1,1.0,10.0,0.8,100000,96149,0,0,0,0,0,0.0,0.0,0.0
NEW_RMT_3954_Type1_WFast_Unequal3,15,0.1,1.0,10.0,0.9,100000,94311,0,0,0,0,0,0.0,0.0,0.0
NEW_RMT_3954_Type1_WFast_Unequal3,15,0.1,1.0,10.0,1.0,100000,92345,0,0,0,0,0,0.0,0.0,0.0
NEW_RMT_3954_Type1_WFast_Unequal3,15,0.1,1.0,10.0,1.1,100000,90198,0,0,0,0,0,0.0,0.0,0.0
NEW_RMT_3954_Type1_WFast_Unequal3,15,0.1,1.0,10.0,1.2,100000,88080,0,0,0,0,0,0.0,0.0,0.0
NEW_RMT_3954_Type1_WFast_Unequal3,15,0.1,1.0,10.0,1.3,100000,85689,0,0,0,0,0,0.0,0.0,0.0
NEW_RMT_3954_Type1_WFast_Unequal3,15,0.1,1.0,10.0,1.4,100000,83226,0,0,0,0,0,0.0,0.0,0.0
NEW_RMT_3954_Type1_WFast_Unequal3,15,0.1,1.0,10.0,1.5,100000,80727,0,0,0,0,0,0.0,0.0,0.0
NEW_RMT_3954_Type1_WFast_Unequal3,15,0.1,1.0,10.0,1.6,100000,78077,0,0,0,0,0,0.0,0.0,0.0
NEW_RMT_3954_Type1_WFast_Unequal3,15,0.1,1.0,10.0,1.8,100000,72870,0,1,0,0,1,0.0,0.001,0.0
NEW_RMT_3954_Type1_WFast_Unequal3,15,0.1,1.0,10.0,2.0,100000,67959,0,3,0,0,3,0.0,0.003,0.0
NEW_RMT_3954_Type1_WFast_Unequal3,15,0.1,1.0,10.0,2.2,100000,63389,0,9,0,0,9,0.0,0.009,0.0
NEW_RMT_3954_Type1_WFast_Unequal3,15,0.1,1.0,10.0,2.4,100000,59093,0,23,0,0,23,0.0,0.023,0.0
NEW_RMT_3954_Type1_WFast_Unequal3,15,0.1,1.0,10.0,2.6,100000,55261,0,31,0,0,31,0.0,0.031,0.0
NEW_RMT_3954_Type1_WFast_Unequal3,15,0.1,1.0,10.0,2.8,100000,51853,0,34,0,0,34,0.0,0.034,0.0
NEW_RMT_3954_Type1_WFast_Unequal3,15,0.1,1.0,10.0,3.0,100000,48898,0,70,0,0,70,0.0,0.07,0.0
NEW_RMT_3954_Type1_WFast_Unequal3,15,0.1,1.0,10.0,3.2,100000,46233,0,96,0,0,96,0.0,0.096,0.0
NEW_RMT_3954_Type1_WFast_Unequal3,15,0.1,1.0,10.0,3.4,100000,43879,0,108,0,0,108,0.0,0.108,0.0
NEW_RMT_3954_Type1_WFast_Unequal3,15,0.1,1.0,10.0,3.6,100000,41674,0,158,0,0,158,0.0,0.158,0.0
NEW_RMT_3954_Type1_WFast_Unequal3,15,0.1,1.0,10.0,3.8,100000,39752,0,214,0,0,214,0.0,0.214,0.0
NEW_RMT_3954_Type1_WFast_Unequal3,15,0.1,1.0,10.0,4.0,100000,38013,0,265,0,0,265,0.0,0.265,0.0
NEW_RMT_3954_Type1_WFast_Unequal3,15,0.1,1.0,10.0,5.0,100000,31319,0,512,0,0,512,0.0,0.512,0.0
NEW_RMT_3954_Type1_WFast_Unequal3,15,0.1,1.0,10.0,6.0,100000,26971,0,741,0,0,741,0.0,0.741,0.0
NEW_RMT_3954_Type1_WFast_Unequal3,15,0.1,1.0,10.0,7.0,100000,23995,0,989,0,0,989,0.0,0.989,0.0
NEW_RMT_3954_Type1_WFast_Unequal3,15,0.1,1.0,10.0,8.0,100000,21713,0,1151,0,0,1151,0.0,1.151,0.0
NEW_RMT_3954_Type1_WFast_Unequal3,15,0.1,1.0,10.0,9.0,100000,19905,0,1241,0,0,1241,0.0,1.241,0.0
NEW_RMT_3954_Type1_WFast_Unequal3,15,0.1,1.0,10.0,10.0,100000,18489,0,1309,0,0,1309,0.0,1.309,0.0
NEW_RMT_3954_Type1_WFast_Unequal4,16,1.0,0.1,10.0,0.1,100000,100000,0,0,0,0,0,0.0,0.0,0.0
NEW_RMT_3954_Type1_WFast_Unequal4,16,1.0,0.1,10.0,0.2,100000,100000,0,0,0,0,0,0.0,0.0,0.0
NEW_RMT_3954_Type1_WFast_Unequal4,16,1.0,0.1,10.0,0.3,100000,100000,0,0,0,0,0,0.0,0.0,0.0
NEW_RMT_3954_Type1_WFast_Unequal4,16,1.0,0.1,10.0,0.4,100000,99981,0,0,0,0,0,0.0,0.0,0.0
NEW_RMT_3954_Type1_WFast_Unequal4,16,1.0,0.1,10.0,0.5,100000,99732,0,0,0,0,0,0.0,0.0,0.0
NEW_RMT_3954_Type1_WFast_Unequal4,16,1.0,0.1,10.0,0.6,100000,98966,0,0,0,0,0,0.0,0.0,0.0
NEW_RMT_3954_Type1_WFast_Unequal4,16,1.0,0.1,10.0,0.7,100000,97782,0,0,0,0,0,0.0,0.0,0.0
NEW_RMT_3954_Type1_WFast_Unequal4,16,1.0,0.1,10.0,0.8,100000,96149,0,0,0,0,0,0.0,0.0,0.0
NEW_RMT_3954_Type1_WFast_Unequal4,16,1.0,0.1,10.0,0.9,100000,94311,0,0,0,0,0,0.0,0.0,0.0
NEW_RMT_3954_Type1_WFast_Unequal4,16,1.0,0.1,10.0,1.0,100000,92345,0,0,0,0,0,0.0,0.0,0.0
NEW_RMT_3954_Type1_WFast_Unequal4,16,1.0,0.1,10.0,1.1,100000,90198,0,0,0,0,0,0.0,0.0,0.0
NEW_RMT_3954_Type1_WFast_Unequal4,16,1.0,0.1,10.0,1.2,100000,88080,0,0,0,0,0,0.0,0.0,0.0
NEW_RMT_3954_Type1_WFast_Unequal4,16,1.0,0.1,10.0,1.3,100000,85689,0,0,0,0,0,0.0,0.0,0.0
NEW_RMT_3954_Type1_WFast_Unequal4,16,1.0,0.1,10.0,1.4,100000,83226,0,0,0,0,0,0.0,0.0,0.0
NEW_RMT_3954_Type1_WFast_Unequal4,16,1.0,0.1,10.0,1.5,100000,80727,0,0,0,0,0,0.0,0.0,0.0
NEW_RMT_3954_Type1_WFast_Unequal4,16,1.0,0.1,10.0,1.6,100000,78077,0,0,0,0,0,0.0,0.0,0.0
NEW_RMT_3954_Type1_WFast_Unequal4,16,1.0,0.1,10.0,1.8,100000,72870,0,0,0,0,0,0.0,0.0,0.0
NEW_RMT_3954_Type1_WFast_Unequal4,16,1.0,0.1,10.0,2.0,100000,67959,0,1,0,0,1,0.0,0.001,0.0
NEW_RMT_3954_Type1_WFast_Unequal4,16,1.0,0.1,10.0,2.2,100000,63389,0,5,0,0,5,0.0,0.005,0.0
NEW_RMT_3954_Type1_WFast_Unequal4,16,1.0,0.1,10.0,2.4,100000,59093,0,13,0,0,13,0.0,0.013,0.0
NEW_RMT_3954_Type1_WFast_Unequal4,16,1.0,0.1,10.0,2.6,100000,55261,0,18,0,0,18,0.0,0.018,0.0
NEW_RMT_3954_Type1_WFast_Unequal4,16,1.0,0.1,10.0,2.8,100000,51853,0,16,0,0,16,0.0,0.016,0.0
NEW_RMT_3954_Type1_WFast_Unequal4,16,1.0,0.1,10.0,3.0,100000,48898,0,42,0,0,42,0.0,0.042,0.0
NEW_RMT_3954_Type1_WFast_Unequal4,16,1.0,0.1,10.0,3.2,100000,46233,0,59,0,0,59,0.0,0.059,0.0
NEW_RMT_3954_Type1_WFast_Unequal4,16,1.0,0.1,10.0,3.4,100000,43879,0,64,0,0,64,0.0,0.064,0.0
NEW_RMT_3954_Type1_WFast_Unequal4,16,1.0,0.1,10.0,3.6,100000,41674,0,106,0,0,106,0.0,0.106,0.0
NEW_RMT_3954_Type1_WFast_Unequal4,16,1.0,0.1,10.0,3.8,100000,39752,0,144,0,0,144,0.0,0.144,0.0
NEW_RMT_3954_Type1_WFast_Unequal4,16,1.0,0.1,10.0,4.0,100000,38013,0,188,0,0,188,0.0,0.188,0.0
NEW_RMT_3954_Type1_WFast_Unequal4,16,1.0,0.1,10.0,5.0,100000,31319,0,362,0,0,362,0.0,0.362,0.0
NEW_RMT_3954_Type1_WFast_Unequal4,16,1.0,0.1,10.0,6.0,100000,26971,0,588,0,0,588,0.0,0.588,0.0
NEW_RMT_3954_Type1_WFast_Unequal4,16,1.0,0.1,10.0,7.0,100000,23995,0,791,0,0,791,0.0,0.791,0.0
NEW_RMT_3954_Type1_WFast_Unequal4,16,1.0,0.1,10.0,8.0,100000,21713,0,943,0,0,943,0.0,0.943,0.0
NEW_RMT_3954_Type1_WFast_Unequal4,16,1.0,0.1,10.0,9.0,100000,19905,0,1050,0,0,1050,0.0,1.05,0.0
NEW_RMT_3954_Type1_WFast_Unequal4,16,1.0,0.1,10.0,10.0,100000,18489,0,1136,0,0,1136,0.0,1.136,0.0
NEW_RMT_3954_Type1_WFast_Unequal5,17,0.1,0.1,10.0,0.1,100000,100000,0,0,0,0,0,0.0,0.0,0.0
NEW_RMT_3954_Type1_WFast_Unequal5,17,0.1,0.1,10.0,0.2,100000,100000,0,0,0,0,0,0.0,0.0,0.0
NEW_RMT_3954_Type1_WFast_Unequal5,17,0.1,0.1,10.0,0.3,100000,100000,0,0,0,0,0,0.0,0.0,0.0
NEW_RMT_3954_Type1_WFast_Unequal5,17,0.1,0.1,10.0,0.4,100000,99981,0,0,0,0,0,0.0,0.0,0.0
NEW_RMT_3954_Type1_WFast_Unequal5,17,0.1,0.1,10.0,0.5,100000,99732,0,0,0,0,0,0.0,0.0,0.0
NEW_RMT_3954_Type1_WFast_Unequal5,17,0.1,0.1,10.0,0.6,100000,98966,0,0,0,0,0,0.0,0.0,0.0
NEW_RMT_3954_Type1_WFast_Unequal5,17,0.1,0.1,10.0,0.7,100000,97782,0,0,0,0,0,0.0,0.0,0.0
NEW_RMT_3954_Type1_WFast_Unequal5,17,0.1,0.1,10.0,0.8,100000,96149,0,0,0,0,0,0.0,0.0,0.0
NEW_RMT_3954_Type1_WFast_Unequal5,17,0.1,0.1,10.0,0.9,100000,94311,0,0,0,0,0,0.0,0.0,0.0
NEW_RMT_3954_Type1_WFast_Unequal5,17,0.1,0.1,10.0,1.0,100000,92345,0,0,0,0,0,0.0,0.0,0.0
NEW_RMT_3954_Type1_WFast_Unequal5,17,0.1,0.1,10.0,1.1,100000,90198,0,0,0,0,0,0.0,0.0,0.0
NEW_RMT_3954_Type1_WFast_Unequal5,17,0.1,0.1,10.0,1.2,100000,88080,0,0,0,0,0,0.0,0.0,0.0
NEW_RMT_3954_Type1_WFast_Unequal5,17,0.1,0.1,10.0,1.3,100000,85689,0,0,0,0,0,0.0,0.0,0.0
NEW_RMT_3954_Type1_WFast_Unequal5,17,0.1,0.1,10.0,1.4,100000,83226,0,0,0,0,0,0.0,0.0,0.0
NEW_RMT_3954_Type1_WFast_Unequal5,17,0.1,0.1,10.0,1.5,100000,80727,0,0,0,0,0,0.0,0.0,0.0
NEW_RMT_3954_Type1_WFast_Unequal5,17,0.1,0.1,10.0,1.6,100000,78077,0,0,0,0,0,0.0,0.0,0.0
NEW_RMT_3954_Type1_WFast_Unequal5,17,0.1,0.1,10.0,1.8,100000,72870,0,1,0,0,1,0.0,0.001,0.0
NEW_RMT_3954_Type1_WFast_Unequal5,17,0.1,0.1,10.0,2.0,100000,67959,0,7,0,0,7,0.0,0.007,0.0
NEW_RMT_3954_Type1_WFast_Unequal5,17,0.1,0.1,10.0,2.2,100000,63389,0,18,0,0,18,0.0,0.018,0.0
NEW_RMT_3954_Type1_WFast_Unequal5,17,0.1,0.1,10.0,2.4,100000,59093,0,39,0,0,39,0.0,0.039,0.0
NEW_RMT_3954_Type1_WFast_Unequal5,17,0.1,0.1,10.0,2.6,100000,55261,0,46,0,0,46,0.0,0.046,0.0
NEW_RMT_3954_Type1_WFast_Unequal5,17,0.1,0.1,10.0,2.8,100000,51853,0,70,0,0,70,0.0,0.07,0.0
NEW_RMT_3954_Type1_WFast_Unequal5,17,0.1,0.1,10.0,3.0,100000,48898,0,118,0,0,118,0.0,0.118,0.0
NEW_RMT_3954_Type1_WFast_Unequal5,17,0.1,0.1,10.0,3.2,100000,46233,0,152,0,0,152,0.0,0.152,0.0
NEW_RMT_3954_Type1_WFast_Unequal5,17,0.1,0.1,10.0,3.4,100000,43879,0,204,0,0,204,0.0,0.204,0.0
NEW_RMT_3954_Type1_WFast_Unequal5,17,0.1,0.1,10.0,3.6,100000,41674,0,295,0,0,295,0.0,0.295,0.0
NEW_RMT_3954_Type1_WFast_Unequal5,17,0.1,0.1,10.0,3.8,100000,39752,0,374,0,0,374,0.0,0.374,0.0
NEW_RMT_3954_Type1_WFast_Unequal5,17,0.1,0.1,10.0,4.0,100000,38013,0,426,0,0,426,0.0,0.426,0.0
NEW_RMT_3954_Type1_WFast_Unequal5,17,0.1,0.1,10.0,5.0,100000,31319,0,825,0,0,825,0.0,0.825,0.0
NEW_RMT_3954_Type1_WFast_Unequal5,17,0.1,0.1,10.0,6.0,100000,26971,0,1184,0,0,1184,0.0,1.184,0.0
NEW_RMT_3954_Type1_WFast_Unequal5,17,0.1,0.1,10.0,7.0,100000,23995,0,1519,0,0,1519,0.0,1.519,0.0
NEW_RMT_3954_Type1_WFast_Unequal5,17,0.1,0.1,10.0,8.0,100000,21713,0,1764,0,0,1764,0.0,1.764,0.0
NEW_RMT_3954_Type1_WFast_Unequal5,17,0.1,0.1,10.0,9.0,100000,19905,0,1901,0,0,1901,0.0,1.901,0.0
NEW_RMT_3954_Type1_WFast_Unequal5,17,0.1,0.1,10.0,10.0,100000,18489,0,2093,0,0,2093,0.0,2.093,0.0
NEW_RMT_3954_Type1_VWFast_Unequal1,18,1.0,10.0,10.0,0.1,100000,100000,0,0,0,0,0,0.0,0.0,0.0
NEW_RMT_3954_Type1_VWFast_Unequal1,18,1.0,10.0,10.0,0.2,100000,100000,0,0,0,0,0,0.0,0.0,0.0
NEW_RMT_3954_Type1_VWFast_Unequal1,18,1.0,10.0,10.0,0.3,100000,100000,0,0,0,0,0,0.0,0.0,0.0
NEW_RMT_3954_Type1_VWFast_Unequal1,18,1.0,10.0,10.0,0.4,100000,99981,0,0,0,0,0,0.0,0.0,0.0
NEW_RMT_3954_Type1_VWFast_Unequal1,18,1.0,10.0,10.0,0.5,100000,99732,0,0,0,0,0,0.0,0.0,0.0
NEW_RMT_3954_Type1_VWFast_Unequal1,18,1.0,10.0,10.0,0.6,100000,98966,0,0,0,0,0,0.0,0.0,0.0
NEW_RMT_3954_Type1_VWFast_Unequal1,18,1.0,10.0,10.0,0.7,100000,97782,0,0,0,0,0,0.0,0.0,0.0
NEW_RMT_3954_Type1_VWFast_Unequal1,18,1.0,10.0,10.0,0.8,100000,96149,0,0,0,0,0,0.0,0.0,0.0
NEW_RMT_3954_Type1_VWFast_Unequal1,18,1.0,10.0,10.0,0.9,100000,94311,0,0,0,0,0,0.0,0.0,0.0
NEW_RMT_3954_Type1_VWFast_Unequal1,18,1.0,10.0,10.0,1.0,100000,92345,0,0,0,0,0,0.0,0.0,0.0
NEW_RMT_3954_Type1_VWFast_Unequal1,18,1.0,10.0,10.0,1.1,100000,90198,0,0,0,0,0,0.0,0.0,0.0
NEW_RMT_3954_Type1_VWFast_Unequal1,18,1.0,10.0,10.0,1.2,100000,88080,0,0,0,0,0,0.0,0.0,0.0
NEW_RMT_3954_Type1_VWFast_Unequal1,18,1.0,10.0,10.0,1.3,100000,85689,0,0,0,0,0,0.0,0.0,0.0
NEW_RMT_3954_Type1_VWFast_Unequal1,18,1.0,10.0,10.0,1.4,100000,83226,0,0,0,0,0,0.0,0.0,0.0
NEW_RMT_3954_Type1_VWFast_Unequal1,18,1.0,10.0,10.0,1.5,100000,80727,0,0,0,0,0,0.0,0.0,0.0
NEW_RMT_3954_Type1_VWFast_Unequal1,18,1.0,10.0,10.0,1.6,100000,78077,0,0,0,0,0,0.0,0.0,0.0
NEW_RMT_3954_Type1_VWFast_Unequal1,18,1.0,10.0,10.0,1.8,100000,72870,0,0,0,0,0,0.0,0.0,0.0
NEW_RMT_3954_Type1_VWFast_Unequal1,18,1.0,10.0,10.0,2.0,100000,67959,0,0,0,0,0,0.0,0.0,0.0
NEW_RMT_3954_Type1_VWFast_Unequal1,18,1.0,10.0,10.0,2.2,100000,63389,0,0,0,0,0,0.0,0.0,0.0
NEW_RMT_3954_Type1_VWFast_Unequal1,18,1.0,10.0,10.0,2.4,100000,59093,0,0,0,0,0,0.0,0.0,0.0
NEW_RMT_3954_Type1_VWFast_Unequal1,18,1.0,10.0,10.0,2.6,100000,55261,0,0,0,0,0,0.0,0.0,0.0
NEW_RMT_3954_Type1_VWFast_Unequal1,18,1.0,10.0,10.0,2.8,100000,51853,0,0,0,0,0,0.0,0.0,0.0
NEW_RMT_3954_Type1_VWFast_Unequal1,18,1.0,10.0,10.0,3.0,100000,48898,0,0,0,0,0,0.0,0.0,0.0
NEW_RMT_3954_Type1_VWFast_Unequal1,18,1.0,10.0,10.0,3.2,100000,46233,0,0,0,0,0,0.0,0.0,0.0
NEW_RMT_3954_Type1_VWFast_Unequal1,18,1.0,10.0,10.0,3.4,100000,43879,0,2,0,0,2,0.0,0.002,0.0
NEW_RMT_3954_Type1_VWFast_Unequal1,18,1.0,10.0,10.0,3.6,100000,41674,0,0,0,0,0,0.0,0.0,0.0
NEW_RMT_3954_Type1_VWFast_Unequal1,18,1.0,10.0,10.0,3.8,100000,39752,0,3,0,0,3,0.0,0.003,0.0
NEW_RMT_3954_Type1_VWFast_Unequal1,18,1.0,10.0,10.0,4.0,100000,38013,0,2,0,0,2,0.0,0.002,0.0
NEW_RMT_3954_Type1_VWFast_Unequal1,18,1.0,10.0,10.0,5.0,100000,31319,0,24,0,0,24,0.0,0.024,0.0
NEW_RMT_3954_Type1_VWFast_Unequal1,18,1.0,10.0,10.0,6.0,100000,26971,0,32,0,0,32,0.0,0.032,0.0
NEW_RMT_3954_Type1_VWFast_Unequal1,18,1.0,10.0,10.0,7.0,100000,23995,0,46,0,0,46,0.0,0.046,0.0
NEW_RMT_3954_Type1_VWFast_Unequal1,18,1.0,10.0,10.0,8.0,100000,21713,0,64,0,0,64,0.0,0.064,0.0
NEW_RMT_3954_Type1_VWFast_Unequal1,18,1.0,10.0,10.0,9.0,100000,19905,0,87,0,0,87,0.0,0.087,0.0
NEW_RMT_3954_Type1_VWFast_Unequal1,18,1.0,10.0,10.0,10.0,100000,18489,0,102,0,0,102,0.0,0.102,0.0
NEW_RMT_3954_Type1_VWFast_Unequal2,19,0.1,1.0,1.0,0.1,100000,100000,0,0,0,0,0,0.0,0.0,0.0
NEW_RMT_3954_Type1_VWFast_Unequal2,19,0.1,1.0,1.0,0.2,100000,100000,0,0,0,0,0,0.0,0.0,0.0
NEW_RMT_3954_Type1_VWFast_Unequal2,19,0.1,1.0,1.0,0.3,100000,100000,0,0,0,0,0,0.0,0.0,0.0
NEW_RMT_3954_Type1_VWFast_Unequal2,19,0.1,1.0,1.0,0.4,100000,99981,0,0,0,0,0,0.0,0.0,0.0
NEW_RMT_3954_Type1_VWFast_Unequal2,19,0.1,1.0,1.0,0.5,100000,99732,0,0,0,0,0,0.0,0.0,0.0
NEW_RMT_3954_Type1_VWFast_Unequal2,19,0.1,1.0,1.0,0.6,100000,98966,0,0,0,0,0,0.0,0.0,0.0
NEW_RMT_3954_Type1_VWFast_Unequal2,19,0.1,1.0,1.0,0.7,100000,97782,0,0,0,0,0,0.0,0.0,0.0
NEW_RMT_3954_Type1_VWFast_Unequal2,19,0.1,1.0,1.0,0.8,100000,96149,0,0,0,0,0,0.0,0.0,0.0
NEW_RMT_3954_Type1_VWFast_Unequal2,19,0.1,1.0,1.0,0.9,100000,94311,0,0,0,0,0,0.0,0.0,0.0
NEW_RMT_3954_Type1_VWFast_Unequal2,19,0.1,1.0,1.0,1.0,100000,92345,0,0,0,0,0,0.0,0.0,0.0
NEW_RMT_3954_Type1_VWFast_Unequal2,19,0.1,1.0,1.0,1.1,100000,90198,0,0,0,0,0,0.0,0.0,0.0
NEW_RMT_3954_Type1_VWFast_Unequal2,19,0.1,1.0,1.0,1.2,100000,88080,0,0,0,0,0,0.0,0.0,0.0
NEW_RMT_3954_Type1_VWFast_Unequal2,19,0.1,1.0,1.0,1.3,100000,85689,0,0,0,0,0,0.0,0.0,0.0
NEW_RMT_3954_Type1_VWFast_Unequal2,19,0.1,1.0,1.0,1.4,100000,83226,0,0,0,0,0,0.0,0.0,0.0
NEW_RMT_3954_Type1_VWFast_Unequal2,19,0.1,1.0,1.0,1.5,100000,80727,0,0,0,0,0,0.0,0.0,0.0
NEW_RMT_3954_Type1_VWFast_Unequal2,19,0.1,1.0,1.0,1.6,100000,78077,0,0,0,0,0,0.0,0.0,0.0
NEW_RMT_3954_Type1_VWFast_Unequal2,19,0.1,1.0,1.0,1.8,100000,72870,0,0,0,0,0,0.0,0.0,0.0
NEW_RMT_3954_Type1_VWFast_Unequal2,19,0.1,1.0,1.0,2.0,100000,67959,0,0,0,0,0,0.0,0.0,0.0
NEW_RMT_3954_Type1_VWFast_Unequal2,19,0.1,1.0,1.0,2.2,100000,63389,0,0,0,0,0,0.0,0.0,0.0
NEW_RMT_3954_Type1_VWFast_Unequal2,19,0.1,1.0,1.0,2.4,100000,59093,0,0,0,0,0,0.0,0.0,0.0
NEW_RMT_3954_Type1_VWFast_Unequal2,19,0.1,1.0,1.0,2.6,100000,55261,0,0,0,0,0,0.0,0.0,0.0
NEW_RMT_3954_Type1_VWFast_Unequal2,19,0.1,1.0,1.0,2.8,100000,51853,0,0,0,0,0,0.0,0.0,0.0
NEW_RMT_3954_Type1_VWFast_Unequal2,19,0.1,1.0,1.0,3.0,100000,48898,0,0,0,0,0,0.0,0.0,0.0
NEW_RMT_3954_Type1_VWFast_Unequal2,19,0.1,1.0,1.0,3.2,100000,46233,0,0,0,0,0,0.0,0.0,0.0
NEW_RMT_3954_Type1_VWFast_Unequal2,19,0.1,1.0,1.0,3.4,100000,43879,0,3,0,0,3,0.0,0.003,0.0
NEW_RMT_3954_Type1_VWFast_Unequal2,19,0.1,1.0,1.0,3.6,100000,41674,0,0,0,0,0,0.0,0.0,0.0
NEW_RMT_3954_Type1_VWFast_Unequal2,19,0.1,1.0,1.0,3.8,100000,39752,0,3,0,0,3,0.0,0.003,0.0
NEW_RMT_3954_Type1_VWFast_Unequal2,19,0.1,1.0,1.0,4.0,100000,38013,0,2,0,0,2,0.0,0.002,0.0
NEW_RMT_3954_Type1_VWFast_Unequal2,19,0.1,1.0,1.0,5.0,100000,31319,0,24,0,0,24,0.0,0.024,0.0
NEW_RMT_3954_Type1_VWFast_Unequal2,19,0.1,1.0,1.0,6.0,100000,26971,0,33,0,0,33,0.0,0.033,0.0
NEW_RMT_3954_Type1_VWFast_Unequal2,19,0.1,1.0,1.0,7.0,100000,23995,0,48,0,0,48,0.0,0.048,0.0
NEW_RMT_3954_Type1_VWFast_Unequal2,19,0.1,1.0,1.0,8.0,100000,21713,0,67,0,0,67,0.0,0.067,0.0
NEW_RMT_3954_Type1_VWFast_Unequal2,19,0.1,1.0,1.0,9.0,100000,19905,0,91,0,0,91,0.0,0.091,0.0
NEW_RMT_3954_Type1_VWFast_Unequal2,19,0.1,1.0,1.0,10.0,100000,18489,0,105,0,0,105,0.0,0.105,0.0
NEW_RMT_3954_Type1_VWFast_Unequal3,20,0.1,10.0,10.0,0.1,100000,100000,0,0,0,0,0,0.0,0.0,0.0
NEW_RMT_3954_Type1_VWFast_Unequal3,20,0.1,10.0,10.0,0.2,100000,100000,0,0,0,0,0,0.0,0.0,0.0
NEW_RMT_3954_Type1_VWFast_Unequal3,20,0.1,10.0,10.0,0.3,100000,100000,0,0,0,0,0,0.0,0.0,0.0
NEW_RMT_3954_Type1_VWFast_Unequal3,20,0.1,10.0,10.0,0.4,100000,99981,0,0,0,0,0,0.0,0.0,0.0
NEW_RMT_3954_Type1_VWFast_Unequal3,20,0.1,10.0,10.0,0.5,100000,99732,0,0,0,0,0,0.0,0.0,0.0
NEW_RMT_3954_Type1_VWFast_Unequal3,20,0.1,10.0,10.0,0.6,100000,98966,0,0,0,0,0,0.0,0.0,0.0
NEW_RMT_3954_Type1_VWFast_Unequal3,20,0.1,10.0,10.0,0.7,100000,97782,0,0,0,0,0,0.0,0.0,0.0
NEW_RMT_3954_Type1_VWFast_Unequal3,20,0.1,10.0,10.0,0.8,100000,96149,0,0,0,0,0,0.0,0.0,0.0
NEW_RMT_3954_Type1_VWFast_Unequal3,20,0.1,10.0,10.0,0.9,100000,94311,0,0,0,0,0,0.0,0.0,0.0
NEW_RMT_3954_Type1_VWFast_Unequal3,20,0.1,10.0,10.0,1.0,100000,92345,0,0,0,0,0,0.0,0.0,0.0
NEW_RMT_3954_Type1_VWFast_Unequal3,20,0.1,10.0,10.0,1.1,100000,90198,0,0,0,0,0,0.0,0.0,0.0
NEW_RMT_3954_Type1_VWFast_Unequal3,20,0.1,10.0,10.0,1.2,100000,88080,0,0,0,0,0,0.0,0.0,0.0
NEW_RMT_3954_Type1_VWFast_Unequal3,20,0.1,10.0,10.0,1.3,100000,85689,0,0,0,0,0,0.0,0.0,0.0
NEW_RMT_3954_Type1_VWFast_Unequal3,20,0.1,10.0,10.0,1.4,100000,83226,0,0,0,0,0,0.0,0.0,0.0
NEW_RMT_3954_Type1_VWFast_Unequal3,20,0.1,10.0,10.0,1.5,100000,80727,0,0,0,0,0,0.0,0.0,0.0
NEW_RMT_3954_Type1_VWFast_Unequal3,20,0.1,10.0,10.0,1.6,100000,78077,0,0,0,0,0,0.0,0.0,0.0
NEW_RMT_3954_Type1_VWFast_Unequal3,20,0.1,10.0,10.0,1.8,100000,72870,0,0,0,0,0,0.0,0.0,0.0
NEW_RMT_3954_Type1_VWFast_Unequal3,20,0.1,10.0,10.0,2.0,100000,67959,0,0,0,0,0,0.0,0.0,0.0
NEW_RMT_3954_Type1_VWFast_Unequal3,20,0.1,10.0,10.0,2.2,100000,63389,0,0,0,0,0,0.0,0.0,0.0
NEW_RMT_3954_Type1_VWFast_Unequal3,20,0.1,10.0,10.0,2.4,100000,59093,0,1,0,0,1,0.0,0.001,0.0
NEW_RMT_3954_Type1_VWFast_Unequal3,20,0.1,10.0,10.0,2.6,100000,55261,0,0,0,0,0,0.0,0.0,0.0
NEW_RMT_3954_Type1_VWFast_Unequal3,20,0.1,10.0,10.0,2.8,100000,51853,0,1,0,0,1,0.0,0.001,0.0
NEW_RMT_3954_Type1_VWFast_Unequal3,20,0.1,10.0,10.0,3.0,100000,48898,0,0,0,0,0,0.0,0.0,0.0
NEW_RMT_3954_Type1_VWFast_Unequal3,20,0.1,10.0,10.0,3.2,100000,46233,0,1,0,0,1,0.0,0.001,0.0
NEW_RMT_3954_Type1_VWFast_Unequal3,20,0.1,10.0,10.0,3.4,100000,43879,0,4,0,0,4,0.0,0.004,0.0
NEW_RMT_3954_Type1_VWFast_Unequal3,20,0.1,10.0,10.0,3.6,100000,41674,0,4,0,0,4,0.0,0.004,0.0
NEW_RMT_3954_Type1_VWFast_Unequal3,20,0.1,10.0,10.0,3.8,100000,39752,0,6,0,0,6,0.0,0.006,0.0
NEW_RMT_3954_Type1_VWFast_Unequal3,20,0.1,10.0,10.0,4.0,100000,38013,0,8,0,0,8,0.0,0.008,0.0
NEW_RMT_3954_Type1_VWFast_Unequal3,20,0.1,10.0,10.0,5.0,100000,31319,0,39,0,0,39,0.0,0.039,0.0
NEW_RMT_3954_Type1_VWFast_Unequal3,20,0.1,10.0,10.0,6.0,100000,26971,0,50,0,0,50,0.0,0.05,0.0
NEW_RMT_3954_Type1_VWFast_Unequal3,20,0.1,10.0,10.0,7.0,100000,23995,0,87,0,0,87,0.0,0.087,0.0
NEW_RMT_3954_Type1_VWFast_Unequal3,20,0.1,10.0,10.0,8.0,100000,21713,0,108,0,0,108,0.0,0.108,0.0
NEW_RMT_3954_Type1_VWFast_Unequal3,20,0.1,10.0,10.0,9.0,100000,19905,0,135,0,0,135,0.0,0.135,0.0
NEW_RMT_3954_Type1_VWFast_Unequal3,20,0.1,10.0,10.0,10.0,100000,18489,0,153,0,0,153,0.0,0.153,0.0
NEW_RMT_3954_Type1_UVFast_Unequal1,21,10.0,10.0,1.0,0.1,100000,100000,0,0,0,0,0,0.0,0.0,0.0
NEW_RMT_3954_Type1_UVFast_Unequal1,21,10.0,10.0,1.0,0.2,100000,100000,0,0,0,0,0,0.0,0.0,0.0
NEW_RMT_3954_Type1_UVFast_Unequal1,21,10.0,10.0,1.0,0.3,100000,100000,0,0,0,0,0,0.0,0.0,0.0
NEW_RMT_3954_Type1_UVFast_Unequal1,21,10.0,10.0,1.0,0.4,100000,99981,0,0,0,0,0,0.0,0.0,0.0
NEW_RMT_3954_Type1_UVFast_Unequal1,21,10.0,10.0,1.0,0.5,100000,99732,0,0,0,0,0,0.0,0.0,0.0
NEW_RMT_3954_Type1_UVFast_Unequal1,21,10.0,10.0,1.0,0.6,100000,98966,1,1,1,0,0,0.001,0.001,0.001
NEW_RMT_3954_Type1_UVFast_Unequal1,21,10.0,10.0,1.0,0.7,100000,97782,4,4,4,0,0,0.004,0.004,0.004
NEW_RMT_3954_Type1_UVFast_Unequal1,21,10.0,10.0,1.0,0.8,100000,96149,11,11,11,0,0,0.011,0.011,0.011
NEW_RMT_3954_Type1_UVFast_Unequal1,21,10.0,10.0,1.0,0.9,100000,94311,32,32,32,0,0,0.032,0.032,0.032
NEW_RMT_3954_Type1_UVFast_Unequal1,21,10.0,10.0,1.0,1.0,100000,92345,59,59,59,0,0,0.059,0.059,0.059
NEW_RMT_3954_Type1_UVFast_Unequal1,21,10.0,10.0,1.0,1.1,100000,90198,117,117,117,0,0,0.117,0.117,0.117
NEW_RMT_3954_Type1_UVFast_Unequal1,21,10.0,10.0,1.0,1.2,100000,88080,166,166,166,0,0,0.166,0.166,0.166
NEW_RMT_3954_Type1_UVFast_Unequal1,21,10.0,10.0,1.0,1.3,100000,85689,209,209,209,0,0,0.209,0.209,0.209
NEW_RMT_3954_Type1_UVFast_Unequal1,21,10.0,10.0,1.0,1.4,100000,83226,310,310,310,0,0,0.31,0.31,0.31
NEW_RMT_3954_Type1_UVFast_Unequal1,21,10.0,10.0,1.0,1.5,100000,80727,358,358,358,0,0,0.358,0.358,0.358
NEW_RMT_3954_Type1_UVFast_Unequal1,21,10.0,10.0,1.0,1.6,100000,78077,430,430,430,0,0,0.43,0.43,0.43
NEW_RMT_3954_Type1_UVFast_Unequal1,21,10.0,10.0,1.0,1.8,100000,72870,541,541,541,0,0,0.541,0.541,0.541
NEW_RMT_3954_Type1_UVFast_Unequal1,21,10.0,10.0,1.0,2.0,100000,67959,628,628,628,0,0,0.628,0.628,0.628
NEW_RMT_3954_Type1_UVFast_Unequal1,21,10.0,10.0,1.0,2.2,100000,63389,736,736,736,0,0,0.736,0.736,0.736
NEW_RMT_3954_Type1_UVFast_Unequal1,21,10.0,10.0,1.0,2.4,100000,59093,810,810,810,0,0,0.81,0.81,0.81
NEW_RMT_3954_Type1_UVFast_Unequal1,21,10.0,10.0,1.0,2.6,100000,55261,846,846,846,0,0,0.846,0.846,0.846
NEW_RMT_3954_Type1_UVFast_Unequal1,21,10.0,10.0,1.0,2.8,100000,51853,920,920,920,0,0,0.92,0.92,0.92
NEW_RMT_3954_Type1_UVFast_Unequal1,21,10.0,10.0,1.0,3.0,100000,48898,987,987,987,0,0,0.987,0.987,0.987
NEW_RMT_3954_Type1_UVFast_Unequal1,21,10.0,10.0,1.0,3.2,100000,46233,1059,1059,1059,0,0,1.059,1.059,1.059
NEW_RMT_3954_Type1_UVFast_Unequal1,21,10.0,10.0,1.0,3.4,100000,43879,1098,1098,1098,0,0,1.098,1.098,1.098
NEW_RMT_3954_Type1_UVFast_Unequal1,21,10.0,10.0,1.0,3.6,100000,41674,1156,1156,1156,0,0,1.156,1.156,1.156
NEW_RMT_3954_Type1_UVFast_Unequal1,21,10.0,10.0,1.0,3.8,100000,39752,1166,1166,1166,0,0,1.166,1.166,1.166
NEW_RMT_3954_Type1_UVFast_Unequal1,21,10.0,10.0,1.0,4.0,100000,38013,1185,1185,1185,0,0,1.185,1.185,1.185
NEW_RMT_3954_Type1_UVFast_Unequal1,21,10.0,10.0,1.0,5.0,100000,31319,1298,1298,1298,0,0,1.298,1.298,1.298
NEW_RMT_3954_Type1_UVFast_Unequal1,21,10.0,10.0,1.0,6.0,100000,26971,1425,1425,1425,0,0,1.425,1.425,1.425
NEW_RMT_3954_Type1_UVFast_Unequal1,21,10.0,10.0,1.0,7.0,100000,23995,1470,1470,1470,0,0,1.47,1.47,1.47
NEW_RMT_3954_Type1_UVFast_Unequal1,21,10.0,10.0,1.0,8.0,100000,21713,1461,1461,1461,0,0,1.461,1.461,1.461
NEW_RMT_3954_Type1_UVFast_Unequal1,21,10.0,10.0,1.0,9.0,100000,19905,1475,1475,1475,0,0,1.475,1.475,1.475
NEW_RMT_3954_Type1_UVFast_Unequal1,21,10.0,10.0,1.0,10.0,100000,18489,1468,1468,1468,0,0,1.468,1.468,1.468
NEW_RMT_3954_Type1_UVFast_Unequal2,22,1.0,1.0,0.1,0.1,100000,100000,0,0,0,0,0,0.0,0.0,0.0
NEW_RMT_3954_Type1_UVFast_Unequal2,22,1.0,1.0,0.1,0.2,100000,100000,0,0,0,0,0,0.0,0.0,0.0
NEW_RMT_3954_Type1_UVFast_Unequal2,22,1.0,1.0,0.1,0.3,100000,100000,0,0,0,0,0,0.0,0.0,0.0
NEW_RMT_3954_Type1_UVFast_Unequal2,22,1.0,1.0,0.1,0.4,100000,99981,0,0,0,0,0,0.0,0.0,0.0
NEW_RMT_3954_Type1_UVFast_Unequal2,22,1.0,1.0,0.1,0.5,100000,99732,0,0,0,0,0,0.0,0.0,0.0
NEW_RMT_3954_Type1_UVFast_Unequal2,22,1.0,1.0,0.1,0.6,100000,98966,1,1,1,0,0,0.001,0.001,0.001
NEW_RMT_3954_Type1_UVFast_Unequal2,22,1.0,1.0,0.1,0.7,100000,97782,4,4,4,0,0,0.004,0.004,0.004
NEW_RMT_3954_Type1_UVFast_Unequal2,22,1.0,1.0,0.1,0.8,100000,96149,12,12,12,0,0,0.012,0.012,0.012
NEW_RMT_3954_Type1_UVFast_Unequal2,22,1.0,1.0,0.1,0.9,100000,94311,33,33,33,0,0,0.033,0.033,0.033
NEW_RMT_3954_Type1_UVFast_Unequal2,22,1.0,1.0,0.1,1.0,100000,92345,65,65,65,0,0,0.065,0.065,0.065
NEW_RMT_3954_Type1_UVFast_Unequal2,22,1.0,1.0,0.1,1.1,100000,90198,130,130,130,0,0,0.13,0.13,0.13
NEW_RMT_3954_Type1_UVFast_Unequal2,22,1.0,1.0,0.1,1.2,100000,88080,175,175,175,0,0,0.175,0.175,0.175
NEW_RMT_3954_Type1_UVFast_Unequal2,22,1.0,1.0,0.1,1.3,100000,85689,232,232,232,0,0,0.232,0.232,0.232
NEW_RMT_3954_Type1_UVFast_Unequal2,22,1.0,1.0,0.1,1.4,100000,83226,324,324,324,0,0,0.324,0.324,0.324
NEW_RMT_3954_Type1_UVFast_Unequal2,22,1.0,1.0,0.1,1.5,100000,80727,376,376,376,0,0,0.376,0.376,0.376
NEW_RMT_3954_Type1_UVFast_Unequal2,22,1.0,1.0,0.1,1.6,100000,78077,452,452,452,0,0,0.452,0.452,0.452
NEW_RMT_3954_Type1_UVFast_Unequal2,22,1.0,1.0,0.1,1.8,100000,72870,569,569,569,0,0,0.569,0.569,0.569
NEW_RMT_3954_Type1_UVFast_Unequal2,22,1.0,1.0,0.1,2.0,100000,67959,658,658,658,0,0,0.658,0.658,0.658
NEW_RMT_3954_Type1_UVFast_Unequal2,22,1.0,1.0,0.1,2.2,100000,63389,760,760,760,0,0,0.76,0.76,0.76
NEW_RMT_3954_Type1_UVFast_Unequal2,22,1.0,1.0,0.1,2.4,100000,59093,842,842,842,0,0,0.842,0.842,0.842
NEW_RMT_3954_Type1_UVFast_Unequal2,22,1.0,1.0,0.1,2.6,100000,55261,872,872,872,0,0,0.872,0.872,0.872
NEW_RMT_3954_Type1_UVFast_Unequal2,22,1.0,1.0,0.1,2.8,100000,51853,948,948,948,0,0,0.948,0.948,0.948
NEW_RMT_3954_Type1_UVFast_Unequal2,22,1.0,1.0,0.1,3.0,100000,48898,1018,1018,1018,0,0,1.018,1.018,1.018
NEW_RMT_3954_Type1_UVFast_Unequal2,22,1.0,1.0,0.1,3.2,100000,46233,1078,1078,1078,0,0,1.078,1.078,1.078
NEW_RMT_3954_Type1_UVFast_Unequal2,22,1.0,1.0,0.1,3.4,100000,43879,1119,1119,1119,0,0,1.119,1.119,1.119
NEW_RMT_3954_Type1_UVFast_Unequal2,22,1.0,1.0,0.1,3.6,100000,41674,1180,1180,1180,0,0,1.18,1.18,1.18
NEW_RMT_3954_Type1_UVFast_Unequal2,22,1.0,1.0,0.1,3.8,100000,39752,1183,1183,1183,0,0,1.183,1.183,1.183
NEW_RMT_3954_Type1_UVFast_Unequal2,22,1.0,1.0,0.1,4.0,100000,38013,1205,1205,1205,0,0,1.205,1.205,1.205
NEW_RMT_3954_Type1_UVFast_Unequal2,22,1.0,1.0,0.1,5.0,100000,31319,1315,1315,1315,0,0,1.315,1.315,1.315
NEW_RMT_3954_Type1_UVFast_Unequal2,22,1.0,1.0,0.1,6.0,100000,26971,1440,1440,1440,0,0,1.44,1.44,1.44
NEW_RMT_3954_Type1_UVFast_Unequal2,22,1.0,1.0,0.1,7.0,100000,23995,1479,1479,1479,0,0,1.479,1.479,1.479
NEW_RMT_3954_Type1_UVFast_Unequal2,22,1.0,1.0,0.1,8.0,100000,21713,1469,1469,1469,0,0,1.469,1.469,1.469
NEW_RMT_3954_Type1_UVFast_Unequal2,22,1.0,1.0,0.1,9.0,100000,19905,1481,1481,1481,0,0,1.481,1.481,1.481
NEW_RMT_3954_Type1_UVFast_Unequal2,22,1.0,1.0,0.1,10.0,100000,18489,1477,1477,1477,0,0,1.477,1.477,1.477
NEW_RMT_3954_Type1_UVFast_Unequal3,23,10.0,10.0,0.1,0.1,100000,100000,0,0,0,0,0,0.0,0.0,0.0
NEW_RMT_3954_Type1_UVFast_Unequal3,23,10.0,10.0,0.1,0.2,100000,100000,0,0,0,0,0,0.0,0.0,0.0
NEW_RMT_3954_Type1_UVFast_Unequal3,23,10.0,10.0,0.1,0.3,100000,100000,0,0,0,0,0,0.0,0.0,0.0
NEW_RMT_3954_Type1_UVFast_Unequal3,23,10.0,10.0,0.1,0.4,100000,99981,0,0,0,0,0,0.0,0.0,0.0
NEW_RMT_3954_Type1_UVFast_Unequal3,23,10.0,10.0,0.1,0.5,100000,99732,0,0,0,0,0,0.0,0.0,0.0
NEW_RMT_3954_Type1_UVFast_Unequal3,23,10.0,10.0,0.1,0.6,100000,98966,1,1,1,0,0,0.001,0.001,0.001
NEW_RMT_3954_Type1_UVFast_Unequal3,23,10.0,10.0,0.1,0.7,100000,97782,8,8,8,0,0,0.008,0.008,0.008
NEW_RMT_3954_Type1_UVFast_Unequal3,23,10.0,10.0,0.1,0.8,100000,96149,21,21,21,0,0,0.021,0.021,0.021
NEW_RMT_3954_Type1_UVFast_Unequal3,23,10.0,10.0,0.1,0.9,100000,94311,55,55,55,0,0,0.055,0.055,0.055
NEW_RMT_3954_Type1_UVFast_Unequal3,23,10.0,10.0,0.1,1.0,100000,92345,109,109,109,0,0,0.109,0.109,0.109
NEW_RMT_3954_Type1_UVFast_Unequal3,23,10.0,10.0,0.1,1.1,100000,90198,203,203,203,0,0,0.203,0.203,0.203
NEW_RMT_3954_Type1_UVFast_Unequal3,23,10.0,10.0,0.1,1.2,100000,88080,291,291,291,0,0,0.291,0.291,0.291
NEW_RMT_3954_Type1_UVFast_Unequal3,23,10.0,10.0,0.1,1.3,100000,85689,395,395,395,0,0,0.395,0.395,0.395
NEW_RMT_3954_Type1_UVFast_Unequal3,23,10.0,10.0,0.1,1.4,100000,83226,489,489,489,0,0,0.489,0.489,0.489
NEW_RMT_3954_Type1_UVFast_Unequal3,23,10.0,10.0,0.1,1.5,100000,80727,610,610,610,0,0,0.61,0.61,0.61
NEW_RMT_3954_Type1_UVFast_Unequal3,23,10.0,10.0,0.1,1.6,100000,78077,720,720,720,0,0,0.72,0.72,0.72
NEW_RMT_3954_Type1_UVFast_Unequal3,23,10.0,10.0,0.1,1.8,100000,72870,884,884,884,0,0,0.884,0.884,0.884
NEW_RMT_3954_Type1_UVFast_Unequal3,23,10.0,10.0,0.1,2.0,100000,67959,1037,1037,1037,0,0,1.037,1.037,1.037
NEW_RMT_3954_Type1_UVFast_Unequal3,23,10.0,10.0,0.1,2.2,100000,63389,1251,1251,1251,0,0,1.251,1.251,1.251
NEW_RMT_3954_Type1_UVFast_Unequal3,23,10.0,10.0,0.1,2.4,100000,59093,1371,1371,1371,0,0,1.371,1.371,1.371
NEW_RMT_3954_Type1_UVFast_Unequal3,23,10.0,10.0,0.1,2.6,100000,55261,1474,1474,1474,0,0,1.474,1.474,1.474
NEW_RMT_3954_Type1_UVFast_Unequal3,23,10.0,10.0,0.1,2.8,100000,51853,1595,1595,1595,0,0,1.595,1.595,1.595
NEW_RMT_3954_Type1_UVFast_Unequal3,23,10.0,10.0,0.1,3.0,100000,48898,1732,1732,1732,0,0,1.732,1.732,1.732
NEW_RMT_3954_Type1_UVFast_Unequal3,23,10.0,10.0,0.1,3.2,100000,46233,1822,1822,1822,0,0,1.822,1.822,1.822
NEW_RMT_3954_Type1_UVFast_Unequal3,23,10.0,10.0,0.1,3.4,100000,43879,1891,1891,1891,0,0,1.891,1.891,1.891
NEW_RMT_3954_Type1_UVFast_Unequal3,23,10.0,10.0,0.1,3.6,100000,41674,1967,1967,1967,0,0,1.967,1.967,1.967
NEW_RMT_3954_Type1_UVFast_Unequal3,23,10.0,10.0,0.1,3.8,100000,39752,2057,2057,2057,0,0,2.057,2.057,2.057
NEW_RMT_3954_Type1_UVFast_Unequal3,23,10.0,10.0,0.1,4.0,100000,38013,2120,2120,2120,0,0,2.12,2.12,2.12
NEW_RMT_3954_Type1_UVFast_Unequal3,23,10.0,10.0,0.1,5.0,100000,31319,2337,2337,2337,0,0,2.337,2.337,2.337
NEW_RMT_3954_Type1_UVFast_Unequal3,23,10.0,10.0,0.1,6.0,100000,26971,2604,2604,2604,0,0,2.604,2.604,2.604
NEW_RMT_3954_Type1_UVFast_Unequal3,23,10.0,10.0,0.1,7.0,100000,23995,2739,2739,2739,0,0,2.739,2.739,2.739
NEW_RMT_3954_Type1_UVFast_Unequal3,23,10.0,10.0,0.1,8.0,100000,21713,2792,2792,2792,0,0,2.792,2.792,2.792
NEW_RMT_3954_Type1_UVFast_Unequal3,23,10.0,10.0,0.1,9.0,100000,19905,2855,2855,2855,0,0,2.855,2.855,2.855
NEW_RMT_3954_Type1_UVFast_Unequal3,23,10.0,10.0,0.1,10.0,100000,18489,2930,2930,2930,0,0,2.93,2.93,2.93
NEW_RMT_3954_Type2_VFreeze_Equal1,24,1.0,0.0,1.0,0.1,100000,100000,0,0,0,0,0,0.0,0.0,0.0
NEW_RMT_3954_Type2_VFreeze_Equal1,24,1.0,0.0,1.0,0.2,100000,100000,0,0,0,0,0,0.0,0.0,0.0
NEW_RMT_3954_Type2_VFreeze_Equal1,24,1.0,0.0,1.0,0.3,100000,100000,0,0,0,0,0,0.0,0.0,0.0
NEW_RMT_3954_Type2_VFreeze_Equal1,24,1.0,0.0,1.0,0.4,100000,99981,0,0,0,0,0,0.0,0.0,0.0
NEW_RMT_3954_Type2_VFreeze_Equal1,24,1.0,0.0,1.0,0.5,100000,99732,0,0,0,0,0,0.0,0.0,0.0
NEW_RMT_3954_Type2_VFreeze_Equal1,24,1.0,0.0,1.0,0.6,100000,98966,0,0,0,0,0,0.0,0.0,0.0
NEW_RMT_3954_Type2_VFreeze_Equal1,24,1.0,0.0,1.0,0.7,100000,97782,2,2,2,0,0,0.002,0.002,0.002
NEW_RMT_3954_Type2_VFreeze_Equal1,24,1.0,0.0,1.0,0.8,100000,96149,3,3,3,0,0,0.003,0.003,0.003
NEW_RMT_3954_Type2_VFreeze_Equal1,24,1.0,0.0,1.0,0.9,100000,94311,12,12,12,0,0,0.012,0.012,0.012
NEW_RMT_3954_Type2_VFreeze_Equal1,24,1.0,0.0,1.0,1.0,100000,92345,23,23,23,0,0,0.023,0.023,0.023
NEW_RMT_3954_Type2_VFreeze_Equal1,24,1.0,0.0,1.0,1.1,100000,90198,39,39,39,0,0,0.039,0.039,0.039
NEW_RMT_3954_Type2_VFreeze_Equal1,24,1.0,0.0,1.0,1.2,100000,88080,46,46,46,0,0,0.046,0.046,0.046
NEW_RMT_3954_Type2_VFreeze_Equal1,24,1.0,0.0,1.0,1.3,100000,85689,32,32,32,0,0,0.032,0.032,0.032
NEW_RMT_3954_Type2_VFreeze_Equal1,24,1.0,0.0,1.0,1.4,100000,83226,52,52,52,0,0,0.052,0.052,0.052
NEW_RMT_3954_Type2_VFreeze_Equal1,24,1.0,0.0,1.0,1.5,100000,80727,48,48,48,0,0,0.048,0.048,0.048
NEW_RMT_3954_Type2_VFreeze_Equal1,24,1.0,0.0,1.0,1.6,100000,78077,63,63,63,0,0,0.063,0.063,0.063
NEW_RMT_3954_Type2_VFreeze_Equal1,24,1.0,0.0,1.0,1.8,100000,72870,62,62,62,0,0,0.062,0.062,0.062
NEW_RMT_3954_Type2_VFreeze_Equal1,24,1.0,0.0,1.0,2.0,100000,67959,61,61,61,0,0,0.061,0.061,0.061
NEW_RMT_3954_Type2_VFreeze_Equal1,24,1.0,0.0,1.0,2.2,100000,63389,60,60,60,0,0,0.06,0.06,0.06
NEW_RMT_3954_Type2_VFreeze_Equal1,24,1.0,0.0,1.0,2.4,100000,59093,50,50,50,0,0,0.05,0.05,0.05
NEW_RMT_3954_Type2_VFreeze_Equal1,24,1.0,0.0,1.0,2.6,100000,55261,44,44,44,0,0,0.044,0.044,0.044
NEW_RMT_3954_Type2_VFreeze_Equal1,24,1.0,0.0,1.0,2.8,100000,51853,38,38,38,0,0,0.038,0.038,0.038
NEW_RMT_3954_Type2_VFreeze_Equal1,24,1.0,0.0,1.0,3.0,100000,48898,39,39,39,0,0,0.039,0.039,0.039
NEW_RMT_3954_Type2_VFreeze_Equal1,24,1.0,0.0,1.0,3.2,100000,46233,40,40,40,0,0,0.04,0.04,0.04
NEW_RMT_3954_Type2_VFreeze_Equal1,24,1.0,0.0,1.0,3.4,100000,43879,25,25,25,0,0,0.025,0.025,0.025
NEW_RMT_3954_Type2_VFreeze_Equal1,24,1.0,0.0,1.0,3.6,100000,41674,27,27,27,0,0,0.027,0.027,0.027
NEW_RMT_3954_Type2_VFreeze_Equal1,24,1.0,0.0,1.0,3.8,100000,39752,22,22,22,0,0,0.022,0.022,0.022
NEW_RMT_3954_Type2_VFreeze_Equal1,24,1.0,0.0,1.0,4.0,100000,38013,17,17,17,0,0,0.017,0.017,0.017
NEW_RMT_3954_Type2_VFreeze_Equal1,24,1.0,0.0,1.0,5.0,100000,31319,11,11,11,0,0,0.011,0.011,0.011
NEW_RMT_3954_Type2_VFreeze_Equal1,24,1.0,0.0,1.0,6.0,100000,26971,7,7,7,0,0,0.007,0.007,0.007
NEW_RMT_3954_Type2_VFreeze_Equal1,24,1.0,0.0,1.0,7.0,100000,23995,5,5,5,0,0,0.005,0.005,0.005
NEW_RMT_3954_Type2_VFreeze_Equal1,24,1.0,0.0,1.0,8.0,100000,21713,1,1,1,0,0,0.001,0.001,0.001
NEW_RMT_3954_Type2_VFreeze_Equal1,24,1.0,0.0,1.0,9.0,100000,19905,1,1,1,0,0,0.001,0.001,0.001
NEW_RMT_3954_Type2_VFreeze_Equal1,24,1.0,0.0,1.0,10.0,100000,18489,1,1,1,0,0,0.001,0.001,0.001
NEW_RMT_3954_Type2_VFreeze_Equal2,25,0.1,0.0,0.1,0.1,100000,100000,0,0,0,0,0,0.0,0.0,0.0
NEW_RMT_3954_Type2_VFreeze_Equal2,25,0.1,0.0,0.1,0.2,100000,100000,0,0,0,0,0,0.0,0.0,0.0
NEW_RMT_3954_Type2_VFreeze_Equal2,25,0.1,0.0,0.1,0.3,100000,100000,0,0,0,0,0,0.0,0.0,0.0
NEW_RMT_3954_Type2_VFreeze_Equal2,25,0.1,0.0,0.1,0.4,100000,99981,0,0,0,0,0,0.0,0.0,0.0
NEW_RMT_3954_Type2_VFreeze_Equal2,25,0.1,0.0,0.1,0.5,100000,99732,0,0,0,0,0,0.0,0.0,0.0
NEW_RMT_3954_Type2_VFreeze_Equal2,25,0.1,0.0,0.1,0.6,100000,98966,0,0,0,0,0,0.0,0.0,0.0
NEW_RMT_3954_Type2_VFreeze_Equal2,25,0.1,0.0,0.1,0.7,100000,97782,2,2,2,0,0,0.002,0.002,0.002
NEW_RMT_3954_Type2_VFreeze_Equal2,25,0.1,0.0,0.1,0.8,100000,96149,3,3,3,0,0,0.003,0.003,0.003
NEW_RMT_3954_Type2_VFreeze_Equal2,25,0.1,0.0,0.1,0.9,100000,94311,12,12,12,0,0,0.012,0.012,0.012
NEW_RMT_3954_Type2_VFreeze_Equal2,25,0.1,0.0,0.1,1.0,100000,92345,24,24,24,0,0,0.024,0.024,0.024
NEW_RMT_3954_Type2_VFreeze_Equal2,25,0.1,0.0,0.1,1.1,100000,90198,39,39,39,0,0,0.039,0.039,0.039
NEW_RMT_3954_Type2_VFreeze_Equal2,25,0.1,0.0,0.1,1.2,100000,88080,46,46,46,0,0,0.046,0.046,0.046
NEW_RMT_3954_Type2_VFreeze_Equal2,25,0.1,0.0,0.1,1.3,100000,85689,33,33,33,0,0,0.033,0.033,0.033
NEW_RMT_3954_Type2_VFreeze_Equal2,25,0.1,0.0,0.1,1.4,100000,83226,54,54,54,0,0,0.054,0.054,0.054
NEW_RMT_3954_Type2_VFreeze_Equal2,25,0.1,0.0,0.1,1.5,100000,80727,48,48,48,0,0,0.048,0.048,0.048
NEW_RMT_3954_Type2_VFreeze_Equal2,25,0.1,0.0,0.1,1.6,100000,78077,64,64,64,0,0,0.064,0.064,0.064
NEW_RMT_3954_Type2_VFreeze_Equal2,25,0.1,0.0,0.1,1.8,100000,72870,64,64,64,0,0,0.064,0.064,0.064
NEW_RMT_3954_Type2_VFreeze_Equal2,25,0.1,0.0,0.1,2.0,100000,67959,62,62,62,0,0,0.062,0.062,0.062
NEW_RMT_3954_Type2_VFreeze_Equal2,25,0.1,0.0,0.1,2.2,100000,63389,60,60,60,0,0,0.06,0.06,0.06
NEW_RMT_3954_Type2_VFreeze_Equal2,25,0.1,0.0,0.1,2.4,100000,59093,51,51,51,0,0,0.051,0.051,0.051
NEW_RMT_3954_Type2_VFreeze_Equal2,25,0.1,0.0,0.1,2.6,100000,55261,45,45,45,0,0,0.045,0.045,0.045
NEW_RMT_3954_Type2_VFreeze_Equal2,25,0.1,0.0,0.1,2.8,100000,51853,41,41,41,0,0,0.041,0.041,0.041
NEW_RMT_3954_Type2_VFreeze_Equal2,25,0.1,0.0,0.1,3.0,100000,48898,39,39,39,0,0,0.039,0.039,0.039
NEW_RMT_3954_Type2_VFreeze_Equal2,25,0.1,0.0,0.1,3.2,100000,46233,41,41,41,0,0,0.041,0.041,0.041
NEW_RMT_3954_Type2_VFreeze_Equal2,25,0.1,0.0,0.1,3.4,100000,43879,25,25,25,0,0,0.025,0.025,0.025
NEW_RMT_3954_Type2_VFreeze_Equal2,25,0.1,0.0,0.1,3.6,100000,41674,27,27,27,0,0,0.027,0.027,0.027
NEW_RMT_3954_Type2_VFreeze_Equal2,25,0.1,0.0,0.1,3.8,100000,39752,22,22,22,0,0,0.022,0.022,0.022
NEW_RMT_3954_Type2_VFreeze_Equal2,25,0.1,0.0,0.1,4.0,100000,38013,17,17,17,0,0,0.017,0.017,0.017
NEW_RMT_3954_Type2_VFreeze_Equal2,25,0.1,0.0,0.1,5.0,100000,31319,11,11,11,0,0,0.011,0.011,0.011
NEW_RMT_3954_Type2_VFreeze_Equal2,25,0.1,0.0,0.1,6.0,100000,26971,8,8,8,0,0,0.008,0.008,0.008
NEW_RMT_3954_Type2_VFreeze_Equal2,25,0.1,0.0,0.1,7.0,100000,23995,6,6,6,0,0,0.006,0.006,0.006
NEW_RMT_3954_Type2_VFreeze_Equal2,25,0.1,0.0,0.1,8.0,100000,21713,1,1,1,0,0,0.001,0.001,0.001
NEW_RMT_3954_Type2_VFreeze_Equal2,25,0.1,0.0,0.1,9.0,100000,19905,1,1,1,0,0,0.001,0.001,0.001
NEW_RMT_3954_Type2_VFreeze_Equal2,25,0.1,0.0,0.1,10.0,100000,18489,1,1,1,0,0,0.001,0.001,0.001
NEW_RMT_3954_Type2_VFreeze_Equal3,26,10.0,0.0,10.0,0.1,100000,100000,0,0,0,0,0,0.0,0.0,0.0
NEW_RMT_3954_Type2_VFreeze_Equal3,26,10.0,0.0,10.0,0.2,100000,100000,0,0,0,0,0,0.0,0.0,0.0
NEW_RMT_3954_Type2_VFreeze_Equal3,26,10.0,0.0,10.0,0.3,100000,100000,0,0,0,0,0,0.0,0.0,0.0
NEW_RMT_3954_Type2_VFreeze_Equal3,26,10.0,0.0,10.0,0.4,100000,99981,0,0,0,0,0,0.0,0.0,0.0
NEW_RMT_3954_Type2_VFreeze_Equal3,26,10.0,0.0,10.0,0.5,100000,99732,0,0,0,0,0,0.0,0.0,0.0
NEW_RMT_3954_Type2_VFreeze_Equal3,26,10.0,0.0,10.0,0.6,100000,98966,0,0,0,0,0,0.0,0.0,0.0
NEW_RMT_3954_Type2_VFreeze_Equal3,26,10.0,0.0,10.0,0.7,100000,97782,2,2,2,0,0,0.002,0.002,0.002
NEW_RMT_3954_Type2_VFreeze_Equal3,26,10.0,0.0,10.0,0.8,100000,96149,2,2,2,0,0,0.002,0.002,0.002
NEW_RMT_3954_Type2_VFreeze_Equal3,26,10.0,0.0,10.0,0.9,100000,94311,10,10,10,0,0,0.01,0.01,0.01
NEW_RMT_3954_Type2_VFreeze_Equal3,26,10.0,0.0,10.0,1.0,100000,92345,22,22,22,0,0,0.022,0.022,0.022
NEW_RMT_3954_Type2_VFreeze_Equal3,26,10.0,0.0,10.0,1.1,100000,90198,30,30,30,0,0,0.03,0.03,0.03
NEW_RMT_3954_Type2_VFreeze_Equal3,26,10.0,0.0,10.0,1.2,100000,88080,43,43,43,0,0,0.043,0.043,0.043
NEW_RMT_3954_Type2_VFreeze_Equal3,26,10.0,0.0,10.0,1.3,100000,85689,30,30,30,0,0,0.03,0.03,0.03
NEW_RMT_3954_Type2_VFreeze_Equal3,26,10.0,0.0,10.0,1.4,100000,83226,50,50,50,0,0,0.05,0.05,0.05
NEW_RMT_3954_Type2_VFreeze_Equal3,26,10.0,0.0,10.0,1.5,100000,80727,43,43,43,0,0,0.043,0.043,0.043
NEW_RMT_3954_Type2_VFreeze_Equal3,26,10.0,0.0,10.0,1.6,100000,78077,60,60,60,0,0,0.06,0.06,0.06
NEW_RMT_3954_Type2_VFreeze_Equal3,26,10.0,0.0,10.0,1.8,100000,72870,54,54,54,0,0,0.054,0.054,0.054
NEW_RMT_3954_Type2_VFreeze_Equal3,26,10.0,0.0,10.0,2.0,100000,67959,55,55,55,0,0,0.055,0.055,0.055
NEW_RMT_3954_Type2_VFreeze_Equal3,26,10.0,0.0,10.0,2.2,100000,63389,57,57,57,0,0,0.057,0.057,0.057
NEW_RMT_3954_Type2_VFreeze_Equal3,26,10.0,0.0,10.0,2.4,100000,59093,47,47,47,0,0,0.047,0.047,0.047
NEW_RMT_3954_Type2_VFreeze_Equal3,26,10.0,0.0,10.0,2.6,100000,55261,38,38,38,0,0,0.038,0.038,0.038
NEW_RMT_3954_Type2_VFreeze_Equal3,26,10.0,0.0,10.0,2.8,100000,51853,38,38,38,0,0,0.038,0.038,0.038
NEW_RMT_3954_Type2_VFreeze_Equal3,26,10.0,0.0,10.0,3.0,100000,48898,37,37,37,0,0,0.037,0.037,0.037
NEW_RMT_3954_Type2_VFreeze_Equal3,26,10.0,0.0,10.0,3.2,100000,46233,37,37,37,0,0,0.037,0.037,0.037
NEW_RMT_3954_Type2_VFreeze_Equal3,26,10.0,0.0,10.0,3.4,100000,43879,23,23,23,0,0,0.023,0.023,0.023
NEW_RMT_3954_Type2_VFreeze_Equal3,26,10.0,0.0,10.0,3.6,100000,41674,24,24,24,0,0,0.024,0.024,0.024
NEW_RMT_3954_Type2_VFreeze_Equal3,26,10.0,0.0,10.0,3.8,100000,39752,21,21,21,0,0,0.021,0.021,0.021
NEW_RMT_3954_Type2_VFreeze_Equal3,26,10.0,0.0,10.0,4.0,100000,38013,15,15,15,0,0,0.015,0.015,0.015
NEW_RMT_3954_Type2_VFreeze_Equal3,26,10.0,0.0,10.0,5.0,100000,31319,9,9,9,0,0,0.009,0.009,0.009
NEW_RMT_3954_Type2_VFreeze_Equal3,26,10.0,0.0,10.0,6.0,100000,26971,7,7,7,0,0,0.007,0.007,0.007
NEW_RMT_3954_Type2_VFreeze_Equal3,26,10.0,0.0,10.0,7.0,100000,23995,4,4,4,0,0,0.004,0.004,0.004
NEW_RMT_3954_Type2_VFreeze_Equal3,26,10.0,0.0,10.0,8.0,100000,21713,1,1,1,0,0,0.001,0.001,0.001
NEW_RMT_3954_Type2_VFreeze_Equal3,26,10.0,0.0,10.0,9.0,100000,19905,1,1,1,0,0,0.001,0.001,0.001
NEW_RMT_3954_Type2_VFreeze_Equal3,26,10.0,0.0,10.0,10.0,100000,18489,1,1,1,0,0,0.001,0.001,0.001
NEW_RMT_3954_Type2_VFreeze_Unequal1,27,0.1,0.0,1.0,0.1,100000,100000,0,0,0,0,0,0.0,0.0,0.0
NEW_RMT_3954_Type2_VFreeze_Unequal1,27,0.1,0.0,1.0,0.2,100000,100000,0,0,0,0,0,0.0,0.0,0.0
NEW_RMT_3954_Type2_VFreeze_Unequal1,27,0.1,0.0,1.0,0.3,100000,100000,0,0,0,0,0,0.0,0.0,0.0
NEW_RMT_3954_Type2_VFreeze_Unequal1,27,0.1,0.0,1.0,0.4,100000,99981,0,0,0,0,0,0.0,0.0,0.0
NEW_RMT_3954_Type2_VFreeze_Unequal1,27,0.1,0.0,1.0,0.5,100000,99732,0,0,0,0,0,0.0,0.0,0.0
NEW_RMT_3954_Type2_VFreeze_Unequal1,27,0.1,0.0,1.0,0.6,100000,98966,0,0,0,0,0,0.0,0.0,0.0
NEW_RMT_3954_Type2_VFreeze_Unequal1,27,0.1,0.0,1.0,0.7,100000,97782,0,0,0,0,0,0.0,0.0,0.0
NEW_RMT_3954_Type2_VFreeze_Unequal1,27,0.1,0.0,1.0,0.8,100000,96149,0,0,0,0,0,0.0,0.0,0.0
NEW_RMT_3954_Type2_VFreeze_Unequal1,27,0.1,0.0,1.0,0.9,100000,94311,0,0,0,0,0,0.0,0.0,0.0
NEW_RMT_3954_Type2_VFreeze_Unequal1,27,0.1,0.0,1.0,1.0,100000,92345,0,0,0,0,0,0.0,0.0,0.0
NEW_RMT_3954_Type2_VFreeze_Unequal1,27,0.1,0.0,1.0,1.1,100000,90198,0,0,0,0,0,0.0,0.0,0.0
NEW_RMT_3954_Type2_VFreeze_Unequal1,27,0.1,0.0,1.0,1.2,100000,88080,0,0,0,0,0,0.0,0.0,0.0
NEW_RMT_3954_Type2_VFreeze_Unequal1,27,0.1,0.0,1.0,1.3,100000,85689,0,0,0,0,0,0.0,0.0,0.0
NEW_RMT_3954_Type2_VFreeze_Unequal1,27,0.1,0.0,1.0,1.4,100000,83226,0,0,0,0,0,0.0,0.0,0.0
NEW_RMT_3954_Type2_VFreeze_Unequal1,27,0.1,0.0,1.0,1.5,100000,80727,0,0,0,0,0,0.0,0.0,0.0
NEW_RMT_3954_Type2_VFreeze_Unequal1,27,0.1,0.0,1.0,1.6,100000,78077,0,0,0,0,0,0.0,0.0,0.0
NEW_RMT_3954_Type2_VFreeze_Unequal1,27,0.1,0.0,1.0,1.8,100000,72870,0,0,0,0,0,0.0,0.0,0.0
NEW_RMT_3954_Type2_VFreeze_Unequal1,27,0.1,0.0,1.0,2.0,100000,67959,0,1,0,0,1,0.0,0.001,0.0
NEW_RMT_3954_Type2_VFreeze_Unequal1,27,0.1,0.0,1.0,2.2,100000,63389,0,6,0,0,6,0.0,0.006,0.0
NEW_RMT_3954_Type2_VFreeze_Unequal1,27,0.1,0.0,1.0,2.4,100000,59093,0,14,0,0,14,0.0,0.014,0.0
NEW_RMT_3954_Type2_VFreeze_Unequal1,27,0.1,0.0,1.0,2.6,100000,55261,0,20,0,0,20,0.0,0.02,0.0
NEW_RMT_3954_Type2_VFreeze_Unequal1,27,0.1,0.0,1.0,2.8,100000,51853,0,21,0,0,21,0.0,0.021,0.0
NEW_RMT_3954_Type2_VFreeze_Unequal1,27,0.1,0.0,1.0,3.0,100000,48898,0,45,0,0,45,0.0,0.045,0.0
NEW_RMT_3954_Type2_VFreeze_Unequal1,27,0.1,0.0,1.0,3.2,100000,46233,0,62,0,0,62,0.0,0.062,0.0
NEW_RMT_3954_Type2_VFreeze_Unequal1,27,0.1,0.0,1.0,3.4,100000,43879,0,73,0,0,73,0.0,0.073,0.0
NEW_RMT_3954_Type2_VFreeze_Unequal1,27,0.1,0.0,1.0,3.6,100000,41674,0,117,0,0,117,0.0,0.117,0.0
NEW_RMT_3954_Type2_VFreeze_Unequal1,27,0.1,0.0,1.0,3.8,100000,39752,0,154,0,0,154,0.0,0.154,0.0
NEW_RMT_3954_Type2_VFreeze_Unequal1,27,0.1,0.0,1.0,4.0,100000,38013,0,203,0,0,203,0.0,0.203,0.0
NEW_RMT_3954_Type2_VFreeze_Unequal1,27,0.1,0.0,1.0,5.0,100000,31319,0,387,0,0,387,0.0,0.387,0.0
NEW_RMT_3954_Type2_VFreeze_Unequal1,27,0.1,0.0,1.0,6.0,100000,26971,0,625,0,0,625,0.0,0.625,0.0
NEW_RMT_3954_Type2_VFreeze_Unequal1,27,0.1,0.0,1.0,7.0,100000,23995,0,848,0,0,848,0.0,0.848,0.0
NEW_RMT_3954_Type2_VFreeze_Unequal1,27,0.1,0.0,1.0,8.0,100000,21713,0,1004,0,0,1004,0.0,1.004,0.0
NEW_RMT_3954_Type2_VFreeze_Unequal1,27,0.1,0.0,1.0,9.0,100000,19905,0,1102,0,0,1102,0.0,1.102,0.0
NEW_RMT_3954_Type2_VFreeze_Unequal1,27,0.1,0.0,1.0,10.0,100000,18489,0,1184,0,0,1184,0.0,1.184,0.0
NEW_RMT_3954_Type2_VFreeze_Unequal2,28,1.0,0.0,0.1,0.1,100000,100000,0,0,0,0,0,0.0,0.0,0.0
NEW_RMT_3954_Type2_VFreeze_Unequal2,28,1.0,0.0,0.1,0.2,100000,100000,0,0,0,0,0,0.0,0.0,0.0
NEW_RMT_3954_Type2_VFreeze_Unequal2,28,1.0,0.0,0.1,0.3,100000,100000,0,0,0,0,0,0.0,0.0,0.0
NEW_RMT_3954_Type2_VFreeze_Unequal2,28,1.0,0.0,0.1,0.4,100000,99981,2,2,2,0,0,0.002,0.002,0.002
NEW_RMT_3954_Type2_VFreeze_Unequal2,28,1.0,0.0,0.1,0.5,100000,99732,35,35,35,0,0,0.035,0.035,0.035
NEW_RMT_3954_Type2_VFreeze_Unequal2,28,1.0,0.0,0.1,0.6,100000,98966,181,181,181,0,0,0.181,0.181,0.181
NEW_RMT_3954_Type2_VFreeze_Unequal2,28,1.0,0.0,0.1,0.7,100000,97782,523,523,523,0,0,0.523,0.523,0.523
NEW_RMT_3954_Type2_VFreeze_Unequal2,28,1.0,0.0,0.1,0.8,100000,96149,1213,1213,1213,0,0,1.213,1.213,1.213
NEW_RMT_3954_Type2_VFreeze_Unequal2,28,1.0,0.0,0.1,0.9,100000,94311,2191,2191,2191,0,0,2.191,2.191,2.191
NEW_RMT_3954_Type2_VFreeze_Unequal2,28,1.0,0.0,0.1,1.0,100000,92345,3262,3262,3262,0,0,3.262,3.262,3.262
NEW_RMT_3954_Type2_VFreeze_Unequal2,28,1.0,0.0,0.1,1.1,100000,90198,4274,4274,4274,0,0,4.274,4.274,4.274
NEW_RMT_3954_Type2_VFreeze_Unequal2,28,1.0,0.0,0.1,1.2,100000,88080,5417,5417,5417,0,0,5.417,5.417,5.417
NEW_RMT_3954_Type2_VFreeze_Unequal2,28,1.0,0.0,0.1,1.3,100000,85689,6257,6257,6257,0,0,6.257,6.257,6.257
NEW_RMT_3954_Type2_VFreeze_Unequal2,28,1.0,0.0,0.1,1.4,100000,83226,7090,7090,7090,0,0,7.09,7.09,7.09
NEW_RMT_3954_Type2_VFreeze_Unequal2,28,1.0,0.0,0.1,1.5,100000,80727,7683,7683,7683,0,0,7.683,7.683,7.683
NEW_RMT_3954_Type2_VFreeze_Unequal2,28,1.0,0.0,0.1,1.6,100000,78077,8138,8138,8138,0,0,8.138,8.138,8.138
NEW_RMT_3954_Type2_VFreeze_Unequal2,28,1.0,0.0,0.1,1.8,100000,72870,8854,8854,8854,0,0,8.854,8.854,8.854
NEW_RMT_3954_Type2_VFreeze_Unequal2,28,1.0,0.0,0.1,2.0,100000,67959,9227,9227,9227,0,0,9.227,9.227,9.227
NEW_RMT_3954_Type2_VFreeze_Unequal2,28,1.0,0.0,0.1,2.2,100000,63389,9338,9338,9338,0,0,9.338,9.338,9.338
NEW_RMT_3954_Type2_VFreeze_Unequal2,28,1.0,0.0,0.1,2.4,100000,59093,9274,9274,9274,0,0,9.274,9.274,9.274
NEW_RMT_3954_Type2_VFreeze_Unequal2,28,1.0,0.0,0.1,2.6,100000,55261,9191,9191,9191,0,0,9.191,9.191,9.191
NEW_RMT_3954_Type2_VFreeze_Unequal2,28,1.0,0.0,0.1,2.8,100000,51853,9107,9107,9107,0,0,9.107,9.107,9.107
NEW_RMT_3954_Type2_VFreeze_Unequal2,28,1.0,0.0,0.1,3.0,100000,48898,8982,8982,8982,0,0,8.982,8.982,8.982
NEW_RMT_3954_Type2_VFreeze_Unequal2,28,1.0,0.0,0.1,3.2,100000,46233,8914,8914,8914,0,0,8.914,8.914,8.914
NEW_RMT_3954_Type2_VFreeze_Unequal2,28,1.0,0.0,0.1,3.4,100000,43879,8726,8726,8726,0,0,8.726,8.726,8.726
NEW_RMT_3954_Type2_VFreeze_Unequal2,28,1.0,0.0,0.1,3.6,100000,41674,8526,8526,8526,0,0,8.526,8.526,8.526
NEW_RMT_3954_Type2_VFreeze_Unequal2,28,1.0,0.0,0.1,3.8,100000,39752,8371,8371,8371,0,0,8.371,8.371,8.371
NEW_RMT_3954_Type2_VFreeze_Unequal2,28,1.0,0.0,0.1,4.0,100000,38013,8182,8182,8182,0,0,8.182,8.182,8.182
NEW_RMT_3954_Type2_VFreeze_Unequal2,28,1.0,0.0,0.1,5.0,100000,31319,7314,7314,7314,0,0,7.314,7.314,7.314
NEW_RMT_3954_Type2_VFreeze_Unequal2,28,1.0,0.0,0.1,6.0,100000,26971,6794,6794,6794,0,0,6.794,6.794,6.794
NEW_RMT_3954_Type2_VFreeze_Unequal2,28,1.0,0.0,0.1,7.0,100000,23995,6289,6289,6289,0,0,6.289,6.289,6.289
NEW_RMT_3954_Type2_VFreeze_Unequal2,28,1.0,0.0,0.1,8.0,100000,21713,5887,5887,5887,0,0,5.887,5.887,5.887
NEW_RMT_3954_Type2_VFreeze_Unequal2,28,1.0,0.0,0.1,9.0,100000,19905,5566,5566,5566,0,0,5.566,5.566,5.566
NEW_RMT_3954_Type2_VFreeze_Unequal2,28,1.0,0.0,0.1,10.0,100000,18489,5298,5298,5295,3,0,5.298,5.298,5.295
NEW_RMT_3954_Type2_VFreeze_Unequal3,29,0.1,0.0,10.0,0.1,100000,100000,0,0,0,0,0,0.0,0.0,0.0
NEW_RMT_3954_Type2_VFreeze_Unequal3,29,0.1,0.0,10.0,0.2,100000,100000,0,0,0,0,0,0.0,0.0,0.0
NEW_RMT_3954_Type2_VFreeze_Unequal3,29,0.1,0.0,10.0,0.3,100000,100000,0,0,0,0,0,0.0,0.0,0.0
NEW_RMT_3954_Type2_VFreeze_Unequal3,29,0.1,0.0,10.0,0.4,100000,99981,0,0,0,0,0,0.0,0.0,0.0
NEW_RMT_3954_Type2_VFreeze_Unequal3,29,0.1,0.0,10.0,0.5,100000,99732,0,0,0,0,0,0.0,0.0,0.0
NEW_RMT_3954_Type2_VFreeze_Unequal3,29,0.1,0.0,10.0,0.6,100000,98966,0,0,0,0,0,0.0,0.0,0.0
NEW_RMT_3954_Type2_VFreeze_Unequal3,29,0.1,0.0,10.0,0.7,100000,97782,0,0,0,0,0,0.0,0.0,0.0
NEW_RMT_3954_Type2_VFreeze_Unequal3,29,0.1,0.0,10.0,0.8,100000,96149,0,0,0,0,0,0.0,0.0,0.0
NEW_RMT_3954_Type2_VFreeze_Unequal3,29,0.1,0.0,10.0,0.9,100000,94311,0,0,0,0,0,0.0,0.0,0.0
NEW_RMT_3954_Type2_VFreeze_Unequal3,29,0.1,0.0,10.0,1.0,100000,92345,0,0,0,0,0,0.0,0.0,0.0
NEW_RMT_3954_Type2_VFreeze_Unequal3,29,0.1,0.0,10.0,1.1,100000,90198,0,0,0,0,0,0.0,0.0,0.0
NEW_RMT_3954_Type2_VFreeze_Unequal3,29,0.1,0.0,10.0,1.2,100000,88080,0,0,0,0,0,0.0,0.0,0.0
NEW_RMT_3954_Type2_VFreeze_Unequal3,29,0.1,0.0,10.0,1.3,100000,85689,0,0,0,0,0,0.0,0.0,0.0
NEW_RMT_3954_Type2_VFreeze_Unequal3,29,0.1,0.0,10.0,1.4,100000,83226,0,0,0,0,0,0.0,0.0,0.0
NEW_RMT_3954_Type2_VFreeze_Unequal3,29,0.1,0.0,10.0,1.5,100000,80727,0,0,0,0,0,0.0,0.0,0.0
NEW_RMT_3954_Type2_VFreeze_Unequal3,29,0.1,0.0,10.0,1.6,100000,78077,0,0,0,0,0,0.0,0.0,0.0
NEW_RMT_3954_Type2_VFreeze_Unequal3,29,0.1,0.0,10.0,1.8,100000,72870,0,1,0,0,1,0.0,0.001,0.0
NEW_RMT_3954_Type2_VFreeze_Unequal3,29,0.1,0.0,10.0,2.0,100000,67959,0,7,0,0,7,0.0,0.007,0.0
NEW_RMT_3954_Type2_VFreeze_Unequal3,29,0.1,0.0,10.0,2.2,100000,63389,0,21,0,0,21,0.0,0.021,0.0
NEW_RMT_3954_Type2_VFreeze_Unequal3,29,0.1,0.0,10.0,2.4,100000,59093,0,44,0,0,44,0.0,0.044,0.0
NEW_RMT_3954_Type2_VFreeze_Unequal3,29,0.1,0.0,10.0,2.6,100000,55261,0,50,0,0,50,0.0,0.05,0.0
NEW_RMT_3954_Type2_VFreeze_Unequal3,29,0.1,0.0,10.0,2.8,100000,51853,0,73,0,0,73,0.0,0.073,0.0
NEW_RMT_3954_Type2_VFreeze_Unequal3,29,0.1,0.0,10.0,3.0,100000,48898,0,125,0,0,125,0.0,0.125,0.0
NEW_RMT_3954_Type2_VFreeze_Unequal3,29,0.1,0.0,10.0,3.2,100000,46233,0,168,0,0,168,0.0,0.168,0.0
NEW_RMT_3954_Type2_VFreeze_Unequal3,29,0.1,0.0,10.0,3.4,100000,43879,0,219,0,0,219,0.0,0.219,0.0
NEW_RMT_3954_Type2_VFreeze_Unequal3,29,0.1,0.0,10.0,3.6,100000,41674,0,314,0,0,314,0.0,0.314,0.0
NEW_RMT_3954_Type2_VFreeze_Unequal3,29,0.1,0.0,10.0,3.8,100000,39752,0,393,0,0,393,0.0,0.393,0.0
NEW_RMT_3954_Type2_VFreeze_Unequal3,29,0.1,0.0,10.0,4.0,100000,38013,0,452,0,0,452,0.0,0.452,0.0
NEW_RMT_3954_Type2_VFreeze_Unequal3,29,0.1,0.0,10.0,5.0,100000,31319,0,876,0,0,876,0.0,0.876,0.0
NEW_RMT_3954_Type2_VFreeze_Unequal3,29,0.1,0.0,10.0,6.0,100000,26971,0,1248,0,0,1248,0.0,1.248,0.0
NEW_RMT_3954_Type2_VFreeze_Unequal3,29,0.1,0.0,10.0,7.0,100000,23995,0,1619,0,0,1619,0.0,1.619,0.0
NEW_RMT_3954_Type2_VFreeze_Unequal3,29,0.1,0.0,10.0,8.0,100000,21713,0,1869,0,0,1869,0.0,1.869,0.0
NEW_RMT_3954_Type2_VFreeze_Unequal3,29,0.1,0.0,10.0,9.0,100000,19905,0,2029,0,0,2029,0.0,2.029,0.0
NEW_RMT_3954_Type2_VFreeze_Unequal3,29,0.1,0.0,10.0,10.0,100000,18489,0,2235,0,0,2235,0.0,2.235,0.0
NEW_RMT_3954_Type2_VFreeze_Unequal4,30,10.0,0.0,0.1,0.1,100000,100000,0,0,0,0,0,0.0,0.0,0.0
NEW_RMT_3954_Type2_VFreeze_Unequal4,30,10.0,0.0,0.1,0.2,100000,100000,0,0,0,0,0,0.0,0.0,0.0
NEW_RMT_3954_Type2_VFreeze_Unequal4,30,10.0,0.0,0.1,0.3,100000,100000,0,0,0,0,0,0.0,0.0,0.0
NEW_RMT_3954_Type2_VFreeze_Unequal4,30,10.0,0.0,0.1,0.4,100000,99981,18,18,18,0,0,0.018,0.018,0.018
NEW_RMT_3954_Type2_VFreeze_Unequal4,30,10.0,0.0,0.1,0.5,100000,99732,199,199,199,0,0,0.199,0.199,0.199
NEW_RMT_3954_Type2_VFreeze_Unequal4,30,10.0,0.0,0.1,0.6,100000,98966,756,756,756,0,0,0.756,0.756,0.756
NEW_RMT_3954_Type2_VFreeze_Unequal4,30,10.0,0.0,0.1,0.7,100000,97782,2063,2063,2063,0,0,2.063,2.063,2.063
NEW_RMT_3954_Type2_VFreeze_Unequal4,30,10.0,0.0,0.1,0.8,100000,96149,3979,3979,3979,0,0,3.979,3.979,3.979
NEW_RMT_3954_Type2_VFreeze_Unequal4,30,10.0,0.0,0.1,0.9,100000,94311,6435,6435,6435,0,0,6.435,6.435,6.435
NEW_RMT_3954_Type2_VFreeze_Unequal4,30,10.0,0.0,0.1,1.0,100000,92345,8807,8807,8807,0,0,8.807,8.807,8.807
NEW_RMT_3954_Type2_VFreeze_Unequal4,30,10.0,0.0,0.1,1.1,100000,90198,11076,11076,11076,0,0,11.076,11.076,11.076
NEW_RMT_3954_Type2_VFreeze_Unequal4,30,10.0,0.0,0.1,1.2,100000,88080,13337,13337,13337,0,0,13.337,13.337,13.337
NEW_RMT_3954_Type2_VFreeze_Unequal4,30,10.0,0.0,0.1,1.3,100000,85689,15173,15173,15173,0,0,15.173,15.173,15.173
NEW_RMT_3954_Type2_VFreeze_Unequal4,30,10.0,0.0,0.1,1.4,100000,83226,16813,16813,16813,0,0,16.813,16.813,16.813
NEW_RMT_3954_Type2_VFreeze_Unequal4,30,10.0,0.0,0.1,1.5,100000,80727,18077,18077,18077,0,0,18.077,18.077,18.077
NEW_RMT_3954_Type2_VFreeze_Unequal4,30,10.0,0.0,0.1,1.6,100000,78077,19021,19021,19021,0,0,19.021,19.021,19.021
NEW_RMT_3954_Type2_VFreeze_Unequal4,30,10.0,0.0,0.1,1.8,100000,72870,20274,20274,20274,0,0,20.274,20.274,20.274
NEW_RMT_3954_Type2_VFreeze_Unequal4,30,10.0,0.0,0.1,2.0,100000,67959,21052,21052,21052,0,0,21.052,21.052,21.052
NEW_RMT_3954_Type2_VFreeze_Unequal4,30,10.0,0.0,0.1,2.2,100000,63389,21420,21420,21420,0,0,21.42,21.42,21.42
NEW_RMT_3954_Type2_VFreeze_Unequal4,30,10.0,0.0,0.1,2.4,100000,59093,21322,21322,21322,0,0,21.322,21.322,21.322
NEW_RMT_3954_Type2_VFreeze_Unequal4,30,10.0,0.0,0.1,2.6,100000,55261,20979,20979,20979,0,0,20.979,20.979,20.979
NEW_RMT_3954_Type2_VFreeze_Unequal4,30,10.0,0.0,0.1,2.8,100000,51853,20644,20644,20644,0,0,20.644,20.644,20.644
NEW_RMT_3954_Type2_VFreeze_Unequal4,30,10.0,0.0,0.1,3.0,100000,48898,20410,20410,20410,0,0,20.41,20.41,20.41
NEW_RMT_3954_Type2_VFreeze_Unequal4,30,10.0,0.0,0.1,3.2,100000,46233,20008,20008,20008,0,0,20.008,20.008,20.008
NEW_RMT_3954_Type2_VFreeze_Unequal4,30,10.0,0.0,0.1,3.4,100000,43879,19611,19611,19611,0,0,19.611,19.611,19.611
NEW_RMT_3954_Type2_VFreeze_Unequal4,30,10.0,0.0,0.1,3.6,100000,41674,19198,19198,19198,0,0,19.198,19.198,19.198
NEW_RMT_3954_Type2_VFreeze_Unequal4,30,10.0,0.0,0.1,3.8,100000,39752,18756,18756,18756,0,0,18.756,18.756,18.756
NEW_RMT_3954_Type2_VFreeze_Unequal4,30,10.0,0.0,0.1,4.0,100000,38013,18355,18355,18355,0,0,18.355,18.355,18.355
NEW_RMT_3954_Type2_VFreeze_Unequal4,30,10.0,0.0,0.1,5.0,100000,31319,16677,16677,16677,0,0,16.677,16.677,16.677
NEW_RMT_3954_Type2_VFreeze_Unequal4,30,10.0,0.0,0.1,6.0,100000,26971,15313,15313,15313,0,0,15.313,15.313,15.313
NEW_RMT_3954_Type2_VFreeze_Unequal4,30,10.0,0.0,0.1,7.0,100000,23995,14283,14283,14283,0,0,14.283,14.283,14.283
NEW_RMT_3954_Type2_VFreeze_Unequal4,30,10.0,0.0,0.1,8.0,100000,21713,13392,13392,13392,0,0,13.392,13.392,13.392
NEW_RMT_3954_Type2_VFreeze_Unequal4,30,10.0,0.0,0.1,9.0,100000,19905,12642,12642,12640,2,0,12.642,12.642,12.64
NEW_RMT_3954_Type2_VFreeze_Unequal4,30,10.0,0.0,0.1,10.0,100000,18489,12040,12040,12034,6,0,12.04,12.04,12.034
NEW_RMT_3954_Type2_VFreeze_Unequal5,31,1.0,0.0,10.0,0.1,100000,100000,0,0,0,0,0,0.0,0.0,0.0
NEW_RMT_3954_Type2_VFreeze_Unequal5,31,1.0,0.0,10.0,0.2,100000,100000,0,0,0,0,0,0.0,0.0,0.0
NEW_RMT_3954_Type2_VFreeze_Unequal5,31,1.0,0.0,10.0,0.3,100000,100000,0,0,0,0,0,0.0,0.0,0.0
NEW_RMT_3954_Type2_VFreeze_Unequal5,31,1.0,0.0,10.0,0.4,100000,99981,0,0,0,0,0,0.0,0.0,0.0
NEW_RMT_3954_Type2_VFreeze_Unequal5,31,1.0,0.0,10.0,0.5,100000,99732,0,0,0,0,0,0.0,0.0,0.0
NEW_RMT_3954_Type2_VFreeze_Unequal5,31,1.0,0.0,10.0,0.6,100000,98966,0,0,0,0,0,0.0,0.0,0.0
NEW_RMT_3954_Type2_VFreeze_Unequal5,31,1.0,0.0,10.0,0.7,100000,97782,0,0,0,0,0,0.0,0.0,0.0
NEW_RMT_3954_Type2_VFreeze_Unequal5,31,1.0,0.0,10.0,0.8,100000,96149,0,0,0,0,0,0.0,0.0,0.0
NEW_RMT_3954_Type2_VFreeze_Unequal5,31,1.0,0.0,10.0,0.9,100000,94311,0,0,0,0,0,0.0,0.0,0.0
NEW_RMT_3954_Type2_VFreeze_Unequal5,31,1.0,0.0,10.0,1.0,100000,92345,0,0,0,0,0,0.0,0.0,0.0
NEW_RMT_3954_Type2_VFreeze_Unequal5,31,1.0,0.0,10.0,1.1,100000,90198,0,0,0,0,0,0.0,0.0,0.0
NEW_RMT_3954_Type2_VFreeze_Unequal5,31,1.0,0.0,10.0,1.2,100000,88080,0,0,0,0,0,0.0,0.0,0.0
NEW_RMT_3954_Type2_VFreeze_Unequal5,31,1.0,0.0,10.0,1.3,100000,85689,0,0,0,0,0,0.0,0.0,0.0
NEW_RMT_3954_Type2_VFreeze_Unequal5,31,1.0,0.0,10.0,1.4,100000,83226,0,0,0,0,0,0.0,0.0,0.0
NEW_RMT_3954_Type2_VFreeze_Unequal5,31,1.0,0.0,10.0,1.5,100000,80727,0,0,0,0,0,0.0,0.0,0.0
NEW_RMT_3954_Type2_VFreeze_Unequal5,31,1.0,0.0,10.0,1.6,100000,78077,0,0,0,0,0,0.0,0.0,0.0
NEW_RMT_3954_Type2_VFreeze_Unequal5,31,1.0,0.0,10.0,1.8,100000,72870,0,0,0,0,0,0.0,0.0,0.0
NEW_RMT_3954_Type2_VFreeze_Unequal5,31,1.0,0.0,10.0,2.0,100000,67959,0,1,0,0,1,0.0,0.001,0.0
NEW_RMT_3954_Type2_VFreeze_Unequal5,31,1.0,0.0,10.0,2.2,100000,63389,0,6,0,0,6,0.0,0.006,0.0
NEW_RMT_3954_Type2_VFreeze_Unequal5,31,1.0,0.0,10.0,2.4,100000,59093,0,13,0,0,13,0.0,0.013,0.0
NEW_RMT_3954_Type2_VFreeze_Unequal5,31,1.0,0.0,10.0,2.6,100000,55261,0,19,0,0,19,0.0,0.019,0.0
NEW_RMT_3954_Type2_VFreeze_Unequal5,31,1.0,0.0,10.0,2.8,100000,51853,0,18,0,0,18,0.0,0.018,0.0
NEW_RMT_3954_Type2_VFreeze_Unequal5,31,1.0,0.0,10.0,3.0,100000,48898,0,43,0,0,43,0.0,0.043,0.0
NEW_RMT_3954_Type2_VFreeze_Unequal5,31,1.0,0.0,10.0,3.2,100000,46233,0,62,0,0,62,0.0,0.062,0.0
NEW_RMT_3954_Type2_VFreeze_Unequal5,31,1.0,0.0,10.0,3.4,100000,43879,0,70,0,0,70,0.0,0.07,0.0
NEW_RMT_3954_Type2_VFreeze_Unequal5,31,1.0,0.0,10.0,3.6,100000,41674,0,114,0,0,114,0.0,0.114,0.0
NEW_RMT_3954_Type2_VFreeze_Unequal5,31,1.0,0.0,10.0,3.8,100000,39752,0,154,0,0,154,0.0,0.154,0.0
NEW_RMT_3954_Type2_VFreeze_Unequal5,31,1.0,0.0,10.0,4.0,100000,38013,0,198,0,0,198,0.0,0.198,0.0
NEW_RMT_3954_Type2_VFreeze_Unequal5,31,1.0,0.0,10.0,5.0,100000,31319,0,380,0,0,380,0.0,0.38,0.0
NEW_RMT_3954_Type2_VFreeze_Unequal5,31,1.0,0.0,10.0,6.0,100000,26971,0,621,0,0,621,0.0,0.621,0.0
NEW_RMT_3954_Type2_VFreeze_Unequal5,31,1.0,0.0,10.0,7.0,100000,23995,0,841,0,0,841,0.0,0.841,0.0
NEW_RMT_3954_Type2_VFreeze_Unequal5,31,1.0,0.0,10.0,8.0,100000,21713,0,995,0,0,995,0.0,0.995,0.0
NEW_RMT_3954_Type2_VFreeze_Unequal5,31,1.0,0.0,10.0,9.0,100000,19905,0,1098,0,0,1098,0.0,1.098,0.0
NEW_RMT_3954_Type2_VFreeze_Unequal5,31,1.0,0.0,10.0,10.0,100000,18489,0,1181,0,0,1181,0.0,1.181,0.0
NEW_RMT_3954_Type2_VFreeze_Unequal6,32,10.0,0.0,1.0,0.1,100000,100000,0,0,0,0,0,0.0,0.0,0.0
NEW_RMT_3954_Type2_VFreeze_Unequal6,32,10.0,0.0,1.0,0.2,100000,100000,0,0,0,0,0,0.0,0.0,0.0
NEW_RMT_3954_Type2_VFreeze_Unequal6,32,10.0,0.0,1.0,0.3,100000,100000,0,0,0,0,0,0.0,0.0,0.0
NEW_RMT_3954_Type2_VFreeze_Unequal6,32,10.0,0.0,1.0,0.4,100000,99981,2,2,2,0,0,0.002,0.002,0.002
NEW_RMT_3954_Type2_VFreeze_Unequal6,32,10.0,0.0,1.0,0.5,100000,99732,34,34,34,0,0,0.034,0.034,0.034
NEW_RMT_3954_Type2_VFreeze_Unequal6,32,10.0,0.0,1.0,0.6,100000,98966,178,178,178,0,0,0.178,0.178,0.178
NEW_RMT_3954_Type2_VFreeze_Unequal6,32,10.0,0.0,1.0,0.7,100000,97782,517,517,517,0,0,0.517,0.517,0.517
NEW_RMT_3954_Type2_VFreeze_Unequal6,32,10.0,0.0,1.0,0.8,100000,96149,1204,1204,1204,0,0,1.204,1.204,1.204
NEW_RMT_3954_Type2_VFreeze_Unequal6,32,10.0,0.0,1.0,0.9,100000,94311,2183,2183,2183,0,0,2.183,2.183,2.183
NEW_RMT_3954_Type2_VFreeze_Unequal6,32,10.0,0.0,1.0,1.0,100000,92345,3239,3239,3239,0,0,3.239,3.239,3.239
NEW_RMT_3954_Type2_VFreeze_Unequal6,32,10.0,0.0,1.0,1.1,100000,90198,4250,4250,4250,0,0,4.25,4.25,4.25
NEW_RMT_3954_Type2_VFreeze_Unequal6,32,10.0,0.0,1.0,1.2,100000,88080,5393,5393,5393,0,0,5.393,5.393,5.393
NEW_RMT_3954_Type2_VFreeze_Unequal6,32,10.0,0.0,1.0,1.3,100000,85689,6234,6234,6234,0,0,6.234,6.234,6.234
NEW_RMT_3954_Type2_VFreeze_Unequal6,32,10.0,0.0,1.0,1.4,100000,83226,7054,7054,7054,0,0,7.054,7.054,7.054
NEW_RMT_3954_Type2_VFreeze_Unequal6,32,10.0,0.0,1.0,1.5,100000,80727,7656,7656,7656,0,0,7.656,7.656,7.656
NEW_RMT_3954_Type2_VFreeze_Unequal6,32,10.0,0.0,1.0,1.6,100000,78077,8114,8114,8114,0,0,8.114,8.114,8.114
NEW_RMT_3954_Type2_VFreeze_Unequal6,32,10.0,0.0,1.0,1.8,100000,72870,8831,8831,8831,0,0,8.831,8.831,8.831
NEW_RMT_3954_Type2_VFreeze_Unequal6,32,10.0,0.0,1.0,2.0,100000,67959,9202,9202,9202,0,0,9.202,9.202,9.202
NEW_RMT_3954_Type2_VFreeze_Unequal6,32,10.0,0.0,1.0,2.2,100000,63389,9311,9311,9311,0,0,9.311,9.311,9.311
NEW_RMT_3954_Type2_VFreeze_Unequal6,32,10.0,0.0,1.0,2.4,100000,59093,9261,9261,9261,0,0,9.261,9.261,9.261
NEW_RMT_3954_Type2_VFreeze_Unequal6,32,10.0,0.0,1.0,2.6,100000,55261,9179,9179,9179,0,0,9.179,9.179,9.179
NEW_RMT_3954_Type2_VFreeze_Unequal6,32,10.0,0.0,1.0,2.8,100000,51853,9098,9098,9098,0,0,9.098,9.098,9.098
NEW_RMT_3954_Type2_VFreeze_Unequal6,32,10.0,0.0,1.0,3.0,100000,48898,8969,8969,8969,0,0,8.969,8.969,8.969
NEW_RMT_3954_Type2_VFreeze_Unequal6,32,10.0,0.0,1.0,3.2,100000,46233,8901,8901,8901,0,0,8.901,8.901,8.901
NEW_RMT_3954_Type2_VFreeze_Unequal6,32,10.0,0.0,1.0,3.4,100000,43879,8716,8716,8716,0,0,8.716,8.716,8.716
NEW_RMT_3954_Type2_VFreeze_Unequal6,32,10.0,0.0,1.0,3.6,100000,41674,8514,8514,8514,0,0,8.514,8.514,8.514
NEW_RMT_3954_Type2_VFreeze_Unequal6,32,10.0,0.0,1.0,3.8,100000,39752,8363,8363,8363,0,0,8.363,8.363,8.363
NEW_RMT_3954_Type2_VFreeze_Unequal6,32,10.0,0.0,1.0,4.0,100000,38013,8177,8177,8177,0,0,8.177,8.177,8.177
NEW_RMT_3954_Type2_VFreeze_Unequal6,32,10.0,0.0,1.0,5.0,100000,31319,7313,7313,7313,0,0,7.313,7.313,7.313
NEW_RMT_3954_Type2_VFreeze_Unequal6,32,10.0,0.0,1.0,6.0,100000,26971,6791,6791,6791,0,0,6.791,6.791,6.791
NEW_RMT_3954_Type2_VFreeze_Unequal6,32,10.0,0.0,1.0,7.0,100000,23995,6287,6287,6287,0,0,6.287,6.287,6.287
NEW_RMT_3954_Type2_VFreeze_Unequal6,32,10.0,0.0,1.0,8.0,100000,21713,5882,5882,5882,0,0,5.882,5.882,5.882
NEW_RMT_3954_Type2_VFreeze_Unequal6,32,10.0,0.0,1.0,9.0,100000,19905,5566,5566,5566,0,0,5.566,5.566,5.566
NEW_RMT_3954_Type2_VFreeze_Unequal6,32,10.0,0.0,1.0,10.0,100000,18489,5297,5297,5297,0,0,5.297,5.297,5.297
NEW_RMT_3954_Type3_UFreeze_Equal1,33,0.0,1.0,1.0,0.1,100000,100000,0,0,0,0,0,0.0,0.0,0.0
NEW_RMT_3954_Type3_UFreeze_Equal1,33,0.0,1.0,1.0,0.2,100000,100000,0,0,0,0,0,0.0,0.0,0.0
NEW_RMT_3954_Type3_UFreeze_Equal1,33,0.0,1.0,1.0,0.3,100000,100000,0,0,0,0,0,0.0,0.0,0.0
NEW_RMT_3954_Type3_UFreeze_Equal1,33,0.0,1.0,1.0,0.4,100000,99981,0,0,0,0,0,0.0,0.0,0.0
NEW_RMT_3954_Type3_UFreeze_Equal1,33,0.0,1.0,1.0,0.5,100000,99732,0,0,0,0,0,0.0,0.0,0.0
NEW_RMT_3954_Type3_UFreeze_Equal1,33,0.0,1.0,1.0,0.6,100000,98966,0,0,0,0,0,0.0,0.0,0.0
NEW_RMT_3954_Type3_UFreeze_Equal1,33,0.0,1.0,1.0,0.7,100000,97782,0,0,0,0,0,0.0,0.0,0.0
NEW_RMT_3954_Type3_UFreeze_Equal1,33,0.0,1.0,1.0,0.8,100000,96149,0,0,0,0,0,0.0,0.0,0.0
NEW_RMT_3954_Type3_UFreeze_Equal1,33,0.0,1.0,1.0,0.9,100000,94311,0,0,0,0,0,0.0,0.0,0.0
NEW_RMT_3954_Type3_UFreeze_Equal1,33,0.0,1.0,1.0,1.0,100000,92345,0,0,0,0,0,0.0,0.0,0.0
NEW_RMT_3954_Type3_UFreeze_Equal1,33,0.0,1.0,1.0,1.1,100000,90198,0,0,0,0,0,0.0,0.0,0.0
NEW_RMT_3954_Type3_UFreeze_Equal1,33,0.0,1.0,1.0,1.2,100000,88080,0,0,0,0,0,0.0,0.0,0.0
NEW_RMT_3954_Type3_UFreeze_Equal1,33,0.0,1.0,1.0,1.3,100000,85689,0,0,0,0,0,0.0,0.0,0.0
NEW_RMT_3954_Type3_UFreeze_Equal1,33,0.0,1.0,1.0,1.4,100000,83226,0,0,0,0,0,0.0,0.0,0.0
NEW_RMT_3954_Type3_UFreeze_Equal1,33,0.0,1.0,1.0,1.5,100000,80727,0,0,0,0,0,0.0,0.0,0.0
NEW_RMT_3954_Type3_UFreeze_Equal1,33,0.0,1.0,1.0,1.6,100000,78077,0,0,0,0,0,0.0,0.0,0.0
NEW_RMT_3954_Type3_UFreeze_Equal1,33,0.0,1.0,1.0,1.8,100000,72870,0,0,0,0,0,0.0,0.0,0.0
NEW_RMT_3954_Type3_UFreeze_Equal1,33,0.0,1.0,1.0,2.0,100000,67959,0,0,0,0,0,0.0,0.0,0.0
NEW_RMT_3954_Type3_UFreeze_Equal1,33,0.0,1.0,1.0,2.2,100000,63389,0,0,0,0,0,0.0,0.0,0.0
NEW_RMT_3954_Type3_UFreeze_Equal1,33,0.0,1.0,1.0,2.4,100000,59093,0,1,0,0,1,0.0,0.001,0.0
NEW_RMT_3954_Type3_UFreeze_Equal1,33,0.0,1.0,1.0,2.6,100000,55261,0,1,0,0,1,0.0,0.001,0.0
NEW_RMT_3954_Type3_UFreeze_Equal1,33,0.0,1.0,1.0,2.8,100000,51853,0,1,0,0,1,0.0,0.001,0.0
NEW_RMT_3954_Type3_UFreeze_Equal1,33,0.0,1.0,1.0,3.0,100000,48898,0,0,0,0,0,0.0,0.0,0.0
NEW_RMT_3954_Type3_UFreeze_Equal1,33,0.0,1.0,1.0,3.2,100000,46233,0,1,0,0,1,0.0,0.001,0.0
NEW_RMT_3954_Type3_UFreeze_Equal1,33,0.0,1.0,1.0,3.4,100000,43879,0,5,0,0,5,0.0,0.005,0.0
NEW_RMT_3954_Type3_UFreeze_Equal1,33,0.0,1.0,1.0,3.6,100000,41674,0,4,0,0,4,0.0,0.004,0.0
NEW_RMT_3954_Type3_UFreeze_Equal1,33,0.0,1.0,1.0,3.8,100000,39752,0,7,0,0,7,0.0,0.007,0.0
NEW_RMT_3954_Type3_UFreeze_Equal1,33,0.0,1.0,1.0,4.0,100000,38013,0,9,0,0,9,0.0,0.009,0.0
NEW_RMT_3954_Type3_UFreeze_Equal1,33,0.0,1.0,1.0,5.0,100000,31319,0,42,0,0,42,0.0,0.042,0.0
NEW_RMT_3954_Type3_UFreeze_Equal1,33,0.0,1.0,1.0,6.0,100000,26971,0,53,0,0,53,0.0,0.053,0.0
NEW_RMT_3954_Type3_UFreeze_Equal1,33,0.0,1.0,1.0,7.0,100000,23995,0,95,0,0,95,0.0,0.095,0.0
NEW_RMT_3954_Type3_UFreeze_Equal1,33,0.0,1.0,1.0,8.0,100000,21713,0,118,0,0,118,0.0,0.118,0.0
NEW_RMT_3954_Type3_UFreeze_Equal1,33,0.0,1.0,1.0,9.0,100000,19905,0,145,0,0,145,0.0,0.145,0.0
NEW_RMT_3954_Type3_UFreeze_Equal1,33,0.0,1.0,1.0,10.0,100000,18489,0,158,0,0,158,0.0,0.158,0.0
NEW_RMT_3954_Type3_UFreeze_Equal2,34,0.0,0.1,0.1,0.1,100000,100000,0,0,0,0,0,0.0,0.0,0.0
NEW_RMT_3954_Type3_UFreeze_Equal2,34,0.0,0.1,0.1,0.2,100000,100000,0,0,0,0,0,0.0,0.0,0.0
NEW_RMT_3954_Type3_UFreeze_Equal2,34,0.0,0.1,0.1,0.3,100000,100000,0,0,0,0,0,0.0,0.0,0.0
NEW_RMT_3954_Type3_UFreeze_Equal2,34,0.0,0.1,0.1,0.4,100000,99981,0,0,0,0,0,0.0,0.0,0.0
NEW_RMT_3954_Type3_UFreeze_Equal2,34,0.0,0.1,0.1,0.5,100000,99732,0,0,0,0,0,0.0,0.0,0.0
NEW_RMT_3954_Type3_UFreeze_Equal2,34,0.0,0.1,0.1,0.6,100000,98966,0,0,0,0,0,0.0,0.0,0.0
NEW_RMT_3954_Type3_UFreeze_Equal2,34,0.0,0.1,0.1,0.7,100000,97782,0,0,0,0,0,0.0,0.0,0.0
NEW_RMT_3954_Type3_UFreeze_Equal2,34,0.0,0.1,0.1,0.8,100000,96149,0,0,0,0,0,0.0,0.0,0.0
NEW_RMT_3954_Type3_UFreeze_Equal2,34,0.0,0.1,0.1,0.9,100000,94311,0,0,0,0,0,0.0,0.0,0.0
NEW_RMT_3954_Type3_UFreeze_Equal2,34,0.0,0.1,0.1,1.0,100000,92345,0,0,0,0,0,0.0,0.0,0.0
NEW_RMT_3954_Type3_UFreeze_Equal2,34,0.0,0.1,0.1,1.1,100000,90198,0,0,0,0,0,0.0,0.0,0.0
NEW_RMT_3954_Type3_UFreeze_Equal2,34,0.0,0.1,0.1,1.2,100000,88080,0,0,0,0,0,0.0,0.0,0.0
NEW_RMT_3954_Type3_UFreeze_Equal2,34,0.0,0.1,0.1,1.3,100000,85689,0,0,0,0,0,0.0,0.0,0.0
NEW_RMT_3954_Type3_UFreeze_Equal2,34,0.0,0.1,0.1,1.4,100000,83226,0,0,0,0,0,0.0,0.0,0.0
NEW_RMT_3954_Type3_UFreeze_Equal2,34,0.0,0.1,0.1,1.5,100000,80727,0,0,0,0,0,0.0,0.0,0.0
NEW_RMT_3954_Type3_UFreeze_Equal2,34,0.0,0.1,0.1,1.6,100000,78077,0,0,0,0,0,0.0,0.0,0.0
NEW_RMT_3954_Type3_UFreeze_Equal2,34,0.0,0.1,0.1,1.8,100000,72870,0,0,0,0,0,0.0,0.0,0.0
NEW_RMT_3954_Type3_UFreeze_Equal2,34,0.0,0.1,0.1,2.0,100000,67959,0,0,0,0,0,0.0,0.0,0.0
NEW_RMT_3954_Type3_UFreeze_Equal2,34,0.0,0.1,0.1,2.2,100000,63389,0,0,0,0,0,0.0,0.0,0.0
NEW_RMT_3954_Type3_UFreeze_Equal2,34,0.0,0.1,0.1,2.4,100000,59093,0,1,0,0,1,0.0,0.001,0.0
NEW_RMT_3954_Type3_UFreeze_Equal2,34,0.0,0.1,0.1,2.6,100000,55261,0,1,0,0,1,0.0,0.001,0.0
NEW_RMT_3954_Type3_UFreeze_Equal2,34,0.0,0.1,0.1,2.8,100000,51853,0,1,0,0,1,0.0,0.001,0.0
NEW_RMT_3954_Type3_UFreeze_Equal2,34,0.0,0.1,0.1,3.0,100000,48898,0,0,0,0,0,0.0,0.0,0.0
NEW_RMT_3954_Type3_UFreeze_Equal2,34,0.0,0.1,0.1,3.2,100000,46233,0,1,0,0,1,0.0,0.001,0.0
NEW_RMT_3954_Type3_UFreeze_Equal2,34,0.0,0.1,0.1,3.4,100000,43879,0,5,0,0,5,0.0,0.005,0.0
NEW_RMT_3954_Type3_UFreeze_Equal2,34,0.0,0.1,0.1,3.6,100000,41674,0,4,0,0,4,0.0,0.004,0.0
NEW_RMT_3954_Type3_UFreeze_Equal2,34,0.0,0.1,0.1,3.8,100000,39752,0,7,0,0,7,0.0,0.007,0.0
NEW_RMT_3954_Type3_UFreeze_Equal2,34,0.0,0.1,0.1,4.0,100000,38013,0,9,0,0,9,0.0,0.009,0.0
NEW_RMT_3954_Type3_UFreeze_Equal2,34,0.0,0.1,0.1,5.0,100000,31319,0,43,0,0,43,0.0,0.043,0.0
NEW_RMT_3954_Type3_UFreeze_Equal2,34,0.0,0.1,0.1,6.0,100000,26971,0,53,0,0,53,0.0,0.053,0.0
NEW_RMT_3954_Type3_UFreeze_Equal2,34,0.0,0.1,0.1,7.0,100000,23995,0,95,0,0,95,0.0,0.095,0.0
NEW_RMT_3954_Type3_UFreeze_Equal2,34,0.0,0.1,0.1,8.0,100000,21713,0,118,0,0,118,0.0,0.118,0.0
NEW_RMT_3954_Type3_UFreeze_Equal2,34,0.0,0.1,0.1,9.0,100000,19905,0,145,0,0,145,0.0,0.145,0.0
NEW_RMT_3954_Type3_UFreeze_Equal2,34,0.0,0.1,0.1,10.0,100000,18489,0,158,0,0,158,0.0,0.158,0.0
NEW_RMT_3954_Type3_UFreeze_Equal3,35,0.0,10.0,10.0,0.1,100000,100000,0,0,0,0,0,0.0,0.0,0.0
NEW_RMT_3954_Type3_UFreeze_Equal3,35,0.0,10.0,10.0,0.2,100000,100000,0,0,0,0,0,0.0,0.0,0.0
NEW_RMT_3954_Type3_UFreeze_Equal3,35,0.0,10.0,10.0,0.3,100000,100000,0,0,0,0,0,0.0,0.0,0.0
NEW_RMT_3954_Type3_UFreeze_Equal3,35,0.0,10.0,10.0,0.4,100000,99981,0,0,0,0,0,0.0,0.0,0.0
NEW_RMT_3954_Type3_UFreeze_Equal3,35,0.0,10.0,10.0,0.5,100000,99732,0,0,0,0,0,0.0,0.0,0.0
NEW_RMT_3954_Type3_UFreeze_Equal3,35,0.0,10.0,10.0,0.6,100000,98966,0,0,0,0,0,0.0,0.0,0.0
NEW_RMT_3954_Type3_UFreeze_Equal3,35,0.0,10.0,10.0,0.7,100000,97782,0,0,0,0,0,0.0,0.0,0.0
NEW_RMT_3954_Type3_UFreeze_Equal3,35,0.0,10.0,10.0,0.8,100000,96149,0,0,0,0,0,0.0,0.0,0.0
NEW_RMT_3954_Type3_UFreeze_Equal3,35,0.0,10.0,10.0,0.9,100000,94311,0,0,0,0,0,0.0,0.0,0.0
NEW_RMT_3954_Type3_UFreeze_Equal3,35,0.0,10.0,10.0,1.0,100000,92345,0,0,0,0,0,0.0,0.0,0.0
NEW_RMT_3954_Type3_UFreeze_Equal3,35,0.0,10.0,10.0,1.1,100000,90198,0,0,0,0,0,0.0,0.0,0.0
NEW_RMT_3954_Type3_UFreeze_Equal3,35,0.0,10.0,10.0,1.2,100000,88080,0,0,0,0,0,0.0,0.0,0.0
NEW_RMT_3954_Type3_UFreeze_Equal3,35,0.0,10.0,10.0,1.3,100000,85689,0,0,0,0,0,0.0,0.0,0.0
NEW_RMT_3954_Type3_UFreeze_Equal3,35,0.0,10.0,10.0,1.4,100000,83226,0,0,0,0,0,0.0,0.0,0.0
NEW_RMT_3954_Type3_UFreeze_Equal3,35,0.0,10.0,10.0,1.5,100000,80727,0,0,0,0,0,0.0,0.0,0.0
NEW_RMT_3954_Type3_UFreeze_Equal3,35,0.0,10.0,10.0,1.6,100000,78077,0,0,0,0,0,0.0,0.0,0.0
NEW_RMT_3954_Type3_UFreeze_Equal3,35,0.0,10.0,10.0,1.8,100000,72870,0,0,0,0,0,0.0,0.0,0.0
NEW_RMT_3954_Type3_UFreeze_Equal3,35,0.0,10.0,10.0,2.0,100000,67959,0,0,0,0,0,0.0,0.0,0.0
NEW_RMT_3954_Type3_UFreeze_Equal3,35,0.0,10.0,10.0,2.2,100000,63389,0,0,0,0,0,0.0,0.0,0.0
NEW_RMT_3954_Type3_UFreeze_Equal3,35,0.0,10.0,10.0,2.4,100000,59093,0,1,0,0,1,0.0,0.001,0.0
NEW_RMT_3954_Type3_UFreeze_Equal3,35,0.0,10.0,10.0,2.6,100000,55261,0,0,0,0,0,0.0,0.0,0.0
NEW_RMT_3954_Type3_UFreeze_Equal3,35,0.0,10.0,10.0,2.8,100000,51853,0,1,0,0,1,0.0,0.001,0.0
NEW_RMT_3954_Type3_UFreeze_Equal3,35,0.0,10.0,10.0,3.0,100000,48898,0,0,0,0,0,0.0,0.0,0.0
NEW_RMT_3954_Type3_UFreeze_Equal3,35,0.0,10.0,10.0,3.2,100000,46233,0,1,0,0,1,0.0,0.001,0.0
NEW_RMT_3954_Type3_UFreeze_Equal3,35,0.0,10.0,10.0,3.4,100000,43879,0,5,0,0,5,0.0,0.005,0.0
NEW_RMT_3954_Type3_UFreeze_Equal3,35,0.0,10.0,10.0,3.6,100000,41674,0,4,0,0,4,0.0,0.004,0.0
NEW_RMT_3954_Type3_UFreeze_Equal3,35,0.0,10.0,10.0,3.8,100000,39752,0,7,0,0,7,0.0,0.007,0.0
NEW_RMT_3954_Type3_UFreeze_Equal3,35,0.0,10.0,10.0,4.0,100000,38013,0,8,0,0,8,0.0,0.008,0.0
NEW_RMT_3954_Type3_UFreeze_Equal3,35,0.0,10.0,10.0,5.0,100000,31319,0,40,0,0,40,0.0,0.04,0.0
NEW_RMT_3954_Type3_UFreeze_Equal3,35,0.0,10.0,10.0,6.0,100000,26971,0,51,0,0,51,0.0,0.051,0.0
NEW_RMT_3954_Type3_UFreeze_Equal3,35,0.0,10.0,10.0,7.0,100000,23995,0,91,0,0,91,0.0,0.091,0.0
NEW_RMT_3954_Type3_UFreeze_Equal3,35,0.0,10.0,10.0,8.0,100000,21713,0,112,0,0,112,0.0,0.112,0.0
NEW_RMT_3954_Type3_UFreeze_Equal3,35,0.0,10.0,10.0,9.0,100000,19905,0,142,0,0,142,0.0,0.142,0.0
NEW_RMT_3954_Type3_UFreeze_Equal3,35,0.0,10.0,10.0,10.0,100000,18489,0,157,0,0,157,0.0,0.157,0.0
NEW_RMT_3954_Type3_UFreeze_Unequal1,36,0.0,1.0,0.1,0.1,100000,100000,0,0,0,0,0,0.0,0.0,0.0
NEW_RMT_3954_Type3_UFreeze_Unequal1,36,0.0,1.0,0.1,0.2,100000,100000,0,0,0,0,0,0.0,0.0,0.0
NEW_RMT_3954_Type3_UFreeze_Unequal1,36,0.0,1.0,0.1,0.3,100000,100000,0,0,0,0,0,0.0,0.0,0.0
NEW_RMT_3954_Type3_UFreeze_Unequal1,36,0.0,1.0,0.1,0.4,100000,99981,0,0,0,0,0,0.0,0.0,0.0
NEW_RMT_3954_Type3_UFreeze_Unequal1,36,0.0,1.0,0.1,0.5,100000,99732,0,0,0,0,0,0.0,0.0,0.0
NEW_RMT_3954_Type3_UFreeze_Unequal1,36,0.0,1.0,0.1,0.6,100000,98966,0,0,0,0,0,0.0,0.0,0.0
NEW_RMT_3954_Type3_UFreeze_Unequal1,36,0.0,1.0,0.1,0.7,100000,97782,0,0,0,0,0,0.0,0.0,0.0
NEW_RMT_3954_Type3_UFreeze_Unequal1,36,0.0,1.0,0.1,0.8,100000,96149,0,0,0,0,0,0.0,0.0,0.0
NEW_RMT_3954_Type3_UFreeze_Unequal1,36,0.0,1.0,0.1,0.9,100000,94311,0,0,0,0,0,0.0,0.0,0.0
NEW_RMT_3954_Type3_UFreeze_Unequal1,36,0.0,1.0,0.1,1.0,100000,92345,0,0,0,0,0,0.0,0.0,0.0
NEW_RMT_3954_Type3_UFreeze_Unequal1,36,0.0,1.0,0.1,1.1,100000,90198,0,0,0,0,0,0.0,0.0,0.0
NEW_RMT_3954_Type3_UFreeze_Unequal1,36,0.0,1.0,0.1,1.2,100000,88080,0,0,0,0,0,0.0,0.0,0.0
NEW_RMT_3954_Type3_UFreeze_Unequal1,36,0.0,1.0,0.1,1.3,100000,85689,0,0,0,0,0,0.0,0.0,0.0
NEW_RMT_3954_Type3_UFreeze_Unequal1,36,0.0,1.0,0.1,1.4,100000,83226,0,0,0,0,0,0.0,0.0,0.0
NEW_RMT_3954_Type3_UFreeze_Unequal1,36,0.0,1.0,0.1,1.5,100000,80727,0,0,0,0,0,0.0,0.0,0.0
NEW_RMT_3954_Type3_UFreeze_Unequal1,36,0.0,1.0,0.1,1.6,100000,78077,0,0,0,0,0,0.0,0.0,0.0
NEW_RMT_3954_Type3_UFreeze_Unequal1,36,0.0,1.0,0.1,1.8,100000,72870,0,0,0,0,0,0.0,0.0,0.0
NEW_RMT_3954_Type3_UFreeze_Unequal1,36,0.0,1.0,0.1,2.0,100000,67959,0,0,0,0,0,0.0,0.0,0.0
NEW_RMT_3954_Type3_UFreeze_Unequal1,36,0.0,1.0,0.1,2.2,100000,63389,0,0,0,0,0,0.0,0.0,0.0
NEW_RMT_3954_Type3_UFreeze_Unequal1,36,0.0,1.0,0.1,2.4,100000,59093,0,0,0,0,0,0.0,0.0,0.0
NEW_RMT_3954_Type3_UFreeze_Unequal1,36,0.0,1.0,0.1,2.6,100000,55261,0,0,0,0,0,0.0,0.0,0.0
NEW_RMT_3954_Type3_UFreeze_Unequal1,36,0.0,1.0,0.1,2.8,100000,51853,0,0,0,0,0,0.0,0.0,0.0
NEW_RMT_3954_Type3_UFreeze_Unequal1,36,0.0,1.0,0.1,3.0,100000,48898,0,0,0,0,0,0.0,0.0,0.0
NEW_RMT_3954_Type3_UFreeze_Unequal1,36,0.0,1.0,0.1,3.2,100000,46233,0,0,0,0,0,0.0,0.0,0.0
NEW_RMT_3954_Type3_UFreeze_Unequal1,36,0.0,1.0,0.1,3.4,100000,43879,0,0,0,0,0,0.0,0.0,0.0
NEW_RMT_3954_Type3_UFreeze_Unequal1,36,0.0,1.0,0.1,3.6,100000,41674,0,0,0,0,0,0.0,0.0,0.0
NEW_RMT_3954_Type3_UFreeze_Unequal1,36,0.0,1.0,0.1,3.8,100000,39752,0,0,0,0,0,0.0,0.0,0.0
NEW_RMT_3954_Type3_UFreeze_Unequal1,36,0.0,1.0,0.1,4.0,100000,38013,0,0,0,0,0,0.0,0.0,0.0
NEW_RMT_3954_Type3_UFreeze_Unequal1,36,0.0,1.0,0.1,5.0,100000,31319,0,0,0,0,0,0.0,0.0,0.0
NEW_RMT_3954_Type3_UFreeze_Unequal1,36,0.0,1.0,0.1,6.0,100000,26971,0,0,0,0,0,0.0,0.0,0.0
NEW_RMT_3954_Type3_UFreeze_Unequal1,36,0.0,1.0,0.1,7.0,100000,23995,0,0,0,0,0,0.0,0.0,0.0
NEW_RMT_3954_Type3_UFreeze_Unequal1,36,0.0,1.0,0.1,8.0,100000,21713,0,0,0,0,0,0.0,0.0,0.0
NEW_RMT_3954_Type3_UFreeze_Unequal1,36,0.0,1.0,0.1,9.0,100000,19905,0,0,0,0,0,0.0,0.0,0.0
NEW_RMT_3954_Type3_UFreeze_Unequal1,36,0.0,1.0,0.1,10.0,100000,18489,0,0,0,0,0,0.0,0.0,0.0
NEW_RMT_3954_Type3_UFreeze_Unequal2,37,0.0,0.1,1.0,0.1,100000,100000,0,0,0,0,0,0.0,0.0,0.0
NEW_RMT_3954_Type3_UFreeze_Unequal2,37,0.0,0.1,1.0,0.2,100000,100000,0,0,0,0,0,0.0,0.0,0.0
NEW_RMT_3954_Type3_UFreeze_Unequal2,37,0.0,0.1,1.0,0.3,100000,100000,0,0,0,0,0,0.0,0.0,0.0
NEW_RMT_3954_Type3_UFreeze_Unequal2,37,0.0,0.1,1.0,0.4,100000,99981,0,0,0,0,0,0.0,0.0,0.0
NEW_RMT_3954_Type3_UFreeze_Unequal2,37,0.0,0.1,1.0,0.5,100000,99732,0,0,0,0,0,0.0,0.0,0.0
NEW_RMT_3954_Type3_UFreeze_Unequal2,37,0.0,0.1,1.0,0.6,100000,98966,0,0,0,0,0,0.0,0.0,0.0
NEW_RMT_3954_Type3_UFreeze_Unequal2,37,0.0,0.1,1.0,0.7,100000,97782,0,0,0,0,0,0.0,0.0,0.0
NEW_RMT_3954_Type3_UFreeze_Unequal2,37,0.0,0.1,1.0,0.8,100000,96149,0,0,0,0,0,0.0,0.0,0.0
NEW_RMT_3954_Type3_UFreeze_Unequal2,37,0.0,0.1,1.0,0.9,100000,94311,0,0,0,0,0,0.0,0.0,0.0
NEW_RMT_3954_Type3_UFreeze_Unequal2,37,0.0,0.1,1.0,1.0,100000,92345,0,0,0,0,0,0.0,0.0,0.0
NEW_RMT_3954_Type3_UFreeze_Unequal2,37,0.0,0.1,1.0,1.1,100000,90198,0,0,0,0,0,0.0,0.0,0.0
NEW_RMT_3954_Type3_UFreeze_Unequal2,37,0.0,0.1,1.0,1.2,100000,88080,0,0,0,0,0,0.0,0.0,0.0
NEW_RMT_3954_Type3_UFreeze_Unequal2,37,0.0,0.1,1.0,1.3,100000,85689,0,0,0,0,0,0.0,0.0,0.0
NEW_RMT_3954_Type3_UFreeze_Unequal2,37,0.0,0.1,1.0,1.4,100000,83226,0,0,0,0,0,0.0,0.0,0.0
NEW_RMT_3954_Type3_UFreeze_Unequal2,37,0.0,0.1,1.0,1.5,100000,80727,0,0,0,0,0,0.0,0.0,0.0
NEW_RMT_3954_Type3_UFreeze_Unequal2,37,0.0,0.1,1.0,1.6,100000,78077,0,0,0,0,0,0.0,0.0,0.0
NEW_RMT_3954_Type3_UFreeze_Unequal2,37,0.0,0.1,1.0,1.8,100000,72870,0,1,0,0,1,0.0,0.001,0.0
NEW_RMT_3954_Type3_UFreeze_Unequal2,37,0.0,0.1,1.0,2.0,100000,67959,0,4,0,0,4,0.0,0.004,0.0
NEW_RMT_3954_Type3_UFreeze_Unequal2,37,0.0,0.1,1.0,2.2,100000,63389,0,11,0,0,11,0.0,0.011,0.0
NEW_RMT_3954_Type3_UFreeze_Unequal2,37,0.0,0.1,1.0,2.4,100000,59093,0,28,0,0,28,0.0,0.028,0.0
NEW_RMT_3954_Type3_UFreeze_Unequal2,37,0.0,0.1,1.0,2.6,100000,55261,0,36,0,0,36,0.0,0.036,0.0
NEW_RMT_3954_Type3_UFreeze_Unequal2,37,0.0,0.1,1.0,2.8,100000,51853,0,41,0,0,41,0.0,0.041,0.0
NEW_RMT_3954_Type3_UFreeze_Unequal2,37,0.0,0.1,1.0,3.0,100000,48898,0,81,0,0,81,0.0,0.081,0.0
NEW_RMT_3954_Type3_UFreeze_Unequal2,37,0.0,0.1,1.0,3.2,100000,46233,0,105,0,0,105,0.0,0.105,0.0
NEW_RMT_3954_Type3_UFreeze_Unequal2,37,0.0,0.1,1.0,3.4,100000,43879,0,130,0,0,130,0.0,0.13,0.0
NEW_RMT_3954_Type3_UFreeze_Unequal2,37,0.0,0.1,1.0,3.6,100000,41674,0,182,0,0,182,0.0,0.182,0.0
NEW_RMT_3954_Type3_UFreeze_Unequal2,37,0.0,0.1,1.0,3.8,100000,39752,0,240,0,0,240,0.0,0.24,0.0
NEW_RMT_3954_Type3_UFreeze_Unequal2,37,0.0,0.1,1.0,4.0,100000,38013,0,296,0,0,296,0.0,0.296,0.0
NEW_RMT_3954_Type3_UFreeze_Unequal2,37,0.0,0.1,1.0,5.0,100000,31319,0,547,0,0,547,0.0,0.547,0.0
NEW_RMT_3954_Type3_UFreeze_Unequal2,37,0.0,0.1,1.0,6.0,100000,26971,0,805,0,0,805,0.0,0.805,0.0
NEW_RMT_3954_Type3_UFreeze_Unequal2,37,0.0,0.1,1.0,7.0,100000,23995,0,1056,0,0,1056,0.0,1.056,0.0
NEW_RMT_3954_Type3_UFreeze_Unequal2,37,0.0,0.1,1.0,8.0,100000,21713,0,1218,0,0,1218,0.0,1.218,0.0
NEW_RMT_3954_Type3_UFreeze_Unequal2,37,0.0,0.1,1.0,9.0,100000,19905,0,1333,0,0,1333,0.0,1.333,0.0
NEW_RMT_3954_Type3_UFreeze_Unequal2,37,0.0,0.1,1.0,10.0,100000,18489,0,1413,0,0,1413,0.0,1.413,0.0
NEW_RMT_3954_Type3_UFreeze_Unequal3,38,0.0,10.0,1.0,0.1,100000,100000,0,0,0,0,0,0.0,0.0,0.0
NEW_RMT_3954_Type3_UFreeze_Unequal3,38,0.0,10.0,1.0,0.2,100000,100000,0,0,0,0,0,0.0,0.0,0.0
NEW_RMT_3954_Type3_UFreeze_Unequal3,38,0.0,10.0,1.0,0.3,100000,100000,0,0,0,0,0,0.0,0.0,0.0
NEW_RMT_3954_Type3_UFreeze_Unequal3,38,0.0,10.0,1.0,0.4,100000,99981,0,0,0,0,0,0.0,0.0,0.0
NEW_RMT_3954_Type3_UFreeze_Unequal3,38,0.0,10.0,1.0,0.5,100000,99732,0,0,0,0,0,0.0,0.0,0.0
NEW_RMT_3954_Type3_UFreeze_Unequal3,38,0.0,10.0,1.0,0.6,100000,98966,0,0,0,0,0,0.0,0.0,0.0
NEW_RMT_3954_Type3_UFreeze_Unequal3,38,0.0,10.0,1.0,0.7,100000,97782,0,0,0,0,0,0.0,0.0,0.0
NEW_RMT_3954_Type3_UFreeze_Unequal3,38,0.0,10.0,1.0,0.8,100000,96149,0,0,0,0,0,0.0,0.0,0.0
NEW_RMT_3954_Type3_UFreeze_Unequal3,38,0.0,10.0,1.0,0.9,100000,94311,0,0,0,0,0,0.0,0.0,0.0
NEW_RMT_3954_Type3_UFreeze_Unequal3,38,0.0,10.0,1.0,1.0,100000,92345,0,0,0,0,0,0.0,0.0,0.0
NEW_RMT_3954_Type3_UFreeze_Unequal3,38,0.0,10.0,1.0,1.1,100000,90198,0,0,0,0,0,0.0,0.0,0.0
NEW_RMT_3954_Type3_UFreeze_Unequal3,38,0.0,10.0,1.0,1.2,100000,88080,0,0,0,0,0,0.0,0.0,0.0
NEW_RMT_3954_Type3_UFreeze_Unequal3,38,0.0,10.0,1.0,1.3,100000,85689,0,0,0,0,0,0.0,0.0,0.0
NEW_RMT_3954_Type3_UFreeze_Unequal3,38,0.0,10.0,1.0,1.4,100000,83226,0,0,0,0,0,0.0,0.0,0.0
NEW_RMT_3954_Type3_UFreeze_Unequal3,38,0.0,10.0,1.0,1.5,100000,80727,0,0,0,0,0,0.0,0.0,0.0
NEW_RMT_3954_Type3_UFreeze_Unequal3,38,0.0,10.0,1.0,1.6,100000,78077,0,0,0,0,0,0.0,0.0,0.0
NEW_RMT_3954_Type3_UFreeze_Unequal3,38,0.0,10.0,1.0,1.8,100000,72870,0,0,0,0,0,0.0,0.0,0.0
NEW_RMT_3954_Type3_UFreeze_Unequal3,38,0.0,10.0,1.0,2.0,100000,67959,0,0,0,0,0,0.0,0.0,0.0
NEW_RMT_3954_Type3_UFreeze_Unequal3,38,0.0,10.0,1.0,2.2,100000,63389,0,0,0,0,0,0.0,0.0,0.0
NEW_RMT_3954_Type3_UFreeze_Unequal3,38,0.0,10.0,1.0,2.4,100000,59093,0,0,0,0,0,0.0,0.0,0.0
NEW_RMT_3954_Type3_UFreeze_Unequal3,38,0.0,10.0,1.0,2.6,100000,55261,0,0,0,0,0,0.0,0.0,0.0
NEW_RMT_3954_Type3_UFreeze_Unequal3,38,0.0,10.0,1.0,2.8,100000,51853,0,0,0,0,0,0.0,0.0,0.0
NEW_RMT_3954_Type3_UFreeze_Unequal3,38,0.0,10.0,1.0,3.0,100000,48898,0,0,0,0,0,0.0,0.0,0.0
NEW_RMT_3954_Type3_UFreeze_Unequal3,38,0.0,10.0,1.0,3.2,100000,46233,0,0,0,0,0,0.0,0.0,0.0
NEW_RMT_3954_Type3_UFreeze_Unequal3,38,0.0,10.0,1.0,3.4,100000,43879,0,0,0,0,0,0.0,0.0,0.0
NEW_RMT_3954_Type3_UFreeze_Unequal3,38,0.0,10.0,1.0,3.6,100000,41674,0,0,0,0,0,0.0,0.0,0.0
NEW_RMT_3954_Type3_UFreeze_Unequal3,38,0.0,10.0,1.0,3.8,100000,39752,0,0,0,0,0,0.0,0.0,0.0
NEW_RMT_3954_Type3_UFreeze_Unequal3,38,0.0,10.0,1.0,4.0,100000,38013,0,0,0,0,0,0.0,0.0,0.0
NEW_RMT_3954_Type3_UFreeze_Unequal3,38,0.0,10.0,1.0,5.0,100000,31319,0,0,0,0,0,0.0,0.0,0.0
NEW_RMT_3954_Type3_UFreeze_Unequal3,38,0.0,10.0,1.0,6.0,100000,26971,0,0,0,0,0,0.0,0.0,0.0
NEW_RMT_3954_Type3_UFreeze_Unequal3,38,0.0,10.0,1.0,7.0,100000,23995,0,0,0,0,0,0.0,0.0,0.0
NEW_RMT_3954_Type3_UFreeze_Unequal3,38,0.0,10.0,1.0,8.0,100000,21713,0,0,0,0,0,0.0,0.0,0.0
NEW_RMT_3954_Type3_UFreeze_Unequal3,38,0.0,10.0,1.0,9.0,100000,19905,0,0,0,0,0,0.0,0.0,0.0
NEW_RMT_3954_Type3_UFreeze_Unequal3,38,0.0,10.0,1.0,10.0,100000,18489,0,0,0,0,0,0.0,0.0,0.0
NEW_RMT_3954_Type3_UFreeze_Unequal4,39,0.0,1.0,10.0,0.1,100000,100000,0,0,0,0,0,0.0,0.0,0.0
NEW_RMT_3954_Type3_UFreeze_Unequal4,39,0.0,1.0,10.0,0.2,100000,100000,0,0,0,0,0,0.0,0.0,0.0
NEW_RMT_3954_Type3_UFreeze_Unequal4,39,0.0,1.0,10.0,0.3,100000,100000,0,0,0,0,0,0.0,0.0,0.0
NEW_RMT_3954_Type3_UFreeze_Unequal4,39,0.0,1.0,10.0,0.4,100000,99981,0,0,0,0,0,0.0,0.0,0.0
NEW_RMT_3954_Type3_UFreeze_Unequal4,39,0.0,1.0,10.0,0.5,100000,99732,0,0,0,0,0,0.0,0.0,0.0
NEW_RMT_3954_Type3_UFreeze_Unequal4,39,0.0,1.0,10.0,0.6,100000,98966,0,0,0,0,0,0.0,0.0,0.0
NEW_RMT_3954_Type3_UFreeze_Unequal4,39,0.0,1.0,10.0,0.7,100000,97782,0,0,0,0,0,0.0,0.0,0.0
NEW_RMT_3954_Type3_UFreeze_Unequal4,39,0.0,1.0,10.0,0.8,100000,96149,0,0,0,0,0,0.0,0.0,0.0
NEW_RMT_3954_Type3_UFreeze_Unequal4,39,0.0,1.0,10.0,0.9,100000,94311,0,0,0,0,0,0.0,0.0,0.0
NEW_RMT_3954_Type3_UFreeze_Unequal4,39,0.0,1.0,10.0,1.0,100000,92345,0,0,0,0,0,0.0,0.0,0.0
NEW_RMT_3954_Type3_UFreeze_Unequal4,39,0.0,1.0,10.0,1.1,100000,90198,0,0,0,0,0,0.0,0.0,0.0
NEW_RMT_3954_Type3_UFreeze_Unequal4,39,0.0,1.0,10.0,1.2,100000,88080,0,0,0,0,0,0.0,0.0,0.0
NEW_RMT_3954_Type3_UFreeze_Unequal4,39,0.0,1.0,10.0,1.3,100000,85689,0,0,0,0,0,0.0,0.0,0.0
NEW_RMT_3954_Type3_UFreeze_Unequal4,39,0.0,1.0,10.0,1.4,100000,83226,0,0,0,0,0,0.0,0.0,0.0
NEW_RMT_3954_Type3_UFreeze_Unequal4,39,0.0,1.0,10.0,1.5,100000,80727,0,0,0,0,0,0.0,0.0,0.0
NEW_RMT_3954_Type3_UFreeze_Unequal4,39,0.0,1.0,10.0,1.6,100000,78077,0,0,0,0,0,0.0,0.0,0.0
NEW_RMT_3954_Type3_UFreeze_Unequal4,39,0.0,1.0,10.0,1.8,100000,72870,0,1,0,0,1,0.0,0.001,0.0
NEW_RMT_3954_Type3_UFreeze_Unequal4,39,0.0,1.0,10.0,2.0,100000,67959,0,4,0,0,4,0.0,0.004,0.0
NEW_RMT_3954_Type3_UFreeze_Unequal4,39,0.0,1.0,10.0,2.2,100000,63389,0,10,0,0,10,0.0,0.01,0.0
NEW_RMT_3954_Type3_UFreeze_Unequal4,39,0.0,1.0,10.0,2.4,100000,59093,0,28,0,0,28,0.0,0.028,0.0
NEW_RMT_3954_Type3_UFreeze_Unequal4,39,0.0,1.0,10.0,2.6,100000,55261,0,36,0,0,36,0.0,0.036,0.0
NEW_RMT_3954_Type3_UFreeze_Unequal4,39,0.0,1.0,10.0,2.8,100000,51853,0,38,0,0,38,0.0,0.038,0.0
NEW_RMT_3954_Type3_UFreeze_Unequal4,39,0.0,1.0,10.0,3.0,100000,48898,0,79,0,0,79,0.0,0.079,0.0
NEW_RMT_3954_Type3_UFreeze_Unequal4,39,0.0,1.0,10.0,3.2,100000,46233,0,104,0,0,104,0.0,0.104,0.0
NEW_RMT_3954_Type3_UFreeze_Unequal4,39,0.0,1.0,10.0,3.4,100000,43879,0,128,0,0,128,0.0,0.128,0.0
NEW_RMT_3954_Type3_UFreeze_Unequal4,39,0.0,1.0,10.0,3.6,100000,41674,0,178,0,0,178,0.0,0.178,0.0
NEW_RMT_3954_Type3_UFreeze_Unequal4,39,0.0,1.0,10.0,3.8,100000,39752,0,237,0,0,237,0.0,0.237,0.0
NEW_RMT_3954_Type3_UFreeze_Unequal4,39,0.0,1.0,10.0,4.0,100000,38013,0,293,0,0,293,0.0,0.293,0.0
NEW_RMT_3954_Type3_UFreeze_Unequal4,39,0.0,1.0,10.0,5.0,100000,31319,0,547,0,0,547,0.0,0.547,0.0
NEW_RMT_3954_Type3_UFreeze_Unequal4,39,0.0,1.0,10.0,6.0,100000,26971,0,795,0,0,795,0.0,0.795,0.0
NEW_RMT_3954_Type3_UFreeze_Unequal4,39,0.0,1.0,10.0,7.0,100000,23995,0,1045,0,0,1045,0.0,1.045,0.0
NEW_RMT_3954_Type3_UFreeze_Unequal4,39,0.0,1.0,10.0,8.0,100000,21713,0,1209,0,0,1209,0.0,1.209,0.0
NEW_RMT_3954_Type3_UFreeze_Unequal4,39,0.0,1.0,10.0,9.0,100000,19905,0,1324,0,0,1324,0.0,1.324,0.0
NEW_RMT_3954_Type3_UFreeze_Unequal4,39,0.0,1.0,10.0,10.0,100000,18489,0,1404,0,0,1404,0.0,1.404,0.0
NEW_RMT_3954_Type3_UFreeze_Unequal5,40,0.0,0.1,10.0,0.1,100000,100000,0,0,0,0,0,0.0,0.0,0.0
NEW_RMT_3954_Type3_UFreeze_Unequal5,40,0.0,0.1,10.0,0.2,100000,100000,0,0,0,0,0,0.0,0.0,0.0
NEW_RMT_3954_Type3_UFreeze_Unequal5,40,0.0,0.1,10.0,0.3,100000,100000,0,0,0,0,0,0.0,0.0,0.0
NEW_RMT_3954_Type3_UFreeze_Unequal5,40,0.0,0.1,10.0,0.4,100000,99981,0,0,0,0,0,0.0,0.0,0.0
NEW_RMT_3954_Type3_UFreeze_Unequal5,40,0.0,0.1,10.0,0.5,100000,99732,0,0,0,0,0,0.0,0.0,0.0
NEW_RMT_3954_Type3_UFreeze_Unequal5,40,0.0,0.1,10.0,0.6,100000,98966,0,0,0,0,0,0.0,0.0,0.0
NEW_RMT_3954_Type3_UFreeze_Unequal5,40,0.0,0.1,10.0,0.7,100000,97782,0,0,0,0,0,0.0,0.0,0.0
NEW_RMT_3954_Type3_UFreeze_Unequal5,40,0.0,0.1,10.0,0.8,100000,96149,0,0,0,0,0,0.0,0.0,0.0
NEW_RMT_3954_Type3_UFreeze_Unequal5,40,0.0,0.1,10.0,0.9,100000,94311,0,0,0,0,0,0.0,0.0,0.0
NEW_RMT_3954_Type3_UFreeze_Unequal5,40,0.0,0.1,10.0,1.0,100000,92345,0,0,0,0,0,0.0,0.0,0.0
NEW_RMT_3954_Type3_UFreeze_Unequal5,40,0.0,0.1,10.0,1.1,100000,90198,0,0,0,0,0,0.0,0.0,0.0
NEW_RMT_3954_Type3_UFreeze_Unequal5,40,0.0,0.1,10.0,1.2,100000,88080,0,0,0,0,0,0.0,0.0,0.0
NEW_RMT_3954_Type3_UFreeze_Unequal5,40,0.0,0.1,10.0,1.3,100000,85689,0,0,0,0,0,0.0,0.0,0.0
NEW_RMT_3954_Type3_UFreeze_Unequal5,40,0.0,0.1,10.0,1.4,100000,83226,0,0,0,0,0,0.0,0.0,0.0
NEW_RMT_3954_Type3_UFreeze_Unequal5,40,0.0,0.1,10.0,1.5,100000,80727,0,0,0,0,0,0.0,0.0,0.0
NEW_RMT_3954_Type3_UFreeze_Unequal5,40,0.0,0.1,10.0,1.6,100000,78077,0,0,0,0,0,0.0,0.0,0.0
NEW_RMT_3954_Type3_UFreeze_Unequal5,40,0.0,0.1,10.0,1.8,100000,72870,0,1,0,0,1,0.0,0.001,0.0
NEW_RMT_3954_Type3_UFreeze_Unequal5,40,0.0,0.1,10.0,2.0,100000,67959,0,11,0,0,11,0.0,0.011,0.0
NEW_RMT_3954_Type3_UFreeze_Unequal5,40,0.0,0.1,10.0,2.2,100000,63389,0,24,0,0,24,0.0,0.024,0.0
NEW_RMT_3954_Type3_UFreeze_Unequal5,40,0.0,0.1,10.0,2.4,100000,59093,0,45,0,0,45,0.0,0.045,0.0
NEW_RMT_3954_Type3_UFreeze_Unequal5,40,0.0,0.1,10.0,2.6,100000,55261,0,52,0,0,52,0.0,0.052,0.0
NEW_RMT_3954_Type3_UFreeze_Unequal5,40,0.0,0.1,10.0,2.8,100000,51853,0,76,0,0,76,0.0,0.076,0.0
NEW_RMT_3954_Type3_UFreeze_Unequal5,40,0.0,0.1,10.0,3.0,100000,48898,0,132,0,0,132,0.0,0.132,0.0
NEW_RMT_3954_Type3_UFreeze_Unequal5,40,0.0,0.1,10.0,3.2,100000,46233,0,176,0,0,176,0.0,0.176,0.0
NEW_RMT_3954_Type3_UFreeze_Unequal5,40,0.0,0.1,10.0,3.4,100000,43879,0,231,0,0,231,0.0,0.231,0.0
NEW_RMT_3954_Type3_UFreeze_Unequal5,40,0.0,0.1,10.0,3.6,100000,41674,0,328,0,0,328,0.0,0.328,0.0
NEW_RMT_3954_Type3_UFreeze_Unequal5,40,0.0,0.1,10.0,3.8,100000,39752,0,406,0,0,406,0.0,0.406,0.0
NEW_RMT_3954_Type3_UFreeze_Unequal5,40,0.0,0.1,10.0,4.0,100000,38013,0,466,0,0,466,0.0,0.466,0.0
NEW_RMT_3954_Type3_UFreeze_Unequal5,40,0.0,0.1,10.0,5.0,100000,31319,0,893,0,0,893,0.0,0.893,0.0
NEW_RMT_3954_Type3_UFreeze_Unequal5,40,0.0,0.1,10.0,6.0,100000,26971,0,1275,0,0,1275,0.0,1.275,0.0
NEW_RMT_3954_Type3_UFreeze_Unequal5,40,0.0,0.1,10.0,7.0,100000,23995,0,1653,0,0,1653,0.0,1.653,0.0
NEW_RMT_3954_Type3_UFreeze_Unequal5,40,0.0,0.1,10.0,8.0,100000,21713,0,1906,0,0,1906,0.0,1.906,0.0
NEW_RMT_3954_Type3_UFreeze_Unequal5,40,0.0,0.1,10.0,9.0,100000,19905,0,2060,0,0,2060,0.0,2.06,0.0
NEW_RMT_3954_Type3_UFreeze_Unequal5,40,0.0,0.1,10.0,10.0,100000,18489,0,2271,0,0,2271,0.0,2.271,0.0
NEW_RMT_3954_Type3_UFreeze_Unequal6,41,0.0,10.0,0.1,0.1,100000,100000,0,0,0,0,0,0.0,0.0,0.0
NEW_RMT_3954_Type3_UFreeze_Unequal6,41,0.0,10.0,0.1,0.2,100000,100000,0,0,0,0,0,0.0,0.0,0.0
NEW_RMT_3954_Type3_UFreeze_Unequal6,41,0.0,10.0,0.1,0.3,100000,100000,0,0,0,0,0,0.0,0.0,0.0
NEW_RMT_3954_Type3_UFreeze_Unequal6,41,0.0,10.0,0.1,0.4,100000,99981,0,0,0,0,0,0.0,0.0,0.0
NEW_RMT_3954_Type3_UFreeze_Unequal6,41,0.0,10.0,0.1,0.5,100000,99732,0,0,0,0,0,0.0,0.0,0.0
NEW_RMT_3954_Type3_UFreeze_Unequal6,41,0.0,10.0,0.1,0.6,100000,98966,0,0,0,0,0,0.0,0.0,0.0
NEW_RMT_3954_Type3_UFreeze_Unequal6,41,0.0,10.0,0.1,0.7,100000,97782,0,0,0,0,0,0.0,0.0,0.0
NEW_RMT_3954_Type3_UFreeze_Unequal6,41,0.0,10.0,0.1,0.8,100000,96149,0,0,0,0,0,0.0,0.0,0.0
NEW_RMT_3954_Type3_UFreeze_Unequal6,41,0.0,10.0,0.1,0.9,100000,94311,0,0,0,0,0,0.0,0.0,0.0
NEW_RMT_3954_Type3_UFreeze_Unequal6,41,0.0,10.0,0.1,1.0,100000,92345,0,0,0,0,0,0.0,0.0,0.0
NEW_RMT_3954_Type3_UFreeze_Unequal6,41,0.0,10.0,0.1,1.1,100000,90198,0,0,0,0,0,0.0,0.0,0.0
NEW_RMT_3954_Type3_UFreeze_Unequal6,41,0.0,10.0,0.1,1.2,100000,88080,0,0,0,0,0,0.0,0.0,0.0
NEW_RMT_3954_Type3_UFreeze_Unequal6,41,0.0,10.0,0.1,1.3,100000,85689,0,0,0,0,0,0.0,0.0,0.0
NEW_RMT_3954_Type3_UFreeze_Unequal6,41,0.0,10.0,0.1,1.4,100000,83226,0,0,0,0,0,0.0,0.0,0.0
NEW_RMT_3954_Type3_UFreeze_Unequal6,41,0.0,10.0,0.1,1.5,100000,80727,0,0,0,0,0,0.0,0.0,0.0
NEW_RMT_3954_Type3_UFreeze_Unequal6,41,0.0,10.0,0.1,1.6,100000,78077,0,0,0,0,0,0.0,0.0,0.0
NEW_RMT_3954_Type3_UFreeze_Unequal6,41,0.0,10.0,0.1,1.8,100000,72870,0,0,0,0,0,0.0,0.0,0.0
NEW_RMT_3954_Type3_UFreeze_Unequal6,41,0.0,10.0,0.1,2.0,100000,67959,0,0,0,0,0,0.0,0.0,0.0
NEW_RMT_3954_Type3_UFreeze_Unequal6,41,0.0,10.0,0.1,2.2,100000,63389,0,0,0,0,0,0.0,0.0,0.0
NEW_RMT_3954_Type3_UFreeze_Unequal6,41,0.0,10.0,0.1,2.4,100000,59093,0,0,0,0,0,0.0,0.0,0.0
NEW_RMT_3954_Type3_UFreeze_Unequal6,41,0.0,10.0,0.1,2.6,100000,55261,0,0,0,0,0,0.0,0.0,0.0
NEW_RMT_3954_Type3_UFreeze_Unequal6,41,0.0,10.0,0.1,2.8,100000,51853,0,0,0,0,0,0.0,0.0,0.0
NEW_RMT_3954_Type3_UFreeze_Unequal6,41,0.0,10.0,0.1,3.0,100000,48898,0,0,0,0,0,0.0,0.0,0.0
NEW_RMT_3954_Type3_UFreeze_Unequal6,41,0.0,10.0,0.1,3.2,100000,46233,0,0,0,0,0,0.0,0.0,0.0
NEW_RMT_3954_Type3_UFreeze_Unequal6,41,0.0,10.0,0.1,3.4,100000,43879,0,0,0,0,0,0.0,0.0,0.0
NEW_RMT_3954_Type3_UFreeze_Unequal6,41,0.0,10.0,0.1,3.6,100000,41674,0,0,0,0,0,0.0,0.0,0.0
NEW_RMT_3954_Type3_UFreeze_Unequal6,41,0.0,10.0,0.1,3.8,100000,39752,0,0,0,0,0,0.0,0.0,0.0
NEW_RMT_3954_Type3_UFreeze_Unequal6,41,0.0,10.0,0.1,4.0,100000,38013,0,0,0,0,0,0.0,0.0,0.0
NEW_RMT_3954_Type3_UFreeze_Unequal6,41,0.0,10.0,0.1,5.0,100000,31319,0,0,0,0,0,0.0,0.0,0.0
NEW_RMT_3954_Type3_UFreeze_Unequal6,41,0.0,10.0,0.1,6.0,100000,26971,0,0,0,0,0,0.0,0.0,0.0
NEW_RMT_3954_Type3_UFreeze_Unequal6,41,0.0,10.0,0.1,7.0,100000,23995,0,0,0,0,0,0.0,0.0,0.0
NEW_RMT_3954_Type3_UFreeze_Unequal6,41,0.0,10.0,0.1,8.0,100000,21713,0,0,0,0,0,0.0,0.0,0.0
NEW_RMT_3954_Type3_UFreeze_Unequal6,41,0.0,10.0,0.1,9.0,100000,19905,0,0,0,0,0,0.0,0.0,0.0
NEW_RMT_3954_Type3_UFreeze_Unequal6,41,0.0,10.0,0.1,10.0,100000,18489,0,0,0,0,0,0.0,0.0,0.0
NEW_RMT_3954_Type3_WFreeze_Equal1,42,1.0,1.0,0.0,0.1,100000,100000,0,0,0,0,0,0.0,0.0,0.0
NEW_RMT_3954_Type3_WFreeze_Equal1,42,1.0,1.0,0.0,0.2,100000,100000,0,0,0,0,0,0.0,0.0,0.0
NEW_RMT_3954_Type3_WFreeze_Equal1,42,1.0,1.0,0.0,0.3,100000,100000,0,0,0,0,0,0.0,0.0,0.0
NEW_RMT_3954_Type3_WFreeze_Equal1,42,1.0,1.0,0.0,0.4,100000,99981,0,0,0,0,0,0.0,0.0,0.0
NEW_RMT_3954_Type3_WFreeze_Equal1,42,1.0,1.0,0.0,0.5,100000,99732,0,0,0,0,0,0.0,0.0,0.0
NEW_RMT_3954_Type3_WFreeze_Equal1,42,1.0,1.0,0.0,0.6,100000,98966,2,2,2,0,0,0.002,0.002,0.002
NEW_RMT_3954_Type3_WFreeze_Equal1,42,1.0,1.0,0.0,0.7,100000,97782,8,8,8,0,0,0.008,0.008,0.008
NEW_RMT_3954_Type3_WFreeze_Equal1,42,1.0,1.0,0.0,0.8,100000,96149,23,23,23,0,0,0.023,0.023,0.023
NEW_RMT_3954_Type3_WFreeze_Equal1,42,1.0,1.0,0.0,0.9,100000,94311,65,65,65,0,0,0.065,0.065,0.065
NEW_RMT_3954_Type3_WFreeze_Equal1,42,1.0,1.0,0.0,1.0,100000,92345,123,123,123,0,0,0.123,0.123,0.123
NEW_RMT_3954_Type3_WFreeze_Equal1,42,1.0,1.0,0.0,1.1,100000,90198,225,225,225,0,0,0.225,0.225,0.225
NEW_RMT_3954_Type3_WFreeze_Equal1,42,1.0,1.0,0.0,1.2,100000,88080,321,321,321,0,0,0.321,0.321,0.321
NEW_RMT_3954_Type3_WFreeze_Equal1,42,1.0,1.0,0.0,1.3,100000,85689,434,434,434,0,0,0.434,0.434,0.434
NEW_RMT_3954_Type3_WFreeze_Equal1,42,1.0,1.0,0.0,1.4,100000,83226,534,534,534,0,0,0.534,0.534,0.534
NEW_RMT_3954_Type3_WFreeze_Equal1,42,1.0,1.0,0.0,1.5,100000,80727,677,677,677,0,0,0.677,0.677,0.677
NEW_RMT_3954_Type3_WFreeze_Equal1,42,1.0,1.0,0.0,1.6,100000,78077,784,784,784,0,0,0.784,0.784,0.784
NEW_RMT_3954_Type3_WFreeze_Equal1,42,1.0,1.0,0.0,1.8,100000,72870,966,966,966,0,0,0.966,0.966,0.966
NEW_RMT_3954_Type3_WFreeze_Equal1,42,1.0,1.0,0.0,2.0,100000,67959,1129,1129,1129,0,0,1.129,1.129,1.129
NEW_RMT_3954_Type3_WFreeze_Equal1,42,1.0,1.0,0.0,2.2,100000,63389,1350,1350,1350,0,0,1.35,1.35,1.35
NEW_RMT_3954_Type3_WFreeze_Equal1,42,1.0,1.0,0.0,2.4,100000,59093,1501,1501,1501,0,0,1.501,1.501,1.501
NEW_RMT_3954_Type3_WFreeze_Equal1,42,1.0,1.0,0.0,2.6,100000,55261,1617,1617,1617,0,0,1.617,1.617,1.617
NEW_RMT_3954_Type3_WFreeze_Equal1,42,1.0,1.0,0.0,2.8,100000,51853,1728,1728,1728,0,0,1.728,1.728,1.728
NEW_RMT_3954_Type3_WFreeze_Equal1,42,1.0,1.0,0.0,3.0,100000,48898,1882,1882,1882,0,0,1.882,1.882,1.882
NEW_RMT_3954_Type3_WFreeze_Equal1,42,1.0,1.0,0.0,3.2,100000,46233,1999,1999,1999,0,0,1.999,1.999,1.999
NEW_RMT_3954_Type3_WFreeze_Equal1,42,1.0,1.0,0.0,3.4,100000,43879,2064,2064,2064,0,0,2.064,2.064,2.064
NEW_RMT_3954_Type3_WFreeze_Equal1,42,1.0,1.0,0.0,3.6,100000,41674,2160,2160,2160,0,0,2.16,2.16,2.16
NEW_RMT_3954_Type3_WFreeze_Equal1,42,1.0,1.0,0.0,3.8,100000,39752,2225,2225,2225,0,0,2.225,2.225,2.225
NEW_RMT_3954_Type3_WFreeze_Equal1,42,1.0,1.0,0.0,4.0,100000,38013,2293,2293,2293,0,0,2.293,2.293,2.293
NEW_RMT_3954_Type3_WFreeze_Equal1,42,1.0,1.0,0.0,5.0,100000,31319,2561,2561,2561,0,0,2.561,2.561,2.561
NEW_RMT_3954_Type3_WFreeze_Equal1,42,1.0,1.0,0.0,6.0,100000,26971,2837,2837,2837,0,0,2.837,2.837,2.837
NEW_RMT_3954_Type3_WFreeze_Equal1,42,1.0,1.0,0.0,7.0,100000,23995,3014,3014,3014,0,0,3.014,3.014,3.014
NEW_RMT_3954_Type3_WFreeze_Equal1,42,1.0,1.0,0.0,8.0,100000,21713,3107,3107,3107,0,0,3.107,3.107,3.107
NEW_RMT_3954_Type3_WFreeze_Equal1,42,1.0,1.0,0.0,9.0,100000,19905,3201,3201,3201,0,0,3.201,3.201,3.201
NEW_RMT_3954_Type3_WFreeze_Equal1,42,1.0,1.0,0.0,10.0,100000,18489,3302,3302,3302,0,0,3.302,3.302,3.302
NEW_RMT_3954_Type3_WFreeze_Equal2,43,0.1,0.1,0.0,0.1,100000,100000,0,0,0,0,0,0.0,0.0,0.0
NEW_RMT_3954_Type3_WFreeze_Equal2,43,0.1,0.1,0.0,0.2,100000,100000,0,0,0,0,0,0.0,0.0,0.0
NEW_RMT_3954_Type3_WFreeze_Equal2,43,0.1,0.1,0.0,0.3,100000,100000,0,0,0,0,0,0.0,0.0,0.0
NEW_RMT_3954_Type3_WFreeze_Equal2,43,0.1,0.1,0.0,0.4,100000,99981,0,0,0,0,0,0.0,0.0,0.0
NEW_RMT_3954_Type3_WFreeze_Equal2,43,0.1,0.1,0.0,0.5,100000,99732,0,0,0,0,0,0.0,0.0,0.0
NEW_RMT_3954_Type3_WFreeze_Equal2,43,0.1,0.1,0.0,0.6,100000,98966,2,2,2,0,0,0.002,0.002,0.002
NEW_RMT_3954_Type3_WFreeze_Equal2,43,0.1,0.1,0.0,0.7,100000,97782,8,8,8,0,0,0.008,0.008,0.008
NEW_RMT_3954_Type3_WFreeze_Equal2,43,0.1,0.1,0.0,0.8,100000,96149,24,24,24,0,0,0.024,0.024,0.024
NEW_RMT_3954_Type3_WFreeze_Equal2,43,0.1,0.1,0.0,0.9,100000,94311,65,65,65,0,0,0.065,0.065,0.065
NEW_RMT_3954_Type3_WFreeze_Equal2,43,0.1,0.1,0.0,1.0,100000,92345,124,124,124,0,0,0.124,0.124,0.124
NEW_RMT_3954_Type3_WFreeze_Equal2,43,0.1,0.1,0.0,1.1,100000,90198,226,226,226,0,0,0.226,0.226,0.226
NEW_RMT_3954_Type3_WFreeze_Equal2,43,0.1,0.1,0.0,1.2,100000,88080,324,324,324,0,0,0.324,0.324,0.324
NEW_RMT_3954_Type3_WFreeze_Equal2,43,0.1,0.1,0.0,1.3,100000,85689,436,436,436,0,0,0.436,0.436,0.436
NEW_RMT_3954_Type3_WFreeze_Equal2,43,0.1,0.1,0.0,1.4,100000,83226,536,536,536,0,0,0.536,0.536,0.536
NEW_RMT_3954_Type3_WFreeze_Equal2,43,0.1,0.1,0.0,1.5,100000,80727,681,681,681,0,0,0.681,0.681,0.681
NEW_RMT_3954_Type3_WFreeze_Equal2,43,0.1,0.1,0.0,1.6,100000,78077,787,787,787,0,0,0.787,0.787,0.787
NEW_RMT_3954_Type3_WFreeze_Equal2,43,0.1,0.1,0.0,1.8,100000,72870,972,972,972,0,0,0.972,0.972,0.972
NEW_RMT_3954_Type3_WFreeze_Equal2,43,0.1,0.1,0.0,2.0,100000,67959,1129,1129,1129,0,0,1.129,1.129,1.129
NEW_RMT_3954_Type3_WFreeze_Equal2,43,0.1,0.1,0.0,2.2,100000,63389,1355,1355,1355,0,0,1.355,1.355,1.355
NEW_RMT_3954_Type3_WFreeze_Equal2,43,0.1,0.1,0.0,2.4,100000,59093,1503,1503,1503,0,0,1.503,1.503,1.503
NEW_RMT_3954_Type3_WFreeze_Equal2,43,0.1,0.1,0.0,2.6,100000,55261,1618,1618,1618,0,0,1.618,1.618,1.618
NEW_RMT_3954_Type3_WFreeze_Equal2,43,0.1,0.1,0.0,2.8,100000,51853,1729,1729,1729,0,0,1.729,1.729,1.729
NEW_RMT_3954_Type3_WFreeze_Equal2,43,0.1,0.1,0.0,3.0,100000,48898,1884,1884,1884,0,0,1.884,1.884,1.884
NEW_RMT_3954_Type3_WFreeze_Equal2,43,0.1,0.1,0.0,3.2,100000,46233,2000,2000,2000,0,0,2.0,2.0,2.0
NEW_RMT_3954_Type3_WFreeze_Equal2,43,0.1,0.1,0.0,3.4,100000,43879,2068,2068,2068,0,0,2.068,2.068,2.068
NEW_RMT_3954_Type3_WFreeze_Equal2,43,0.1,0.1,0.0,3.6,100000,41674,2164,2164,2164,0,0,2.164,2.164,2.164
NEW_RMT_3954_Type3_WFreeze_Equal2,43,0.1,0.1,0.0,3.8,100000,39752,2226,2226,2226,0,0,2.226,2.226,2.226
NEW_RMT_3954_Type3_WFreeze_Equal2,43,0.1,0.1,0.0,4.0,100000,38013,2295,2295,2295,0,0,2.295,2.295,2.295
NEW_RMT_3954_Type3_WFreeze_Equal2,43,0.1,0.1,0.0,5.0,100000,31319,2555,2555,2555,0,0,2.555,2.555,2.555
NEW_RMT_3954_Type3_WFreeze_Equal2,43,0.1,0.1,0.0,6.0,100000,26971,2816,2816,2816,0,0,2.816,2.816,2.816
NEW_RMT_3954_Type3_WFreeze_Equal2,43,0.1,0.1,0.0,7.0,100000,23995,2969,2969,2969,0,0,2.969,2.969,2.969
NEW_RMT_3954_Type3_WFreeze_Equal2,43,0.1,0.1,0.0,8.0,100000,21713,3010,3010,3010,0,0,3.01,3.01,3.01
NEW_RMT_3954_Type3_WFreeze_Equal2,43,0.1,0.1,0.0,9.0,100000,19905,3065,3065,3063,2,0,3.065,3.065,3.063
NEW_RMT_3954_Type3_WFreeze_Equal2,43,0.1,0.1,0.0,10.0,100000,18489,3076,3076,3070,6,0,3.076,3.076,3.07
NEW_RMT_3954_Type3_WFreeze_Equal3,44,10.0,10.0,0.0,0.1,100000,100000,0,0,0,0,0,0.0,0.0,0.0
NEW_RMT_3954_Type3_WFreeze_Equal3,44,10.0,10.0,0.0,0.2,100000,100000,0,0,0,0,0,0.0,0.0,0.0
NEW_RMT_3954_Type3_WFreeze_Equal3,44,10.0,10.0,0.0,0.3,100000,100000,0,0,0,0,0,0.0,0.0,0.0
NEW_RMT_3954_Type3_WFreeze_Equal3,44,10.0,10.0,0.0,0.4,100000,99981,0,0,0,0,0,0.0,0.0,0.0
NEW_RMT_3954_Type3_WFreeze_Equal3,44,10.0,10.0,0.0,0.5,100000,99732,0,0,0,0,0,0.0,0.0,0.0
NEW_RMT_3954_Type3_WFreeze_Equal3,44,10.0,10.0,0.0,0.6,100000,98966,1,1,1,0,0,0.001,0.001,0.001
NEW_RMT_3954_Type3_WFreeze_Equal3,44,10.0,10.0,0.0,0.7,100000,97782,8,8,8,0,0,0.008,0.008,0.008
NEW_RMT_3954_Type3_WFreeze_Equal3,44,10.0,10.0,0.0,0.8,100000,96149,22,22,22,0,0,0.022,0.022,0.022
NEW_RMT_3954_Type3_WFreeze_Equal3,44,10.0,10.0,0.0,0.9,100000,94311,60,60,60,0,0,0.06,0.06,0.06
NEW_RMT_3954_Type3_WFreeze_Equal3,44,10.0,10.0,0.0,1.0,100000,92345,116,116,116,0,0,0.116,0.116,0.116
NEW_RMT_3954_Type3_WFreeze_Equal3,44,10.0,10.0,0.0,1.1,100000,90198,217,217,217,0,0,0.217,0.217,0.217
NEW_RMT_3954_Type3_WFreeze_Equal3,44,10.0,10.0,0.0,1.2,100000,88080,308,308,308,0,0,0.308,0.308,0.308
NEW_RMT_3954_Type3_WFreeze_Equal3,44,10.0,10.0,0.0,1.3,100000,85689,423,423,423,0,0,0.423,0.423,0.423
NEW_RMT_3954_Type3_WFreeze_Equal3,44,10.0,10.0,0.0,1.4,100000,83226,507,507,507,0,0,0.507,0.507,0.507
NEW_RMT_3954_Type3_WFreeze_Equal3,44,10.0,10.0,0.0,1.5,100000,80727,646,646,646,0,0,0.646,0.646,0.646
NEW_RMT_3954_Type3_WFreeze_Equal3,44,10.0,10.0,0.0,1.6,100000,78077,757,757,757,0,0,0.757,0.757,0.757
NEW_RMT_3954_Type3_WFreeze_Equal3,44,10.0,10.0,0.0,1.8,100000,72870,938,938,938,0,0,0.938,0.938,0.938
NEW_RMT_3954_Type3_WFreeze_Equal3,44,10.0,10.0,0.0,2.0,100000,67959,1098,1098,1098,0,0,1.098,1.098,1.098
NEW_RMT_3954_Type3_WFreeze_Equal3,44,10.0,10.0,0.0,2.2,100000,63389,1318,1318,1318,0,0,1.318,1.318,1.318
NEW_RMT_3954_Type3_WFreeze_Equal3,44,10.0,10.0,0.0,2.4,100000,59093,1472,1472,1472,0,0,1.472,1.472,1.472
NEW_RMT_3954_Type3_WFreeze_Equal3,44,10.0,10.0,0.0,2.6,100000,55261,1581,1581,1581,0,0,1.581,1.581,1.581
NEW_RMT_3954_Type3_WFreeze_Equal3,44,10.0,10.0,0.0,2.8,100000,51853,1696,1696,1696,0,0,1.696,1.696,1.696
NEW_RMT_3954_Type3_WFreeze_Equal3,44,10.0,10.0,0.0,3.0,100000,48898,1853,1853,1853,0,0,1.853,1.853,1.853
NEW_RMT_3954_Type3_WFreeze_Equal3,44,10.0,10.0,0.0,3.2,100000,46233,1968,1968,1968,0,0,1.968,1.968,1.968
NEW_RMT_3954_Type3_WFreeze_Equal3,44,10.0,10.0,0.0,3.4,100000,43879,2036,2036,2036,0,0,2.036,2.036,2.036
NEW_RMT_3954_Type3_WFreeze_Equal3,44,10.0,10.0,0.0,3.6,100000,41674,2127,2127,2127,0,0,2.127,2.127,2.127
NEW_RMT_3954_Type3_WFreeze_Equal3,44,10.0,10.0,0.0,3.8,100000,39752,2203,2203,2203,0,0,2.203,2.203,2.203
NEW_RMT_3954_Type3_WFreeze_Equal3,44,10.0,10.0,0.0,4.0,100000,38013,2273,2273,2273,0,0,2.273,2.273,2.273
NEW_RMT_3954_Type3_WFreeze_Equal3,44,10.0,10.0,0.0,5.0,100000,31319,2540,2540,2540,0,0,2.54,2.54,2.54
NEW_RMT_3954_Type3_WFreeze_Equal3,44,10.0,10.0,0.0,6.0,100000,26971,2823,2823,2823,0,0,2.823,2.823,2.823
NEW_RMT_3954_Type3_WFreeze_Equal3,44,10.0,10.0,0.0,7.0,100000,23995,3002,3002,3002,0,0,3.002,3.002,3.002
NEW_RMT_3954_Type3_WFreeze_Equal3,44,10.0,10.0,0.0,8.0,100000,21713,3099,3099,3099,0,0,3.099,3.099,3.099
NEW_RMT_3954_Type3_WFreeze_Equal3,44,10.0,10.0,0.0,9.0,100000,19905,3194,3194,3194,0,0,3.194,3.194,3.194
NEW_RMT_3954_Type3_WFreeze_Equal3,44,10.0,10.0,0.0,10.0,100000,18489,3290,3290,3290,0,0,3.29,3.29,3.29
NEW_RMT_3954_Type3_WFreeze_Unequal1,45,1.0,0.1,0.0,0.1,100000,100000,0,0,0,0,0,0.0,0.0,0.0
NEW_RMT_3954_Type3_WFreeze_Unequal1,45,1.0,0.1,0.0,0.2,100000,100000,0,0,0,0,0,0.0,0.0,0.0
NEW_RMT_3954_Type3_WFreeze_Unequal1,45,1.0,0.1,0.0,0.3,100000,100000,0,0,0,0,0,0.0,0.0,0.0
NEW_RMT_3954_Type3_WFreeze_Unequal1,45,1.0,0.1,0.0,0.4,100000,99981,3,3,3,0,0,0.003,0.003,0.003
NEW_RMT_3954_Type3_WFreeze_Unequal1,45,1.0,0.1,0.0,0.5,100000,99732,38,38,38,0,0,0.038,0.038,0.038
NEW_RMT_3954_Type3_WFreeze_Unequal1,45,1.0,0.1,0.0,0.6,100000,98966,200,200,200,0,0,0.2,0.2,0.2
NEW_RMT_3954_Type3_WFreeze_Unequal1,45,1.0,0.1,0.0,0.7,100000,97782,594,594,594,0,0,0.594,0.594,0.594
NEW_RMT_3954_Type3_WFreeze_Unequal1,45,1.0,0.1,0.0,0.8,100000,96149,1360,1360,1360,0,0,1.36,1.36,1.36
NEW_RMT_3954_Type3_WFreeze_Unequal1,45,1.0,0.1,0.0,0.9,100000,94311,2438,2438,2438,0,0,2.438,2.438,2.438
NEW_RMT_3954_Type3_WFreeze_Unequal1,45,1.0,0.1,0.0,1.0,100000,92345,3630,3630,3630,0,0,3.63,3.63,3.63
NEW_RMT_3954_Type3_WFreeze_Unequal1,45,1.0,0.1,0.0,1.1,100000,90198,4867,4867,4867,0,0,4.867,4.867,4.867
NEW_RMT_3954_Type3_WFreeze_Unequal1,45,1.0,0.1,0.0,1.2,100000,88080,6123,6123,6123,0,0,6.123,6.123,6.123
NEW_RMT_3954_Type3_WFreeze_Unequal1,45,1.0,0.1,0.0,1.3,100000,85689,7149,7149,7149,0,0,7.149,7.149,7.149
NEW_RMT_3954_Type3_WFreeze_Unequal1,45,1.0,0.1,0.0,1.4,100000,83226,8094,8094,8094,0,0,8.094,8.094,8.094
NEW_RMT_3954_Type3_WFreeze_Unequal1,45,1.0,0.1,0.0,1.5,100000,80727,8903,8903,8903,0,0,8.903,8.903,8.903
NEW_RMT_3954_Type3_WFreeze_Unequal1,45,1.0,0.1,0.0,1.6,100000,78077,9473,9473,9473,0,0,9.473,9.473,9.473
NEW_RMT_3954_Type3_WFreeze_Unequal1,45,1.0,0.1,0.0,1.8,100000,72870,10429,10429,10429,0,0,10.429,10.429,10.429
NEW_RMT_3954_Type3_WFreeze_Unequal1,45,1.0,0.1,0.0,2.0,100000,67959,10980,10980,10980,0,0,10.98,10.98,10.98
NEW_RMT_3954_Type3_WFreeze_Unequal1,45,1.0,0.1,0.0,2.2,100000,63389,11309,11309,11309,0,0,11.309,11.309,11.309
NEW_RMT_3954_Type3_WFreeze_Unequal1,45,1.0,0.1,0.0,2.4,100000,59093,11486,11486,11486,0,0,11.486,11.486,11.486
NEW_RMT_3954_Type3_WFreeze_Unequal1,45,1.0,0.1,0.0,2.6,100000,55261,11575,11575,11575,0,0,11.575,11.575,11.575
NEW_RMT_3954_Type3_WFreeze_Unequal1,45,1.0,0.1,0.0,2.8,100000,51853,11607,11607,11607,0,0,11.607,11.607,11.607
NEW_RMT_3954_Type3_WFreeze_Unequal1,45,1.0,0.1,0.0,3.0,100000,48898,11587,11587,11587,0,0,11.587,11.587,11.587
NEW_RMT_3954_Type3_WFreeze_Unequal1,45,1.0,0.1,0.0,3.2,100000,46233,11548,11548,11548,0,0,11.548,11.548,11.548
NEW_RMT_3954_Type3_WFreeze_Unequal1,45,1.0,0.1,0.0,3.4,100000,43879,11416,11416,11416,0,0,11.416,11.416,11.416
NEW_RMT_3954_Type3_WFreeze_Unequal1,45,1.0,0.1,0.0,3.6,100000,41674,11350,11350,11350,0,0,11.35,11.35,11.35
NEW_RMT_3954_Type3_WFreeze_Unequal1,45,1.0,0.1,0.0,3.8,100000,39752,11283,11283,11283,0,0,11.283,11.283,11.283
NEW_RMT_3954_Type3_WFreeze_Unequal1,45,1.0,0.1,0.0,4.0,100000,38013,11161,11161,11161,0,0,11.161,11.161,11.161
NEW_RMT_3954_Type3_WFreeze_Unequal1,45,1.0,0.1,0.0,5.0,100000,31319,10604,10604,10604,0,0,10.604,10.604,10.604
NEW_RMT_3954_Type3_WFreeze_Unequal1,45,1.0,0.1,0.0,6.0,100000,26971,10130,10130,10130,0,0,10.13,10.13,10.13
NEW_RMT_3954_Type3_WFreeze_Unequal1,45,1.0,0.1,0.0,7.0,100000,23995,9793,9793,9793,0,0,9.793,9.793,9.793
NEW_RMT_3954_Type3_WFreeze_Unequal1,45,1.0,0.1,0.0,8.0,100000,21713,9457,9457,9457,0,0,9.457,9.457,9.457
NEW_RMT_3954_Type3_WFreeze_Unequal1,45,1.0,0.1,0.0,9.0,100000,19905,9103,9103,9101,2,0,9.103,9.103,9.101
NEW_RMT_3954_Type3_WFreeze_Unequal1,45,1.0,0.1,0.0,10.0,100000,18489,8874,8874,8868,6,0,8.874,8.874,8.868
NEW_RMT_3954_Type3_WFreeze_Unequal2,46,0.1,1.0,0.0,0.1,100000,100000,0,0,0,0,0,0.0,0.0,0.0
NEW_RMT_3954_Type3_WFreeze_Unequal2,46,0.1,1.0,0.0,0.2,100000,100000,0,0,0,0,0,0.0,0.0,0.0
NEW_RMT_3954_Type3_WFreeze_Unequal2,46,0.1,1.0,0.0,0.3,100000,100000,0,0,0,0,0,0.0,0.0,0.0
NEW_RMT_3954_Type3_WFreeze_Unequal2,46,0.1,1.0,0.0,0.4,100000,99981,0,0,0,0,0,0.0,0.0,0.0
NEW_RMT_3954_Type3_WFreeze_Unequal2,46,0.1,1.0,0.0,0.5,100000,99732,0,0,0,0,0,0.0,0.0,0.0
NEW_RMT_3954_Type3_WFreeze_Unequal2,46,0.1,1.0,0.0,0.6,100000,98966,0,0,0,0,0,0.0,0.0,0.0
NEW_RMT_3954_Type3_WFreeze_Unequal2,46,0.1,1.0,0.0,0.7,100000,97782,0,0,0,0,0,0.0,0.0,0.0
NEW_RMT_3954_Type3_WFreeze_Unequal2,46,0.1,1.0,0.0,0.8,100000,96149,0,0,0,0,0,0.0,0.0,0.0
NEW_RMT_3954_Type3_WFreeze_Unequal2,46,0.1,1.0,0.0,0.9,100000,94311,0,0,0,0,0,0.0,0.0,0.0
NEW_RMT_3954_Type3_WFreeze_Unequal2,46,0.1,1.0,0.0,1.0,100000,92345,0,0,0,0,0,0.0,0.0,0.0
NEW_RMT_3954_Type3_WFreeze_Unequal2,46,0.1,1.0,0.0,1.1,100000,90198,0,0,0,0,0,0.0,0.0,0.0
NEW_RMT_3954_Type3_WFreeze_Unequal2,46,0.1,1.0,0.0,1.2,100000,88080,0,0,0,0,0,0.0,0.0,0.0
NEW_RMT_3954_Type3_WFreeze_Unequal2,46,0.1,1.0,0.0,1.3,100000,85689,0,0,0,0,0,0.0,0.0,0.0
NEW_RMT_3954_Type3_WFreeze_Unequal2,46,0.1,1.0,0.0,1.4,100000,83226,0,0,0,0,0,0.0,0.0,0.0
NEW_RMT_3954_Type3_WFreeze_Unequal2,46,0.1,1.0,0.0,1.5,100000,80727,0,0,0,0,0,0.0,0.0,0.0
NEW_RMT_3954_Type3_WFreeze_Unequal2,46,0.1,1.0,0.0,1.6,100000,78077,0,0,0,0,0,0.0,0.0,0.0
NEW_RMT_3954_Type3_WFreeze_Unequal2,46,0.1,1.0,0.0,1.8,100000,72870,0,0,0,0,0,0.0,0.0,0.0
NEW_RMT_3954_Type3_WFreeze_Unequal2,46,0.1,1.0,0.0,2.0,100000,67959,0,0,0,0,0,0.0,0.0,0.0
NEW_RMT_3954_Type3_WFreeze_Unequal2,46,0.1,1.0,0.0,2.2,100000,63389,0,0,0,0,0,0.0,0.0,0.0
NEW_RMT_3954_Type3_WFreeze_Unequal2,46,0.1,1.0,0.0,2.4,100000,59093,1,1,1,0,0,0.001,0.001,0.001
NEW_RMT_3954_Type3_WFreeze_Unequal2,46,0.1,1.0,0.0,2.6,100000,55261,2,2,2,0,0,0.002,0.002,0.002
NEW_RMT_3954_Type3_WFreeze_Unequal2,46,0.1,1.0,0.0,2.8,100000,51853,2,2,2,0,0,0.002,0.002,0.002
NEW_RMT_3954_Type3_WFreeze_Unequal2,46,0.1,1.0,0.0,3.0,100000,48898,7,7,7,0,0,0.007,0.007,0.007
NEW_RMT_3954_Type3_WFreeze_Unequal2,46,0.1,1.0,0.0,3.2,100000,46233,8,8,8,0,0,0.008,0.008,0.008
NEW_RMT_3954_Type3_WFreeze_Unequal2,46,0.1,1.0,0.0,3.4,100000,43879,12,12,12,0,0,0.012,0.012,0.012
NEW_RMT_3954_Type3_WFreeze_Unequal2,46,0.1,1.0,0.0,3.6,100000,41674,14,14,14,0,0,0.014,0.014,0.014
NEW_RMT_3954_Type3_WFreeze_Unequal2,46,0.1,1.0,0.0,3.8,100000,39752,21,21,21,0,0,0.021,0.021,0.021
NEW_RMT_3954_Type3_WFreeze_Unequal2,46,0.1,1.0,0.0,4.0,100000,38013,22,22,22,0,0,0.022,0.022,0.022
NEW_RMT_3954_Type3_WFreeze_Unequal2,46,0.1,1.0,0.0,5.0,100000,31319,62,62,62,0,0,0.062,0.062,0.062
NEW_RMT_3954_Type3_WFreeze_Unequal2,46,0.1,1.0,0.0,6.0,100000,26971,108,108,108,0,0,0.108,0.108,0.108
NEW_RMT_3954_Type3_WFreeze_Unequal2,46,0.1,1.0,0.0,7.0,100000,23995,179,179,179,0,0,0.179,0.179,0.179
NEW_RMT_3954_Type3_WFreeze_Unequal2,46,0.1,1.0,0.0,8.0,100000,21713,251,251,251,0,0,0.251,0.251,0.251
NEW_RMT_3954_Type3_WFreeze_Unequal2,46,0.1,1.0,0.0,9.0,100000,19905,318,318,318,0,0,0.318,0.318,0.318
NEW_RMT_3954_Type3_WFreeze_Unequal2,46,0.1,1.0,0.0,10.0,100000,18489,376,376,376,0,0,0.376,0.376,0.376
NEW_RMT_3954_Type3_WFreeze_Unequal3,47,10.0,1.0,0.0,0.1,100000,100000,0,0,0,0,0,0.0,0.0,0.0
NEW_RMT_3954_Type3_WFreeze_Unequal3,47,10.0,1.0,0.0,0.2,100000,100000,0,0,0,0,0,0.0,0.0,0.0
NEW_RMT_3954_Type3_WFreeze_Unequal3,47,10.0,1.0,0.0,0.3,100000,100000,0,0,0,0,0,0.0,0.0,0.0
NEW_RMT_3954_Type3_WFreeze_Unequal3,47,10.0,1.0,0.0,0.4,100000,99981,2,2,2,0,0,0.002,0.002,0.002
NEW_RMT_3954_Type3_WFreeze_Unequal3,47,10.0,1.0,0.0,0.5,100000,99732,38,38,38,0,0,0.038,0.038,0.038
NEW_RMT_3954_Type3_WFreeze_Unequal3,47,10.0,1.0,0.0,0.6,100000,98966,198,198,198,0,0,0.198,0.198,0.198
NEW_RMT_3954_Type3_WFreeze_Unequal3,47,10.0,1.0,0.0,0.7,100000,97782,590,590,590,0,0,0.59,0.59,0.59
NEW_RMT_3954_Type3_WFreeze_Unequal3,47,10.0,1.0,0.0,0.8,100000,96149,1347,1347,1347,0,0,1.347,1.347,1.347
NEW_RMT_3954_Type3_WFreeze_Unequal3,47,10.0,1.0,0.0,0.9,100000,94311,2420,2420,2420,0,0,2.42,2.42,2.42
NEW_RMT_3954_Type3_WFreeze_Unequal3,47,10.0,1.0,0.0,1.0,100000,92345,3616,3616,3616,0,0,3.616,3.616,3.616
NEW_RMT_3954_Type3_WFreeze_Unequal3,47,10.0,1.0,0.0,1.1,100000,90198,4830,4830,4830,0,0,4.83,4.83,4.83
NEW_RMT_3954_Type3_WFreeze_Unequal3,47,10.0,1.0,0.0,1.2,100000,88080,6101,6101,6101,0,0,6.101,6.101,6.101
NEW_RMT_3954_Type3_WFreeze_Unequal3,47,10.0,1.0,0.0,1.3,100000,85689,7125,7125,7125,0,0,7.125,7.125,7.125
NEW_RMT_3954_Type3_WFreeze_Unequal3,47,10.0,1.0,0.0,1.4,100000,83226,8061,8061,8061,0,0,8.061,8.061,8.061
NEW_RMT_3954_Type3_WFreeze_Unequal3,47,10.0,1.0,0.0,1.5,100000,80727,8875,8875,8875,0,0,8.875,8.875,8.875
NEW_RMT_3954_Type3_WFreeze_Unequal3,47,10.0,1.0,0.0,1.6,100000,78077,9441,9441,9441,0,0,9.441,9.441,9.441
NEW_RMT_3954_Type3_WFreeze_Unequal3,47,10.0,1.0,0.0,1.8,100000,72870,10401,10401,10401,0,0,10.401,10.401,10.401
NEW_RMT_3954_Type3_WFreeze_Unequal3,47,10.0,1.0,0.0,2.0,100000,67959,10955,10955,10955,0,0,10.955,10.955,10.955
NEW_RMT_3954_Type3_WFreeze_Unequal3,47,10.0,1.0,0.0,2.2,100000,63389,11291,11291,11291,0,0,11.291,11.291,11.291
NEW_RMT_3954_Type3_WFreeze_Unequal3,47,10.0,1.0,0.0,2.4,100000,59093,11462,11462,11462,0,0,11.462,11.462,11.462
NEW_RMT_3954_Type3_WFreeze_Unequal3,47,10.0,1.0,0.0,2.6,100000,55261,11542,11542,11542,0,0,11.542,11.542,11.542
NEW_RMT_3954_Type3_WFreeze_Unequal3,47,10.0,1.0,0.0,2.8,100000,51853,11583,11583,11583,0,0,11.583,11.583,11.583
NEW_RMT_3954_Type3_WFreeze_Unequal3,47,10.0,1.0,0.0,3.0,100000,48898,11572,11572,11572,0,0,11.572,11.572,11.572
NEW_RMT_3954_Type3_WFreeze_Unequal3,47,10.0,1.0,0.0,3.2,100000,46233,11536,11536,11536,0,0,11.536,11.536,11.536
NEW_RMT_3954_Type3_WFreeze_Unequal3,47,10.0,1.0,0.0,3.4,100000,43879,11399,11399,11399,0,0,11.399,11.399,11.399
NEW_RMT_3954_Type3_WFreeze_Unequal3,47,10.0,1.0,0.0,3.6,100000,41674,11336,11336,11336,0,0,11.336,11.336,11.336
NEW_RMT_3954_Type3_WFreeze_Unequal3,47,10.0,1.0,0.0,3.8,100000,39752,11276,11276,11276,0,0,11.276,11.276,11.276
NEW_RMT_3954_Type3_WFreeze_Unequal3,47,10.0,1.0,0.0,4.0,100000,38013,11150,11150,11150,0,0,11.15,11.15,11.15
NEW_RMT_3954_Type3_WFreeze_Unequal3,47,10.0,1.0,0.0,5.0,100000,31319,10595,10595,10595,0,0,10.595,10.595,10.595
NEW_RMT_3954_Type3_WFreeze_Unequal3,47,10.0,1.0,0.0,6.0,100000,26971,10125,10125,10125,0,0,10.125,10.125,10.125
NEW_RMT_3954_Type3_WFreeze_Unequal3,47,10.0,1.0,0.0,7.0,100000,23995,9789,9789,9789,0,0,9.789,9.789,9.789
NEW_RMT_3954_Type3_WFreeze_Unequal3,47,10.0,1.0,0.0,8.0,100000,21713,9451,9451,9451,0,0,9.451,9.451,9.451
NEW_RMT_3954_Type3_WFreeze_Unequal3,47,10.0,1.0,0.0,9.0,100000,19905,9100,9100,9100,0,0,9.1,9.1,9.1
NEW_RMT_3954_Type3_WFreeze_Unequal3,47,10.0,1.0,0.0,10.0,100000,18489,8872,8872,8872,0,0,8.872,8.872,8.872
NEW_RMT_3954_Type3_WFreeze_Unequal4,48,1.0,10.0,0.0,0.1,100000,100000,0,0,0,0,0,0.0,0.0,0.0
NEW_RMT_3954_Type3_WFreeze_Unequal4,48,1.0,10.0,0.0,0.2,100000,100000,0,0,0,0,0,0.0,0.0,0.0
NEW_RMT_3954_Type3_WFreeze_Unequal4,48,1.0,10.0,0.0,0.3,100000,100000,0,0,0,0,0,0.0,0.0,0.0
NEW_RMT_3954_Type3_WFreeze_Unequal4,48,1.0,10.0,0.0,0.4,100000,99981,0,0,0,0,0,0.0,0.0,0.0
NEW_RMT_3954_Type3_WFreeze_Unequal4,48,1.0,10.0,0.0,0.5,100000,99732,0,0,0,0,0,0.0,0.0,0.0
NEW_RMT_3954_Type3_WFreeze_Unequal4,48,1.0,10.0,0.0,0.6,100000,98966,0,0,0,0,0,0.0,0.0,0.0
NEW_RMT_3954_Type3_WFreeze_Unequal4,48,1.0,10.0,0.0,0.7,100000,97782,0,0,0,0,0,0.0,0.0,0.0
NEW_RMT_3954_Type3_WFreeze_Unequal4,48,1.0,10.0,0.0,0.8,100000,96149,0,0,0,0,0,0.0,0.0,0.0
NEW_RMT_3954_Type3_WFreeze_Unequal4,48,1.0,10.0,0.0,0.9,100000,94311,0,0,0,0,0,0.0,0.0,0.0
NEW_RMT_3954_Type3_WFreeze_Unequal4,48,1.0,10.0,0.0,1.0,100000,92345,0,0,0,0,0,0.0,0.0,0.0
NEW_RMT_3954_Type3_WFreeze_Unequal4,48,1.0,10.0,0.0,1.1,100000,90198,0,0,0,0,0,0.0,0.0,0.0
NEW_RMT_3954_Type3_WFreeze_Unequal4,48,1.0,10.0,0.0,1.2,100000,88080,0,0,0,0,0,0.0,0.0,0.0
NEW_RMT_3954_Type3_WFreeze_Unequal4,48,1.0,10.0,0.0,1.3,100000,85689,0,0,0,0,0,0.0,0.0,0.0
NEW_RMT_3954_Type3_WFreeze_Unequal4,48,1.0,10.0,0.0,1.4,100000,83226,0,0,0,0,0,0.0,0.0,0.0
NEW_RMT_3954_Type3_WFreeze_Unequal4,48,1.0,10.0,0.0,1.5,100000,80727,0,0,0,0,0,0.0,0.0,0.0
NEW_RMT_3954_Type3_WFreeze_Unequal4,48,1.0,10.0,0.0,1.6,100000,78077,0,0,0,0,0,0.0,0.0,0.0
NEW_RMT_3954_Type3_WFreeze_Unequal4,48,1.0,10.0,0.0,1.8,100000,72870,0,0,0,0,0,0.0,0.0,0.0
NEW_RMT_3954_Type3_WFreeze_Unequal4,48,1.0,10.0,0.0,2.0,100000,67959,0,0,0,0,0,0.0,0.0,0.0
NEW_RMT_3954_Type3_WFreeze_Unequal4,48,1.0,10.0,0.0,2.2,100000,63389,0,0,0,0,0,0.0,0.0,0.0
NEW_RMT_3954_Type3_WFreeze_Unequal4,48,1.0,10.0,0.0,2.4,100000,59093,1,1,1,0,0,0.001,0.001,0.001
NEW_RMT_3954_Type3_WFreeze_Unequal4,48,1.0,10.0,0.0,2.6,100000,55261,2,2,2,0,0,0.002,0.002,0.002
NEW_RMT_3954_Type3_WFreeze_Unequal4,48,1.0,10.0,0.0,2.8,100000,51853,2,2,2,0,0,0.002,0.002,0.002
NEW_RMT_3954_Type3_WFreeze_Unequal4,48,1.0,10.0,0.0,3.0,100000,48898,7,7,7,0,0,0.007,0.007,0.007
NEW_RMT_3954_Type3_WFreeze_Unequal4,48,1.0,10.0,0.0,3.2,100000,46233,8,8,8,0,0,0.008,0.008,0.008
NEW_RMT_3954_Type3_WFreeze_Unequal4,48,1.0,10.0,0.0,3.4,100000,43879,11,11,11,0,0,0.011,0.011,0.011
NEW_RMT_3954_Type3_WFreeze_Unequal4,48,1.0,10.0,0.0,3.6,100000,41674,14,14,14,0,0,0.014,0.014,0.014
NEW_RMT_3954_Type3_WFreeze_Unequal4,48,1.0,10.0,0.0,3.8,100000,39752,21,21,21,0,0,0.021,0.021,0.021
NEW_RMT_3954_Type3_WFreeze_Unequal4,48,1.0,10.0,0.0,4.0,100000,38013,21,21,21,0,0,0.021,0.021,0.021
NEW_RMT_3954_Type3_WFreeze_Unequal4,48,1.0,10.0,0.0,5.0,100000,31319,62,62,62,0,0,0.062,0.062,0.062
NEW_RMT_3954_Type3_WFreeze_Unequal4,48,1.0,10.0,0.0,6.0,100000,26971,108,108,108,0,0,0.108,0.108,0.108
NEW_RMT_3954_Type3_WFreeze_Unequal4,48,1.0,10.0,0.0,7.0,100000,23995,178,178,178,0,0,0.178,0.178,0.178
NEW_RMT_3954_Type3_WFreeze_Unequal4,48,1.0,10.0,0.0,8.0,100000,21713,251,251,251,0,0,0.251,0.251,0.251
NEW_RMT_3954_Type3_WFreeze_Unequal4,48,1.0,10.0,0.0,9.0,100000,19905,318,318,318,0,0,0.318,0.318,0.318
NEW_RMT_3954_Type3_WFreeze_Unequal4,48,1.0,10.0,0.0,10.0,100000,18489,375,375,375,0,0,0.375,0.375,0.375
NEW_RMT_3954_Type3_WFreeze_Unequal5,49,0.1,10.0,0.0,0.1,100000,100000,0,0,0,0,0,0.0,0.0,0.0
NEW_RMT_3954_Type3_WFreeze_Unequal5,49,0.1,10.0,0.0,0.2,100000,100000,0,0,0,0,0,0.0,0.0,0.0
NEW_RMT_3954_Type3_WFreeze_Unequal5,49,0.1,10.0,0.0,0.3,100000,100000,0,0,0,0,0,0.0,0.0,0.0
NEW_RMT_3954_Type3_WFreeze_Unequal5,49,0.1,10.0,0.0,0.4,100000,99981,0,0,0,0,0,0.0,0.0,0.0
NEW_RMT_3954_Type3_WFreeze_Unequal5,49,0.1,10.0,0.0,0.5,100000,99732,0,0,0,0,0,0.0,0.0,0.0
NEW_RMT_3954_Type3_WFreeze_Unequal5,49,0.1,10.0,0.0,0.6,100000,98966,0,0,0,0,0,0.0,0.0,0.0
NEW_RMT_3954_Type3_WFreeze_Unequal5,49,0.1,10.0,0.0,0.7,100000,97782,0,0,0,0,0,0.0,0.0,0.0
NEW_RMT_3954_Type3_WFreeze_Unequal5,49,0.1,10.0,0.0,0.8,100000,96149,0,0,0,0,0,0.0,0.0,0.0
NEW_RMT_3954_Type3_WFreeze_Unequal5,49,0.1,10.0,0.0,0.9,100000,94311,0,0,0,0,0,0.0,0.0,0.0
NEW_RMT_3954_Type3_WFreeze_Unequal5,49,0.1,10.0,0.0,1.0,100000,92345,0,0,0,0,0,0.0,0.0,0.0
NEW_RMT_3954_Type3_WFreeze_Unequal5,49,0.1,10.0,0.0,1.1,100000,90198,0,0,0,0,0,0.0,0.0,0.0
NEW_RMT_3954_Type3_WFreeze_Unequal5,49,0.1,10.0,0.0,1.2,100000,88080,0,0,0,0,0,0.0,0.0,0.0
NEW_RMT_3954_Type3_WFreeze_Unequal5,49,0.1,10.0,0.0,1.3,100000,85689,0,0,0,0,0,0.0,0.0,0.0
NEW_RMT_3954_Type3_WFreeze_Unequal5,49,0.1,10.0,0.0,1.4,100000,83226,0,0,0,0,0,0.0,0.0,0.0
NEW_RMT_3954_Type3_WFreeze_Unequal5,49,0.1,10.0,0.0,1.5,100000,80727,0,0,0,0,0,0.0,0.0,0.0
NEW_RMT_3954_Type3_WFreeze_Unequal5,49,0.1,10.0,0.0,1.6,100000,78077,0,0,0,0,0,0.0,0.0,0.0
NEW_RMT_3954_Type3_WFreeze_Unequal5,49,0.1,10.0,0.0,1.8,100000,72870,0,0,0,0,0,0.0,0.0,0.0
NEW_RMT_3954_Type3_WFreeze_Unequal5,49,0.1,10.0,0.0,2.0,100000,67959,0,0,0,0,0,0.0,0.0,0.0
NEW_RMT_3954_Type3_WFreeze_Unequal5,49,0.1,10.0,0.0,2.2,100000,63389,0,0,0,0,0,0.0,0.0,0.0
NEW_RMT_3954_Type3_WFreeze_Unequal5,49,0.1,10.0,0.0,2.4,100000,59093,0,0,0,0,0,0.0,0.0,0.0
NEW_RMT_3954_Type3_WFreeze_Unequal5,49,0.1,10.0,0.0,2.6,100000,55261,0,0,0,0,0,0.0,0.0,0.0
NEW_RMT_3954_Type3_WFreeze_Unequal5,49,0.1,10.0,0.0,2.8,100000,51853,0,0,0,0,0,0.0,0.0,0.0
NEW_RMT_3954_Type3_WFreeze_Unequal5,49,0.1,10.0,0.0,3.0,100000,48898,0,0,0,0,0,0.0,0.0,0.0
NEW_RMT_3954_Type3_WFreeze_Unequal5,49,0.1,10.0,0.0,3.2,100000,46233,0,0,0,0,0,0.0,0.0,0.0
NEW_RMT_3954_Type3_WFreeze_Unequal5,49,0.1,10.0,0.0,3.4,100000,43879,0,0,0,0,0,0.0,0.0,0.0
NEW_RMT_3954_Type3_WFreeze_Unequal5,49,0.1,10.0,0.0,3.6,100000,41674,0,0,0,0,0,0.0,0.0,0.0
NEW_RMT_3954_Type3_WFreeze_Unequal5,49,0.1,10.0,0.0,3.8,100000,39752,0,0,0,0,0,0.0,0.0,0.0
NEW_RMT_3954_Type3_WFreeze_Unequal5,49,0.1,10.0,0.0,4.0,100000,38013,0,0,0,0,0,0.0,0.0,0.0
NEW_RMT_3954_Type3_WFreeze_Unequal5,49,0.1,10.0,0.0,5.0,100000,31319,0,0,0,0,0,0.0,0.0,0.0
NEW_RMT_3954_Type3_WFreeze_Unequal5,49,0.1,10.0,0.0,6.0,100000,26971,0,0,0,0,0,0.0,0.0,0.0
NEW_RMT_3954_Type3_WFreeze_Unequal5,49,0.1,10.0,0.0,7.0,100000,23995,0,0,0,0,0,0.0,0.0,0.0
NEW_RMT_3954_Type3_WFreeze_Unequal5,49,0.1,10.0,0.0,8.0,100000,21713,0,0,0,0,0,0.0,0.0,0.0
NEW_RMT_3954_Type3_WFreeze_Unequal5,49,0.1,10.0,0.0,9.0,100000,19905,0,0,0,0,0,0.0,0.0,0.0
NEW_RMT_3954_Type3_WFreeze_Unequal5,49,0.1,10.0,0.0,10.0,100000,18489,2,2,2,0,0,0.002,0.002,0.002
NEW_RMT_3954_Type3_WFreeze_Unequal6,50,10.0,0.1,0.0,0.1,100000,100000,0,0,0,0,0,0.0,0.0,0.0
NEW_RMT_3954_Type3_WFreeze_Unequal6,50,10.0,0.1,0.0,0.2,100000,100000,0,0,0,0,0,0.0,0.0,0.0
NEW_RMT_3954_Type3_WFreeze_Unequal6,50,10.0,0.1,0.0,0.3,100000,100000,0,0,0,0,0,0.0,0.0,0.0
NEW_RMT_3954_Type3_WFreeze_Unequal6,50,10.0,0.1,0.0,0.4,100000,99981,18,18,18,0,0,0.018,0.018,0.018
NEW_RMT_3954_Type3_WFreeze_Unequal6,50,10.0,0.1,0.0,0.5,100000,99732,202,202,202,0,0,0.202,0.202,0.202
NEW_RMT_3954_Type3_WFreeze_Unequal6,50,10.0,0.1,0.0,0.6,100000,98966,768,768,768,0,0,0.768,0.768,0.768
NEW_RMT_3954_Type3_WFreeze_Unequal6,50,10.0,0.1,0.0,0.7,100000,97782,2099,2099,2099,0,0,2.099,2.099,2.099
NEW_RMT_3954_Type3_WFreeze_Unequal6,50,10.0,0.1,0.0,0.8,100000,96149,4011,4011,4011,0,0,4.011,4.011,4.011
NEW_RMT_3954_Type3_WFreeze_Unequal6,50,10.0,0.1,0.0,0.9,100000,94311,6511,6511,6511,0,0,6.511,6.511,6.511
NEW_RMT_3954_Type3_WFreeze_Unequal6,50,10.0,0.1,0.0,1.0,100000,92345,8914,8914,8914,0,0,8.914,8.914,8.914
NEW_RMT_3954_Type3_WFreeze_Unequal6,50,10.0,0.1,0.0,1.1,100000,90198,11230,11230,11230,0,0,11.23,11.23,11.23
NEW_RMT_3954_Type3_WFreeze_Unequal6,50,10.0,0.1,0.0,1.2,100000,88080,13522,13522,13522,0,0,13.522,13.522,13.522
NEW_RMT_3954_Type3_WFreeze_Unequal6,50,10.0,0.1,0.0,1.3,100000,85689,15370,15370,15370,0,0,15.37,15.37,15.37
NEW_RMT_3954_Type3_WFreeze_Unequal6,50,10.0,0.1,0.0,1.4,100000,83226,17042,17042,17042,0,0,17.042,17.042,17.042
NEW_RMT_3954_Type3_WFreeze_Unequal6,50,10.0,0.1,0.0,1.5,100000,80727,18348,18348,18348,0,0,18.348,18.348,18.348
NEW_RMT_3954_Type3_WFreeze_Unequal6,50,10.0,0.1,0.0,1.6,100000,78077,19305,19305,19305,0,0,19.305,19.305,19.305
NEW_RMT_3954_Type3_WFreeze_Unequal6,50,10.0,0.1,0.0,1.8,100000,72870,20673,20673,20673,0,0,20.673,20.673,20.673
NEW_RMT_3954_Type3_WFreeze_Unequal6,50,10.0,0.1,0.0,2.0,100000,67959,21493,21493,21493,0,0,21.493,21.493,21.493
NEW_RMT_3954_Type3_WFreeze_Unequal6,50,10.0,0.1,0.0,2.2,100000,63389,21871,21871,21871,0,0,21.871,21.871,21.871
NEW_RMT_3954_Type3_WFreeze_Unequal6,50,10.0,0.1,0.0,2.4,100000,59093,21789,21789,21789,0,0,21.789,21.789,21.789
NEW_RMT_3954_Type3_WFreeze_Unequal6,50,10.0,0.1,0.0,2.6,100000,55261,21484,21484,21484,0,0,21.484,21.484,21.484
NEW_RMT_3954_Type3_WFreeze_Unequal6,50,10.0,0.1,0.0,2.8,100000,51853,21205,21205,21205,0,0,21.205,21.205,21.205
NEW_RMT_3954_Type3_WFreeze_Unequal6,50,10.0,0.1,0.0,3.0,100000,48898,21001,21001,21001,0,0,21.001,21.001,21.001
NEW_RMT_3954_Type3_WFreeze_Unequal6,50,10.0,0.1,0.0,3.2,100000,46233,20612,20612,20612,0,0,20.612,20.612,20.612
NEW_RMT_3954_Type3_WFreeze_Unequal6,50,10.0,0.1,0.0,3.4,100000,43879,20229,20229,20229,0,0,20.229,20.229,20.229
NEW_RMT_3954_Type3_WFreeze_Unequal6,50,10.0,0.1,0.0,3.6,100000,41674,19784,19784,19784,0,0,19.784,19.784,19.784
NEW_RMT_3954_Type3_WFreeze_Unequal6,50,10.0,0.1,0.0,3.8,100000,39752,19400,19400,19400,0,0,19.4,19.4,19.4
NEW_RMT_3954_Type3_WFreeze_Unequal6,50,10.0,0.1,0.0,4.0,100000,38013,19030,19030,19030,0,0,19.03,19.03,19.03
NEW_RMT_3954_Type3_WFreeze_Unequal6,50,10.0,0.1,0.0,5.0,100000,31319,17386,17386,17386,0,0,17.386,17.386,17.386
NEW_RMT_3954_Type3_WFreeze_Unequal6,50,10.0,0.1,0.0,6.0,100000,26971,16049,16049,16049,0,0,16.049,16.049,16.049
NEW_RMT_3954_Type3_WFreeze_Unequal6,50,10.0,0.1,0.0,7.0,100000,23995,15020,15020,15020,0,0,15.02,15.02,15.02
NEW_RMT_3954_Type3_WFreeze_Unequal6,50,10.0,0.1,0.0,8.0,100000,21713,14219,14219,14219,0,0,14.219,14.219,14.219
NEW_RMT_3954_Type3_WFreeze_Unequal6,50,10.0,0.1,0.0,9.0,100000,19905,13497,13497,13495,2,0,13.497,13.497,13.495
NEW_RMT_3954_Type3_WFreeze_Unequal6,50,10.0,0.1,0.0,10.0,100000,18489,12925,12925,12919,6,0,12.925,12.925,12.919
NEW_RMT_3954_Type3_UWFreeze_Equal1,51,0.0,1.0,0.0,0.1,100000,100000,0,0,0,0,0,0.0,0.0,0.0
NEW_RMT_3954_Type3_UWFreeze_Equal1,51,0.0,1.0,0.0,0.2,100000,100000,0,0,0,0,0,0.0,0.0,0.0
NEW_RMT_3954_Type3_UWFreeze_Equal1,51,0.0,1.0,0.0,0.3,100000,100000,0,0,0,0,0,0.0,0.0,0.0
NEW_RMT_3954_Type3_UWFreeze_Equal1,51,0.0,1.0,0.0,0.4,100000,99981,0,0,0,0,0,0.0,0.0,0.0
NEW_RMT_3954_Type3_UWFreeze_Equal1,51,0.0,1.0,0.0,0.5,100000,99732,0,0,0,0,0,0.0,0.0,0.0
NEW_RMT_3954_Type3_UWFreeze_Equal1,51,0.0,1.0,0.0,0.6,100000,98966,0,0,0,0,0,0.0,0.0,0.0
NEW_RMT_3954_Type3_UWFreeze_Equal1,51,0.0,1.0,0.0,0.7,100000,97782,0,0,0,0,0,0.0,0.0,0.0
NEW_RMT_3954_Type3_UWFreeze_Equal1,51,0.0,1.0,0.0,0.8,100000,96149,0,0,0,0,0,0.0,0.0,0.0
NEW_RMT_3954_Type3_UWFreeze_Equal1,51,0.0,1.0,0.0,0.9,100000,94311,0,0,0,0,0,0.0,0.0,0.0
NEW_RMT_3954_Type3_UWFreeze_Equal1,51,0.0,1.0,0.0,1.0,100000,92345,0,0,0,0,0,0.0,0.0,0.0
NEW_RMT_3954_Type3_UWFreeze_Equal1,51,0.0,1.0,0.0,1.1,100000,90198,0,0,0,0,0,0.0,0.0,0.0
NEW_RMT_3954_Type3_UWFreeze_Equal1,51,0.0,1.0,0.0,1.2,100000,88080,0,0,0,0,0,0.0,0.0,0.0
NEW_RMT_3954_Type3_UWFreeze_Equal1,51,0.0,1.0,0.0,1.3,100000,85689,0,0,0,0,0,0.0,0.0,0.0
NEW_RMT_3954_Type3_UWFreeze_Equal1,51,0.0,1.0,0.0,1.4,100000,83226,0,0,0,0,0,0.0,0.0,0.0
NEW_RMT_3954_Type3_UWFreeze_Equal1,51,0.0,1.0,0.0,1.5,100000,80727,0,0,0,0,0,0.0,0.0,0.0
NEW_RMT_3954_Type3_UWFreeze_Equal1,51,0.0,1.0,0.0,1.6,100000,78077,0,0,0,0,0,0.0,0.0,0.0
NEW_RMT_3954_Type3_UWFreeze_Equal1,51,0.0,1.0,0.0,1.8,100000,72870,0,0,0,0,0,0.0,0.0,0.0
NEW_RMT_3954_Type3_UWFreeze_Equal1,51,0.0,1.0,0.0,2.0,100000,67959,0,0,0,0,0,0.0,0.0,0.0
NEW_RMT_3954_Type3_UWFreeze_Equal1,51,0.0,1.0,0.0,2.2,100000,63389,0,0,0,0,0,0.0,0.0,0.0
NEW_RMT_3954_Type3_UWFreeze_Equal1,51,0.0,1.0,0.0,2.4,100000,59093,0,0,0,0,0,0.0,0.0,0.0
NEW_RMT_3954_Type3_UWFreeze_Equal1,51,0.0,1.0,0.0,2.6,100000,55261,0,0,0,0,0,0.0,0.0,0.0
NEW_RMT_3954_Type3_UWFreeze_Equal1,51,0.0,1.0,0.0,2.8,100000,51853,0,0,0,0,0,0.0,0.0,0.0
NEW_RMT_3954_Type3_UWFreeze_Equal1,51,0.0,1.0,0.0,3.0,100000,48898,0,0,0,0,0,0.0,0.0,0.0
NEW_RMT_3954_Type3_UWFreeze_Equal1,51,0.0,1.0,0.0,3.2,100000,46233,0,0,0,0,0,0.0,0.0,0.0
NEW_RMT_3954_Type3_UWFreeze_Equal1,51,0.0,1.0,0.0,3.4,100000,43879,0,0,0,0,0,0.0,0.0,0.0
NEW_RMT_3954_Type3_UWFreeze_Equal1,51,0.0,1.0,0.0,3.6,100000,41674,0,0,0,0,0,0.0,0.0,0.0
NEW_RMT_3954_Type3_UWFreeze_Equal1,51,0.0,1.0,0.0,3.8,100000,39752,0,0,0,0,0,0.0,0.0,0.0
NEW_RMT_3954_Type3_UWFreeze_Equal1,51,0.0,1.0,0.0,4.0,100000,38013,0,0,0,0,0,0.0,0.0,0.0
NEW_RMT_3954_Type3_UWFreeze_Equal1,51,0.0,1.0,0.0,5.0,100000,31319,0,0,0,0,0,0.0,0.0,0.0
NEW_RMT_3954_Type3_UWFreeze_Equal1,51,0.0,1.0,0.0,6.0,100000,26971,0,0,0,0,0,0.0,0.0,0.0
NEW_RMT_3954_Type3_UWFreeze_Equal1,51,0.0,1.0,0.0,7.0,100000,23995,0,0,0,0,0,0.0,0.0,0.0
NEW_RMT_3954_Type3_UWFreeze_Equal1,51,0.0,1.0,0.0,8.0,100000,21713,0,0,0,0,0,0.0,0.0,0.0
NEW_RMT_3954_Type3_UWFreeze_Equal1,51,0.0,1.0,0.0,9.0,100000,19905,0,0,0,0,0,0.0,0.0,0.0
NEW_RMT_3954_Type3_UWFreeze_Equal1,51,0.0,1.0,0.0,10.0,100000,18489,0,0,0,0,0,0.0,0.0,0.0
NEW_RMT_3954_Type3_UWFreeze_Equal2,52,0.0,0.1,0.0,0.1,100000,100000,0,0,0,0,0,0.0,0.0,0.0
NEW_RMT_3954_Type3_UWFreeze_Equal2,52,0.0,0.1,0.0,0.2,100000,100000,0,0,0,0,0,0.0,0.0,0.0
NEW_RMT_3954_Type3_UWFreeze_Equal2,52,0.0,0.1,0.0,0.3,100000,100000,0,0,0,0,0,0.0,0.0,0.0
NEW_RMT_3954_Type3_UWFreeze_Equal2,52,0.0,0.1,0.0,0.4,100000,99981,0,0,0,0,0,0.0,0.0,0.0
NEW_RMT_3954_Type3_UWFreeze_Equal2,52,0.0,0.1,0.0,0.5,100000,99732,0,0,0,0,0,0.0,0.0,0.0
NEW_RMT_3954_Type3_UWFreeze_Equal2,52,0.0,0.1,0.0,0.6,100000,98966,0,0,0,0,0,0.0,0.0,0.0
NEW_RMT_3954_Type3_UWFreeze_Equal2,52,0.0,0.1,0.0,0.7,100000,97782,0,0,0,0,0,0.0,0.0,0.0
NEW_RMT_3954_Type3_UWFreeze_Equal2,52,0.0,0.1,0.0,0.8,100000,96149,0,0,0,0,0,0.0,0.0,0.0
NEW_RMT_3954_Type3_UWFreeze_Equal2,52,0.0,0.1,0.0,0.9,100000,94311,0,0,0,0,0,0.0,0.0,0.0
NEW_RMT_3954_Type3_UWFreeze_Equal2,52,0.0,0.1,0.0,1.0,100000,92345,0,0,0,0,0,0.0,0.0,0.0
NEW_RMT_3954_Type3_UWFreeze_Equal2,52,0.0,0.1,0.0,1.1,100000,90198,0,0,0,0,0,0.0,0.0,0.0
NEW_RMT_3954_Type3_UWFreeze_Equal2,52,0.0,0.1,0.0,1.2,100000,88080,0,0,0,0,0,0.0,0.0,0.0
NEW_RMT_3954_Type3_UWFreeze_Equal2,52,0.0,0.1,0.0,1.3,100000,85689,0,0,0,0,0,0.0,0.0,0.0
NEW_RMT_3954_Type3_UWFreeze_Equal2,52,0.0,0.1,0.0,1.4,100000,83226,0,0,0,0,0,0.0,0.0,0.0
NEW_RMT_3954_Type3_UWFreeze_Equal2,52,0.0,0.1,0.0,1.5,100000,80727,0,0,0,0,0,0.0,0.0,0.0
NEW_RMT_3954_Type3_UWFreeze_Equal2,52,0.0,0.1,0.0,1.6,100000,78077,0,0,0,0,0,0.0,0.0,0.0
NEW_RMT_3954_Type3_UWFreeze_Equal2,52,0.0,0.1,0.0,1.8,100000,72870,0,0,0,0,0,0.0,0.0,0.0
NEW_RMT_3954_Type3_UWFreeze_Equal2,52,0.0,0.1,0.0,2.0,100000,67959,0,0,0,0,0,0.0,0.0,0.0
NEW_RMT_3954_Type3_UWFreeze_Equal2,52,0.0,0.1,0.0,2.2,100000,63389,0,0,0,0,0,0.0,0.0,0.0
NEW_RMT_3954_Type3_UWFreeze_Equal2,52,0.0,0.1,0.0,2.4,100000,59093,0,0,0,0,0,0.0,0.0,0.0
NEW_RMT_3954_Type3_UWFreeze_Equal2,52,0.0,0.1,0.0,2.6,100000,55261,0,0,0,0,0,0.0,0.0,0.0
NEW_RMT_3954_Type3_UWFreeze_Equal2,52,0.0,0.1,0.0,2.8,100000,51853,0,0,0,0,0,0.0,0.0,0.0
NEW_RMT_3954_Type3_UWFreeze_Equal2,52,0.0,0.1,0.0,3.0,100000,48898,0,0,0,0,0,0.0,0.0,0.0
NEW_RMT_3954_Type3_UWFreeze_Equal2,52,0.0,0.1,0.0,3.2,100000,46233,0,0,0,0,0,0.0,0.0,0.0
NEW_RMT_3954_Type3_UWFreeze_Equal2,52,0.0,0.1,0.0,3.4,100000,43879,0,0,0,0,0,0.0,0.0,0.0
NEW_RMT_3954_Type3_UWFreeze_Equal2,52,0.0,0.1,0.0,3.6,100000,41674,0,0,0,0,0,0.0,0.0,0.0
NEW_RMT_3954_Type3_UWFreeze_Equal2,52,0.0,0.1,0.0,3.8,100000,39752,0,0,0,0,0,0.0,0.0,0.0
NEW_RMT_3954_Type3_UWFreeze_Equal2,52,0.0,0.1,0.0,4.0,100000,38013,0,0,0,0,0,0.0,0.0,0.0
NEW_RMT_3954_Type3_UWFreeze_Equal2,52,0.0,0.1,0.0,5.0,100000,31319,0,0,0,0,0,0.0,0.0,0.0
NEW_RMT_3954_Type3_UWFreeze_Equal2,52,0.0,0.1,0.0,6.0,100000,26971,0,0,0,0,0,0.0,0.0,0.0
NEW_RMT_3954_Type3_UWFreeze_Equal2,52,0.0,0.1,0.0,7.0,100000,23995,0,0,0,0,0,0.0,0.0,0.0
NEW_RMT_3954_Type3_UWFreeze_Equal2,52,0.0,0.1,0.0,8.0,100000,21713,0,0,0,0,0,0.0,0.0,0.0
NEW_RMT_3954_Type3_UWFreeze_Equal2,52,0.0,0.1,0.0,9.0,100000,19905,0,0,0,0,0,0.0,0.0,0.0
NEW_RMT_3954_Type3_UWFreeze_Equal2,52,0.0,0.1,0.0,10.0,100000,18489,0,0,0,0,0,0.0,0.0,0.0
NEW_RMT_3954_Type3_UWFreeze_Equal3,53,0.0,10.0,0.0,0.1,100000,100000,0,0,0,0,0,0.0,0.0,0.0
NEW_RMT_3954_Type3_UWFreeze_Equal3,53,0.0,10.0,0.0,0.2,100000,100000,0,0,0,0,0,0.0,0.0,0.0
NEW_RMT_3954_Type3_UWFreeze_Equal3,53,0.0,10.0,0.0,0.3,100000,100000,0,0,0,0,0,0.0,0.0,0.0
NEW_RMT_3954_Type3_UWFreeze_Equal3,53,0.0,10.0,0.0,0.4,100000,99981,0,0,0,0,0,0.0,0.0,0.0
NEW_RMT_3954_Type3_UWFreeze_Equal3,53,0.0,10.0,0.0,0.5,100000,99732,0,0,0,0,0,0.0,0.0,0.0
NEW_RMT_3954_Type3_UWFreeze_Equal3,53,0.0,10.0,0.0,0.6,100000,98966,0,0,0,0,0,0.0,0.0,0.0
NEW_RMT_3954_Type3_UWFreeze_Equal3,53,0.0,10.0,0.0,0.7,100000,97782,0,0,0,0,0,0.0,0.0,0.0
NEW_RMT_3954_Type3_UWFreeze_Equal3,53,0.0,10.0,0.0,0.8,100000,96149,0,0,0,0,0,0.0,0.0,0.0
NEW_RMT_3954_Type3_UWFreeze_Equal3,53,0.0,10.0,0.0,0.9,100000,94311,0,0,0,0,0,0.0,0.0,0.0
NEW_RMT_3954_Type3_UWFreeze_Equal3,53,0.0,10.0,0.0,1.0,100000,92345,0,0,0,0,0,0.0,0.0,0.0
NEW_RMT_3954_Type3_UWFreeze_Equal3,53,0.0,10.0,0.0,1.1,100000,90198,0,0,0,0,0,0.0,0.0,0.0
NEW_RMT_3954_Type3_UWFreeze_Equal3,53,0.0,10.0,0.0,1.2,100000,88080,0,0,0,0,0,0.0,0.0,0.0
NEW_RMT_3954_Type3_UWFreeze_Equal3,53,0.0,10.0,0.0,1.3,100000,85689,0,0,0,0,0,0.0,0.0,0.0
NEW_RMT_3954_Type3_UWFreeze_Equal3,53,0.0,10.0,0.0,1.4,100000,83226,0,0,0,0,0,0.0,0.0,0.0
NEW_RMT_3954_Type3_UWFreeze_Equal3,53,0.0,10.0,0.0,1.5,100000,80727,0,0,0,0,0,0.0,0.0,0.0
NEW_RMT_3954_Type3_UWFreeze_Equal3,53,0.0,10.0,0.0,1.6,100000,78077,0,0,0,0,0,0.0,0.0,0.0
NEW_RMT_3954_Type3_UWFreeze_Equal3,53,0.0,10.0,0.0,1.8,100000,72870,0,0,0,0,0,0.0,0.0,0.0
NEW_RMT_3954_Type3_UWFreeze_Equal3,53,0.0,10.0,0.0,2.0,100000,67959,0,0,0,0,0,0.0,0.0,0.0
NEW_RMT_3954_Type3_UWFreeze_Equal3,53,0.0,10.0,0.0,2.2,100000,63389,0,0,0,0,0,0.0,0.0,0.0
NEW_RMT_3954_Type3_UWFreeze_Equal3,53,0.0,10.0,0.0,2.4,100000,59093,0,0,0,0,0,0.0,0.0,0.0
NEW_RMT_3954_Type3_UWFreeze_Equal3,53,0.0,10.0,0.0,2.6,100000,55261,0,0,0,0,0,0.0,0.0,0.0
NEW_RMT_3954_Type3_UWFreeze_Equal3,53,0.0,10.0,0.0,2.8,100000,51853,0,0,0,0,0,0.0,0.0,0.0
NEW_RMT_3954_Type3_UWFreeze_Equal3,53,0.0,10.0,0.0,3.0,100000,48898,0,0,0,0,0,0.0,0.0,0.0
NEW_RMT_3954_Type3_UWFreeze_Equal3,53,0.0,10.0,0.0,3.2,100000,46233,0,0,0,0,0,0.0,0.0,0.0
NEW_RMT_3954_Type3_UWFreeze_Equal3,53,0.0,10.0,0.0,3.4,100000,43879,0,0,0,0,0,0.0,0.0,0.0
NEW_RMT_3954_Type3_UWFreeze_Equal3,53,0.0,10.0,0.0,3.6,100000,41674,0,0,0,0,0,0.0,0.0,0.0
NEW_RMT_3954_Type3_UWFreeze_Equal3,53,0.0,10.0,0.0,3.8,100000,39752,0,0,0,0,0,0.0,0.0,0.0
NEW_RMT_3954_Type3_UWFreeze_Equal3,53,0.0,10.0,0.0,4.0,100000,38013,0,0,0,0,0,0.0,0.0,0.0
NEW_RMT_3954_Type3_UWFreeze_Equal3,53,0.0,10.0,0.0,5.0,100000,31319,0,0,0,0,0,0.0,0.0,0.0
NEW_RMT_3954_Type3_UWFreeze_Equal3,53,0.0,10.0,0.0,6.0,100000,26971,0,0,0,0,0,0.0,0.0,0.0
NEW_RMT_3954_Type3_UWFreeze_Equal3,53,0.0,10.0,0.0,7.0,100000,23995,0,0,0,0,0,0.0,0.0,0.0
NEW_RMT_3954_Type3_UWFreeze_Equal3,53,0.0,10.0,0.0,8.0,100000,21713,0,0,0,0,0,0.0,0.0,0.0
NEW_RMT_3954_Type3_UWFreeze_Equal3,53,0.0,10.0,0.0,9.0,100000,19905,0,0,0,0,0,0.0,0.0,0.0
NEW_RMT_3954_Type3_UWFreeze_Equal3,53,0.0,10.0,0.0,10.0,100000,18489,0,0,0,0,0,0.0,0.0,0.0
NEW_RMT_3954_Type3_VWFreeze_Equal1,54,1.0,0.0,0.0,0.1,100000,100000,0,0,0,0,0,0.0,0.0,0.0
NEW_RMT_3954_Type3_VWFreeze_Equal1,54,1.0,0.0,0.0,0.2,100000,100000,0,0,0,0,0,0.0,0.0,0.0
NEW_RMT_3954_Type3_VWFreeze_Equal1,54,1.0,0.0,0.0,0.3,100000,100000,0,0,0,0,0,0.0,0.0,0.0
NEW_RMT_3954_Type3_VWFreeze_Equal1,54,1.0,0.0,0.0,0.4,100000,99981,46,46,0,46,0,0.046,0.046,0.0
NEW_RMT_3954_Type3_VWFreeze_Equal1,54,1.0,0.0,0.0,0.5,100000,99732,384,384,0,384,0,0.384,0.384,0.0
NEW_RMT_3954_Type3_VWFreeze_Equal1,54,1.0,0.0,0.0,0.6,100000,98966,1414,1414,0,1414,0,1.414,1.414,0.0
NEW_RMT_3954_Type3_VWFreeze_Equal1,54,1.0,0.0,0.0,0.7,100000,97782,3579,3579,0,3579,0,3.579,3.579,0.0
NEW_RMT_3954_Type3_VWFreeze_Equal1,54,1.0,0.0,0.0,0.8,100000,96149,6495,6495,0,6495,0,6.495,6.495,0.0
NEW_RMT_3954_Type3_VWFreeze_Equal1,54,1.0,0.0,0.0,0.9,100000,94311,9648,9648,0,9648,0,9.648,9.648,0.0
NEW_RMT_3954_Type3_VWFreeze_Equal1,54,1.0,0.0,0.0,1.0,100000,92345,13036,13036,0,13036,0,13.036,13.036,0.0
NEW_RMT_3954_Type3_VWFreeze_Equal1,54,1.0,0.0,0.0,1.1,100000,90198,16058,16058,0,16058,0,16.058,16.058,0.0
NEW_RMT_3954_Type3_VWFreeze_Equal1,54,1.0,0.0,0.0,1.2,100000,88080,18951,18951,0,18951,0,18.951,18.951,0.0
NEW_RMT_3954_Type3_VWFreeze_Equal1,54,1.0,0.0,0.0,1.3,100000,85689,21270,21270,0,21270,0,21.27,21.27,0.0
NEW_RMT_3954_Type3_VWFreeze_Equal1,54,1.0,0.0,0.0,1.4,100000,83226,23191,23191,0,23191,0,23.191,23.191,0.0
NEW_RMT_3954_Type3_VWFreeze_Equal1,54,1.0,0.0,0.0,1.5,100000,80727,24738,24738,0,24738,0,24.738,24.738,0.0
NEW_RMT_3954_Type3_VWFreeze_Equal1,54,1.0,0.0,0.0,1.6,100000,78077,25874,25874,0,25874,0,25.874,25.874,0.0
NEW_RMT_3954_Type3_VWFreeze_Equal1,54,1.0,0.0,0.0,1.8,100000,72870,27526,27526,0,27526,0,27.526,27.526,0.0
NEW_RMT_3954_Type3_VWFreeze_Equal1,54,1.0,0.0,0.0,2.0,100000,67959,28177,28177,0,28177,0,28.177,28.177,0.0
NEW_RMT_3954_Type3_VWFreeze_Equal1,54,1.0,0.0,0.0,2.2,100000,63389,28293,28293,0,28293,0,28.293,28.293,0.0
NEW_RMT_3954_Type3_VWFreeze_Equal1,54,1.0,0.0,0.0,2.4,100000,59093,27979,27979,0,27979,0,27.979,27.979,0.0
NEW_RMT_3954_Type3_VWFreeze_Equal1,54,1.0,0.0,0.0,2.6,100000,55261,27448,27448,0,27448,0,27.448,27.448,0.0
NEW_RMT_3954_Type3_VWFreeze_Equal1,54,1.0,0.0,0.0,2.8,100000,51853,26831,26831,0,26831,0,26.831,26.831,0.0
NEW_RMT_3954_Type3_VWFreeze_Equal1,54,1.0,0.0,0.0,3.0,100000,48898,26252,26252,0,26252,0,26.252,26.252,0.0
NEW_RMT_3954_Type3_VWFreeze_Equal1,54,1.0,0.0,0.0,3.2,100000,46233,25678,25678,0,25678,0,25.678,25.678,0.0
NEW_RMT_3954_Type3_VWFreeze_Equal1,54,1.0,0.0,0.0,3.4,100000,43879,25036,25036,0,25036,0,25.036,25.036,0.0
NEW_RMT_3954_Type3_VWFreeze_Equal1,54,1.0,0.0,0.0,3.6,100000,41674,24419,24419,0,24419,0,24.419,24.419,0.0
NEW_RMT_3954_Type3_VWFreeze_Equal1,54,1.0,0.0,0.0,3.8,100000,39752,23833,23833,0,23833,0,23.833,23.833,0.0
NEW_RMT_3954_Type3_VWFreeze_Equal1,54,1.0,0.0,0.0,4.0,100000,38013,23190,23190,0,23190,0,23.19,23.19,0.0
NEW_RMT_3954_Type3_VWFreeze_Equal1,54,1.0,0.0,0.0,5.0,100000,31319,20539,20539,0,20539,0,20.539,20.539,0.0
NEW_RMT_3954_Type3_VWFreeze_Equal1,54,1.0,0.0,0.0,6.0,100000,26971,18623,18623,0,18623,0,18.623,18.623,0.0
NEW_RMT_3954_Type3_VWFreeze_Equal1,54,1.0,0.0,0.0,7.0,100000,23995,17159,17159,0,17159,0,17.159,17.159,0.0
NEW_RMT_3954_Type3_VWFreeze_Equal1,54,1.0,0.0,0.0,8.0,100000,21713,15923,15923,0,15923,0,15.923,15.923,0.0
NEW_RMT_3954_Type3_VWFreeze_Equal1,54,1.0,0.0,0.0,9.0,100000,19905,14821,14821,0,14821,0,14.821,14.821,0.0
NEW_RMT_3954_Type3_VWFreeze_Equal1,54,1.0,0.0,0.0,10.0,100000,18489,13949,13949,0,13949,0,13.949,13.949,0.0
NEW_RMT_3954_Type3_VWFreeze_Equal2,55,0.1,0.0,0.0,0.1,100000,100000,0,0,0,0,0,0.0,0.0,0.0
NEW_RMT_3954_Type3_VWFreeze_Equal2,55,0.1,0.0,0.0,0.2,100000,100000,0,0,0,0,0,0.0,0.0,0.0
NEW_RMT_3954_Type3_VWFreeze_Equal2,55,0.1,0.0,0.0,0.3,100000,100000,0,0,0,0,0,0.0,0.0,0.0
NEW_RMT_3954_Type3_VWFreeze_Equal2,55,0.1,0.0,0.0,0.4,100000,99981,39,39,0,39,0,0.039,0.039,0.0
NEW_RMT_3954_Type3_VWFreeze_Equal2,55,0.1,0.0,0.0,0.5,100000,99732,321,321,0,321,0,0.321,0.321,0.0
NEW_RMT_3954_Type3_VWFreeze_Equal2,55,0.1,0.0,0.0,0.6,100000,98966,1166,1166,0,1166,0,1.166,1.166,0.0
NEW_RMT_3954_Type3_VWFreeze_Equal2,55,0.1,0.0,0.0,0.7,100000,97782,2912,2912,0,2912,0,2.912,2.912,0.0
NEW_RMT_3954_Type3_VWFreeze_Equal2,55,0.1,0.0,0.0,0.8,100000,96149,5213,5213,0,5213,0,5.213,5.213,0.0
NEW_RMT_3954_Type3_VWFreeze_Equal2,55,0.1,0.0,0.0,0.9,100000,94311,7877,7877,0,7877,0,7.877,7.877,0.0
NEW_RMT_3954_Type3_VWFreeze_Equal2,55,0.1,0.0,0.0,1.0,100000,92345,10476,10476,0,10476,0,10.476,10.476,0.0
NEW_RMT_3954_Type3_VWFreeze_Equal2,55,0.1,0.0,0.0,1.1,100000,90198,12793,12793,0,12793,0,12.793,12.793,0.0
NEW_RMT_3954_Type3_VWFreeze_Equal2,55,0.1,0.0,0.0,1.2,100000,88080,15009,15009,0,15009,0,15.009,15.009,0.0
NEW_RMT_3954_Type3_VWFreeze_Equal2,55,0.1,0.0,0.0,1.3,100000,85689,16652,16652,0,16652,0,16.652,16.652,0.0
NEW_RMT_3954_Type3_VWFreeze_Equal2,55,0.1,0.0,0.0,1.4,100000,83226,18060,18060,0,18060,0,18.06,18.06,0.0
NEW_RMT_3954_Type3_VWFreeze_Equal2,55,0.1,0.0,0.0,1.5,100000,80727,19148,19148,0,19148,0,19.148,19.148,0.0
NEW_RMT_3954_Type3_VWFreeze_Equal2,55,0.1,0.0,0.0,1.6,100000,78077,19728,19728,0,19728,0,19.728,19.728,0.0
NEW_RMT_3954_Type3_VWFreeze_Equal2,55,0.1,0.0,0.0,1.8,100000,72870,20550,20550,0,20550,0,20.55,20.55,0.0
NEW_RMT_3954_Type3_VWFreeze_Equal2,55,0.1,0.0,0.0,2.0,100000,67959,20676,20676,0,20676,0,20.676,20.676,0.0
NEW_RMT_3954_Type3_VWFreeze_Equal2,55,0.1,0.0,0.0,2.2,100000,63389,20392,20392,0,20392,0,20.392,20.392,0.0
NEW_RMT_3954_Type3_VWFreeze_Equal2,55,0.1,0.0,0.0,2.4,100000,59093,19768,19768,0,19768,0,19.768,19.768,0.0
NEW_RMT_3954_Type3_VWFreeze_Equal2,55,0.1,0.0,0.0,2.6,100000,55261,19049,19049,0,19049,0,19.049,19.049,0.0
NEW_RMT_3954_Type3_VWFreeze_Equal2,55,0.1,0.0,0.0,2.8,100000,51853,18373,18373,0,18373,0,18.373,18.373,0.0
NEW_RMT_3954_Type3_VWFreeze_Equal2,55,0.1,0.0,0.0,3.0,100000,48898,17677,17677,0,17677,0,17.677,17.677,0.0
NEW_RMT_3954_Type3_VWFreeze_Equal2,55,0.1,0.0,0.0,3.2,100000,46233,16996,16996,0,16996,0,16.996,16.996,0.0
NEW_RMT_3954_Type3_VWFreeze_Equal2,55,0.1,0.0,0.0,3.4,100000,43879,16326,16326,0,16326,0,16.326,16.326,0.0
NEW_RMT_3954_Type3_VWFreeze_Equal2,55,0.1,0.0,0.0,3.6,100000,41674,15664,15664,0,15664,0,15.664,15.664,0.0
NEW_RMT_3954_Type3_VWFreeze_Equal2,55,0.1,0.0,0.0,3.8,100000,39752,15046,15046,0,15046,0,15.046,15.046,0.0
NEW_RMT_3954_Type3_VWFreeze_Equal2,55,0.1,0.0,0.0,4.0,100000,38013,14461,14461,0,14461,0,14.461,14.461,0.0
NEW_RMT_3954_Type3_VWFreeze_Equal2,55,0.1,0.0,0.0,5.0,100000,31319,12015,12015,0,12015,0,12.015,12.015,0.0
NEW_RMT_3954_Type3_VWFreeze_Equal2,55,0.1,0.0,0.0,6.0,100000,26971,10284,10284,0,10284,0,10.284,10.284,0.0
NEW_RMT_3954_Type3_VWFreeze_Equal2,55,0.1,0.0,0.0,7.0,100000,23995,8983,8983,0,8983,0,8.983,8.983,0.0
NEW_RMT_3954_Type3_VWFreeze_Equal2,55,0.1,0.0,0.0,8.0,100000,21713,7955,7955,0,7955,0,7.955,7.955,0.0
NEW_RMT_3954_Type3_VWFreeze_Equal2,55,0.1,0.0,0.0,9.0,100000,19905,7193,7193,0,7193,0,7.193,7.193,0.0
NEW_RMT_3954_Type3_VWFreeze_Equal2,55,0.1,0.0,0.0,10.0,100000,18489,6550,6550,0,6550,0,6.55,6.55,0.0
NEW_RMT_3954_Type3_VWFreeze_Equal3,56,10.0,0.0,0.0,0.1,100000,100000,0,0,0,0,0,0.0,0.0,0.0
NEW_RMT_3954_Type3_VWFreeze_Equal3,56,10.0,0.0,0.0,0.2,100000,100000,0,0,0,0,0,0.0,0.0,0.0
NEW_RMT_3954_Type3_VWFreeze_Equal3,56,10.0,0.0,0.0,0.3,100000,100000,0,0,0,0,0,0.0,0.0,0.0
NEW_RMT_3954_Type3_VWFreeze_Equal3,56,10.0,0.0,0.0,0.4,100000,99981,47,47,0,47,0,0.047,0.047,0.0
NEW_RMT_3954_Type3_VWFreeze_Equal3,56,10.0,0.0,0.0,0.5,100000,99732,393,393,0,393,0,0.393,0.393,0.0
NEW_RMT_3954_Type3_VWFreeze_Equal3,56,10.0,0.0,0.0,0.6,100000,98966,1442,1442,0,1442,0,1.442,1.442,0.0
NEW_RMT_3954_Type3_VWFreeze_Equal3,56,10.0,0.0,0.0,0.7,100000,97782,3680,3680,0,3680,0,3.68,3.68,0.0
NEW_RMT_3954_Type3_VWFreeze_Equal3,56,10.0,0.0,0.0,0.8,100000,96149,6650,6650,0,6650,0,6.65,6.65,0.0
NEW_RMT_3954_Type3_VWFreeze_Equal3,56,10.0,0.0,0.0,0.9,100000,94311,9874,9874,0,9874,0,9.874,9.874,0.0
NEW_RMT_3954_Type3_VWFreeze_Equal3,56,10.0,0.0,0.0,1.0,100000,92345,13328,13328,0,13328,0,13.328,13.328,0.0
NEW_RMT_3954_Type3_VWFreeze_Equal3,56,10.0,0.0,0.0,1.1,100000,90198,16449,16449,0,16449,0,16.449,16.449,0.0
NEW_RMT_3954_Type3_VWFreeze_Equal3,56,10.0,0.0,0.0,1.2,100000,88080,19444,19444,0,19444,0,19.444,19.444,0.0
NEW_RMT_3954_Type3_VWFreeze_Equal3,56,10.0,0.0,0.0,1.3,100000,85689,21845,21845,0,21845,0,21.845,21.845,0.0
NEW_RMT_3954_Type3_VWFreeze_Equal3,56,10.0,0.0,0.0,1.4,100000,83226,23836,23836,0,23836,0,23.836,23.836,0.0
NEW_RMT_3954_Type3_VWFreeze_Equal3,56,10.0,0.0,0.0,1.5,100000,80727,25466,25466,0,25466,0,25.466,25.466,0.0
NEW_RMT_3954_Type3_VWFreeze_Equal3,56,10.0,0.0,0.0,1.6,100000,78077,26697,26697,0,26697,0,26.697,26.697,0.0
NEW_RMT_3954_Type3_VWFreeze_Equal3,56,10.0,0.0,0.0,1.8,100000,72870,28429,28429,0,28429,0,28.429,28.429,0.0
NEW_RMT_3954_Type3_VWFreeze_Equal3,56,10.0,0.0,0.0,2.0,100000,67959,29240,29240,0,29240,0,29.24,29.24,0.0
NEW_RMT_3954_Type3_VWFreeze_Equal3,56,10.0,0.0,0.0,2.2,100000,63389,29344,29344,0,29344,0,29.344,29.344,0.0
NEW_RMT_3954_Type3_VWFreeze_Equal3,56,10.0,0.0,0.0,2.4,100000,59093,29147,29147,0,29147,0,29.147,29.147,0.0
NEW_RMT_3954_Type3_VWFreeze_Equal3,56,10.0,0.0,0.0,2.6,100000,55261,28635,28635,0,28635,0,28.635,28.635,0.0
NEW_RMT_3954_Type3_VWFreeze_Equal3,56,10.0,0.0,0.0,2.8,100000,51853,28049,28049,0,28049,0,28.049,28.049,0.0
NEW_RMT_3954_Type3_VWFreeze_Equal3,56,10.0,0.0,0.0,3.0,100000,48898,27487,27487,0,27487,0,27.487,27.487,0.0
NEW_RMT_3954_Type3_VWFreeze_Equal3,56,10.0,0.0,0.0,3.2,100000,46233,26924,26924,0,26924,0,26.924,26.924,0.0
NEW_RMT_3954_Type3_VWFreeze_Equal3,56,10.0,0.0,0.0,3.4,100000,43879,26372,26372,0,26372,0,26.372,26.372,0.0
NEW_RMT_3954_Type3_VWFreeze_Equal3,56,10.0,0.0,0.0,3.6,100000,41674,25766,25766,0,25766,0,25.766,25.766,0.0
NEW_RMT_3954_Type3_VWFreeze_Equal3,56,10.0,0.0,0.0,3.8,100000,39752,25166,25166,0,25166,0,25.166,25.166,0.0
NEW_RMT_3954_Type3_VWFreeze_Equal3,56,10.0,0.0,0.0,4.0,100000,38013,24563,24563,0,24563,0,24.563,24.563,0.0
NEW_RMT_3954_Type3_VWFreeze_Equal3,56,10.0,0.0,0.0,5.0,100000,31319,22032,22032,0,22032,0,22.032,22.032,0.0
NEW_RMT_3954_Type3_VWFreeze_Equal3,56,10.0,0.0,0.0,6.0,100000,26971,20154,20154,0,20154,0,20.154,20.154,0.0
NEW_RMT_3954_Type3_VWFreeze_Equal3,56,10.0,0.0,0.0,7.0,100000,23995,18777,18777,0,18777,0,18.777,18.777,0.0
NEW_RMT_3954_Type3_VWFreeze_Equal3,56,10.0,0.0,0.0,8.0,100000,21713,17575,17575,0,17575,0,17.575,17.575,0.0
NEW_RMT_3954_Type3_VWFreeze_Equal3,56,10.0,0.0,0.0,9.0,100000,19905,16539,16539,0,16539,0,16.539,16.539,0.0
NEW_RMT_3954_Type3_VWFreeze_Equal3,56,10.0,0.0,0.0,10.0,100000,18489,15665,15665,0,15665,0,15.665,15.665,0.0
NEW_RMT_3954_Type3_UVFreeze_Equal1,57,0.0,0.0,1.0,0.1,100000,100000,0,0,0,0,0,0.0,0.0,0.0
NEW_RMT_3954_Type3_UVFreeze_Equal1,57,0.0,0.0,1.0,0.2,100000,100000,0,0,0,0,0,0.0,0.0,0.0
NEW_RMT_3954_Type3_UVFreeze_Equal1,57,0.0,0.0,1.0,0.3,100000,100000,0,0,0,0,0,0.0,0.0,0.0
NEW_RMT_3954_Type3_UVFreeze_Equal1,57,0.0,0.0,1.0,0.4,100000,99981,0,0,0,0,0,0.0,0.0,0.0
NEW_RMT_3954_Type3_UVFreeze_Equal1,57,0.0,0.0,1.0,0.5,100000,99732,0,0,0,0,0,0.0,0.0,0.0
NEW_RMT_3954_Type3_UVFreeze_Equal1,57,0.0,0.0,1.0,0.6,100000,98966,0,0,0,0,0,0.0,0.0,0.0
NEW_RMT_3954_Type3_UVFreeze_Equal1,57,0.0,0.0,1.0,0.7,100000,97782,0,0,0,0,0,0.0,0.0,0.0
NEW_RMT_3954_Type3_UVFreeze_Equal1,57,0.0,0.0,1.0,0.8,100000,96149,0,0,0,0,0,0.0,0.0,0.0
NEW_RMT_3954_Type3_UVFreeze_Equal1,57,0.0,0.0,1.0,0.9,100000,94311,0,0,0,0,0,0.0,0.0,0.0
NEW_RMT_3954_Type3_UVFreeze_Equal1,57,0.0,0.0,1.0,1.0,100000,92345,0,0,0,0,0,0.0,0.0,0.0
NEW_RMT_3954_Type3_UVFreeze_Equal1,57,0.0,0.0,1.0,1.1,100000,90198,0,0,0,0,0,0.0,0.0,0.0
NEW_RMT_3954_Type3_UVFreeze_Equal1,57,0.0,0.0,1.0,1.2,100000,88080,0,0,0,0,0,0.0,0.0,0.0
NEW_RMT_3954_Type3_UVFreeze_Equal1,57,0.0,0.0,1.0,1.3,100000,85689,0,0,0,0,0,0.0,0.0,0.0
NEW_RMT_3954_Type3_UVFreeze_Equal1,57,0.0,0.0,1.0,1.4,100000,83226,0,0,0,0,0,0.0,0.0,0.0
NEW_RMT_3954_Type3_UVFreeze_Equal1,57,0.0,0.0,1.0,1.5,100000,80727,0,0,0,0,0,0.0,0.0,0.0
NEW_RMT_3954_Type3_UVFreeze_Equal1,57,0.0,0.0,1.0,1.6,100000,78077,0,0,0,0,0,0.0,0.0,0.0
NEW_RMT_3954_Type3_UVFreeze_Equal1,57,0.0,0.0,1.0,1.8,100000,72870,0,1,0,0,1,0.0,0.001,0.0
NEW_RMT_3954_Type3_UVFreeze_Equal1,57,0.0,0.0,1.0,2.0,100000,67959,0,12,0,0,12,0.0,0.012,0.0
NEW_RMT_3954_Type3_UVFreeze_Equal1,57,0.0,0.0,1.0,2.2,100000,63389,0,25,0,0,25,0.0,0.025,0.0
NEW_RMT_3954_Type3_UVFreeze_Equal1,57,0.0,0.0,1.0,2.4,100000,59093,0,51,0,0,51,0.0,0.051,0.0
NEW_RMT_3954_Type3_UVFreeze_Equal1,57,0.0,0.0,1.0,2.6,100000,55261,0,62,0,0,62,0.0,0.062,0.0
NEW_RMT_3954_Type3_UVFreeze_Equal1,57,0.0,0.0,1.0,2.8,100000,51853,0,93,0,0,93,0.0,0.093,0.0
NEW_RMT_3954_Type3_UVFreeze_Equal1,57,0.0,0.0,1.0,3.0,100000,48898,0,141,0,0,141,0.0,0.141,0.0
NEW_RMT_3954_Type3_UVFreeze_Equal1,57,0.0,0.0,1.0,3.2,100000,46233,0,204,0,0,204,0.0,0.204,0.0
NEW_RMT_3954_Type3_UVFreeze_Equal1,57,0.0,0.0,1.0,3.4,100000,43879,0,258,0,0,258,0.0,0.258,0.0
NEW_RMT_3954_Type3_UVFreeze_Equal1,57,0.0,0.0,1.0,3.6,100000,41674,0,358,0,0,358,0.0,0.358,0.0
NEW_RMT_3954_Type3_UVFreeze_Equal1,57,0.0,0.0,1.0,3.8,100000,39752,0,434,0,0,434,0.0,0.434,0.0
NEW_RMT_3954_Type3_UVFreeze_Equal1,57,0.0,0.0,1.0,4.0,100000,38013,0,506,0,0,506,0.0,0.506,0.0
NEW_RMT_3954_Type3_UVFreeze_Equal1,57,0.0,0.0,1.0,5.0,100000,31319,0,948,0,0,948,0.0,0.948,0.0
NEW_RMT_3954_Type3_UVFreeze_Equal1,57,0.0,0.0,1.0,6.0,100000,26971,0,1372,0,0,1372,0.0,1.372,0.0
NEW_RMT_3954_Type3_UVFreeze_Equal1,57,0.0,0.0,1.0,7.0,100000,23995,0,1752,0,0,1752,0.0,1.752,0.0
NEW_RMT_3954_Type3_UVFreeze_Equal1,57,0.0,0.0,1.0,8.0,100000,21713,0,2037,0,0,2037,0.0,2.037,0.0
NEW_RMT_3954_Type3_UVFreeze_Equal1,57,0.0,0.0,1.0,9.0,100000,19905,0,2219,0,0,2219,0.0,2.219,0.0
NEW_RMT_3954_Type3_UVFreeze_Equal1,57,0.0,0.0,1.0,10.0,100000,18489,0,2425,0,0,2425,0.0,2.425,0.0
NEW_RMT_3954_Type3_UVFreeze_Equal2,58,0.0,0.0,0.1,0.1,100000,100000,0,0,0,0,0,0.0,0.0,0.0
NEW_RMT_3954_Type3_UVFreeze_Equal2,58,0.0,0.0,0.1,0.2,100000,100000,0,0,0,0,0,0.0,0.0,0.0
NEW_RMT_3954_Type3_UVFreeze_Equal2,58,0.0,0.0,0.1,0.3,100000,100000,0,0,0,0,0,0.0,0.0,0.0
NEW_RMT_3954_Type3_UVFreeze_Equal2,58,0.0,0.0,0.1,0.4,100000,99981,0,0,0,0,0,0.0,0.0,0.0
NEW_RMT_3954_Type3_UVFreeze_Equal2,58,0.0,0.0,0.1,0.5,100000,99732,0,0,0,0,0,0.0,0.0,0.0
NEW_RMT_3954_Type3_UVFreeze_Equal2,58,0.0,0.0,0.1,0.6,100000,98966,0,0,0,0,0,0.0,0.0,0.0
NEW_RMT_3954_Type3_UVFreeze_Equal2,58,0.0,0.0,0.1,0.7,100000,97782,0,0,0,0,0,0.0,0.0,0.0
NEW_RMT_3954_Type3_UVFreeze_Equal2,58,0.0,0.0,0.1,0.8,100000,96149,0,0,0,0,0,0.0,0.0,0.0
NEW_RMT_3954_Type3_UVFreeze_Equal2,58,0.0,0.0,0.1,0.9,100000,94311,0,0,0,0,0,0.0,0.0,0.0
NEW_RMT_3954_Type3_UVFreeze_Equal2,58,0.0,0.0,0.1,1.0,100000,92345,0,0,0,0,0,0.0,0.0,0.0
NEW_RMT_3954_Type3_UVFreeze_Equal2,58,0.0,0.0,0.1,1.1,100000,90198,0,0,0,0,0,0.0,0.0,0.0
NEW_RMT_3954_Type3_UVFreeze_Equal2,58,0.0,0.0,0.1,1.2,100000,88080,0,0,0,0,0,0.0,0.0,0.0
NEW_RMT_3954_Type3_UVFreeze_Equal2,58,0.0,0.0,0.1,1.3,100000,85689,0,0,0,0,0,0.0,0.0,0.0
NEW_RMT_3954_Type3_UVFreeze_Equal2,58,0.0,0.0,0.1,1.4,100000,83226,0,0,0,0,0,0.0,0.0,0.0
NEW_RMT_3954_Type3_UVFreeze_Equal2,58,0.0,0.0,0.1,1.5,100000,80727,0,0,0,0,0,0.0,0.0,0.0
NEW_RMT_3954_Type3_UVFreeze_Equal2,58,0.0,0.0,0.1,1.6,100000,78077,0,0,0,0,0,0.0,0.0,0.0
NEW_RMT_3954_Type3_UVFreeze_Equal2,58,0.0,0.0,0.1,1.8,100000,72870,0,1,0,0,1,0.0,0.001,0.0
NEW_RMT_3954_Type3_UVFreeze_Equal2,58,0.0,0.0,0.1,2.0,100000,67959,0,12,0,0,12,0.0,0.012,0.0
NEW_RMT_3954_Type3_UVFreeze_Equal2,58,0.0,0.0,0.1,2.2,100000,63389,0,25,0,0,25,0.0,0.025,0.0
NEW_RMT_3954_Type3_UVFreeze_Equal2,58,0.0,0.0,0.1,2.4,100000,59093,0,51,0,0,51,0.0,0.051,0.0
NEW_RMT_3954_Type3_UVFreeze_Equal2,58,0.0,0.0,0.1,2.6,100000,55261,0,62,0,0,62,0.0,0.062,0.0
NEW_RMT_3954_Type3_UVFreeze_Equal2,58,0.0,0.0,0.1,2.8,100000,51853,0,93,0,0,93,0.0,0.093,0.0
NEW_RMT_3954_Type3_UVFreeze_Equal2,58,0.0,0.0,0.1,3.0,100000,48898,0,141,0,0,141,0.0,0.141,0.0
NEW_RMT_3954_Type3_UVFreeze_Equal2,58,0.0,0.0,0.1,3.2,100000,46233,0,205,0,0,205,0.0,0.205,0.0
NEW_RMT_3954_Type3_UVFreeze_Equal2,58,0.0,0.0,0.1,3.4,100000,43879,0,258,0,0,258,0.0,0.258,0.0
NEW_RMT_3954_Type3_UVFreeze_Equal2,58,0.0,0.0,0.1,3.6,100000,41674,0,358,0,0,358,0.0,0.358,0.0
NEW_RMT_3954_Type3_UVFreeze_Equal2,58,0.0,0.0,0.1,3.8,100000,39752,0,435,0,0,435,0.0,0.435,0.0
NEW_RMT_3954_Type3_UVFreeze_Equal2,58,0.0,0.0,0.1,4.0,100000,38013,0,506,0,0,506,0.0,0.506,0.0
NEW_RMT_3954_Type3_UVFreeze_Equal2,58,0.0,0.0,0.1,5.0,100000,31319,0,949,0,0,949,0.0,0.949,0.0
NEW_RMT_3954_Type3_UVFreeze_Equal2,58,0.0,0.0,0.1,6.0,100000,26971,0,1373,0,0,1373,0.0,1.373,0.0
NEW_RMT_3954_Type3_UVFreeze_Equal2,58,0.0,0.0,0.1,7.0,100000,23995,0,1752,0,0,1752,0.0,1.752,0.0
NEW_RMT_3954_Type3_UVFreeze_Equal2,58,0.0,0.0,0.1,8.0,100000,21713,0,2036,0,0,2036,0.0,2.036,0.0
NEW_RMT_3954_Type3_UVFreeze_Equal2,58,0.0,0.0,0.1,9.0,100000,19905,0,2211,0,0,2211,0.0,2.211,0.0
NEW_RMT_3954_Type3_UVFreeze_Equal2,58,0.0,0.0,0.1,10.0,100000,18489,0,2409,0,0,2409,0.0,2.409,0.0
NEW_RMT_3954_Type3_UVFreeze_Equal3,59,0.0,0.0,10.0,0.1,100000,100000,0,0,0,0,0,0.0,0.0,0.0
NEW_RMT_3954_Type3_UVFreeze_Equal3,59,0.0,0.0,10.0,0.2,100000,100000,0,0,0,0,0,0.0,0.0,0.0
NEW_RMT_3954_Type3_UVFreeze_Equal3,59,0.0,0.0,10.0,0.3,100000,100000,0,0,0,0,0,0.0,0.0,0.0
NEW_RMT_3954_Type3_UVFreeze_Equal3,59,0.0,0.0,10.0,0.4,100000,99981,0,0,0,0,0,0.0,0.0,0.0
NEW_RMT_3954_Type3_UVFreeze_Equal3,59,0.0,0.0,10.0,0.5,100000,99732,0,0,0,0,0,0.0,0.0,0.0
NEW_RMT_3954_Type3_UVFreeze_Equal3,59,0.0,0.0,10.0,0.6,100000,98966,0,0,0,0,0,0.0,0.0,0.0
NEW_RMT_3954_Type3_UVFreeze_Equal3,59,0.0,0.0,10.0,0.7,100000,97782,0,0,0,0,0,0.0,0.0,0.0
NEW_RMT_3954_Type3_UVFreeze_Equal3,59,0.0,0.0,10.0,0.8,100000,96149,0,0,0,0,0,0.0,0.0,0.0
NEW_RMT_3954_Type3_UVFreeze_Equal3,59,0.0,0.0,10.0,0.9,100000,94311,0,0,0,0,0,0.0,0.0,0.0
NEW_RMT_3954_Type3_UVFreeze_Equal3,59,0.0,0.0,10.0,1.0,100000,92345,0,0,0,0,0,0.0,0.0,0.0
NEW_RMT_3954_Type3_UVFreeze_Equal3,59,0.0,0.0,10.0,1.1,100000,90198,0,0,0,0,0,0.0,0.0,0.0
NEW_RMT_3954_Type3_UVFreeze_Equal3,59,0.0,0.0,10.0,1.2,100000,88080,0,0,0,0,0,0.0,0.0,0.0
NEW_RMT_3954_Type3_UVFreeze_Equal3,59,0.0,0.0,10.0,1.3,100000,85689,0,0,0,0,0,0.0,0.0,0.0
NEW_RMT_3954_Type3_UVFreeze_Equal3,59,0.0,0.0,10.0,1.4,100000,83226,0,0,0,0,0,0.0,0.0,0.0
NEW_RMT_3954_Type3_UVFreeze_Equal3,59,0.0,0.0,10.0,1.5,100000,80727,0,0,0,0,0,0.0,0.0,0.0
NEW_RMT_3954_Type3_UVFreeze_Equal3,59,0.0,0.0,10.0,1.6,100000,78077,0,0,0,0,0,0.0,0.0,0.0
NEW_RMT_3954_Type3_UVFreeze_Equal3,59,0.0,0.0,10.0,1.8,100000,72870,0,1,0,0,1,0.0,0.001,0.0
NEW_RMT_3954_Type3_UVFreeze_Equal3,59,0.0,0.0,10.0,2.0,100000,67959,0,11,0,0,11,0.0,0.011,0.0
NEW_RMT_3954_Type3_UVFreeze_Equal3,59,0.0,0.0,10.0,2.2,100000,63389,0,24,0,0,24,0.0,0.024,0.0
NEW_RMT_3954_Type3_UVFreeze_Equal3,59,0.0,0.0,10.0,2.4,100000,59093,0,50,0,0,50,0.0,0.05,0.0
NEW_RMT_3954_Type3_UVFreeze_Equal3,59,0.0,0.0,10.0,2.6,100000,55261,0,58,0,0,58,0.0,0.058,0.0
NEW_RMT_3954_Type3_UVFreeze_Equal3,59,0.0,0.0,10.0,2.8,100000,51853,0,88,0,0,88,0.0,0.088,0.0
NEW_RMT_3954_Type3_UVFreeze_Equal3,59,0.0,0.0,10.0,3.0,100000,48898,0,140,0,0,140,0.0,0.14,0.0
NEW_RMT_3954_Type3_UVFreeze_Equal3,59,0.0,0.0,10.0,3.2,100000,46233,0,192,0,0,192,0.0,0.192,0.0
NEW_RMT_3954_Type3_UVFreeze_Equal3,59,0.0,0.0,10.0,3.4,100000,43879,0,252,0,0,252,0.0,0.252,0.0
NEW_RMT_3954_Type3_UVFreeze_Equal3,59,0.0,0.0,10.0,3.6,100000,41674,0,353,0,0,353,0.0,0.353,0.0
NEW_RMT_3954_Type3_UVFreeze_Equal3,59,0.0,0.0,10.0,3.8,100000,39752,0,425,0,0,425,0.0,0.425,0.0
NEW_RMT_3954_Type3_UVFreeze_Equal3,59,0.0,0.0,10.0,4.0,100000,38013,0,498,0,0,498,0.0,0.498,0.0
NEW_RMT_3954_Type3_UVFreeze_Equal3,59,0.0,0.0,10.0,5.0,100000,31319,0,943,0,0,943,0.0,0.943,0.0
NEW_RMT_3954_Type3_UVFreeze_Equal3,59,0.0,0.0,10.0,6.0,100000,26971,0,1359,0,0,1359,0.0,1.359,0.0
NEW_RMT_3954_Type3_UVFreeze_Equal3,59,0.0,0.0,10.0,7.0,100000,23995,0,1745,0,0,1745,0.0,1.745,0.0
NEW_RMT_3954_Type3_UVFreeze_Equal3,59,0.0,0.0,10.0,8.0,100000,21713,0,2031,0,0,2031,0.0,2.031,0.0
NEW_RMT_3954_Type3_UVFreeze_Equal3,59,0.0,0.0,10.0,9.0,100000,19905,0,2208,0,0,2208,0.0,2.208,0.0
NEW_RMT_3954_Type3_UVFreeze_Equal3,59,0.0,0.0,10.0,10.0,100000,18489,0,2418,0,0,2418,0.0,2.418,0.0
