config_name,config_id,dU,dV,dW,sigma,n_samples,stable_without_diffusion,diego_turing,shaberi_total,shaberi_type_I,shaberi_type_II,shaberi_hopf,rob_diego,rob_shaberi_total,rob_shaberi_type_I
FINAL_RMT_3954_Type1_Control,0,1.0,1.0,1.0,0.1,500000,500000,0,0,0,0,0,0.0,0.0,0.0
FINAL_RMT_3954_Type1_Control,0,1.0,1.0,1.0,0.2,500000,500000,0,0,0,0,0,0.0,0.0,0.0
FINAL_RMT_3954_Type1_Control,0,1.0,1.0,1.0,0.3,500000,500000,0,0,0,0,0,0.0,0.0,0.0
FINAL_RMT_3954_Type1_Control,0,1.0,1.0,1.0,0.4,500000,499876,0,0,0,0,0,0.0,0.0,0.0
FINAL_RMT_3954_Type1_Control,0,1.0,1.0,1.0,0.5,500000,498732,0,0,0,0,0,0.0,0.0,0.0
FINAL_RMT_3954_Type1_Control,0,1.0,1.0,1.0,0.58,500000,496006,0,0,0,0,0,0.0,0.0,0.0
FINAL_RMT_3954_Type1_Control,0,1.0,1.0,1.0,0.6,500000,495049,0,0,0,0,0,0.0,0.0,0.0
FINAL_RMT_3954_Type1_Control,0,1.0,1.0,1.0,0.7,500000,488877,0,0,0,0,0,0.0,0.0,0.0
FINAL_RMT_3954_Type1_Control,0,1.0,1.0,1.0,0.8,500000,480598,0,0,0,0,0,0.0,0.0,0.0
FINAL_RMT_3954_Type1_Control,0,1.0,1.0,1.0,0.9,500000,471253,0,0,0,0,0,0.0,0.0,0.0
FINAL_RMT_3954_Type1_Control,0,1.0,1.0,1.0,1.0,500000,461448,0,0,0,0,0,0.0,0.0,0.0
FINAL_RMT_3954_Type1_Control,0,1.0,1.0,1.0,1.1,500000,450966,0,0,0,0,0,0.0,0.0,0.0
FINAL_RMT_3954_Type1_Control,0,1.0,1.0,1.0,1.2,500000,439833,0,0,0,0,0,0.0,0.0,0.0
FINAL_RMT_3954_Type1_Control,0,1.0,1.0,1.0,1.3,500000,428013,0,0,0,0,0,0.0,0.0,0.0
FINAL_RMT_3954_Type1_Control,0,1.0,1.0,1.0,1.4,500000,415585,0,0,0,0,0,0.0,0.0,0.0
FINAL_RMT_3954_Type1_Control,0,1.0,1.0,1.0,1.5,500000,402914,0,0,0,0,0,0.0,0.0,0.0
FINAL_RMT_3954_Type1_Control,0,1.0,1.0,1.0,1.6,500000,389868,0,0,0,0,0,0.0,0.0,0.0
FINAL_RMT_3954_Type1_Control,0,1.0,1.0,1.0,1.8,500000,364012,0,0,0,0,0,0.0,0.0,0.0
FINAL_RMT_3954_Type1_Control,0,1.0,1.0,1.0,2.0,500000,339351,0,0,0,0,0,0.0,0.0,0.0
FINAL_RMT_3954_Type1_Control,0,1.0,1.0,1.0,2.2,500000,316290,0,0,0,0,0,0.0,0.0,0.0
FINAL_RMT_3954_Type1_Control,0,1.0,1.0,1.0,2.4,500000,295017,0,0,0,0,0,0.0,0.0,0.0
FINAL_RMT_3954_Type1_Control,0,1.0,1.0,1.0,2.6,500000,276069,0,0,0,0,0,0.0,0.0,0.0
FINAL_RMT_3954_Type1_Control,0,1.0,1.0,1.0,2.8,500000,259145,0,0,0,0,0,0.0,0.0,0.0
FINAL_RMT_3954_Type1_Control,0,1.0,1.0,1.0,3.0,500000,244038,0,0,0,0,0,0.0,0.0,0.0
FINAL_RMT_3954_Type1_Control,0,1.0,1.0,1.0,3.2,500000,230592,0,0,0,0,0,0.0,0.0,0.0
FINAL_RMT_3954_Type1_Control,0,1.0,1.0,1.0,3.4,500000,218627,0,0,0,0,0,0.0,0.0,0.0
FINAL_RMT_3954_Type1_Control,0,1.0,1.0,1.0,3.6,500000,207970,0,0,0,0,0,0.0,0.0,0.0
FINAL_RMT_3954_Type1_Control,0,1.0,1.0,1.0,3.8,500000,198315,0,0,0,0,0,0.0,0.0,0.0
FINAL_RMT_3954_Type1_Control,0,1.0,1.0,1.0,4.0,500000,189657,0,0,0,0,0,0.0,0.0,0.0
FINAL_RMT_3954_Type1_Control,0,1.0,1.0,1.0,4.5,500000,171077,0,0,0,0,0,0.0,0.0,0.0
FINAL_RMT_3954_Type1_Control,0,1.0,1.0,1.0,5.0,500000,156303,0,0,0,0,0,0.0,0.0,0.0
FINAL_RMT_3954_Type1_Control,0,1.0,1.0,1.0,5.5,500000,144217,0,0,0,0,0,0.0,0.0,0.0
FINAL_RMT_3954_Type1_Control,0,1.0,1.0,1.0,6.0,500000,134388,0,0,0,0,0,0.0,0.0,0.0
FINAL_RMT_3954_Type1_Control,0,1.0,1.0,1.0,7.0,500000,119170,0,0,0,0,0,0.0,0.0,0.0
FINAL_RMT_3954_Type1_Control,0,1.0,1.0,1.0,8.0,500000,107926,0,0,0,0,0,0.0,0.0,0.0
FINAL_RMT_3954_Type1_Control,0,1.0,1.0,1.0,9.0,500000,99097,0,0,0,0,0,0.0,0.0,0.0
FINAL_RMT_3954_Type1_Control,0,1.0,1.0,1.0,10.0,500000,91995,0,0,0,0,0,0.0,0.0,0.0
FINAL_RMT_3954_Type1_UFast_Unequal1,1,10.0,1.0,1.0,0.1,500000,500000,0,0,0,0,0,0.0,0.0,0.0
FINAL_RMT_3954_Type1_UFast_Unequal1,1,10.0,1.0,1.0,0.2,500000,500000,0,0,0,0,0,0.0,0.0,0.0
FINAL_RMT_3954_Type1_UFast_Unequal1,1,10.0,1.0,1.0,0.3,500000,500000,0,0,0,0,0,0.0,0.0,0.0
FINAL_RMT_3954_Type1_UFast_Unequal1,1,10.0,1.0,1.0,0.4,500000,499876,0,0,0,0,0,0.0,0.0,0.0
FINAL_RMT_3954_Type1_UFast_Unequal1,1,10.0,1.0,1.0,0.5,500000,498732,29,29,29,0,0,0.0058,0.0058,0.0058
FINAL_RMT_3954_Type1_UFast_Unequal1,1,10.0,1.0,1.0,0.58,500000,496006,200,200,200,0,0,0.04,0.04,0.04
FINAL_RMT_3954_Type1_UFast_Unequal1,1,10.0,1.0,1.0,0.6,500000,495049,306,306,306,0,0,0.0612,0.0612,0.0612
FINAL_RMT_3954_Type1_UFast_Unequal1,1,10.0,1.0,1.0,0.7,500000,488877,1133,1133,1133,0,0,0.2266,0.2266,0.2266
FINAL_RMT_3954_Type1_UFast_Unequal1,1,10.0,1.0,1.0,0.8,500000,480598,2737,2737,2737,0,0,0.5474,0.5474,0.5474
FINAL_RMT_3954_Type1_UFast_Unequal1,1,10.0,1.0,1.0,0.9,500000,471253,5188,5188,5188,0,0,1.0376,1.0376,1.0376
FINAL_RMT_3954_Type1_UFast_Unequal1,1,10.0,1.0,1.0,1.0,500000,461448,8374,8374,8374,0,0,1.6748,1.6748,1.6748
FINAL_RMT_3954_Type1_UFast_Unequal1,1,10.0,1.0,1.0,1.1,500000,450966,11446,11446,11446,0,0,2.2892,2.2892,2.2892
FINAL_RMT_3954_Type1_UFast_Unequal1,1,10.0,1.0,1.0,1.2,500000,439833,14498,14498,14498,0,0,2.8996,2.8996,2.8996
FINAL_RMT_3954_Type1_UFast_Unequal1,1,10.0,1.0,1.0,1.3,500000,428013,17406,17406,17406,0,0,3.4812,3.4812,3.4812
FINAL_RMT_3954_Type1_UFast_Unequal1,1,10.0,1.0,1.0,1.4,500000,415585,19871,19871,19871,0,0,3.9742,3.9742,3.9742
FINAL_RMT_3954_Type1_UFast_Unequal1,1,10.0,1.0,1.0,1.5,500000,402914,21874,21874,21874,0,0,4.3748,4.3748,4.3748
FINAL_RMT_3954_Type1_UFast_Unequal1,1,10.0,1.0,1.0,1.6,500000,389868,23609,23609,23609,0,0,4.7218,4.7218,4.7218
FINAL_RMT_3954_Type1_UFast_Unequal1,1,10.0,1.0,1.0,1.8,500000,364012,26154,26154,26154,0,0,5.2308,5.2308,5.2308
FINAL_RMT_3954_Type1_UFast_Unequal1,1,10.0,1.0,1.0,2.0,500000,339351,27573,27573,27573,0,0,5.5146,5.5146,5.5146
FINAL_RMT_3954_Type1_UFast_Unequal1,1,10.0,1.0,1.0,2.2,500000,316290,28227,28227,28227,0,0,5.6454,5.6454,5.6454
FINAL_RMT_3954_Type1_UFast_Unequal1,1,10.0,1.0,1.0,2.4,500000,295017,28382,28382,28382,0,0,5.6764,5.6764,5.6764
FINAL_RMT_3954_Type1_UFast_Unequal1,1,10.0,1.0,1.0,2.6,500000,276069,28256,28256,28256,0,0,5.6512,5.6512,5.6512
FINAL_RMT_3954_Type1_UFast_Unequal1,1,10.0,1.0,1.0,2.8,500000,259145,27953,27953,27953,0,0,5.5906,5.5906,5.5906
FINAL_RMT_3954_Type1_UFast_Unequal1,1,10.0,1.0,1.0,3.0,500000,244038,27471,27471,27471,0,0,5.4942,5.4942,5.4942
FINAL_RMT_3954_Type1_UFast_Unequal1,1,10.0,1.0,1.0,3.2,500000,230592,27151,27151,27151,0,0,5.4302,5.4302,5.4302
FINAL_RMT_3954_Type1_UFast_Unequal1,1,10.0,1.0,1.0,3.4,500000,218627,26725,26725,26725,0,0,5.345,5.345,5.345
FINAL_RMT_3954_Type1_UFast_Unequal1,1,10.0,1.0,1.0,3.6,500000,207970,26317,26317,26317,0,0,5.2634,5.2634,5.2634
FINAL_RMT_3954_Type1_UFast_Unequal1,1,10.0,1.0,1.0,3.8,500000,198315,25813,25813,25813,0,0,5.1626,5.1626,5.1626
FINAL_RMT_3954_Type1_UFast_Unequal1,1,10.0,1.0,1.0,4.0,500000,189657,25346,25346,25346,0,0,5.0692,5.0692,5.0692
FINAL_RMT_3954_Type1_UFast_Unequal1,1,10.0,1.0,1.0,4.5,500000,171077,24414,24414,24414,0,0,4.8828,4.8828,4.8828
FINAL_RMT_3954_Type1_UFast_Unequal1,1,10.0,1.0,1.0,5.0,500000,156303,23423,23423,23423,0,0,4.6846,4.6846,4.6846
FINAL_RMT_3954_Type1_UFast_Unequal1,1,10.0,1.0,1.0,5.5,500000,144217,22563,22563,22563,0,0,4.5126,4.5126,4.5126
FINAL_RMT_3954_Type1_UFast_Unequal1,1,10.0,1.0,1.0,6.0,500000,134388,21878,21878,21878,0,0,4.3756,4.3756,4.3756
FINAL_RMT_3954_Type1_UFast_Unequal1,1,10.0,1.0,1.0,7.0,500000,119170,20574,20574,20574,0,0,4.1148,4.1148,4.1148
FINAL_RMT_3954_Type1_UFast_Unequal1,1,10.0,1.0,1.0,8.0,500000,107926,19577,19577,19577,0,0,3.9154,3.9154,3.9154
FINAL_RMT_3954_Type1_UFast_Unequal1,1,10.0,1.0,1.0,9.0,500000,99097,18602,18602,18602,0,0,3.7204,3.7204,3.7204
FINAL_RMT_3954_Type1_UFast_Unequal1,1,10.0,1.0,1.0,10.0,500000,91995,17853,17853,17853,0,0,3.5706,3.5706,3.5706
FINAL_RMT_3954_Type1_UFast_Unequal2,2,1.0,0.1,0.1,0.1,500000,500000,0,0,0,0,0,0.0,0.0,0.0
FINAL_RMT_3954_Type1_UFast_Unequal2,2,1.0,0.1,0.1,0.2,500000,500000,0,0,0,0,0,0.0,0.0,0.0
FINAL_RMT_3954_Type1_UFast_Unequal2,2,1.0,0.1,0.1,0.3,500000,500000,0,0,0,0,0,0.0,0.0,0.0
FINAL_RMT_3954_Type1_UFast_Unequal2,2,1.0,0.1,0.1,0.4,500000,499876,0,0,0,0,0,0.0,0.0,0.0
FINAL_RMT_3954_Type1_UFast_Unequal2,2,1.0,0.1,0.1,0.5,500000,498732,31,31,31,0,0,0.0062,0.0062,0.0062
FINAL_RMT_3954_Type1_UFast_Unequal2,2,1.0,0.1,0.1,0.58,500000,496006,209,209,209,0,0,0.0418,0.0418,0.0418
FINAL_RMT_3954_Type1_UFast_Unequal2,2,1.0,0.1,0.1,0.6,500000,495049,321,321,321,0,0,0.0642,0.0642,0.0642
FINAL_RMT_3954_Type1_UFast_Unequal2,2,1.0,0.1,0.1,0.7,500000,488877,1157,1157,1157,0,0,0.2314,0.2314,0.2314
FINAL_RMT_3954_Type1_UFast_Unequal2,2,1.0,0.1,0.1,0.8,500000,480598,2805,2805,2805,0,0,0.561,0.561,0.561
FINAL_RMT_3954_Type1_UFast_Unequal2,2,1.0,0.1,0.1,0.9,500000,471253,5290,5290,5290,0,0,1.058,1.058,1.058
FINAL_RMT_3954_Type1_UFast_Unequal2,2,1.0,0.1,0.1,1.0,500000,461448,8512,8512,8512,0,0,1.7024,1.7024,1.7024
FINAL_RMT_3954_Type1_UFast_Unequal2,2,1.0,0.1,0.1,1.1,500000,450966,11598,11598,11598,0,0,2.3196,2.3196,2.3196
FINAL_RMT_3954_Type1_UFast_Unequal2,2,1.0,0.1,0.1,1.2,500000,439833,14698,14698,14698,0,0,2.9396,2.9396,2.9396
FINAL_RMT_3954_Type1_UFast_Unequal2,2,1.0,0.1,0.1,1.3,500000,428013,17593,17593,17593,0,0,3.5186,3.5186,3.5186
FINAL_RMT_3954_Type1_UFast_Unequal2,2,1.0,0.1,0.1,1.4,500000,415585,20072,20072,20072,0,0,4.0144,4.0144,4.0144
FINAL_RMT_3954_Type1_UFast_Unequal2,2,1.0,0.1,0.1,1.5,500000,402914,22095,22095,22095,0,0,4.419,4.419,4.419
FINAL_RMT_3954_Type1_UFast_Unequal2,2,1.0,0.1,0.1,1.6,500000,389868,23848,23848,23848,0,0,4.7696,4.7696,4.7696
FINAL_RMT_3954_Type1_UFast_Unequal2,2,1.0,0.1,0.1,1.8,500000,364012,26360,26360,26360,0,0,5.272,5.272,5.272
FINAL_RMT_3954_Type1_UFast_Unequal2,2,1.0,0.1,0.1,2.0,500000,339351,27778,27778,27778,0,0,5.5556,5.5556,5.5556
FINAL_RMT_3954_Type1_UFast_Unequal2,2,1.0,0.1,0.1,2.2,500000,316290,28436,28436,28436,0,0,5.6872,5.6872,5.6872
FINAL_RMT_3954_Type1_UFast_Unequal2,2,1.0,0.1,0.1,2.4,500000,295017,28572,28572,28572,0,0,5.7144,5.7144,5.7144
FINAL_RMT_3954_Type1_UFast_Unequal2,2,1.0,0.1,0.1,2.6,500000,276069,28407,28407,28407,0,0,5.6814,5.6814,5.6814
FINAL_RMT_3954_Type1_UFast_Unequal2,2,1.0,0.1,0.1,2.8,500000,259145,28094,28094,28094,0,0,5.6188,5.6188,5.6188
FINAL_RMT_3954_Type1_UFast_Unequal2,2,1.0,0.1,0.1,3.0,500000,244038,27634,27634,27634,0,0,5.5268,5.5268,5.5268
FINAL_RMT_3954_Type1_UFast_Unequal2,2,1.0,0.1,0.1,3.2,500000,230592,27282,27282,27282,0,0,5.4564,5.4564,5.4564
FINAL_RMT_3954_Type1_UFast_Unequal2,2,1.0,0.1,0.1,3.4,500000,218627,26842,26842,26842,0,0,5.3684,5.3684,5.3684
FINAL_RMT_3954_Type1_UFast_Unequal2,2,1.0,0.1,0.1,3.6,500000,207970,26450,26450,26450,0,0,5.29,5.29,5.29
FINAL_RMT_3954_Type1_UFast_Unequal2,2,1.0,0.1,0.1,3.8,500000,198315,25917,25917,25917,0,0,5.1834,5.1834,5.1834
FINAL_RMT_3954_Type1_UFast_Unequal2,2,1.0,0.1,0.1,4.0,500000,189657,25450,25450,25450,0,0,5.09,5.09,5.09
FINAL_RMT_3954_Type1_UFast_Unequal2,2,1.0,0.1,0.1,4.5,500000,171077,24486,24486,24486,0,0,4.8972,4.8972,4.8972
FINAL_RMT_3954_Type1_UFast_Unequal2,2,1.0,0.1,0.1,5.0,500000,156303,23512,23512,23512,0,0,4.7024,4.7024,4.7024
FINAL_RMT_3954_Type1_UFast_Unequal2,2,1.0,0.1,0.1,5.5,500000,144217,22624,22624,22624,0,0,4.5248,4.5248,4.5248
FINAL_RMT_3954_Type1_UFast_Unequal2,2,1.0,0.1,0.1,6.0,500000,134388,21927,21927,21927,0,0,4.3854,4.3854,4.3854
FINAL_RMT_3954_Type1_UFast_Unequal2,2,1.0,0.1,0.1,7.0,500000,119170,20626,20626,20617,9,0,4.1252,4.1252,4.1234
FINAL_RMT_3954_Type1_UFast_Unequal2,2,1.0,0.1,0.1,8.0,500000,107926,19613,19613,19571,42,0,3.9226,3.9226,3.9142
FINAL_RMT_3954_Type1_UFast_Unequal2,2,1.0,0.1,0.1,9.0,500000,99097,18634,18634,18513,121,0,3.7268,3.7268,3.7026
FINAL_RMT_3954_Type1_UFast_Unequal2,2,1.0,0.1,0.1,10.0,500000,91995,17893,17893,17643,250,0,3.5786,3.5786,3.5286
FINAL_RMT_3954_Type1_UFast_Unequal3,3,10.0,0.1,1.0,0.1,500000,500000,0,0,0,0,0,0.0,0.0,0.0
FINAL_RMT_3954_Type1_UFast_Unequal3,3,10.0,0.1,1.0,0.2,500000,500000,0,0,0,0,0,0.0,0.0,0.0
FINAL_RMT_3954_Type1_UFast_Unequal3,3,10.0,0.1,1.0,0.3,500000,500000,0,0,0,0,0,0.0,0.0,0.0
FINAL_RMT_3954_Type1_UFast_Unequal3,3,10.0,0.1,1.0,0.4,500000,499876,5,5,5,0,0,0.001,0.001,0.001
FINAL_RMT_3954_Type1_UFast_Unequal3,3,10.0,0.1,1.0,0.5,500000,498732,108,108,108,0,0,0.0216,0.0216,0.0216
FINAL_RMT_3954_Type1_UFast_Unequal3,3,10.0,0.1,1.0,0.58,500000,496006,569,569,569,0,0,0.1138,0.1138,0.1138
FINAL_RMT_3954_Type1_UFast_Unequal3,3,10.0,0.1,1.0,0.6,500000,495049,774,774,774,0,0,0.1548,0.1548,0.1548
FINAL_RMT_3954_Type1_UFast_Unequal3,3,10.0,0.1,1.0,0.7,500000,488877,2390,2390,2390,0,0,0.478,0.478,0.478
FINAL_RMT_3954_Type1_UFast_Unequal3,3,10.0,0.1,1.0,0.8,500000,480598,5459,5459,5459,0,0,1.0918,1.0918,1.0918
FINAL_RMT_3954_Type1_UFast_Unequal3,3,10.0,0.1,1.0,0.9,500000,471253,9728,9728,9728,0,0,1.9456,1.9456,1.9456
FINAL_RMT_3954_Type1_UFast_Unequal3,3,10.0,0.1,1.0,1.0,500000,461448,14738,14738,14738,0,0,2.9476,2.9476,2.9476
FINAL_RMT_3954_Type1_UFast_Unequal3,3,10.0,0.1,1.0,1.1,500000,450966,19705,19705,19705,0,0,3.941,3.941,3.941
FINAL_RMT_3954_Type1_UFast_Unequal3,3,10.0,0.1,1.0,1.2,500000,439833,24460,24460,24460,0,0,4.892,4.892,4.892
FINAL_RMT_3954_Type1_UFast_Unequal3,3,10.0,0.1,1.0,1.3,500000,428013,28640,28640,28640,0,0,5.728,5.728,5.728
FINAL_RMT_3954_Type1_UFast_Unequal3,3,10.0,0.1,1.0,1.4,500000,415585,32276,32276,32276,0,0,6.4552,6.4552,6.4552
FINAL_RMT_3954_Type1_UFast_Unequal3,3,10.0,0.1,1.0,1.5,500000,402914,35410,35410,35410,0,0,7.082,7.082,7.082
FINAL_RMT_3954_Type1_UFast_Unequal3,3,10.0,0.1,1.0,1.6,500000,389868,37878,37878,37878,0,0,7.5756,7.5756,7.5756
FINAL_RMT_3954_Type1_UFast_Unequal3,3,10.0,0.1,1.0,1.8,500000,364012,41268,41268,41268,0,0,8.2536,8.2536,8.2536
FINAL_RMT_3954_Type1_UFast_Unequal3,3,10.0,0.1,1.0,2.0,500000,339351,42928,42928,42928,0,0,8.5856,8.5856,8.5856
FINAL_RMT_3954_Type1_UFast_Unequal3,3,10.0,0.1,1.0,2.2,500000,316290,43537,43537,43537,0,0,8.7074,8.7074,8.7074
FINAL_RMT_3954_Type1_UFast_Unequal3,3,10.0,0.1,1.0,2.4,500000,295017,43303,43303,43303,0,0,8.6606,8.6606,8.6606
FINAL_RMT_3954_Type1_UFast_Unequal3,3,10.0,0.1,1.0,2.6,500000,276069,42842,42842,42842,0,0,8.5684,8.5684,8.5684
FINAL_RMT_3954_Type1_UFast_Unequal3,3,10.0,0.1,1.0,2.8,500000,259145,42352,42352,42352,0,0,8.4704,8.4704,8.4704
FINAL_RMT_3954_Type1_UFast_Unequal3,3,10.0,0.1,1.0,3.0,500000,244038,41437,41437,41437,0,0,8.2874,8.2874,8.2874
FINAL_RMT_3954_Type1_UFast_Unequal3,3,10.0,0.1,1.0,3.2,500000,230592,40822,40822,40822,0,0,8.1644,8.1644,8.1644
FINAL_RMT_3954_Type1_UFast_Unequal3,3,10.0,0.1,1.0,3.4,500000,218627,39960,39960,39960,0,0,7.992,7.992,7.992
FINAL_RMT_3954_Type1_UFast_Unequal3,3,10.0,0.1,1.0,3.6,500000,207970,39143,39143,39143,0,0,7.8286,7.8286,7.8286
FINAL_RMT_3954_Type1_UFast_Unequal3,3,10.0,0.1,1.0,3.8,500000,198315,38330,38330,38330,0,0,7.666,7.666,7.666
FINAL_RMT_3954_Type1_UFast_Unequal3,3,10.0,0.1,1.0,4.0,500000,189657,37516,37516,37516,0,0,7.5032,7.5032,7.5032
FINAL_RMT_3954_Type1_UFast_Unequal3,3,10.0,0.1,1.0,4.5,500000,171077,35666,35666,35666,0,0,7.1332,7.1332,7.1332
FINAL_RMT_3954_Type1_UFast_Unequal3,3,10.0,0.1,1.0,5.0,500000,156303,33916,33916,33916,0,0,6.7832,6.7832,6.7832
FINAL_RMT_3954_Type1_UFast_Unequal3,3,10.0,0.1,1.0,5.5,500000,144217,32447,32447,32447,0,0,6.4894,6.4894,6.4894
FINAL_RMT_3954_Type1_UFast_Unequal3,3,10.0,0.1,1.0,6.0,500000,134388,31111,31111,31111,0,0,6.2222,6.2222,6.2222
FINAL_RMT_3954_Type1_UFast_Unequal3,3,10.0,0.1,1.0,7.0,500000,119170,28866,28866,28866,0,0,5.7732,5.7732,5.7732
FINAL_RMT_3954_Type1_UFast_Unequal3,3,10.0,0.1,1.0,8.0,500000,107926,27145,27145,27145,0,0,5.429,5.429,5.429
FINAL_RMT_3954_Type1_UFast_Unequal3,3,10.0,0.1,1.0,9.0,500000,99097,25537,25537,25537,0,0,5.1074,5.1074,5.1074
FINAL_RMT_3954_Type1_UFast_Unequal3,3,10.0,0.1,1.0,10.0,500000,91995,24258,24258,24258,0,0,4.8516,4.8516,4.8516
FINAL_RMT_3954_Type1_UFast_Unequal4,4,10.0,1.0,0.1,0.1,500000,500000,0,0,0,0,0,0.0,0.0,0.0
FINAL_RMT_3954_Type1_UFast_Unequal4,4,10.0,1.0,0.1,0.2,500000,500000,0,0,0,0,0,0.0,0.0,0.0
FINAL_RMT_3954_Type1_UFast_Unequal4,4,10.0,1.0,0.1,0.3,500000,500000,0,0,0,0,0,0.0,0.0,0.0
FINAL_RMT_3954_Type1_UFast_Unequal4,4,10.0,1.0,0.1,0.4,500000,499876,7,7,7,0,0,0.0014,0.0014,0.0014
FINAL_RMT_3954_Type1_UFast_Unequal4,4,10.0,1.0,0.1,0.5,500000,498732,122,122,122,0,0,0.0244,0.0244,0.0244
FINAL_RMT_3954_Type1_UFast_Unequal4,4,10.0,1.0,0.1,0.58,500000,496006,620,620,620,0,0,0.124,0.124,0.124
FINAL_RMT_3954_Type1_UFast_Unequal4,4,10.0,1.0,0.1,0.6,500000,495049,892,892,892,0,0,0.1784,0.1784,0.1784
FINAL_RMT_3954_Type1_UFast_Unequal4,4,10.0,1.0,0.1,0.7,500000,488877,2686,2686,2686,0,0,0.5372,0.5372,0.5372
FINAL_RMT_3954_Type1_UFast_Unequal4,4,10.0,1.0,0.1,0.8,500000,480598,6057,6057,6057,0,0,1.2114,1.2114,1.2114
FINAL_RMT_3954_Type1_UFast_Unequal4,4,10.0,1.0,0.1,0.9,500000,471253,10756,10756,10756,0,0,2.1512,2.1512,2.1512
FINAL_RMT_3954_Type1_UFast_Unequal4,4,10.0,1.0,0.1,1.0,500000,461448,16321,16321,16321,0,0,3.2642,3.2642,3.2642
FINAL_RMT_3954_Type1_UFast_Unequal4,4,10.0,1.0,0.1,1.1,500000,450966,21858,21858,21858,0,0,4.3716,4.3716,4.3716
FINAL_RMT_3954_Type1_UFast_Unequal4,4,10.0,1.0,0.1,1.2,500000,439833,27338,27338,27338,0,0,5.4676,5.4676,5.4676
FINAL_RMT_3954_Type1_UFast_Unequal4,4,10.0,1.0,0.1,1.3,500000,428013,32251,32251,32251,0,0,6.4502,6.4502,6.4502
FINAL_RMT_3954_Type1_UFast_Unequal4,4,10.0,1.0,0.1,1.4,500000,415585,36584,36584,36584,0,0,7.3168,7.3168,7.3168
FINAL_RMT_3954_Type1_UFast_Unequal4,4,10.0,1.0,0.1,1.5,500000,402914,40267,40267,40267,0,0,8.0534,8.0534,8.0534
FINAL_RMT_3954_Type1_UFast_Unequal4,4,10.0,1.0,0.1,1.6,500000,389868,43239,43239,43239,0,0,8.6478,8.6478,8.6478
FINAL_RMT_3954_Type1_UFast_Unequal4,4,10.0,1.0,0.1,1.8,500000,364012,47439,47439,47439,0,0,9.4878,9.4878,9.4878
FINAL_RMT_3954_Type1_UFast_Unequal4,4,10.0,1.0,0.1,2.0,500000,339351,50187,50187,50187,0,0,10.0374,10.0374,10.0374
FINAL_RMT_3954_Type1_UFast_Unequal4,4,10.0,1.0,0.1,2.2,500000,316290,51492,51492,51492,0,0,10.2984,10.2984,10.2984
FINAL_RMT_3954_Type1_UFast_Unequal4,4,10.0,1.0,0.1,2.4,500000,295017,51959,51959,51959,0,0,10.3918,10.3918,10.3918
FINAL_RMT_3954_Type1_UFast_Unequal4,4,10.0,1.0,0.1,2.6,500000,276069,52293,52293,52293,0,0,10.4586,10.4586,10.4586
FINAL_RMT_3954_Type1_UFast_Unequal4,4,10.0,1.0,0.1,2.8,500000,259145,52358,52358,52358,0,0,10.4716,10.4716,10.4716
FINAL_RMT_3954_Type1_UFast_Unequal4,4,10.0,1.0,0.1,3.0,500000,244038,51885,51885,51885,0,0,10.377,10.377,10.377
FINAL_RMT_3954_Type1_UFast_Unequal4,4,10.0,1.0,0.1,3.2,500000,230592,51444,51444,51444,0,0,10.2888,10.2888,10.2888
FINAL_RMT_3954_Type1_UFast_Unequal4,4,10.0,1.0,0.1,3.4,500000,218627,50959,50959,50959,0,0,10.1918,10.1918,10.1918
FINAL_RMT_3954_Type1_UFast_Unequal4,4,10.0,1.0,0.1,3.6,500000,207970,50434,50434,50434,0,0,10.0868,10.0868,10.0868
FINAL_RMT_3954_Type1_UFast_Unequal4,4,10.0,1.0,0.1,3.8,500000,198315,49870,49870,49870,0,0,9.974,9.974,9.974
FINAL_RMT_3954_Type1_UFast_Unequal4,4,10.0,1.0,0.1,4.0,500000,189657,49325,49325,49325,0,0,9.865,9.865,9.865
FINAL_RMT_3954_Type1_UFast_Unequal4,4,10.0,1.0,0.1,4.5,500000,171077,47774,47774,47774,0,0,9.5548,9.5548,9.5548
FINAL_RMT_3954_Type1_UFast_Unequal4,4,10.0,1.0,0.1,5.0,500000,156303,46404,46404,46404,0,0,9.2808,9.2808,9.2808
FINAL_RMT_3954_Type1_UFast_Unequal4,4,10.0,1.0,0.1,5.5,500000,144217,45252,45252,45252,0,0,9.0504,9.0504,9.0504
FINAL_RMT_3954_Type1_UFast_Unequal4,4,10.0,1.0,0.1,6.0,500000,134388,44264,44264,44264,0,0,8.8528,8.8528,8.8528
FINAL_RMT_3954_Type1_UFast_Unequal4,4,10.0,1.0,0.1,7.0,500000,119170,42320,42320,42320,0,0,8.464,8.464,8.464
FINAL_RMT_3954_Type1_UFast_Unequal4,4,10.0,1.0,0.1,8.0,500000,107926,40695,40695,40695,0,0,8.139,8.139,8.139
FINAL_RMT_3954_Type1_UFast_Unequal4,4,10.0,1.0,0.1,9.0,500000,99097,39213,39213,39213,0,0,7.8426,7.8426,7.8426
FINAL_RMT_3954_Type1_UFast_Unequal4,4,10.0,1.0,0.1,10.0,500000,91995,37851,37851,37851,0,0,7.5702,7.5702,7.5702
FINAL_RMT_3954_Type1_UFast_Unequal5,5,10.0,0.1,0.1,0.1,500000,500000,0,0,0,0,0,0.0,0.0,0.0
FINAL_RMT_3954_Type1_UFast_Unequal5,5,10.0,0.1,0.1,0.2,500000,500000,0,0,0,0,0,0.0,0.0,0.0
FINAL_RMT_3954_Type1_UFast_Unequal5,5,10.0,0.1,0.1,0.3,500000,500000,0,0,0,0,0,0.0,0.0,0.0
FINAL_RMT_3954_Type1_UFast_Unequal5,5,10.0,0.1,0.1,0.4,500000,499876,52,52,52,0,0,0.0104,0.0104,0.0104
FINAL_RMT_3954_Type1_UFast_Unequal5,5,10.0,0.1,0.1,0.5,500000,498732,649,649,649,0,0,0.1298,0.1298,0.1298
FINAL_RMT_3954_Type1_UFast_Unequal5,5,10.0,0.1,0.1,0.58,500000,496006,2341,2341,2341,0,0,0.4682,0.4682,0.4682
FINAL_RMT_3954_Type1_UFast_Unequal5,5,10.0,0.1,0.1,0.6,500000,495049,3011,3011,3011,0,0,0.6022,0.6022,0.6022
FINAL_RMT_3954_Type1_UFast_Unequal5,5,10.0,0.1,0.1,0.7,500000,488877,8166,8166,8166,0,0,1.6332,1.6332,1.6332
FINAL_RMT_3954_Type1_UFast_Unequal5,5,10.0,0.1,0.1,0.8,500000,480598,16105,16105,16105,0,0,3.221,3.221,3.221
FINAL_RMT_3954_Type1_UFast_Unequal5,5,10.0,0.1,0.1,0.9,500000,471253,25872,25872,25872,0,0,5.1744,5.1744,5.1744
FINAL_RMT_3954_Type1_UFast_Unequal5,5,10.0,0.1,0.1,1.0,500000,461448,36277,36277,36277,0,0,7.2554,7.2554,7.2554
FINAL_RMT_3954_Type1_UFast_Unequal5,5,10.0,0.1,0.1,1.1,500000,450966,46732,46732,46732,0,0,9.3464,9.3464,9.3464
FINAL_RMT_3954_Type1_UFast_Unequal5,5,10.0,0.1,0.1,1.2,500000,439833,56285,56285,56285,0,0,11.257,11.257,11.257
FINAL_RMT_3954_Type1_UFast_Unequal5,5,10.0,0.1,0.1,1.3,500000,428013,64500,64500,64500,0,0,12.9,12.9,12.9
FINAL_RMT_3954_Type1_UFast_Unequal5,5,10.0,0.1,0.1,1.4,500000,415585,71513,71513,71513,0,0,14.3026,14.3026,14.3026
FINAL_RMT_3954_Type1_UFast_Unequal5,5,10.0,0.1,0.1,1.5,500000,402914,77410,77410,77410,0,0,15.482,15.482,15.482
FINAL_RMT_3954_Type1_UFast_Unequal5,5,10.0,0.1,0.1,1.6,500000,389868,81844,81844,81844,0,0,16.3688,16.3688,16.3688
FINAL_RMT_3954_Type1_UFast_Unequal5,5,10.0,0.1,0.1,1.8,500000,364012,87669,87669,87669,0,0,17.5338,17.5338,17.5338
FINAL_RMT_3954_Type1_UFast_Unequal5,5,10.0,0.1,0.1,2.0,500000,339351,90882,90882,90882,0,0,18.1764,18.1764,18.1764
FINAL_RMT_3954_Type1_UFast_Unequal5,5,10.0,0.1,0.1,2.2,500000,316290,92148,92148,92148,0,0,18.4296,18.4296,18.4296
FINAL_RMT_3954_Type1_UFast_Unequal5,5,10.0,0.1,0.1,2.4,500000,295017,91928,91928,91928,0,0,18.3856,18.3856,18.3856
FINAL_RMT_3954_Type1_UFast_Unequal5,5,10.0,0.1,0.1,2.6,500000,276069,91116,91116,91116,0,0,18.2232,18.2232,18.2232
FINAL_RMT_3954_Type1_UFast_Unequal5,5,10.0,0.1,0.1,2.8,500000,259145,89794,89794,89794,0,0,17.9588,17.9588,17.9588
FINAL_RMT_3954_Type1_UFast_Unequal5,5,10.0,0.1,0.1,3.0,500000,244038,88095,88095,88095,0,0,17.619,17.619,17.619
FINAL_RMT_3954_Type1_UFast_Unequal5,5,10.0,0.1,0.1,3.2,500000,230592,86580,86580,86580,0,0,17.316,17.316,17.316
FINAL_RMT_3954_Type1_UFast_Unequal5,5,10.0,0.1,0.1,3.4,500000,218627,85060,85060,85060,0,0,17.012,17.012,17.012
FINAL_RMT_3954_Type1_UFast_Unequal5,5,10.0,0.1,0.1,3.6,500000,207970,83420,83420,83420,0,0,16.684,16.684,16.684
FINAL_RMT_3954_Type1_UFast_Unequal5,5,10.0,0.1,0.1,3.8,500000,198315,81714,81714,81714,0,0,16.3428,16.3428,16.3428
FINAL_RMT_3954_Type1_UFast_Unequal5,5,10.0,0.1,0.1,4.0,500000,189657,80128,80128,80128,0,0,16.0256,16.0256,16.0256
FINAL_RMT_3954_Type1_UFast_Unequal5,5,10.0,0.1,0.1,4.5,500000,171077,76460,76460,76460,0,0,15.292,15.292,15.292
FINAL_RMT_3954_Type1_UFast_Unequal5,5,10.0,0.1,0.1,5.0,500000,156303,73095,73095,73095,0,0,14.619,14.619,14.619
FINAL_RMT_3954_Type1_UFast_Unequal5,5,10.0,0.1,0.1,5.5,500000,144217,70148,70148,70148,0,0,14.0296,14.0296,14.0296
FINAL_RMT_3954_Type1_UFast_Unequal5,5,10.0,0.1,0.1,6.0,500000,134388,67504,67504,67500,4,0,13.5008,13.5008,13.5
FINAL_RMT_3954_Type1_UFast_Unequal5,5,10.0,0.1,0.1,7.0,500000,119170,62918,62918,62887,31,0,12.5836,12.5836,12.5774
FINAL_RMT_3954_Type1_UFast_Unequal5,5,10.0,0.1,0.1,8.0,500000,107926,59359,59359,59248,111,0,11.8718,11.8718,11.8496
FINAL_RMT_3954_Type1_UFast_Unequal5,5,10.0,0.1,0.1,9.0,500000,99097,56265,56265,55982,283,0,11.253,11.253,11.1964
FINAL_RMT_3954_Type1_UFast_Unequal5,5,10.0,0.1,0.1,10.0,500000,91995,53566,53566,53045,521,0,10.7132,10.7132,10.609
FINAL_RMT_3954_Type1_VFast_Unequal1,6,1.0,10.0,1.0,0.1,500000,500000,0,0,0,0,0,0.0,0.0,0.0
FINAL_RMT_3954_Type1_VFast_Unequal1,6,1.0,10.0,1.0,0.2,500000,500000,0,0,0,0,0,0.0,0.0,0.0
FINAL_RMT_3954_Type1_VFast_Unequal1,6,1.0,10.0,1.0,0.3,500000,500000,0,0,0,0,0,0.0,0.0,0.0
FINAL_RMT_3954_Type1_VFast_Unequal1,6,1.0,10.0,1.0,0.4,500000,499876,0,0,0,0,0,0.0,0.0,0.0
FINAL_RMT_3954_Type1_VFast_Unequal1,6,1.0,10.0,1.0,0.5,500000,498732,0,0,0,0,0,0.0,0.0,0.0
FINAL_RMT_3954_Type1_VFast_Unequal1,6,1.0,10.0,1.0,0.58,500000,496006,0,0,0,0,0,0.0,0.0,0.0
FINAL_RMT_3954_Type1_VFast_Unequal1,6,1.0,10.0,1.0,0.6,500000,495049,0,0,0,0,0,0.0,0.0,0.0
FINAL_RMT_3954_Type1_VFast_Unequal1,6,1.0,10.0,1.0,0.7,500000,488877,0,0,0,0,0,0.0,0.0,0.0
FINAL_RMT_3954_Type1_VFast_Unequal1,6,1.0,10.0,1.0,0.8,500000,480598,0,0,0,0,0,0.0,0.0,0.0
FINAL_RMT_3954_Type1_VFast_Unequal1,6,1.0,10.0,1.0,0.9,500000,471253,0,0,0,0,0,0.0,0.0,0.0
FINAL_RMT_3954_Type1_VFast_Unequal1,6,1.0,10.0,1.0,1.0,500000,461448,0,0,0,0,0,0.0,0.0,0.0
FINAL_RMT_3954_Type1_VFast_Unequal1,6,1.0,10.0,1.0,1.1,500000,450966,0,0,0,0,0,0.0,0.0,0.0
FINAL_RMT_3954_Type1_VFast_Unequal1,6,1.0,10.0,1.0,1.2,500000,439833,0,0,0,0,0,0.0,0.0,0.0
FINAL_RMT_3954_Type1_VFast_Unequal1,6,1.0,10.0,1.0,1.3,500000,428013,0,0,0,0,0,0.0,0.0,0.0
FINAL_RMT_3954_Type1_VFast_Unequal1,6,1.0,10.0,1.0,1.4,500000,415585,0,0,0,0,0,0.0,0.0,0.0
FINAL_RMT_3954_Type1_VFast_Unequal1,6,1.0,10.0,1.0,1.5,500000,402914,0,0,0,0,0,0.0,0.0,0.0
FINAL_RMT_3954_Type1_VFast_Unequal1,6,1.0,10.0,1.0,1.6,500000,389868,0,0,0,0,0,0.0,0.0,0.0
FINAL_RMT_3954_Type1_VFast_Unequal1,6,1.0,10.0,1.0,1.8,500000,364012,0,0,0,0,0,0.0,0.0,0.0
FINAL_RMT_3954_Type1_VFast_Unequal1,6,1.0,10.0,1.0,2.0,500000,339351,0,0,0,0,0,0.0,0.0,0.0
FINAL_RMT_3954_Type1_VFast_Unequal1,6,1.0,10.0,1.0,2.2,500000,316290,0,0,0,0,0,0.0,0.0,0.0
FINAL_RMT_3954_Type1_VFast_Unequal1,6,1.0,10.0,1.0,2.4,500000,295017,0,0,0,0,0,0.0,0.0,0.0
FINAL_RMT_3954_Type1_VFast_Unequal1,6,1.0,10.0,1.0,2.6,500000,276069,0,0,0,0,0,0.0,0.0,0.0
FINAL_RMT_3954_Type1_VFast_Unequal1,6,1.0,10.0,1.0,2.8,500000,259145,0,0,0,0,0,0.0,0.0,0.0
FINAL_RMT_3954_Type1_VFast_Unequal1,6,1.0,10.0,1.0,3.0,500000,244038,0,0,0,0,0,0.0,0.0,0.0
FINAL_RMT_3954_Type1_VFast_Unequal1,6,1.0,10.0,1.0,3.2,500000,230592,0,0,0,0,0,0.0,0.0,0.0
FINAL_RMT_3954_Type1_VFast_Unequal1,6,1.0,10.0,1.0,3.4,500000,218627,0,0,0,0,0,0.0,0.0,0.0
FINAL_RMT_3954_Type1_VFast_Unequal1,6,1.0,10.0,1.0,3.6,500000,207970,0,0,0,0,0,0.0,0.0,0.0
FINAL_RMT_3954_Type1_VFast_Unequal1,6,1.0,10.0,1.0,3.8,500000,198315,0,0,0,0,0,0.0,0.0,0.0
FINAL_RMT_3954_Type1_VFast_Unequal1,6,1.0,10.0,1.0,4.0,500000,189657,0,0,0,0,0,0.0,0.0,0.0
FINAL_RMT_3954_Type1_VFast_Unequal1,6,1.0,10.0,1.0,4.5,500000,171077,0,0,0,0,0,0.0,0.0,0.0
FINAL_RMT_3954_Type1_VFast_Unequal1,6,1.0,10.0,1.0,5.0,500000,156303,0,0,0,0,0,0.0,0.0,0.0
FINAL_RMT_3954_Type1_VFast_Unequal1,6,1.0,10.0,1.0,5.5,500000,144217,0,0,0,0,0,0.0,0.0,0.0
FINAL_RMT_3954_Type1_VFast_Unequal1,6,1.0,10.0,1.0,6.0,500000,134388,0,0,0,0,0,0.0,0.0,0.0
FINAL_RMT_3954_Type1_VFast_Unequal1,6,1.0,10.0,1.0,7.0,500000,119170,0,0,0,0,0,0.0,0.0,0.0
FINAL_RMT_3954_Type1_VFast_Unequal1,6,1.0,10.0,1.0,8.0,500000,107926,0,0,0,0,0,0.0,0.0,0.0
FINAL_RMT_3954_Type1_VFast_Unequal1,6,1.0,10.0,1.0,9.0,500000,99097,0,0,0,0,0,0.0,0.0,0.0
FINAL_RMT_3954_Type1_VFast_Unequal1,6,1.0,10.0,1.0,10.0,500000,91995,0,0,0,0,0,0.0,0.0,0.0
FINAL_RMT_3954_Type1_VFast_Unequal2,7,0.1,1.0,0.1,0.1,500000,500000,0,0,0,0,0,0.0,0.0,0.0
FINAL_RMT_3954_Type1_VFast_Unequal2,7,0.1,1.0,0.1,0.2,500000,500000,0,0,0,0,0,0.0,0.0,0.0
FINAL_RMT_3954_Type1_VFast_Unequal2,7,0.1,1.0,0.1,0.3,500000,500000,0,0,0,0,0,0.0,0.0,0.0
FINAL_RMT_3954_Type1_VFast_Unequal2,7,0.1,1.0,0.1,0.4,500000,499876,0,0,0,0,0,0.0,0.0,0.0
FINAL_RMT_3954_Type1_VFast_Unequal2,7,0.1,1.0,0.1,0.5,500000,498732,0,0,0,0,0,0.0,0.0,0.0
FINAL_RMT_3954_Type1_VFast_Unequal2,7,0.1,1.0,0.1,0.58,500000,496006,0,0,0,0,0,0.0,0.0,0.0
FINAL_RMT_3954_Type1_VFast_Unequal2,7,0.1,1.0,0.1,0.6,500000,495049,0,0,0,0,0,0.0,0.0,0.0
FINAL_RMT_3954_Type1_VFast_Unequal2,7,0.1,1.0,0.1,0.7,500000,488877,0,0,0,0,0,0.0,0.0,0.0
FINAL_RMT_3954_Type1_VFast_Unequal2,7,0.1,1.0,0.1,0.8,500000,480598,0,0,0,0,0,0.0,0.0,0.0
FINAL_RMT_3954_Type1_VFast_Unequal2,7,0.1,1.0,0.1,0.9,500000,471253,0,0,0,0,0,0.0,0.0,0.0
FINAL_RMT_3954_Type1_VFast_Unequal2,7,0.1,1.0,0.1,1.0,500000,461448,0,0,0,0,0,0.0,0.0,0.0
FINAL_RMT_3954_Type1_VFast_Unequal2,7,0.1,1.0,0.1,1.1,500000,450966,0,0,0,0,0,0.0,0.0,0.0
FINAL_RMT_3954_Type1_VFast_Unequal2,7,0.1,1.0,0.1,1.2,500000,439833,0,0,0,0,0,0.0,0.0,0.0
FINAL_RMT_3954_Type1_VFast_Unequal2,7,0.1,1.0,0.1,1.3,500000,428013,0,0,0,0,0,0.0,0.0,0.0
FINAL_RMT_3954_Type1_VFast_Unequal2,7,0.1,1.0,0.1,1.4,500000,415585,0,0,0,0,0,0.0,0.0,0.0
FINAL_RMT_3954_Type1_VFast_Unequal2,7,0.1,1.0,0.1,1.5,500000,402914,0,0,0,0,0,0.0,0.0,0.0
FINAL_RMT_3954_Type1_VFast_Unequal2,7,0.1,1.0,0.1,1.6,500000,389868,0,0,0,0,0,0.0,0.0,0.0
FINAL_RMT_3954_Type1_VFast_Unequal2,7,0.1,1.0,0.1,1.8,500000,364012,0,0,0,0,0,0.0,0.0,0.0
FINAL_RMT_3954_Type1_VFast_Unequal2,7,0.1,1.0,0.1,2.0,500000,339351,0,0,0,0,0,0.0,0.0,0.0
FINAL_RMT_3954_Type1_VFast_Unequal2,7,0.1,1.0,0.1,2.2,500000,316290,0,0,0,0,0,0.0,0.0,0.0
FINAL_RMT_3954_Type1_VFast_Unequal2,7,0.1,1.0,0.1,2.4,500000,295017,0,0,0,0,0,0.0,0.0,0.0
FINAL_RMT_3954_Type1_VFast_Unequal2,7,0.1,1.0,0.1,2.6,500000,276069,0,0,0,0,0,0.0,0.0,0.0
FINAL_RMT_3954_Type1_VFast_Unequal2,7,0.1,1.0,0.1,2.8,500000,259145,0,0,0,0,0,0.0,0.0,0.0
FINAL_RMT_3954_Type1_VFast_Unequal2,7,0.1,1.0,0.1,3.0,500000,244038,0,0,0,0,0,0.0,0.0,0.0
FINAL_RMT_3954_Type1_VFast_Unequal2,7,0.1,1.0,0.1,3.2,500000,230592,0,0,0,0,0,0.0,0.0,0.0
FINAL_RMT_3954_Type1_VFast_Unequal2,7,0.1,1.0,0.1,3.4,500000,218627,0,0,0,0,0,0.0,0.0,0.0
FINAL_RMT_3954_Type1_VFast_Unequal2,7,0.1,1.0,0.1,3.6,500000,207970,0,0,0,0,0,0.0,0.0,0.0
FINAL_RMT_3954_Type1_VFast_Unequal2,7,0.1,1.0,0.1,3.8,500000,198315,0,0,0,0,0,0.0,0.0,0.0
FINAL_RMT_3954_Type1_VFast_Unequal2,7,0.1,1.0,0.1,4.0,500000,189657,0,0,0,0,0,0.0,0.0,0.0
FINAL_RMT_3954_Type1_VFast_Unequal2,7,0.1,1.0,0.1,4.5,500000,171077,0,0,0,0,0,0.0,0.0,0.0
FINAL_RMT_3954_Type1_VFast_Unequal2,7,0.1,1.0,0.1,5.0,500000,156303,0,0,0,0,0,0.0,0.0,0.0
FINAL_RMT_3954_Type1_VFast_Unequal2,7,0.1,1.0,0.1,5.5,500000,144217,0,0,0,0,0,0.0,0.0,0.0
FINAL_RMT_3954_Type1_VFast_Unequal2,7,0.1,1.0,0.1,6.0,500000,134388,0,0,0,0,0,0.0,0.0,0.0
FINAL_RMT_3954_Type1_VFast_Unequal2,7,0.1,1.0,0.1,7.0,500000,119170,0,0,0,0,0,0.0,0.0,0.0
FINAL_RMT_3954_Type1_VFast_Unequal2,7,0.1,1.0,0.1,8.0,500000,107926,0,0,0,0,0,0.0,0.0,0.0
FINAL_RMT_3954_Type1_VFast_Unequal2,7,0.1,1.0,0.1,9.0,500000,99097,0,0,0,0,0,0.0,0.0,0.0
FINAL_RMT_3954_Type1_VFast_Unequal2,7,0.1,1.0,0.1,10.0,500000,91995,0,0,0,0,0,0.0,0.0,0.0
FINAL_RMT_3954_Type1_VFast_Unequal3,8,0.1,10.0,1.0,0.1,500000,500000,0,0,0,0,0,0.0,0.0,0.0
FINAL_RMT_3954_Type1_VFast_Unequal3,8,0.1,10.0,1.0,0.2,500000,500000,0,0,0,0,0,0.0,0.0,0.0
FINAL_RMT_3954_Type1_VFast_Unequal3,8,0.1,10.0,1.0,0.3,500000,500000,0,0,0,0,0,0.0,0.0,0.0
FINAL_RMT_3954_Type1_VFast_Unequal3,8,0.1,10.0,1.0,0.4,500000,499876,0,0,0,0,0,0.0,0.0,0.0
FINAL_RMT_3954_Type1_VFast_Unequal3,8,0.1,10.0,1.0,0.5,500000,498732,0,0,0,0,0,0.0,0.0,0.0
FINAL_RMT_3954_Type1_VFast_Unequal3,8,0.1,10.0,1.0,0.58,500000,496006,0,0,0,0,0,0.0,0.0,0.0
FINAL_RMT_3954_Type1_VFast_Unequal3,8,0.1,10.0,1.0,0.6,500000,495049,0,0,0,0,0,0.0,0.0,0.0
FINAL_RMT_3954_Type1_VFast_Unequal3,8,0.1,10.0,1.0,0.7,500000,488877,0,0,0,0,0,0.0,0.0,0.0
FINAL_RMT_3954_Type1_VFast_Unequal3,8,0.1,10.0,1.0,0.8,500000,480598,0,0,0,0,0,0.0,0.0,0.0
FINAL_RMT_3954_Type1_VFast_Unequal3,8,0.1,10.0,1.0,0.9,500000,471253,0,0,0,0,0,0.0,0.0,0.0
FINAL_RMT_3954_Type1_VFast_Unequal3,8,0.1,10.0,1.0,1.0,500000,461448,0,0,0,0,0,0.0,0.0,0.0
FINAL_RMT_3954_Type1_VFast_Unequal3,8,0.1,10.0,1.0,1.1,500000,450966,0,0,0,0,0,0.0,0.0,0.0
FINAL_RMT_3954_Type1_VFast_Unequal3,8,0.1,10.0,1.0,1.2,500000,439833,0,0,0,0,0,0.0,0.0,0.0
FINAL_RMT_3954_Type1_VFast_Unequal3,8,0.1,10.0,1.0,1.3,500000,428013,0,0,0,0,0,0.0,0.0,0.0
FINAL_RMT_3954_Type1_VFast_Unequal3,8,0.1,10.0,1.0,1.4,500000,415585,0,0,0,0,0,0.0,0.0,0.0
FINAL_RMT_3954_Type1_VFast_Unequal3,8,0.1,10.0,1.0,1.5,500000,402914,0,0,0,0,0,0.0,0.0,0.0
FINAL_RMT_3954_Type1_VFast_Unequal3,8,0.1,10.0,1.0,1.6,500000,389868,0,0,0,0,0,0.0,0.0,0.0
FINAL_RMT_3954_Type1_VFast_Unequal3,8,0.1,10.0,1.0,1.8,500000,364012,0,0,0,0,0,0.0,0.0,0.0
FINAL_RMT_3954_Type1_VFast_Unequal3,8,0.1,10.0,1.0,2.0,500000,339351,0,0,0,0,0,0.0,0.0,0.0
FINAL_RMT_3954_Type1_VFast_Unequal3,8,0.1,10.0,1.0,2.2,500000,316290,0,0,0,0,0,0.0,0.0,0.0
FINAL_RMT_3954_Type1_VFast_Unequal3,8,0.1,10.0,1.0,2.4,500000,295017,0,0,0,0,0,0.0,0.0,0.0
FINAL_RMT_3954_Type1_VFast_Unequal3,8,0.1,10.0,1.0,2.6,500000,276069,0,0,0,0,0,0.0,0.0,0.0
FINAL_RMT_3954_Type1_VFast_Unequal3,8,0.1,10.0,1.0,2.8,500000,259145,0,0,0,0,0,0.0,0.0,0.0
FINAL_RMT_3954_Type1_VFast_Unequal3,8,0.1,10.0,1.0,3.0,500000,244038,0,0,0,0,0,0.0,0.0,0.0
FINAL_RMT_3954_Type1_VFast_Unequal3,8,0.1,10.0,1.0,3.2,500000,230592,0,0,0,0,0,0.0,0.0,0.0
FINAL_RMT_3954_Type1_VFast_Unequal3,8,0.1,10.0,1.0,3.4,500000,218627,0,0,0,0,0,0.0,0.0,0.0
FINAL_RMT_3954_Type1_VFast_Unequal3,8,0.1,10.0,1.0,3.6,500000,207970,0,0,0,0,0,0.0,0.0,0.0
FINAL_RMT_3954_Type1_VFast_Unequal3,8,0.1,10.0,1.0,3.8,500000,198315,0,0,0,0,0,0.0,0.0,0.0
FINAL_RMT_3954_Type1_VFast_Unequal3,8,0.1,10.0,1.0,4.0,500000,189657,0,0,0,0,0,0.0,0.0,0.0
FINAL_RMT_3954_Type1_VFast_Unequal3,8,0.1,10.0,1.0,4.5,500000,171077,0,0,0,0,0,0.0,0.0,0.0
FINAL_RMT_3954_Type1_VFast_Unequal3,8,0.1,10.0,1.0,5.0,500000,156303,0,0,0,0,0,0.0,0.0,0.0
FINAL_RMT_3954_Type1_VFast_Unequal3,8,0.1,10.0,1.0,5.5,500000,144217,0,0,0,0,0,0.0,0.0,0.0
FINAL_RMT_3954_Type1_VFast_Unequal3,8,0.1,10.0,1.0,6.0,500000,134388,0,0,0,0,0,0.0,0.0,0.0
FINAL_RMT_3954_Type1_VFast_Unequal3,8,0.1,10.0,1.0,7.0,500000,119170,0,0,0,0,0,0.0,0.0,0.0
FINAL_RMT_3954_Type1_VFast_Unequal3,8,0.1,10.0,1.0,8.0,500000,107926,0,0,0,0,1,0.0,0.0,0.0
FINAL_RMT_3954_Type1_VFast_Unequal3,8,0.1,10.0,1.0,9.0,500000,99097,0,0,0,0,0,0.0,0.0,0.0
FINAL_RMT_3954_Type1_VFast_Unequal3,8,0.1,10.0,1.0,10.0,500000,91995,0,0,0,0,2,0.0,0.0,0.0
FINAL_RMT_3954_Type1_VFast_Unequal4,9,1.0,10.0,0.1,0.1,500000,500000,0,0,0,0,0,0.0,0.0,0.0
FINAL_RMT_3954_Type1_VFast_Unequal4,9,1.0,10.0,0.1,0.2,500000,500000,0,0,0,0,0,0.0,0.0,0.0
FINAL_RMT_3954_Type1_VFast_Unequal4,9,1.0,10.0,0.1,0.3,500000,500000,0,0,0,0,0,0.0,0.0,0.0
FINAL_RMT_3954_Type1_VFast_Unequal4,9,1.0,10.0,0.1,0.4,500000,499876,0,0,0,0,0,0.0,0.0,0.0
FINAL_RMT_3954_Type1_VFast_Unequal4,9,1.0,10.0,0.1,0.5,500000,498732,0,0,0,0,0,0.0,0.0,0.0
FINAL_RMT_3954_Type1_VFast_Unequal4,9,1.0,10.0,0.1,0.58,500000,496006,0,0,0,0,0,0.0,0.0,0.0
FINAL_RMT_3954_Type1_VFast_Unequal4,9,1.0,10.0,0.1,0.6,500000,495049,0,0,0,0,0,0.0,0.0,0.0
FINAL_RMT_3954_Type1_VFast_Unequal4,9,1.0,10.0,0.1,0.7,500000,488877,0,0,0,0,0,0.0,0.0,0.0
FINAL_RMT_3954_Type1_VFast_Unequal4,9,1.0,10.0,0.1,0.8,500000,480598,0,0,0,0,0,0.0,0.0,0.0
FINAL_RMT_3954_Type1_VFast_Unequal4,9,1.0,10.0,0.1,0.9,500000,471253,0,0,0,0,0,0.0,0.0,0.0
FINAL_RMT_3954_Type1_VFast_Unequal4,9,1.0,10.0,0.1,1.0,500000,461448,0,0,0,0,0,0.0,0.0,0.0
FINAL_RMT_3954_Type1_VFast_Unequal4,9,1.0,10.0,0.1,1.1,500000,450966,0,0,0,0,0,0.0,0.0,0.0
FINAL_RMT_3954_Type1_VFast_Unequal4,9,1.0,10.0,0.1,1.2,500000,439833,0,0,0,0,0,0.0,0.0,0.0
FINAL_RMT_3954_Type1_VFast_Unequal4,9,1.0,10.0,0.1,1.3,500000,428013,0,0,0,0,0,0.0,0.0,0.0
FINAL_RMT_3954_Type1_VFast_Unequal4,9,1.0,10.0,0.1,1.4,500000,415585,0,0,0,0,0,0.0,0.0,0.0
FINAL_RMT_3954_Type1_VFast_Unequal4,9,1.0,10.0,0.1,1.5,500000,402914,0,0,0,0,0,0.0,0.0,0.0
FINAL_RMT_3954_Type1_VFast_Unequal4,9,1.0,10.0,0.1,1.6,500000,389868,0,0,0,0,0,0.0,0.0,0.0
FINAL_RMT_3954_Type1_VFast_Unequal4,9,1.0,10.0,0.1,1.8,500000,364012,0,0,0,0,0,0.0,0.0,0.0
FINAL_RMT_3954_Type1_VFast_Unequal4,9,1.0,10.0,0.1,2.0,500000,339351,1,1,1,0,0,0.0002,0.0002,0.0002
FINAL_RMT_3954_Type1_VFast_Unequal4,9,1.0,10.0,0.1,2.2,500000,316290,2,2,2,0,0,0.0004,0.0004,0.0004
FINAL_RMT_3954_Type1_VFast_Unequal4,9,1.0,10.0,0.1,2.4,500000,295017,3,3,3,0,0,0.0006,0.0006,0.0006
FINAL_RMT_3954_Type1_VFast_Unequal4,9,1.0,10.0,0.1,2.6,500000,276069,6,6,6,0,0,0.0012,0.0012,0.0012
FINAL_RMT_3954_Type1_VFast_Unequal4,9,1.0,10.0,0.1,2.8,500000,259145,8,8,8,0,0,0.0016,0.0016,0.0016
FINAL_RMT_3954_Type1_VFast_Unequal4,9,1.0,10.0,0.1,3.0,500000,244038,10,10,10,0,0,0.002,0.002,0.002
FINAL_RMT_3954_Type1_VFast_Unequal4,9,1.0,10.0,0.1,3.2,500000,230592,19,19,19,0,0,0.0038,0.0038,0.0038
FINAL_RMT_3954_Type1_VFast_Unequal4,9,1.0,10.0,0.1,3.4,500000,218627,20,20,20,0,0,0.004,0.004,0.004
FINAL_RMT_3954_Type1_VFast_Unequal4,9,1.0,10.0,0.1,3.6,500000,207970,27,27,27,0,0,0.0054,0.0054,0.0054
FINAL_RMT_3954_Type1_VFast_Unequal4,9,1.0,10.0,0.1,3.8,500000,198315,37,37,37,0,0,0.0074,0.0074,0.0074
FINAL_RMT_3954_Type1_VFast_Unequal4,9,1.0,10.0,0.1,4.0,500000,189657,59,59,59,0,0,0.0118,0.0118,0.0118
FINAL_RMT_3954_Type1_VFast_Unequal4,9,1.0,10.0,0.1,4.5,500000,171077,102,102,102,0,0,0.0204,0.0204,0.0204
FINAL_RMT_3954_Type1_VFast_Unequal4,9,1.0,10.0,0.1,5.0,500000,156303,143,143,143,0,0,0.0286,0.0286,0.0286
FINAL_RMT_3954_Type1_VFast_Unequal4,9,1.0,10.0,0.1,5.5,500000,144217,189,189,189,0,0,0.0378,0.0378,0.0378
FINAL_RMT_3954_Type1_VFast_Unequal4,9,1.0,10.0,0.1,6.0,500000,134388,254,254,254,0,0,0.0508,0.0508,0.0508
FINAL_RMT_3954_Type1_VFast_Unequal4,9,1.0,10.0,0.1,7.0,500000,119170,382,382,382,0,0,0.0764,0.0764,0.0764
FINAL_RMT_3954_Type1_VFast_Unequal4,9,1.0,10.0,0.1,8.0,500000,107926,537,537,537,0,0,0.1074,0.1074,0.1074
FINAL_RMT_3954_Type1_VFast_Unequal4,9,1.0,10.0,0.1,9.0,500000,99097,697,697,697,0,0,0.1394,0.1394,0.1394
FINAL_RMT_3954_Type1_VFast_Unequal4,9,1.0,10.0,0.1,10.0,500000,91995,838,838,838,0,0,0.1676,0.1676,0.1676
FINAL_RMT_3954_Type1_VFast_Unequal5,10,0.1,10.0,0.1,0.1,500000,500000,0,0,0,0,0,0.0,0.0,0.0
FINAL_RMT_3954_Type1_VFast_Unequal5,10,0.1,10.0,0.1,0.2,500000,500000,0,0,0,0,0,0.0,0.0,0.0
FINAL_RMT_3954_Type1_VFast_Unequal5,10,0.1,10.0,0.1,0.3,500000,500000,0,0,0,0,0,0.0,0.0,0.0
FINAL_RMT_3954_Type1_VFast_Unequal5,10,0.1,10.0,0.1,0.4,500000,499876,0,0,0,0,0,0.0,0.0,0.0
FINAL_RMT_3954_Type1_VFast_Unequal5,10,0.1,10.0,0.1,0.5,500000,498732,0,0,0,0,0,0.0,0.0,0.0
FINAL_RMT_3954_Type1_VFast_Unequal5,10,0.1,10.0,0.1,0.58,500000,496006,0,0,0,0,0,0.0,0.0,0.0
FINAL_RMT_3954_Type1_VFast_Unequal5,10,0.1,10.0,0.1,0.6,500000,495049,0,0,0,0,0,0.0,0.0,0.0
FINAL_RMT_3954_Type1_VFast_Unequal5,10,0.1,10.0,0.1,0.7,500000,488877,0,0,0,0,0,0.0,0.0,0.0
FINAL_RMT_3954_Type1_VFast_Unequal5,10,0.1,10.0,0.1,0.8,500000,480598,0,0,0,0,0,0.0,0.0,0.0
FINAL_RMT_3954_Type1_VFast_Unequal5,10,0.1,10.0,0.1,0.9,500000,471253,0,0,0,0,0,0.0,0.0,0.0
FINAL_RMT_3954_Type1_VFast_Unequal5,10,0.1,10.0,0.1,1.0,500000,461448,0,0,0,0,0,0.0,0.0,0.0
FINAL_RMT_3954_Type1_VFast_Unequal5,10,0.1,10.0,0.1,1.1,500000,450966,0,0,0,0,0,0.0,0.0,0.0
FINAL_RMT_3954_Type1_VFast_Unequal5,10,0.1,10.0,0.1,1.2,500000,439833,0,0,0,0,0,0.0,0.0,0.0
FINAL_RMT_3954_Type1_VFast_Unequal5,10,0.1,10.0,0.1,1.3,500000,428013,0,0,0,0,0,0.0,0.0,0.0
FINAL_RMT_3954_Type1_VFast_Unequal5,10,0.1,10.0,0.1,1.4,500000,415585,0,0,0,0,0,0.0,0.0,0.0
FINAL_RMT_3954_Type1_VFast_Unequal5,10,0.1,10.0,0.1,1.5,500000,402914,0,0,0,0,0,0.0,0.0,0.0
FINAL_RMT_3954_Type1_VFast_Unequal5,10,0.1,10.0,0.1,1.6,500000,389868,0,0,0,0,0,0.0,0.0,0.0
FINAL_RMT_3954_Type1_VFast_Unequal5,10,0.1,10.0,0.1,1.8,500000,364012,0,0,0,0,0,0.0,0.0,0.0
FINAL_RMT_3954_Type1_VFast_Unequal5,10,0.1,10.0,0.1,2.0,500000,339351,0,0,0,0,0,0.0,0.0,0.0
FINAL_RMT_3954_Type1_VFast_Unequal5,10,0.1,10.0,0.1,2.2,500000,316290,0,0,0,0,0,0.0,0.0,0.0
FINAL_RMT_3954_Type1_VFast_Unequal5,10,0.1,10.0,0.1,2.4,500000,295017,0,0,0,0,0,0.0,0.0,0.0
FINAL_RMT_3954_Type1_VFast_Unequal5,10,0.1,10.0,0.1,2.6,500000,276069,0,0,0,0,0,0.0,0.0,0.0
FINAL_RMT_3954_Type1_VFast_Unequal5,10,0.1,10.0,0.1,2.8,500000,259145,0,0,0,0,0,0.0,0.0,0.0
FINAL_RMT_3954_Type1_VFast_Unequal5,10,0.1,10.0,0.1,3.0,500000,244038,0,0,0,0,0,0.0,0.0,0.0
FINAL_RMT_3954_Type1_VFast_Unequal5,10,0.1,10.0,0.1,3.2,500000,230592,0,0,0,0,0,0.0,0.0,0.0
FINAL_RMT_3954_Type1_VFast_Unequal5,10,0.1,10.0,0.1,3.4,500000,218627,0,0,0,0,0,0.0,0.0,0.0
FINAL_RMT_3954_Type1_VFast_Unequal5,10,0.1,10.0,0.1,3.6,500000,207970,0,0,0,0,0,0.0,0.0,0.0
FINAL_RMT_3954_Type1_VFast_Unequal5,10,0.1,10.0,0.1,3.8,500000,198315,0,0,0,0,0,0.0,0.0,0.0
FINAL_RMT_3954_Type1_VFast_Unequal5,10,0.1,10.0,0.1,4.0,500000,189657,0,0,0,0,0,0.0,0.0,0.0
FINAL_RMT_3954_Type1_VFast_Unequal5,10,0.1,10.0,0.1,4.5,500000,171077,0,0,0,0,0,0.0,0.0,0.0
FINAL_RMT_3954_Type1_VFast_Unequal5,10,0.1,10.0,0.1,5.0,500000,156303,0,0,0,0,0,0.0,0.0,0.0
FINAL_RMT_3954_Type1_VFast_Unequal5,10,0.1,10.0,0.1,5.5,500000,144217,0,0,0,0,0,0.0,0.0,0.0
FINAL_RMT_3954_Type1_VFast_Unequal5,10,0.1,10.0,0.1,6.0,500000,134388,0,0,0,0,0,0.0,0.0,0.0
FINAL_RMT_3954_Type1_VFast_Unequal5,10,0.1,10.0,0.1,7.0,500000,119170,0,0,0,0,0,0.0,0.0,0.0
FINAL_RMT_3954_Type1_VFast_Unequal5,10,0.1,10.0,0.1,8.0,500000,107926,0,0,0,0,0,0.0,0.0,0.0
FINAL_RMT_3954_Type1_VFast_Unequal5,10,0.1,10.0,0.1,9.0,500000,99097,0,0,0,0,0,0.0,0.0,0.0
FINAL_RMT_3954_Type1_VFast_Unequal5,10,0.1,10.0,0.1,10.0,500000,91995,0,0,0,0,0,0.0,0.0,0.0
FINAL_RMT_3954_Type1_VWFast_Unequal1,11,1.0,10.0,10.0,0.1,500000,500000,0,0,0,0,0,0.0,0.0,0.0
FINAL_RMT_3954_Type1_VWFast_Unequal1,11,1.0,10.0,10.0,0.2,500000,500000,0,0,0,0,0,0.0,0.0,0.0
FINAL_RMT_3954_Type1_VWFast_Unequal1,11,1.0,10.0,10.0,0.3,500000,500000,0,0,0,0,0,0.0,0.0,0.0
FINAL_RMT_3954_Type1_VWFast_Unequal1,11,1.0,10.0,10.0,0.4,500000,499876,0,0,0,0,0,0.0,0.0,0.0
FINAL_RMT_3954_Type1_VWFast_Unequal1,11,1.0,10.0,10.0,0.5,500000,498732,0,0,0,0,0,0.0,0.0,0.0
FINAL_RMT_3954_Type1_VWFast_Unequal1,11,1.0,10.0,10.0,0.58,500000,496006,0,0,0,0,0,0.0,0.0,0.0
FINAL_RMT_3954_Type1_VWFast_Unequal1,11,1.0,10.0,10.0,0.6,500000,495049,0,0,0,0,0,0.0,0.0,0.0
FINAL_RMT_3954_Type1_VWFast_Unequal1,11,1.0,10.0,10.0,0.7,500000,488877,0,0,0,0,0,0.0,0.0,0.0
FINAL_RMT_3954_Type1_VWFast_Unequal1,11,1.0,10.0,10.0,0.8,500000,480598,0,0,0,0,0,0.0,0.0,0.0
FINAL_RMT_3954_Type1_VWFast_Unequal1,11,1.0,10.0,10.0,0.9,500000,471253,0,0,0,0,0,0.0,0.0,0.0
FINAL_RMT_3954_Type1_VWFast_Unequal1,11,1.0,10.0,10.0,1.0,500000,461448,0,0,0,0,0,0.0,0.0,0.0
FINAL_RMT_3954_Type1_VWFast_Unequal1,11,1.0,10.0,10.0,1.1,500000,450966,0,0,0,0,0,0.0,0.0,0.0
FINAL_RMT_3954_Type1_VWFast_Unequal1,11,1.0,10.0,10.0,1.2,500000,439833,0,0,0,0,0,0.0,0.0,0.0
FINAL_RMT_3954_Type1_VWFast_Unequal1,11,1.0,10.0,10.0,1.3,500000,428013,0,0,0,0,0,0.0,0.0,0.0
FINAL_RMT_3954_Type1_VWFast_Unequal1,11,1.0,10.0,10.0,1.4,500000,415585,0,0,0,0,0,0.0,0.0,0.0
FINAL_RMT_3954_Type1_VWFast_Unequal1,11,1.0,10.0,10.0,1.5,500000,402914,0,0,0,0,0,0.0,0.0,0.0
FINAL_RMT_3954_Type1_VWFast_Unequal1,11,1.0,10.0,10.0,1.6,500000,389868,0,0,0,0,0,0.0,0.0,0.0
FINAL_RMT_3954_Type1_VWFast_Unequal1,11,1.0,10.0,10.0,1.8,500000,364012,0,0,0,0,0,0.0,0.0,0.0
FINAL_RMT_3954_Type1_VWFast_Unequal1,11,1.0,10.0,10.0,2.0,500000,339351,0,0,0,0,0,0.0,0.0,0.0
FINAL_RMT_3954_Type1_VWFast_Unequal1,11,1.0,10.0,10.0,2.2,500000,316290,0,0,0,0,0,0.0,0.0,0.0
FINAL_RMT_3954_Type1_VWFast_Unequal1,11,1.0,10.0,10.0,2.4,500000,295017,0,0,0,0,1,0.0,0.0,0.0
FINAL_RMT_3954_Type1_VWFast_Unequal1,11,1.0,10.0,10.0,2.6,500000,276069,0,0,0,0,2,0.0,0.0,0.0
FINAL_RMT_3954_Type1_VWFast_Unequal1,11,1.0,10.0,10.0,2.8,500000,259145,0,0,0,0,2,0.0,0.0,0.0
FINAL_RMT_3954_Type1_VWFast_Unequal1,11,1.0,10.0,10.0,3.0,500000,244038,0,0,0,0,5,0.0,0.0,0.0
FINAL_RMT_3954_Type1_VWFast_Unequal1,11,1.0,10.0,10.0,3.2,500000,230592,0,0,0,0,8,0.0,0.0,0.0
FINAL_RMT_3954_Type1_VWFast_Unequal1,11,1.0,10.0,10.0,3.4,500000,218627,0,0,0,0,13,0.0,0.0,0.0
FINAL_RMT_3954_Type1_VWFast_Unequal1,11,1.0,10.0,10.0,3.6,500000,207970,0,0,0,0,9,0.0,0.0,0.0
FINAL_RMT_3954_Type1_VWFast_Unequal1,11,1.0,10.0,10.0,3.8,500000,198315,0,0,0,0,20,0.0,0.0,0.0
FINAL_RMT_3954_Type1_VWFast_Unequal1,11,1.0,10.0,10.0,4.0,500000,189657,0,0,0,0,18,0.0,0.0,0.0
FINAL_RMT_3954_Type1_VWFast_Unequal1,11,1.0,10.0,10.0,4.5,500000,171077,0,0,0,0,54,0.0,0.0,0.0
FINAL_RMT_3954_Type1_VWFast_Unequal1,11,1.0,10.0,10.0,5.0,500000,156303,0,0,0,0,91,0.0,0.0,0.0
FINAL_RMT_3954_Type1_VWFast_Unequal1,11,1.0,10.0,10.0,5.5,500000,144217,0,0,0,0,113,0.0,0.0,0.0
FINAL_RMT_3954_Type1_VWFast_Unequal1,11,1.0,10.0,10.0,6.0,500000,134388,0,0,0,0,178,0.0,0.0,0.0
FINAL_RMT_3954_Type1_VWFast_Unequal1,11,1.0,10.0,10.0,7.0,500000,119170,0,0,0,0,211,0.0,0.0,0.0
FINAL_RMT_3954_Type1_VWFast_Unequal1,11,1.0,10.0,10.0,8.0,500000,107926,0,0,0,0,296,0.0,0.0,0.0
FINAL_RMT_3954_Type1_VWFast_Unequal1,11,1.0,10.0,10.0,9.0,500000,99097,0,0,0,0,377,0.0,0.0,0.0
FINAL_RMT_3954_Type1_VWFast_Unequal1,11,1.0,10.0,10.0,10.0,500000,91995,0,0,0,0,452,0.0,0.0,0.0
FINAL_RMT_3954_Type1_VWFast_Unequal2,12,0.1,1.0,1.0,0.1,500000,500000,0,0,0,0,0,0.0,0.0,0.0
FINAL_RMT_3954_Type1_VWFast_Unequal2,12,0.1,1.0,1.0,0.2,500000,500000,0,0,0,0,0,0.0,0.0,0.0
FINAL_RMT_3954_Type1_VWFast_Unequal2,12,0.1,1.0,1.0,0.3,500000,500000,0,0,0,0,0,0.0,0.0,0.0
FINAL_RMT_3954_Type1_VWFast_Unequal2,12,0.1,1.0,1.0,0.4,500000,499876,0,0,0,0,0,0.0,0.0,0.0
FINAL_RMT_3954_Type1_VWFast_Unequal2,12,0.1,1.0,1.0,0.5,500000,498732,0,0,0,0,0,0.0,0.0,0.0
FINAL_RMT_3954_Type1_VWFast_Unequal2,12,0.1,1.0,1.0,0.58,500000,496006,0,0,0,0,0,0.0,0.0,0.0
FINAL_RMT_3954_Type1_VWFast_Unequal2,12,0.1,1.0,1.0,0.6,500000,495049,0,0,0,0,0,0.0,0.0,0.0
FINAL_RMT_3954_Type1_VWFast_Unequal2,12,0.1,1.0,1.0,0.7,500000,488877,0,0,0,0,0,0.0,0.0,0.0
FINAL_RMT_3954_Type1_VWFast_Unequal2,12,0.1,1.0,1.0,0.8,500000,480598,0,0,0,0,0,0.0,0.0,0.0
FINAL_RMT_3954_Type1_VWFast_Unequal2,12,0.1,1.0,1.0,0.9,500000,471253,0,0,0,0,0,0.0,0.0,0.0
FINAL_RMT_3954_Type1_VWFast_Unequal2,12,0.1,1.0,1.0,1.0,500000,461448,0,0,0,0,0,0.0,0.0,0.0
FINAL_RMT_3954_Type1_VWFast_Unequal2,12,0.1,1.0,1.0,1.1,500000,450966,0,0,0,0,0,0.0,0.0,0.0
FINAL_RMT_3954_Type1_VWFast_Unequal2,12,0.1,1.0,1.0,1.2,500000,439833,0,0,0,0,0,0.0,0.0,0.0
FINAL_RMT_3954_Type1_VWFast_Unequal2,12,0.1,1.0,1.0,1.3,500000,428013,0,0,0,0,0,0.0,0.0,0.0
FINAL_RMT_3954_Type1_VWFast_Unequal2,12,0.1,1.0,1.0,1.4,500000,415585,0,0,0,0,0,0.0,0.0,0.0
FINAL_RMT_3954_Type1_VWFast_Unequal2,12,0.1,1.0,1.0,1.5,500000,402914,0,0,0,0,0,0.0,0.0,0.0
FINAL_RMT_3954_Type1_VWFast_Unequal2,12,0.1,1.0,1.0,1.6,500000,389868,0,0,0,0,0,0.0,0.0,0.0
FINAL_RMT_3954_Type1_VWFast_Unequal2,12,0.1,1.0,1.0,1.8,500000,364012,0,0,0,0,0,0.0,0.0,0.0
FINAL_RMT_3954_Type1_VWFast_Unequal2,12,0.1,1.0,1.0,2.0,500000,339351,0,0,0,0,0,0.0,0.0,0.0
FINAL_RMT_3954_Type1_VWFast_Unequal2,12,0.1,1.0,1.0,2.2,500000,316290,0,0,0,0,0,0.0,0.0,0.0
FINAL_RMT_3954_Type1_VWFast_Unequal2,12,0.1,1.0,1.0,2.4,500000,295017,0,0,0,0,1,0.0,0.0,0.0
FINAL_RMT_3954_Type1_VWFast_Unequal2,12,0.1,1.0,1.0,2.6,500000,276069,0,0,0,0,2,0.0,0.0,0.0
FINAL_RMT_3954_Type1_VWFast_Unequal2,12,0.1,1.0,1.0,2.8,500000,259145,0,0,0,0,2,0.0,0.0,0.0
FINAL_RMT_3954_Type1_VWFast_Unequal2,12,0.1,1.0,1.0,3.0,500000,244038,0,0,0,0,5,0.0,0.0,0.0
FINAL_RMT_3954_Type1_VWFast_Unequal2,12,0.1,1.0,1.0,3.2,500000,230592,0,0,0,0,8,0.0,0.0,0.0
FINAL_RMT_3954_Type1_VWFast_Unequal2,12,0.1,1.0,1.0,3.4,500000,218627,0,0,0,0,15,0.0,0.0,0.0
FINAL_RMT_3954_Type1_VWFast_Unequal2,12,0.1,1.0,1.0,3.6,500000,207970,0,0,0,0,10,0.0,0.0,0.0
FINAL_RMT_3954_Type1_VWFast_Unequal2,12,0.1,1.0,1.0,3.8,500000,198315,0,0,0,0,21,0.0,0.0,0.0
FINAL_RMT_3954_Type1_VWFast_Unequal2,12,0.1,1.0,1.0,4.0,500000,189657,0,0,0,0,19,0.0,0.0,0.0
FINAL_RMT_3954_Type1_VWFast_Unequal2,12,0.1,1.0,1.0,4.5,500000,171077,0,0,0,0,58,0.0,0.0,0.0
FINAL_RMT_3954_Type1_VWFast_Unequal2,12,0.1,1.0,1.0,5.0,500000,156303,0,0,0,0,95,0.0,0.0,0.0
FINAL_RMT_3954_Type1_VWFast_Unequal2,12,0.1,1.0,1.0,5.5,500000,144217,0,0,0,0,118,0.0,0.0,0.0
FINAL_RMT_3954_Type1_VWFast_Unequal2,12,0.1,1.0,1.0,6.0,500000,134388,0,0,0,0,189,0.0,0.0,0.0
FINAL_RMT_3954_Type1_VWFast_Unequal2,12,0.1,1.0,1.0,7.0,500000,119170,0,0,0,0,221,0.0,0.0,0.0
FINAL_RMT_3954_Type1_VWFast_Unequal2,12,0.1,1.0,1.0,8.0,500000,107926,0,0,0,0,303,0.0,0.0,0.0
FINAL_RMT_3954_Type1_VWFast_Unequal2,12,0.1,1.0,1.0,9.0,500000,99097,0,0,0,0,390,0.0,0.0,0.0
FINAL_RMT_3954_Type1_VWFast_Unequal2,12,0.1,1.0,1.0,10.0,500000,91995,0,0,0,0,463,0.0,0.0,0.0
FINAL_RMT_3954_Type1_VWFast_Unequal3,13,0.1,10.0,10.0,0.1,500000,500000,0,0,0,0,0,0.0,0.0,0.0
FINAL_RMT_3954_Type1_VWFast_Unequal3,13,0.1,10.0,10.0,0.2,500000,500000,0,0,0,0,0,0.0,0.0,0.0
FINAL_RMT_3954_Type1_VWFast_Unequal3,13,0.1,10.0,10.0,0.3,500000,500000,0,0,0,0,0,0.0,0.0,0.0
FINAL_RMT_3954_Type1_VWFast_Unequal3,13,0.1,10.0,10.0,0.4,500000,499876,0,0,0,0,0,0.0,0.0,0.0
FINAL_RMT_3954_Type1_VWFast_Unequal3,13,0.1,10.0,10.0,0.5,500000,498732,0,0,0,0,0,0.0,0.0,0.0
FINAL_RMT_3954_Type1_VWFast_Unequal3,13,0.1,10.0,10.0,0.58,500000,496006,0,0,0,0,0,0.0,0.0,0.0
FINAL_RMT_3954_Type1_VWFast_Unequal3,13,0.1,10.0,10.0,0.6,500000,495049,0,0,0,0,0,0.0,0.0,0.0
FINAL_RMT_3954_Type1_VWFast_Unequal3,13,0.1,10.0,10.0,0.7,500000,488877,0,0,0,0,0,0.0,0.0,0.0
FINAL_RMT_3954_Type1_VWFast_Unequal3,13,0.1,10.0,10.0,0.8,500000,480598,0,0,0,0,0,0.0,0.0,0.0
FINAL_RMT_3954_Type1_VWFast_Unequal3,13,0.1,10.0,10.0,0.9,500000,471253,0,0,0,0,0,0.0,0.0,0.0
FINAL_RMT_3954_Type1_VWFast_Unequal3,13,0.1,10.0,10.0,1.0,500000,461448,0,0,0,0,0,0.0,0.0,0.0
FINAL_RMT_3954_Type1_VWFast_Unequal3,13,0.1,10.0,10.0,1.1,500000,450966,0,0,0,0,0,0.0,0.0,0.0
FINAL_RMT_3954_Type1_VWFast_Unequal3,13,0.1,10.0,10.0,1.2,500000,439833,0,0,0,0,0,0.0,0.0,0.0
FINAL_RMT_3954_Type1_VWFast_Unequal3,13,0.1,10.0,10.0,1.3,500000,428013,0,0,0,0,0,0.0,0.0,0.0
FINAL_RMT_3954_Type1_VWFast_Unequal3,13,0.1,10.0,10.0,1.4,500000,415585,0,0,0,0,0,0.0,0.0,0.0
FINAL_RMT_3954_Type1_VWFast_Unequal3,13,0.1,10.0,10.0,1.5,500000,402914,0,0,0,0,0,0.0,0.0,0.0
FINAL_RMT_3954_Type1_VWFast_Unequal3,13,0.1,10.0,10.0,1.6,500000,389868,0,0,0,0,0,0.0,0.0,0.0
FINAL_RMT_3954_Type1_VWFast_Unequal3,13,0.1,10.0,10.0,1.8,500000,364012,0,0,0,0,0,0.0,0.0,0.0
FINAL_RMT_3954_Type1_VWFast_Unequal3,13,0.1,10.0,10.0,2.0,500000,339351,0,0,0,0,0,0.0,0.0,0.0
FINAL_RMT_3954_Type1_VWFast_Unequal3,13,0.1,10.0,10.0,2.2,500000,316290,0,0,0,0,2,0.0,0.0,0.0
FINAL_RMT_3954_Type1_VWFast_Unequal3,13,0.1,10.0,10.0,2.4,500000,295017,0,0,0,0,2,0.0,0.0,0.0
FINAL_RMT_3954_Type1_VWFast_Unequal3,13,0.1,10.0,10.0,2.6,500000,276069,0,0,0,0,3,0.0,0.0,0.0
FINAL_RMT_3954_Type1_VWFast_Unequal3,13,0.1,10.0,10.0,2.8,500000,259145,0,0,0,0,4,0.0,0.0,0.0
FINAL_RMT_3954_Type1_VWFast_Unequal3,13,0.1,10.0,10.0,3.0,500000,244038,0,0,0,0,9,0.0,0.0,0.0
FINAL_RMT_3954_Type1_VWFast_Unequal3,13,0.1,10.0,10.0,3.2,500000,230592,0,0,0,0,16,0.0,0.0,0.0
FINAL_RMT_3954_Type1_VWFast_Unequal3,13,0.1,10.0,10.0,3.4,500000,218627,0,0,0,0,25,0.0,0.0,0.0
FINAL_RMT_3954_Type1_VWFast_Unequal3,13,0.1,10.0,10.0,3.6,500000,207970,0,0,0,0,27,0.0,0.0,0.0
FINAL_RMT_3954_Type1_VWFast_Unequal3,13,0.1,10.0,10.0,3.8,500000,198315,0,0,0,0,44,0.0,0.0,0.0
FINAL_RMT_3954_Type1_VWFast_Unequal3,13,0.1,10.0,10.0,4.0,500000,189657,0,0,0,0,45,0.0,0.0,0.0
FINAL_RMT_3954_Type1_VWFast_Unequal3,13,0.1,10.0,10.0,4.5,500000,171077,0,0,0,0,100,0.0,0.0,0.0
FINAL_RMT_3954_Type1_VWFast_Unequal3,13,0.1,10.0,10.0,5.0,500000,156303,0,0,0,0,162,0.0,0.0,0.0
FINAL_RMT_3954_Type1_VWFast_Unequal3,13,0.1,10.0,10.0,5.5,500000,144217,0,0,0,0,221,0.0,0.0,0.0
FINAL_RMT_3954_Type1_VWFast_Unequal3,13,0.1,10.0,10.0,6.0,500000,134388,0,0,0,0,291,0.0,0.0,0.0
FINAL_RMT_3954_Type1_VWFast_Unequal3,13,0.1,10.0,10.0,7.0,500000,119170,0,0,0,0,368,0.0,0.0,0.0
FINAL_RMT_3954_Type1_VWFast_Unequal3,13,0.1,10.0,10.0,8.0,500000,107926,0,0,0,0,495,0.0,0.0,0.0
FINAL_RMT_3954_Type1_VWFast_Unequal3,13,0.1,10.0,10.0,9.0,500000,99097,0,0,0,0,606,0.0,0.0,0.0
FINAL_RMT_3954_Type1_VWFast_Unequal3,13,0.1,10.0,10.0,10.0,500000,91995,0,0,0,0,667,0.0,0.0,0.0
FINAL_RMT_3954_Type1_UVFast_Unequal1,14,10.0,10.0,1.0,0.1,500000,500000,0,0,0,0,0,0.0,0.0,0.0
FINAL_RMT_3954_Type1_UVFast_Unequal1,14,10.0,10.0,1.0,0.2,500000,500000,0,0,0,0,0,0.0,0.0,0.0
FINAL_RMT_3954_Type1_UVFast_Unequal1,14,10.0,10.0,1.0,0.3,500000,500000,0,0,0,0,0,0.0,0.0,0.0
FINAL_RMT_3954_Type1_UVFast_Unequal1,14,10.0,10.0,1.0,0.4,500000,499876,0,0,0,0,0,0.0,0.0,0.0
FINAL_RMT_3954_Type1_UVFast_Unequal1,14,10.0,10.0,1.0,0.5,500000,498732,0,0,0,0,0,0.0,0.0,0.0
FINAL_RMT_3954_Type1_UVFast_Unequal1,14,10.0,10.0,1.0,0.58,500000,496006,0,0,0,0,0,0.0,0.0,0.0
FINAL_RMT_3954_Type1_UVFast_Unequal1,14,10.0,10.0,1.0,0.6,500000,495049,1,1,1,0,0,0.0002,0.0002,0.0002
FINAL_RMT_3954_Type1_UVFast_Unequal1,14,10.0,10.0,1.0,0.7,500000,488877,8,8,8,0,0,0.0016,0.0016,0.0016
FINAL_RMT_3954_Type1_UVFast_Unequal1,14,10.0,10.0,1.0,0.8,500000,480598,47,47,47,0,0,0.0094,0.0094,0.0094
FINAL_RMT_3954_Type1_UVFast_Unequal1,14,10.0,10.0,1.0,0.9,500000,471253,149,149,149,0,0,0.0298,0.0298,0.0298
FINAL_RMT_3954_Type1_UVFast_Unequal1,14,10.0,10.0,1.0,1.0,500000,461448,313,313,313,0,0,0.0626,0.0626,0.0626
FINAL_RMT_3954_Type1_UVFast_Unequal1,14,10.0,10.0,1.0,1.1,500000,450966,535,535,535,0,0,0.107,0.107,0.107
FINAL_RMT_3954_Type1_UVFast_Unequal1,14,10.0,10.0,1.0,1.2,500000,439833,837,837,837,0,0,0.1674,0.1674,0.1674
FINAL_RMT_3954_Type1_UVFast_Unequal1,14,10.0,10.0,1.0,1.3,500000,428013,1132,1132,1132,0,0,0.2264,0.2264,0.2264
FINAL_RMT_3954_Type1_UVFast_Unequal1,14,10.0,10.0,1.0,1.4,500000,415585,1496,1496,1496,0,0,0.2992,0.2992,0.2992
FINAL_RMT_3954_Type1_UVFast_Unequal1,14,10.0,10.0,1.0,1.5,500000,402914,1770,1770,1770,0,0,0.354,0.354,0.354
FINAL_RMT_3954_Type1_UVFast_Unequal1,14,10.0,10.0,1.0,1.6,500000,389868,2060,2060,2060,0,0,0.412,0.412,0.412
FINAL_RMT_3954_Type1_UVFast_Unequal1,14,10.0,10.0,1.0,1.8,500000,364012,2724,2724,2724,0,0,0.5448,0.5448,0.5448
FINAL_RMT_3954_Type1_UVFast_Unequal1,14,10.0,10.0,1.0,2.0,500000,339351,3192,3192,3192,0,0,0.6384,0.6384,0.6384
FINAL_RMT_3954_Type1_UVFast_Unequal1,14,10.0,10.0,1.0,2.2,500000,316290,3712,3712,3712,0,0,0.7424,0.7424,0.7424
FINAL_RMT_3954_Type1_UVFast_Unequal1,14,10.0,10.0,1.0,2.4,500000,295017,4127,4127,4127,0,0,0.8254,0.8254,0.8254
FINAL_RMT_3954_Type1_UVFast_Unequal1,14,10.0,10.0,1.0,2.6,500000,276069,4436,4436,4436,0,0,0.8872,0.8872,0.8872
FINAL_RMT_3954_Type1_UVFast_Unequal1,14,10.0,10.0,1.0,2.8,500000,259145,4736,4736,4736,0,0,0.9472,0.9472,0.9472
FINAL_RMT_3954_Type1_UVFast_Unequal1,14,10.0,10.0,1.0,3.0,500000,244038,4989,4989,4989,0,0,0.9978,0.9978,0.9978
FINAL_RMT_3954_Type1_UVFast_Unequal1,14,10.0,10.0,1.0,3.2,500000,230592,5243,5243,5243,0,0,1.0486,1.0486,1.0486
FINAL_RMT_3954_Type1_UVFast_Unequal1,14,10.0,10.0,1.0,3.4,500000,218627,5395,5395,5395,0,0,1.079,1.079,1.079
FINAL_RMT_3954_Type1_UVFast_Unequal1,14,10.0,10.0,1.0,3.6,500000,207970,5653,5653,5653,0,0,1.1306,1.1306,1.1306
FINAL_RMT_3954_Type1_UVFast_Unequal1,14,10.0,10.0,1.0,3.8,500000,198315,5732,5732,5732,0,0,1.1464,1.1464,1.1464
FINAL_RMT_3954_Type1_UVFast_Unequal1,14,10.0,10.0,1.0,4.0,500000,189657,5881,5881,5881,0,0,1.1762,1.1762,1.1762
FINAL_RMT_3954_Type1_UVFast_Unequal1,14,10.0,10.0,1.0,4.5,500000,171077,6200,6200,6200,0,0,1.24,1.24,1.24
FINAL_RMT_3954_Type1_UVFast_Unequal1,14,10.0,10.0,1.0,5.0,500000,156303,6433,6433,6433,0,0,1.2866,1.2866,1.2866
FINAL_RMT_3954_Type1_UVFast_Unequal1,14,10.0,10.0,1.0,5.5,500000,144217,6577,6577,6577,0,0,1.3154,1.3154,1.3154
FINAL_RMT_3954_Type1_UVFast_Unequal1,14,10.0,10.0,1.0,6.0,500000,134388,6764,6764,6764,0,0,1.3528,1.3528,1.3528
FINAL_RMT_3954_Type1_UVFast_Unequal1,14,10.0,10.0,1.0,7.0,500000,119170,6922,6922,6922,0,0,1.3844,1.3844,1.3844
FINAL_RMT_3954_Type1_UVFast_Unequal1,14,10.0,10.0,1.0,8.0,500000,107926,7112,7112,7112,0,0,1.4224,1.4224,1.4224
FINAL_RMT_3954_Type1_UVFast_Unequal1,14,10.0,10.0,1.0,9.0,500000,99097,7170,7170,7170,0,0,1.434,1.434,1.434
FINAL_RMT_3954_Type1_UVFast_Unequal1,14,10.0,10.0,1.0,10.0,500000,91995,7213,7213,7213,0,0,1.4426,1.4426,1.4426
FINAL_RMT_3954_Type1_UVFast_Unequal2,15,1.0,1.0,0.1,0.1,500000,500000,0,0,0,0,0,0.0,0.0,0.0
FINAL_RMT_3954_Type1_UVFast_Unequal2,15,1.0,1.0,0.1,0.2,500000,500000,0,0,0,0,0,0.0,0.0,0.0
FINAL_RMT_3954_Type1_UVFast_Unequal2,15,1.0,1.0,0.1,0.3,500000,500000,0,0,0,0,0,0.0,0.0,0.0
FINAL_RMT_3954_Type1_UVFast_Unequal2,15,1.0,1.0,0.1,0.4,500000,499876,0,0,0,0,0,0.0,0.0,0.0
FINAL_RMT_3954_Type1_UVFast_Unequal2,15,1.0,1.0,0.1,0.5,500000,498732,0,0,0,0,0,0.0,0.0,0.0
FINAL_RMT_3954_Type1_UVFast_Unequal2,15,1.0,1.0,0.1,0.58,500000,496006,0,0,0,0,0,0.0,0.0,0.0
FINAL_RMT_3954_Type1_UVFast_Unequal2,15,1.0,1.0,0.1,0.6,500000,495049,1,1,1,0,0,0.0002,0.0002,0.0002
FINAL_RMT_3954_Type1_UVFast_Unequal2,15,1.0,1.0,0.1,0.7,500000,488877,10,10,10,0,0,0.002,0.002,0.002
FINAL_RMT_3954_Type1_UVFast_Unequal2,15,1.0,1.0,0.1,0.8,500000,480598,51,51,51,0,0,0.0102,0.0102,0.0102
FINAL_RMT_3954_Type1_UVFast_Unequal2,15,1.0,1.0,0.1,0.9,500000,471253,164,164,164,0,0,0.0328,0.0328,0.0328
FINAL_RMT_3954_Type1_UVFast_Unequal2,15,1.0,1.0,0.1,1.0,500000,461448,343,343,343,0,0,0.0686,0.0686,0.0686
FINAL_RMT_3954_Type1_UVFast_Unequal2,15,1.0,1.0,0.1,1.1,500000,450966,588,588,588,0,0,0.1176,0.1176,0.1176
FINAL_RMT_3954_Type1_UVFast_Unequal2,15,1.0,1.0,0.1,1.2,500000,439833,894,894,894,0,0,0.1788,0.1788,0.1788
FINAL_RMT_3954_Type1_UVFast_Unequal2,15,1.0,1.0,0.1,1.3,500000,428013,1206,1206,1206,0,0,0.2412,0.2412,0.2412
FINAL_RMT_3954_Type1_UVFast_Unequal2,15,1.0,1.0,0.1,1.4,500000,415585,1581,1581,1581,0,0,0.3162,0.3162,0.3162
FINAL_RMT_3954_Type1_UVFast_Unequal2,15,1.0,1.0,0.1,1.5,500000,402914,1878,1878,1878,0,0,0.3756,0.3756,0.3756
FINAL_RMT_3954_Type1_UVFast_Unequal2,15,1.0,1.0,0.1,1.6,500000,389868,2185,2185,2185,0,0,0.437,0.437,0.437
FINAL_RMT_3954_Type1_UVFast_Unequal2,15,1.0,1.0,0.1,1.8,500000,364012,2856,2856,2856,0,0,0.5712,0.5712,0.5712
FINAL_RMT_3954_Type1_UVFast_Unequal2,15,1.0,1.0,0.1,2.0,500000,339351,3323,3323,3323,0,0,0.6646,0.6646,0.6646
FINAL_RMT_3954_Type1_UVFast_Unequal2,15,1.0,1.0,0.1,2.2,500000,316290,3864,3864,3864,0,0,0.7728,0.7728,0.7728
FINAL_RMT_3954_Type1_UVFast_Unequal2,15,1.0,1.0,0.1,2.4,500000,295017,4274,4274,4274,0,0,0.8548,0.8548,0.8548
FINAL_RMT_3954_Type1_UVFast_Unequal2,15,1.0,1.0,0.1,2.6,500000,276069,4559,4559,4559,0,0,0.9118,0.9118,0.9118
FINAL_RMT_3954_Type1_UVFast_Unequal2,15,1.0,1.0,0.1,2.8,500000,259145,4870,4870,4870,0,0,0.974,0.974,0.974
FINAL_RMT_3954_Type1_UVFast_Unequal2,15,1.0,1.0,0.1,3.0,500000,244038,5114,5114,5114,0,0,1.0228,1.0228,1.0228
FINAL_RMT_3954_Type1_UVFast_Unequal2,15,1.0,1.0,0.1,3.2,500000,230592,5357,5357,5357,0,0,1.0714,1.0714,1.0714
FINAL_RMT_3954_Type1_UVFast_Unequal2,15,1.0,1.0,0.1,3.4,500000,218627,5514,5514,5514,0,0,1.1028,1.1028,1.1028
FINAL_RMT_3954_Type1_UVFast_Unequal2,15,1.0,1.0,0.1,3.6,500000,207970,5769,5769,5769,0,0,1.1538,1.1538,1.1538
FINAL_RMT_3954_Type1_UVFast_Unequal2,15,1.0,1.0,0.1,3.8,500000,198315,5834,5834,5834,0,0,1.1668,1.1668,1.1668
FINAL_RMT_3954_Type1_UVFast_Unequal2,15,1.0,1.0,0.1,4.0,500000,189657,5994,5994,5994,0,0,1.1988,1.1988,1.1988
FINAL_RMT_3954_Type1_UVFast_Unequal2,15,1.0,1.0,0.1,4.5,500000,171077,6290,6290,6290,0,0,1.258,1.258,1.258
FINAL_RMT_3954_Type1_UVFast_Unequal2,15,1.0,1.0,0.1,5.0,500000,156303,6514,6514,6514,0,0,1.3028,1.3028,1.3028
FINAL_RMT_3954_Type1_UVFast_Unequal2,15,1.0,1.0,0.1,5.5,500000,144217,6647,6647,6647,0,0,1.3294,1.3294,1.3294
FINAL_RMT_3954_Type1_UVFast_Unequal2,15,1.0,1.0,0.1,6.0,500000,134388,6833,6833,6833,0,0,1.3666,1.3666,1.3666
FINAL_RMT_3954_Type1_UVFast_Unequal2,15,1.0,1.0,0.1,7.0,500000,119170,6987,6987,6987,0,0,1.3974,1.3974,1.3974
FINAL_RMT_3954_Type1_UVFast_Unequal2,15,1.0,1.0,0.1,8.0,500000,107926,7156,7156,7156,0,0,1.4312,1.4312,1.4312
FINAL_RMT_3954_Type1_UVFast_Unequal2,15,1.0,1.0,0.1,9.0,500000,99097,7217,7217,7217,0,0,1.4434,1.4434,1.4434
FINAL_RMT_3954_Type1_UVFast_Unequal2,15,1.0,1.0,0.1,10.0,500000,91995,7247,7247,7247,0,0,1.4494,1.4494,1.4494
FINAL_RMT_3954_Type1_UVFast_Unequal3,16,10.0,10.0,0.1,0.1,500000,500000,0,0,0,0,0,0.0,0.0,0.0
FINAL_RMT_3954_Type1_UVFast_Unequal3,16,10.0,10.0,0.1,0.2,500000,500000,0,0,0,0,0,0.0,0.0,0.0
FINAL_RMT_3954_Type1_UVFast_Unequal3,16,10.0,10.0,0.1,0.3,500000,500000,0,0,0,0,0,0.0,0.0,0.0
FINAL_RMT_3954_Type1_UVFast_Unequal3,16,10.0,10.0,0.1,0.4,500000,499876,0,0,0,0,0,0.0,0.0,0.0
FINAL_RMT_3954_Type1_UVFast_Unequal3,16,10.0,10.0,0.1,0.5,500000,498732,0,0,0,0,0,0.0,0.0,0.0
FINAL_RMT_3954_Type1_UVFast_Unequal3,16,10.0,10.0,0.1,0.58,500000,496006,1,1,1,0,0,0.0002,0.0002,0.0002
FINAL_RMT_3954_Type1_UVFast_Unequal3,16,10.0,10.0,0.1,0.6,500000,495049,2,2,2,0,0,0.0004,0.0004,0.0004
FINAL_RMT_3954_Type1_UVFast_Unequal3,16,10.0,10.0,0.1,0.7,500000,488877,21,21,21,0,0,0.0042,0.0042,0.0042
FINAL_RMT_3954_Type1_UVFast_Unequal3,16,10.0,10.0,0.1,0.8,500000,480598,91,91,91,0,0,0.0182,0.0182,0.0182
FINAL_RMT_3954_Type1_UVFast_Unequal3,16,10.0,10.0,0.1,0.9,500000,471253,273,273,273,0,0,0.0546,0.0546,0.0546
FINAL_RMT_3954_Type1_UVFast_Unequal3,16,10.0,10.0,0.1,1.0,500000,461448,549,549,549,0,0,0.1098,0.1098,0.1098
FINAL_RMT_3954_Type1_UVFast_Unequal3,16,10.0,10.0,0.1,1.1,500000,450966,953,953,953,0,0,0.1906,0.1906,0.1906
FINAL_RMT_3954_Type1_UVFast_Unequal3,16,10.0,10.0,0.1,1.2,500000,439833,1424,1424,1424,0,0,0.2848,0.2848,0.2848
FINAL_RMT_3954_Type1_UVFast_Unequal3,16,10.0,10.0,0.1,1.3,500000,428013,1910,1910,1910,0,0,0.382,0.382,0.382
FINAL_RMT_3954_Type1_UVFast_Unequal3,16,10.0,10.0,0.1,1.4,500000,415585,2436,2436,2436,0,0,0.4872,0.4872,0.4872
FINAL_RMT_3954_Type1_UVFast_Unequal3,16,10.0,10.0,0.1,1.5,500000,402914,2986,2986,2986,0,0,0.5972,0.5972,0.5972
FINAL_RMT_3954_Type1_UVFast_Unequal3,16,10.0,10.0,0.1,1.6,500000,389868,3491,3491,3491,0,0,0.6982,0.6982,0.6982
FINAL_RMT_3954_Type1_UVFast_Unequal3,16,10.0,10.0,0.1,1.8,500000,364012,4470,4470,4470,0,0,0.894,0.894,0.894
FINAL_RMT_3954_Type1_UVFast_Unequal3,16,10.0,10.0,0.1,2.0,500000,339351,5328,5328,5328,0,0,1.0656,1.0656,1.0656
FINAL_RMT_3954_Type1_UVFast_Unequal3,16,10.0,10.0,0.1,2.2,500000,316290,6300,6300,6300,0,0,1.26,1.26,1.26
FINAL_RMT_3954_Type1_UVFast_Unequal3,16,10.0,10.0,0.1,2.4,500000,295017,6880,6880,6880,0,0,1.376,1.376,1.376
FINAL_RMT_3954_Type1_UVFast_Unequal3,16,10.0,10.0,0.1,2.6,500000,276069,7498,7498,7498,0,0,1.4996,1.4996,1.4996
FINAL_RMT_3954_Type1_UVFast_Unequal3,16,10.0,10.0,0.1,2.8,500000,259145,8072,8072,8072,0,0,1.6144,1.6144,1.6144
FINAL_RMT_3954_Type1_UVFast_Unequal3,16,10.0,10.0,0.1,3.0,500000,244038,8544,8544,8544,0,0,1.7088,1.7088,1.7088
FINAL_RMT_3954_Type1_UVFast_Unequal3,16,10.0,10.0,0.1,3.2,500000,230592,9071,9071,9071,0,0,1.8142,1.8142,1.8142
FINAL_RMT_3954_Type1_UVFast_Unequal3,16,10.0,10.0,0.1,3.4,500000,218627,9473,9473,9473,0,0,1.8946,1.8946,1.8946
FINAL_RMT_3954_Type1_UVFast_Unequal3,16,10.0,10.0,0.1,3.6,500000,207970,9805,9805,9805,0,0,1.961,1.961,1.961
FINAL_RMT_3954_Type1_UVFast_Unequal3,16,10.0,10.0,0.1,3.8,500000,198315,10135,10135,10135,0,0,2.027,2.027,2.027
FINAL_RMT_3954_Type1_UVFast_Unequal3,16,10.0,10.0,0.1,4.0,500000,189657,10410,10410,10410,0,0,2.082,2.082,2.082
FINAL_RMT_3954_Type1_UVFast_Unequal3,16,10.0,10.0,0.1,4.5,500000,171077,11095,11095,11095,0,0,2.219,2.219,2.219
FINAL_RMT_3954_Type1_UVFast_Unequal3,16,10.0,10.0,0.1,5.0,500000,156303,11695,11695,11695,0,0,2.339,2.339,2.339
FINAL_RMT_3954_Type1_UVFast_Unequal3,16,10.0,10.0,0.1,5.5,500000,144217,12193,12193,12193,0,0,2.4386,2.4386,2.4386
FINAL_RMT_3954_Type1_UVFast_Unequal3,16,10.0,10.0,0.1,6.0,500000,134388,12680,12680,12680,0,0,2.536,2.536,2.536
FINAL_RMT_3954_Type1_UVFast_Unequal3,16,10.0,10.0,0.1,7.0,500000,119170,13383,13383,13383,0,0,2.6766,2.6766,2.6766
FINAL_RMT_3954_Type1_UVFast_Unequal3,16,10.0,10.0,0.1,8.0,500000,107926,13867,13867,13867,0,0,2.7734,2.7734,2.7734
FINAL_RMT_3954_Type1_UVFast_Unequal3,16,10.0,10.0,0.1,9.0,500000,99097,14235,14235,14235,0,0,2.847,2.847,2.847
FINAL_RMT_3954_Type1_UVFast_Unequal3,16,10.0,10.0,0.1,10.0,500000,91995,14589,14589,14589,0,0,2.9178,2.9178,2.9178
FINAL_RMT_3954_Type2_VFreeze_Equal1,17,1.0,0.0,1.0,0.1,500000,500000,0,0,0,0,0,0.0,0.0,0.0
FINAL_RMT_3954_Type2_VFreeze_Equal1,17,1.0,0.0,1.0,0.2,500000,500000,0,0,0,0,0,0.0,0.0,0.0
FINAL_RMT_3954_Type2_VFreeze_Equal1,17,1.0,0.0,1.0,0.3,500000,500000,0,0,0,0,0,0.0,0.0,0.0
FINAL_RMT_3954_Type2_VFreeze_Equal1,17,1.0,0.0,1.0,0.4,500000,499876,0,0,0,0,0,0.0,0.0,0.0
FINAL_RMT_3954_Type2_VFreeze_Equal1,17,1.0,0.0,1.0,0.5,500000,498732,0,0,0,0,0,0.0,0.0,0.0
FINAL_RMT_3954_Type2_VFreeze_Equal1,17,1.0,0.0,1.0,0.58,500000,496006,0,0,0,0,0,0.0,0.0,0.0
FINAL_RMT_3954_Type2_VFreeze_Equal1,17,1.0,0.0,1.0,0.6,500000,495049,0,0,0,0,0,0.0,0.0,0.0
FINAL_RMT_3954_Type2_VFreeze_Equal1,17,1.0,0.0,1.0,0.7,500000,488877,3,3,3,0,0,0.0006,0.0006,0.0006
FINAL_RMT_3954_Type2_VFreeze_Equal1,17,1.0,0.0,1.0,0.8,500000,480598,15,15,15,0,0,0.003,0.003,0.003
FINAL_RMT_3954_Type2_VFreeze_Equal1,17,1.0,0.0,1.0,0.9,500000,471253,45,45,45,0,0,0.009,0.009,0.009
FINAL_RMT_3954_Type2_VFreeze_Equal1,17,1.0,0.0,1.0,1.0,500000,461448,93,93,93,0,0,0.0186,0.0186,0.0186
FINAL_RMT_3954_Type2_VFreeze_Equal1,17,1.0,0.0,1.0,1.1,500000,450966,149,149,149,0,0,0.0298,0.0298,0.0298
FINAL_RMT_3954_Type2_VFreeze_Equal1,17,1.0,0.0,1.0,1.2,500000,439833,183,183,183,0,0,0.0366,0.0366,0.0366
FINAL_RMT_3954_Type2_VFreeze_Equal1,17,1.0,0.0,1.0,1.3,500000,428013,201,201,201,0,0,0.0402,0.0402,0.0402
FINAL_RMT_3954_Type2_VFreeze_Equal1,17,1.0,0.0,1.0,1.4,500000,415585,265,265,265,0,0,0.053,0.053,0.053
FINAL_RMT_3954_Type2_VFreeze_Equal1,17,1.0,0.0,1.0,1.5,500000,402914,274,274,274,0,0,0.0548,0.0548,0.0548
FINAL_RMT_3954_Type2_VFreeze_Equal1,17,1.0,0.0,1.0,1.6,500000,389868,315,315,315,0,0,0.063,0.063,0.063
FINAL_RMT_3954_Type2_VFreeze_Equal1,17,1.0,0.0,1.0,1.8,500000,364012,357,357,357,0,0,0.0714,0.0714,0.0714
FINAL_RMT_3954_Type2_VFreeze_Equal1,17,1.0,0.0,1.0,2.0,500000,339351,306,306,306,0,0,0.0612,0.0612,0.0612
FINAL_RMT_3954_Type2_VFreeze_Equal1,17,1.0,0.0,1.0,2.2,500000,316290,298,298,298,0,0,0.0596,0.0596,0.0596
FINAL_RMT_3954_Type2_VFreeze_Equal1,17,1.0,0.0,1.0,2.4,500000,295017,234,234,234,0,0,0.0468,0.0468,0.0468
FINAL_RMT_3954_Type2_VFreeze_Equal1,17,1.0,0.0,1.0,2.6,500000,276069,213,213,213,0,0,0.0426,0.0426,0.0426
FINAL_RMT_3954_Type2_VFreeze_Equal1,17,1.0,0.0,1.0,2.8,500000,259145,210,210,210,0,0,0.042,0.042,0.042
FINAL_RMT_3954_Type2_VFreeze_Equal1,17,1.0,0.0,1.0,3.0,500000,244038,171,171,171,0,0,0.0342,0.0342,0.0342
FINAL_RMT_3954_Type2_VFreeze_Equal1,17,1.0,0.0,1.0,3.2,500000,230592,171,171,171,0,0,0.0342,0.0342,0.0342
FINAL_RMT_3954_Type2_VFreeze_Equal1,17,1.0,0.0,1.0,3.4,500000,218627,138,138,138,0,0,0.0276,0.0276,0.0276
FINAL_RMT_3954_Type2_VFreeze_Equal1,17,1.0,0.0,1.0,3.6,500000,207970,131,131,131,0,0,0.0262,0.0262,0.0262
FINAL_RMT_3954_Type2_VFreeze_Equal1,17,1.0,0.0,1.0,3.8,500000,198315,112,112,112,0,0,0.0224,0.0224,0.0224
FINAL_RMT_3954_Type2_VFreeze_Equal1,17,1.0,0.0,1.0,4.0,500000,189657,106,106,106,0,0,0.0212,0.0212,0.0212
FINAL_RMT_3954_Type2_VFreeze_Equal1,17,1.0,0.0,1.0,4.5,500000,171077,63,63,63,0,0,0.0126,0.0126,0.0126
FINAL_RMT_3954_Type2_VFreeze_Equal1,17,1.0,0.0,1.0,5.0,500000,156303,60,60,60,0,0,0.012,0.012,0.012
FINAL_RMT_3954_Type2_VFreeze_Equal1,17,1.0,0.0,1.0,5.5,500000,144217,65,65,65,0,0,0.013,0.013,0.013
FINAL_RMT_3954_Type2_VFreeze_Equal1,17,1.0,0.0,1.0,6.0,500000,134388,33,33,33,0,0,0.0066,0.0066,0.0066
FINAL_RMT_3954_Type2_VFreeze_Equal1,17,1.0,0.0,1.0,7.0,500000,119170,24,24,24,0,0,0.0048,0.0048,0.0048
FINAL_RMT_3954_Type2_VFreeze_Equal1,17,1.0,0.0,1.0,8.0,500000,107926,8,8,8,0,0,0.0016,0.0016,0.0016
FINAL_RMT_3954_Type2_VFreeze_Equal1,17,1.0,0.0,1.0,9.0,500000,99097,12,12,12,0,0,0.0024,0.0024,0.0024
FINAL_RMT_3954_Type2_VFreeze_Equal1,17,1.0,0.0,1.0,10.0,500000,91995,6,6,6,0,0,0.0012,0.0012,0.0012
FINAL_RMT_3954_Type2_VFreeze_Equal2,18,0.1,0.0,0.1,0.1,500000,500000,0,0,0,0,0,0.0,0.0,0.0
FINAL_RMT_3954_Type2_VFreeze_Equal2,18,0.1,0.0,0.1,0.2,500000,500000,0,0,0,0,0,0.0,0.0,0.0
FINAL_RMT_3954_Type2_VFreeze_Equal2,18,0.1,0.0,0.1,0.3,500000,500000,0,0,0,0,0,0.0,0.0,0.0
FINAL_RMT_3954_Type2_VFreeze_Equal2,18,0.1,0.0,0.1,0.4,500000,499876,0,0,0,0,0,0.0,0.0,0.0
FINAL_RMT_3954_Type2_VFreeze_Equal2,18,0.1,0.0,0.1,0.5,500000,498732,0,0,0,0,0,0.0,0.0,0.0
FINAL_RMT_3954_Type2_VFreeze_Equal2,18,0.1,0.0,0.1,0.58,500000,496006,0,0,0,0,0,0.0,0.0,0.0
FINAL_RMT_3954_Type2_VFreeze_Equal2,18,0.1,0.0,0.1,0.6,500000,495049,0,0,0,0,0,0.0,0.0,0.0
FINAL_RMT_3954_Type2_VFreeze_Equal2,18,0.1,0.0,0.1,0.7,500000,488877,3,3,3,0,0,0.0006,0.0006,0.0006
FINAL_RMT_3954_Type2_VFreeze_Equal2,18,0.1,0.0,0.1,0.8,500000,480598,15,15,15,0,0,0.003,0.003,0.003
FINAL_RMT_3954_Type2_VFreeze_Equal2,18,0.1,0.0,0.1,0.9,500000,471253,45,45,45,0,0,0.009,0.009,0.009
FINAL_RMT_3954_Type2_VFreeze_Equal2,18,0.1,0.0,0.1,1.0,500000,461448,95,95,95,0,0,0.019,0.019,0.019
FINAL_RMT_3954_Type2_VFreeze_Equal2,18,0.1,0.0,0.1,1.1,500000,450966,149,149,149,0,0,0.0298,0.0298,0.0298
FINAL_RMT_3954_Type2_VFreeze_Equal2,18,0.1,0.0,0.1,1.2,500000,439833,183,183,183,0,0,0.0366,0.0366,0.0366
FINAL_RMT_3954_Type2_VFreeze_Equal2,18,0.1,0.0,0.1,1.3,500000,428013,203,203,203,0,0,0.0406,0.0406,0.0406
FINAL_RMT_3954_Type2_VFreeze_Equal2,18,0.1,0.0,0.1,1.4,500000,415585,268,268,268,0,0,0.0536,0.0536,0.0536
FINAL_RMT_3954_Type2_VFreeze_Equal2,18,0.1,0.0,0.1,1.5,500000,402914,275,275,275,0,0,0.055,0.055,0.055
FINAL_RMT_3954_Type2_VFreeze_Equal2,18,0.1,0.0,0.1,1.6,500000,389868,318,318,318,0,0,0.0636,0.0636,0.0636
FINAL_RMT_3954_Type2_VFreeze_Equal2,18,0.1,0.0,0.1,1.8,500000,364012,361,361,361,0,0,0.0722,0.0722,0.0722
FINAL_RMT_3954_Type2_VFreeze_Equal2,18,0.1,0.0,0.1,2.0,500000,339351,308,308,308,0,0,0.0616,0.0616,0.0616
FINAL_RMT_3954_Type2_VFreeze_Equal2,18,0.1,0.0,0.1,2.2,500000,316290,299,299,299,0,0,0.0598,0.0598,0.0598
FINAL_RMT_3954_Type2_VFreeze_Equal2,18,0.1,0.0,0.1,2.4,500000,295017,238,238,238,0,0,0.0476,0.0476,0.0476
FINAL_RMT_3954_Type2_VFreeze_Equal2,18,0.1,0.0,0.1,2.6,500000,276069,216,216,216,0,0,0.0432,0.0432,0.0432
FINAL_RMT_3954_Type2_VFreeze_Equal2,18,0.1,0.0,0.1,2.8,500000,259145,212,212,212,0,0,0.0424,0.0424,0.0424
FINAL_RMT_3954_Type2_VFreeze_Equal2,18,0.1,0.0,0.1,3.0,500000,244038,171,171,171,0,0,0.0342,0.0342,0.0342
FINAL_RMT_3954_Type2_VFreeze_Equal2,18,0.1,0.0,0.1,3.2,500000,230592,174,174,174,0,0,0.0348,0.0348,0.0348
FINAL_RMT_3954_Type2_VFreeze_Equal2,18,0.1,0.0,0.1,3.4,500000,218627,140,140,140,0,0,0.028,0.028,0.028
FINAL_RMT_3954_Type2_VFreeze_Equal2,18,0.1,0.0,0.1,3.6,500000,207970,131,131,131,0,0,0.0262,0.0262,0.0262
FINAL_RMT_3954_Type2_VFreeze_Equal2,18,0.1,0.0,0.1,3.8,500000,198315,112,112,112,0,0,0.0224,0.0224,0.0224
FINAL_RMT_3954_Type2_VFreeze_Equal2,18,0.1,0.0,0.1,4.0,500000,189657,106,106,106,0,0,0.0212,0.0212,0.0212
FINAL_RMT_3954_Type2_VFreeze_Equal2,18,0.1,0.0,0.1,4.5,500000,171077,63,63,63,0,0,0.0126,0.0126,0.0126
FINAL_RMT_3954_Type2_VFreeze_Equal2,18,0.1,0.0,0.1,5.0,500000,156303,61,61,61,0,0,0.0122,0.0122,0.0122
FINAL_RMT_3954_Type2_VFreeze_Equal2,18,0.1,0.0,0.1,5.5,500000,144217,65,65,65,0,0,0.013,0.013,0.013
FINAL_RMT_3954_Type2_VFreeze_Equal2,18,0.1,0.0,0.1,6.0,500000,134388,34,34,34,0,0,0.0068,0.0068,0.0068
FINAL_RMT_3954_Type2_VFreeze_Equal2,18,0.1,0.0,0.1,7.0,500000,119170,25,25,25,0,0,0.005,0.005,0.005
FINAL_RMT_3954_Type2_VFreeze_Equal2,18,0.1,0.0,0.1,8.0,500000,107926,9,9,9,0,0,0.0018,0.0018,0.0018
FINAL_RMT_3954_Type2_VFreeze_Equal2,18,0.1,0.0,0.1,9.0,500000,99097,12,12,12,0,0,0.0024,0.0024,0.0024
FINAL_RMT_3954_Type2_VFreeze_Equal2,18,0.1,0.0,0.1,10.0,500000,91995,7,7,7,0,0,0.0014,0.0014,0.0014
FINAL_RMT_3954_Type2_VFreeze_Equal3,19,10.0,0.0,10.0,0.1,500000,500000,0,0,0,0,0,0.0,0.0,0.0
FINAL_RMT_3954_Type2_VFreeze_Equal3,19,10.0,0.0,10.0,0.2,500000,500000,0,0,0,0,0,0.0,0.0,0.0
FINAL_RMT_3954_Type2_VFreeze_Equal3,19,10.0,0.0,10.0,0.3,500000,500000,0,0,0,0,0,0.0,0.0,0.0
FINAL_RMT_3954_Type2_VFreeze_Equal3,19,10.0,0.0,10.0,0.4,500000,499876,0,0,0,0,0,0.0,0.0,0.0
FINAL_RMT_3954_Type2_VFreeze_Equal3,19,10.0,0.0,10.0,0.5,500000,498732,0,0,0,0,0,0.0,0.0,0.0
FINAL_RMT_3954_Type2_VFreeze_Equal3,19,10.0,0.0,10.0,0.58,500000,496006,0,0,0,0,0,0.0,0.0,0.0
FINAL_RMT_3954_Type2_VFreeze_Equal3,19,10.0,0.0,10.0,0.6,500000,495049,0,0,0,0,0,0.0,0.0,0.0
FINAL_RMT_3954_Type2_VFreeze_Equal3,19,10.0,0.0,10.0,0.7,500000,488877,3,3,3,0,0,0.0006,0.0006,0.0006
FINAL_RMT_3954_Type2_VFreeze_Equal3,19,10.0,0.0,10.0,0.8,500000,480598,11,11,11,0,0,0.0022,0.0022,0.0022
FINAL_RMT_3954_Type2_VFreeze_Equal3,19,10.0,0.0,10.0,0.9,500000,471253,41,41,41,0,0,0.0082,0.0082,0.0082
FINAL_RMT_3954_Type2_VFreeze_Equal3,19,10.0,0.0,10.0,1.0,500000,461448,83,83,83,0,0,0.0166,0.0166,0.0166
FINAL_RMT_3954_Type2_VFreeze_Equal3,19,10.0,0.0,10.0,1.1,500000,450966,131,131,131,0,0,0.0262,0.0262,0.0262
FINAL_RMT_3954_Type2_VFreeze_Equal3,19,10.0,0.0,10.0,1.2,500000,439833,174,174,174,0,0,0.0348,0.0348,0.0348
FINAL_RMT_3954_Type2_VFreeze_Equal3,19,10.0,0.0,10.0,1.3,500000,428013,191,191,191,0,0,0.0382,0.0382,0.0382
FINAL_RMT_3954_Type2_VFreeze_Equal3,19,10.0,0.0,10.0,1.4,500000,415585,241,241,241,0,0,0.0482,0.0482,0.0482
FINAL_RMT_3954_Type2_VFreeze_Equal3,19,10.0,0.0,10.0,1.5,500000,402914,255,255,255,0,0,0.051,0.051,0.051
FINAL_RMT_3954_Type2_VFreeze_Equal3,19,10.0,0.0,10.0,1.6,500000,389868,295,295,295,0,0,0.059,0.059,0.059
FINAL_RMT_3954_Type2_VFreeze_Equal3,19,10.0,0.0,10.0,1.8,500000,364012,326,326,326,0,0,0.0652,0.0652,0.0652
FINAL_RMT_3954_Type2_VFreeze_Equal3,19,10.0,0.0,10.0,2.0,500000,339351,283,283,283,0,0,0.0566,0.0566,0.0566
FINAL_RMT_3954_Type2_VFreeze_Equal3,19,10.0,0.0,10.0,2.2,500000,316290,280,280,280,0,0,0.056,0.056,0.056
FINAL_RMT_3954_Type2_VFreeze_Equal3,19,10.0,0.0,10.0,2.4,500000,295017,216,216,216,0,0,0.0432,0.0432,0.0432
FINAL_RMT_3954_Type2_VFreeze_Equal3,19,10.0,0.0,10.0,2.6,500000,276069,193,193,193,0,0,0.0386,0.0386,0.0386
FINAL_RMT_3954_Type2_VFreeze_Equal3,19,10.0,0.0,10.0,2.8,500000,259145,199,199,199,0,0,0.0398,0.0398,0.0398
FINAL_RMT_3954_Type2_VFreeze_Equal3,19,10.0,0.0,10.0,3.0,500000,244038,161,161,161,0,0,0.0322,0.0322,0.0322
FINAL_RMT_3954_Type2_VFreeze_Equal3,19,10.0,0.0,10.0,3.2,500000,230592,161,161,161,0,0,0.0322,0.0322,0.0322
FINAL_RMT_3954_Type2_VFreeze_Equal3,19,10.0,0.0,10.0,3.4,500000,218627,129,129,129,0,0,0.0258,0.0258,0.0258
FINAL_RMT_3954_Type2_VFreeze_Equal3,19,10.0,0.0,10.0,3.6,500000,207970,122,122,122,0,0,0.0244,0.0244,0.0244
FINAL_RMT_3954_Type2_VFreeze_Equal3,19,10.0,0.0,10.0,3.8,500000,198315,107,107,107,0,0,0.0214,0.0214,0.0214
FINAL_RMT_3954_Type2_VFreeze_Equal3,19,10.0,0.0,10.0,4.0,500000,189657,95,95,95,0,0,0.019,0.019,0.019
FINAL_RMT_3954_Type2_VFreeze_Equal3,19,10.0,0.0,10.0,4.5,500000,171077,58,58,58,0,0,0.0116,0.0116,0.0116
FINAL_RMT_3954_Type2_VFreeze_Equal3,19,10.0,0.0,10.0,5.0,500000,156303,56,56,56,0,0,0.0112,0.0112,0.0112
FINAL_RMT_3954_Type2_VFreeze_Equal3,19,10.0,0.0,10.0,5.5,500000,144217,63,63,63,0,0,0.0126,0.0126,0.0126
FINAL_RMT_3954_Type2_VFreeze_Equal3,19,10.0,0.0,10.0,6.0,500000,134388,33,33,33,0,0,0.0066,0.0066,0.0066
FINAL_RMT_3954_Type2_VFreeze_Equal3,19,10.0,0.0,10.0,7.0,500000,119170,22,22,22,0,0,0.0044,0.0044,0.0044
FINAL_RMT_3954_Type2_VFreeze_Equal3,19,10.0,0.0,10.0,8.0,500000,107926,8,8,8,0,0,0.0016,0.0016,0.0016
FINAL_RMT_3954_Type2_VFreeze_Equal3,19,10.0,0.0,10.0,9.0,500000,99097,12,12,12,0,0,0.0024,0.0024,0.0024
FINAL_RMT_3954_Type2_VFreeze_Equal3,19,10.0,0.0,10.0,10.0,500000,91995,7,7,7,0,0,0.0014,0.0014,0.0014
FINAL_RMT_3954_Type2_VFreeze_Unequal1,20,0.1,0.0,1.0,0.1,500000,500000,0,0,0,0,0,0.0,0.0,0.0
FINAL_RMT_3954_Type2_VFreeze_Unequal1,20,0.1,0.0,1.0,0.2,500000,500000,0,0,0,0,0,0.0,0.0,0.0
FINAL_RMT_3954_Type2_VFreeze_Unequal1,20,0.1,0.0,1.0,0.3,500000,500000,0,0,0,0,0,0.0,0.0,0.0
FINAL_RMT_3954_Type2_VFreeze_Unequal1,20,0.1,0.0,1.0,0.4,500000,499876,0,0,0,0,0,0.0,0.0,0.0
FINAL_RMT_3954_Type2_VFreeze_Unequal1,20,0.1,0.0,1.0,0.5,500000,498732,0,0,0,0,0,0.0,0.0,0.0
FINAL_RMT_3954_Type2_VFreeze_Unequal1,20,0.1,0.0,1.0,0.58,500000,496006,0,0,0,0,0,0.0,0.0,0.0
FINAL_RMT_3954_Type2_VFreeze_Unequal1,20,0.1,0.0,1.0,0.6,500000,495049,0,0,0,0,0,0.0,0.0,0.0
FINAL_RMT_3954_Type2_VFreeze_Unequal1,20,0.1,0.0,1.0,0.7,500000,488877,0,0,0,0,0,0.0,0.0,0.0
FINAL_RMT_3954_Type2_VFreeze_Unequal1,20,0.1,0.0,1.0,0.8,500000,480598,0,0,0,0,0,0.0,0.0,0.0
FINAL_RMT_3954_Type2_VFreeze_Unequal1,20,0.1,0.0,1.0,0.9,500000,471253,0,0,0,0,0,0.0,0.0,0.0
FINAL_RMT_3954_Type2_VFreeze_Unequal1,20,0.1,0.0,1.0,1.0,500000,461448,0,0,0,0,0,0.0,0.0,0.0
FINAL_RMT_3954_Type2_VFreeze_Unequal1,20,0.1,0.0,1.0,1.1,500000,450966,0,0,0,0,0,0.0,0.0,0.0
FINAL_RMT_3954_Type2_VFreeze_Unequal1,20,0.1,0.0,1.0,1.2,500000,439833,0,0,0,0,0,0.0,0.0,0.0
FINAL_RMT_3954_Type2_VFreeze_Unequal1,20,0.1,0.0,1.0,1.3,500000,428013,0,0,0,0,0,0.0,0.0,0.0
FINAL_RMT_3954_Type2_VFreeze_Unequal1,20,0.1,0.0,1.0,1.4,500000,415585,0,0,0,0,0,0.0,0.0,0.0
FINAL_RMT_3954_Type2_VFreeze_Unequal1,20,0.1,0.0,1.0,1.5,500000,402914,0,0,0,0,0,0.0,0.0,0.0
FINAL_RMT_3954_Type2_VFreeze_Unequal1,20,0.1,0.0,1.0,1.6,500000,389868,0,0,0,0,1,0.0,0.0,0.0
FINAL_RMT_3954_Type2_VFreeze_Unequal1,20,0.1,0.0,1.0,1.8,500000,364012,0,0,0,0,2,0.0,0.0,0.0
FINAL_RMT_3954_Type2_VFreeze_Unequal1,20,0.1,0.0,1.0,2.0,500000,339351,0,0,0,0,10,0.0,0.0,0.0
FINAL_RMT_3954_Type2_VFreeze_Unequal1,20,0.1,0.0,1.0,2.2,500000,316290,0,0,0,0,28,0.0,0.0,0.0
FINAL_RMT_3954_Type2_VFreeze_Unequal1,20,0.1,0.0,1.0,2.4,500000,295017,0,0,0,0,62,0.0,0.0,0.0
FINAL_RMT_3954_Type2_VFreeze_Unequal1,20,0.1,0.0,1.0,2.6,500000,276069,0,0,0,0,92,0.0,0.0,0.0
FINAL_RMT_3954_Type2_VFreeze_Unequal1,20,0.1,0.0,1.0,2.8,500000,259145,0,0,0,0,150,0.0,0.0,0.0
FINAL_RMT_3954_Type2_VFreeze_Unequal1,20,0.1,0.0,1.0,3.0,500000,244038,0,0,0,0,252,0.0,0.0,0.0
FINAL_RMT_3954_Type2_VFreeze_Unequal1,20,0.1,0.0,1.0,3.2,500000,230592,0,0,0,0,355,0.0,0.0,0.0
FINAL_RMT_3954_Type2_VFreeze_Unequal1,20,0.1,0.0,1.0,3.4,500000,218627,0,0,0,0,459,0.0,0.0,0.0
FINAL_RMT_3954_Type2_VFreeze_Unequal1,20,0.1,0.0,1.0,3.6,500000,207970,0,0,0,0,658,0.0,0.0,0.0
FINAL_RMT_3954_Type2_VFreeze_Unequal1,20,0.1,0.0,1.0,3.8,500000,198315,0,0,0,0,815,0.0,0.0,0.0
FINAL_RMT_3954_Type2_VFreeze_Unequal1,20,0.1,0.0,1.0,4.0,500000,189657,0,0,0,0,993,0.0,0.0,0.0
FINAL_RMT_3954_Type2_VFreeze_Unequal1,20,0.1,0.0,1.0,4.5,500000,171077,0,0,0,0,1478,0.0,0.0,0.0
FINAL_RMT_3954_Type2_VFreeze_Unequal1,20,0.1,0.0,1.0,5.0,500000,156303,0,0,0,0,1987,0.0,0.0,0.0
FINAL_RMT_3954_Type2_VFreeze_Unequal1,20,0.1,0.0,1.0,5.5,500000,144217,0,0,0,0,2525,0.0,0.0,0.0
FINAL_RMT_3954_Type2_VFreeze_Unequal1,20,0.1,0.0,1.0,6.0,500000,134388,0,0,0,0,3065,0.0,0.0,0.0
FINAL_RMT_3954_Type2_VFreeze_Unequal1,20,0.1,0.0,1.0,7.0,500000,119170,0,0,0,0,4048,0.0,0.0,0.0
FINAL_RMT_3954_Type2_VFreeze_Unequal1,20,0.1,0.0,1.0,8.0,500000,107926,0,0,0,0,4820,0.0,0.0,0.0
FINAL_RMT_3954_Type2_VFreeze_Unequal1,20,0.1,0.0,1.0,9.0,500000,99097,0,0,0,0,5372,0.0,0.0,0.0
FINAL_RMT_3954_Type2_VFreeze_Unequal1,20,0.1,0.0,1.0,10.0,500000,91995,0,0,0,0,5940,0.0,0.0,0.0
FINAL_RMT_3954_Type2_VFreeze_Unequal2,21,1.0,0.0,0.1,0.1,500000,500000,0,0,0,0,0,0.0,0.0,0.0
FINAL_RMT_3954_Type2_VFreeze_Unequal2,21,1.0,0.0,0.1,0.2,500000,500000,0,0,0,0,0,0.0,0.0,0.0
FINAL_RMT_3954_Type2_VFreeze_Unequal2,21,1.0,0.0,0.1,0.3,500000,500000,0,0,0,0,0,0.0,0.0,0.0
FINAL_RMT_3954_Type2_VFreeze_Unequal2,21,1.0,0.0,0.1,0.4,500000,499876,7,7,7,0,0,0.0014,0.0014,0.0014
FINAL_RMT_3954_Type2_VFreeze_Unequal2,21,1.0,0.0,0.1,0.5,500000,498732,126,126,126,0,0,0.0252,0.0252,0.0252
FINAL_RMT_3954_Type2_VFreeze_Unequal2,21,1.0,0.0,0.1,0.58,500000,496006,647,647,647,0,0,0.1294,0.1294,0.1294
FINAL_RMT_3954_Type2_VFreeze_Unequal2,21,1.0,0.0,0.1,0.6,500000,495049,911,911,911,0,0,0.1822,0.1822,0.1822
FINAL_RMT_3954_Type2_VFreeze_Unequal2,21,1.0,0.0,0.1,0.7,500000,488877,2706,2706,2706,0,0,0.5412,0.5412,0.5412
FINAL_RMT_3954_Type2_VFreeze_Unequal2,21,1.0,0.0,0.1,0.8,500000,480598,6071,6071,6071,0,0,1.2142,1.2142,1.2142
FINAL_RMT_3954_Type2_VFreeze_Unequal2,21,1.0,0.0,0.1,0.9,500000,471253,10685,10685,10685,0,0,2.137,2.137,2.137
FINAL_RMT_3954_Type2_VFreeze_Unequal2,21,1.0,0.0,0.1,1.0,500000,461448,16078,16078,16078,0,0,3.2156,3.2156,3.2156
FINAL_RMT_3954_Type2_VFreeze_Unequal2,21,1.0,0.0,0.1,1.1,500000,450966,21414,21414,21414,0,0,4.2828,4.2828,4.2828
FINAL_RMT_3954_Type2_VFreeze_Unequal2,21,1.0,0.0,0.1,1.2,500000,439833,26588,26588,26588,0,0,5.3176,5.3176,5.3176
FINAL_RMT_3954_Type2_VFreeze_Unequal2,21,1.0,0.0,0.1,1.3,500000,428013,31036,31036,31036,0,0,6.2072,6.2072,6.2072
FINAL_RMT_3954_Type2_VFreeze_Unequal2,21,1.0,0.0,0.1,1.4,500000,415585,35030,35030,35030,0,0,7.006,7.006,7.006
FINAL_RMT_3954_Type2_VFreeze_Unequal2,21,1.0,0.0,0.1,1.5,500000,402914,38286,38286,38286,0,0,7.6572,7.6572,7.6572
FINAL_RMT_3954_Type2_VFreeze_Unequal2,21,1.0,0.0,0.1,1.6,500000,389868,40857,40857,40855,2,0,8.1714,8.1714,8.171
FINAL_RMT_3954_Type2_VFreeze_Unequal2,21,1.0,0.0,0.1,1.8,500000,364012,44355,44355,44347,8,0,8.871,8.871,8.8694
FINAL_RMT_3954_Type2_VFreeze_Unequal2,21,1.0,0.0,0.1,2.0,500000,339351,46274,46274,46234,40,0,9.2548,9.2548,9.2468
FINAL_RMT_3954_Type2_VFreeze_Unequal2,21,1.0,0.0,0.1,2.2,500000,316290,46874,46874,46763,111,0,9.3748,9.3748,9.3526
FINAL_RMT_3954_Type2_VFreeze_Unequal2,21,1.0,0.0,0.1,2.4,500000,295017,46600,46600,46346,254,0,9.32,9.32,9.2692
FINAL_RMT_3954_Type2_VFreeze_Unequal2,21,1.0,0.0,0.1,2.6,500000,276069,46150,46150,45678,472,0,9.23,9.23,9.1356
FINAL_RMT_3954_Type2_VFreeze_Unequal2,21,1.0,0.0,0.1,2.8,500000,259145,45644,45644,44855,789,0,9.1288,9.1288,8.971
FINAL_RMT_3954_Type2_VFreeze_Unequal2,21,1.0,0.0,0.1,3.0,500000,244038,44725,44725,43491,1234,0,8.945,8.945,8.6982
FINAL_RMT_3954_Type2_VFreeze_Unequal2,21,1.0,0.0,0.1,3.2,500000,230592,44022,44022,42303,1719,0,8.8044,8.8044,8.4606
FINAL_RMT_3954_Type2_VFreeze_Unequal2,21,1.0,0.0,0.1,3.4,500000,218627,43037,43037,40769,2268,0,8.6074,8.6074,8.1538
FINAL_RMT_3954_Type2_VFreeze_Unequal2,21,1.0,0.0,0.1,3.6,500000,207970,42138,42138,39178,2960,0,8.4276,8.4276,7.8356
FINAL_RMT_3954_Type2_VFreeze_Unequal2,21,1.0,0.0,0.1,3.8,500000,198315,41306,41306,37691,3615,0,8.2612,8.2612,7.5382
FINAL_RMT_3954_Type2_VFreeze_Unequal2,21,1.0,0.0,0.1,4.0,500000,189657,40535,40535,36213,4322,0,8.107,8.107,7.2426
FINAL_RMT_3954_Type2_VFreeze_Unequal2,21,1.0,0.0,0.1,4.5,500000,171077,38478,38478,32433,6045,0,7.6956,7.6956,6.4866
FINAL_RMT_3954_Type2_VFreeze_Unequal2,21,1.0,0.0,0.1,5.0,500000,156303,36525,36525,28639,7886,0,7.305,7.305,5.7278
FINAL_RMT_3954_Type2_VFreeze_Unequal2,21,1.0,0.0,0.1,5.5,500000,144217,34918,34918,25365,9553,0,6.9836,6.9836,5.073
FINAL_RMT_3954_Type2_VFreeze_Unequal2,21,1.0,0.0,0.1,6.0,500000,134388,33585,33585,22555,11030,0,6.717,6.717,4.511
FINAL_RMT_3954_Type2_VFreeze_Unequal2,21,1.0,0.0,0.1,7.0,500000,119170,31131,31131,17658,13473,0,6.2262,6.2262,3.5316
FINAL_RMT_3954_Type2_VFreeze_Unequal2,21,1.0,0.0,0.1,8.0,500000,107926,29260,29260,14245,15015,0,5.852,5.852,2.849
FINAL_RMT_3954_Type2_VFreeze_Unequal2,21,1.0,0.0,0.1,9.0,500000,99097,27530,27530,11446,16083,0,5.506,5.506,2.2892
FINAL_RMT_3954_Type2_VFreeze_Unequal2,21,1.0,0.0,0.1,10.0,500000,91995,26202,26202,9252,16940,0,5.2404,5.2404,1.8504
FINAL_RMT_3954_Type2_VFreeze_Unequal3,22,0.1,0.0,10.0,0.1,500000,500000,0,0,0,0,0,0.0,0.0,0.0
FINAL_RMT_3954_Type2_VFreeze_Unequal3,22,0.1,0.0,10.0,0.2,500000,500000,0,0,0,0,0,0.0,0.0,0.0
FINAL_RMT_3954_Type2_VFreeze_Unequal3,22,0.1,0.0,10.0,0.3,500000,500000,0,0,0,0,0,0.0,0.0,0.0
FINAL_RMT_3954_Type2_VFreeze_Unequal3,22,0.1,0.0,10.0,0.4,500000,499876,0,0,0,0,0,0.0,0.0,0.0
FINAL_RMT_3954_Type2_VFreeze_Unequal3,22,0.1,0.0,10.0,0.5,500000,498732,0,0,0,0,0,0.0,0.0,0.0
FINAL_RMT_3954_Type2_VFreeze_Unequal3,22,0.1,0.0,10.0,0.58,500000,496006,0,0,0,0,0,0.0,0.0,0.0
FINAL_RMT_3954_Type2_VFreeze_Unequal3,22,0.1,0.0,10.0,0.6,500000,495049,0,0,0,0,0,0.0,0.0,0.0
FINAL_RMT_3954_Type2_VFreeze_Unequal3,22,0.1,0.0,10.0,0.7,500000,488877,0,0,0,0,0,0.0,0.0,0.0
FINAL_RMT_3954_Type2_VFreeze_Unequal3,22,0.1,0.0,10.0,0.8,500000,480598,0,0,0,0,0,0.0,0.0,0.0
FINAL_RMT_3954_Type2_VFreeze_Unequal3,22,0.1,0.0,10.0,0.9,500000,471253,0,0,0,0,0,0.0,0.0,0.0
FINAL_RMT_3954_Type2_VFreeze_Unequal3,22,0.1,0.0,10.0,1.0,500000,461448,0,0,0,0,0,0.0,0.0,0.0
FINAL_RMT_3954_Type2_VFreeze_Unequal3,22,0.1,0.0,10.0,1.1,500000,450966,0,0,0,0,0,0.0,0.0,0.0
FINAL_RMT_3954_Type2_VFreeze_Unequal3,22,0.1,0.0,10.0,1.2,500000,439833,0,0,0,0,0,0.0,0.0,0.0
FINAL_RMT_3954_Type2_VFreeze_Unequal3,22,0.1,0.0,10.0,1.3,500000,428013,0,0,0,0,0,0.0,0.0,0.0
FINAL_RMT_3954_Type2_VFreeze_Unequal3,22,0.1,0.0,10.0,1.4,500000,415585,0,0,0,0,0,0.0,0.0,0.0
FINAL_RMT_3954_Type2_VFreeze_Unequal3,22,0.1,0.0,10.0,1.5,500000,402914,0,0,0,0,2,0.0,0.0,0.0
FINAL_RMT_3954_Type2_VFreeze_Unequal3,22,0.1,0.0,10.0,1.6,500000,389868,0,0,0,0,1,0.0,0.0,0.0
FINAL_RMT_3954_Type2_VFreeze_Unequal3,22,0.1,0.0,10.0,1.8,500000,364012,0,0,0,0,6,0.0,0.0,0.0
FINAL_RMT_3954_Type2_VFreeze_Unequal3,22,0.1,0.0,10.0,2.0,500000,339351,0,0,0,0,33,0.0,0.0,0.0
FINAL_RMT_3954_Type2_VFreeze_Unequal3,22,0.1,0.0,10.0,2.2,500000,316290,0,0,0,0,96,0.0,0.0,0.0
FINAL_RMT_3954_Type2_VFreeze_Unequal3,22,0.1,0.0,10.0,2.4,500000,295017,0,0,0,0,179,0.0,0.0,0.0
FINAL_RMT_3954_Type2_VFreeze_Unequal3,22,0.1,0.0,10.0,2.6,500000,276069,0,0,0,0,298,0.0,0.0,0.0
FINAL_RMT_3954_Type2_VFreeze_Unequal3,22,0.1,0.0,10.0,2.8,500000,259145,0,0,0,0,466,0.0,0.0,0.0
FINAL_RMT_3954_Type2_VFreeze_Unequal3,22,0.1,0.0,10.0,3.0,500000,244038,0,0,0,0,657,0.0,0.0,0.0
FINAL_RMT_3954_Type2_VFreeze_Unequal3,22,0.1,0.0,10.0,3.2,500000,230592,0,0,0,0,915,0.0,0.0,0.0
FINAL_RMT_3954_Type2_VFreeze_Unequal3,22,0.1,0.0,10.0,3.4,500000,218627,0,0,0,0,1216,0.0,0.0,0.0
FINAL_RMT_3954_Type2_VFreeze_Unequal3,22,0.1,0.0,10.0,3.6,500000,207970,0,0,0,0,1538,0.0,0.0,0.0
FINAL_RMT_3954_Type2_VFreeze_Unequal3,22,0.1,0.0,10.0,3.8,500000,198315,0,0,0,0,1933,0.0,0.0,0.0
FINAL_RMT_3954_Type2_VFreeze_Unequal3,22,0.1,0.0,10.0,4.0,500000,189657,0,0,0,0,2303,0.0,0.0,0.0
FINAL_RMT_3954_Type2_VFreeze_Unequal3,22,0.1,0.0,10.0,4.5,500000,171077,0,0,0,0,3176,0.0,0.0,0.0
FINAL_RMT_3954_Type2_VFreeze_Unequal3,22,0.1,0.0,10.0,5.0,500000,156303,0,0,0,0,4190,0.0,0.0,0.0
FINAL_RMT_3954_Type2_VFreeze_Unequal3,22,0.1,0.0,10.0,5.5,500000,144217,0,0,0,0,5287,0.0,0.0,0.0
FINAL_RMT_3954_Type2_VFreeze_Unequal3,22,0.1,0.0,10.0,6.0,500000,134388,0,0,0,0,6143,0.0,0.0,0.0
FINAL_RMT_3954_Type2_VFreeze_Unequal3,22,0.1,0.0,10.0,7.0,500000,119170,0,0,0,0,7740,0.0,0.0,0.0
FINAL_RMT_3954_Type2_VFreeze_Unequal3,22,0.1,0.0,10.0,8.0,500000,107926,0,0,0,0,9172,0.0,0.0,0.0
FINAL_RMT_3954_Type2_VFreeze_Unequal3,22,0.1,0.0,10.0,9.0,500000,99097,0,0,0,0,10206,0.0,0.0,0.0
FINAL_RMT_3954_Type2_VFreeze_Unequal3,22,0.1,0.0,10.0,10.0,500000,91995,0,0,0,0,11191,0.0,0.0,0.0
FINAL_RMT_3954_Type2_VFreeze_Unequal4,23,10.0,0.0,0.1,0.1,500000,500000,0,0,0,0,0,0.0,0.0,0.0
FINAL_RMT_3954_Type2_VFreeze_Unequal4,23,10.0,0.0,0.1,0.2,500000,500000,0,0,0,0,0,0.0,0.0,0.0
FINAL_RMT_3954_Type2_VFreeze_Unequal4,23,10.0,0.0,0.1,0.3,500000,500000,0,0,0,0,0,0.0,0.0,0.0
FINAL_RMT_3954_Type2_VFreeze_Unequal4,23,10.0,0.0,0.1,0.4,500000,499876,70,70,70,0,0,0.014,0.014,0.014
FINAL_RMT_3954_Type2_VFreeze_Unequal4,23,10.0,0.0,0.1,0.5,500000,498732,910,910,910,0,0,0.182,0.182,0.182
FINAL_RMT_3954_Type2_VFreeze_Unequal4,23,10.0,0.0,0.1,0.58,500000,496006,3109,3109,3109,0,0,0.6218,0.6218,0.6218
FINAL_RMT_3954_Type2_VFreeze_Unequal4,23,10.0,0.0,0.1,0.6,500000,495049,3970,3970,3970,0,0,0.794,0.794,0.794
FINAL_RMT_3954_Type2_VFreeze_Unequal4,23,10.0,0.0,0.1,0.7,500000,488877,10447,10447,10447,0,0,2.0894,2.0894,2.0894
FINAL_RMT_3954_Type2_VFreeze_Unequal4,23,10.0,0.0,0.1,0.8,500000,480598,19930,19930,19930,0,0,3.986,3.986,3.986
FINAL_RMT_3954_Type2_VFreeze_Unequal4,23,10.0,0.0,0.1,0.9,500000,471253,31395,31395,31395,0,0,6.279,6.279,6.279
FINAL_RMT_3954_Type2_VFreeze_Unequal4,23,10.0,0.0,0.1,1.0,500000,461448,43550,43550,43550,0,0,8.71,8.71,8.71
FINAL_RMT_3954_Type2_VFreeze_Unequal4,23,10.0,0.0,0.1,1.1,500000,450966,55303,55303,55303,0,0,11.0606,11.0606,11.0606
FINAL_RMT_3954_Type2_VFreeze_Unequal4,23,10.0,0.0,0.1,1.2,500000,439833,66226,66226,66226,0,0,13.2452,13.2452,13.2452
FINAL_RMT_3954_Type2_VFreeze_Unequal4,23,10.0,0.0,0.1,1.3,500000,428013,75660,75660,75660,0,0,15.132,15.132,15.132
FINAL_RMT_3954_Type2_VFreeze_Unequal4,23,10.0,0.0,0.1,1.4,500000,415585,83657,83657,83657,0,0,16.7314,16.7314,16.7314
FINAL_RMT_3954_Type2_VFreeze_Unequal4,23,10.0,0.0,0.1,1.5,500000,402914,90109,90109,90105,4,0,18.0218,18.0218,18.021
FINAL_RMT_3954_Type2_VFreeze_Unequal4,23,10.0,0.0,0.1,1.6,500000,389868,94954,94954,94949,5,0,18.9908,18.9908,18.9898
FINAL_RMT_3954_Type2_VFreeze_Unequal4,23,10.0,0.0,0.1,1.8,500000,364012,101359,101359,101336,23,0,20.2718,20.2718,20.2672
FINAL_RMT_3954_Type2_VFreeze_Unequal4,23,10.0,0.0,0.1,2.0,500000,339351,104848,104848,104750,98,0,20.9696,20.9696,20.95
FINAL_RMT_3954_Type2_VFreeze_Unequal4,23,10.0,0.0,0.1,2.2,500000,316290,106147,106147,105868,279,0,21.2294,21.2294,21.1736
FINAL_RMT_3954_Type2_VFreeze_Unequal4,23,10.0,0.0,0.1,2.4,500000,295017,105611,105611,105014,597,0,21.1222,21.1222,21.0028
FINAL_RMT_3954_Type2_VFreeze_Unequal4,23,10.0,0.0,0.1,2.6,500000,276069,104418,104418,103386,1032,0,20.8836,20.8836,20.6772
FINAL_RMT_3954_Type2_VFreeze_Unequal4,23,10.0,0.0,0.1,2.8,500000,259145,102859,102859,101229,1630,0,20.5718,20.5718,20.2458
FINAL_RMT_3954_Type2_VFreeze_Unequal4,23,10.0,0.0,0.1,3.0,500000,244038,100959,100959,98578,2381,0,20.1918,20.1918,19.7156
FINAL_RMT_3954_Type2_VFreeze_Unequal4,23,10.0,0.0,0.1,3.2,500000,230592,99004,99004,95697,3307,0,19.8008,19.8008,19.1394
FINAL_RMT_3954_Type2_VFreeze_Unequal4,23,10.0,0.0,0.1,3.4,500000,218627,97052,97052,92712,4340,0,19.4104,19.4104,18.5424
FINAL_RMT_3954_Type2_VFreeze_Unequal4,23,10.0,0.0,0.1,3.6,500000,207970,95131,95131,89630,5501,0,19.0262,19.0262,17.926
FINAL_RMT_3954_Type2_VFreeze_Unequal4,23,10.0,0.0,0.1,3.8,500000,198315,93186,93186,86388,6798,0,18.6372,18.6372,17.2776
FINAL_RMT_3954_Type2_VFreeze_Unequal4,23,10.0,0.0,0.1,4.0,500000,189657,91329,91329,83377,7952,0,18.2658,18.2658,16.6754
FINAL_RMT_3954_Type2_VFreeze_Unequal4,23,10.0,0.0,0.1,4.5,500000,171077,86942,86942,75727,11215,0,17.3884,17.3884,15.1454
FINAL_RMT_3954_Type2_VFreeze_Unequal4,23,10.0,0.0,0.1,5.0,500000,156303,82886,82886,68634,14252,0,16.5772,16.5772,13.7268
FINAL_RMT_3954_Type2_VFreeze_Unequal4,23,10.0,0.0,0.1,5.5,500000,144217,79350,79350,62208,17142,0,15.87,15.87,12.4416
FINAL_RMT_3954_Type2_VFreeze_Unequal4,23,10.0,0.0,0.1,6.0,500000,134388,76198,76198,56385,19813,0,15.2396,15.2396,11.277
FINAL_RMT_3954_Type2_VFreeze_Unequal4,23,10.0,0.0,0.1,7.0,500000,119170,70992,70992,46853,24139,0,14.1984,14.1984,9.3706
FINAL_RMT_3954_Type2_VFreeze_Unequal4,23,10.0,0.0,0.1,8.0,500000,107926,66796,66796,39285,27511,0,13.3592,13.3592,7.857
FINAL_RMT_3954_Type2_VFreeze_Unequal4,23,10.0,0.0,0.1,9.0,500000,99097,63142,63142,33186,29956,0,12.6284,12.6284,6.6372
FINAL_RMT_3954_Type2_VFreeze_Unequal4,23,10.0,0.0,0.1,10.0,500000,91995,59956,59956,28175,31781,0,11.9912,11.9912,5.635
FINAL_RMT_3954_Type2_VFreeze_Unequal5,24,1.0,0.0,10.0,0.1,500000,500000,0,0,0,0,0,0.0,0.0,0.0
FINAL_RMT_3954_Type2_VFreeze_Unequal5,24,1.0,0.0,10.0,0.2,500000,500000,0,0,0,0,0,0.0,0.0,0.0
FINAL_RMT_3954_Type2_VFreeze_Unequal5,24,1.0,0.0,10.0,0.3,500000,500000,0,0,0,0,0,0.0,0.0,0.0
FINAL_RMT_3954_Type2_VFreeze_Unequal5,24,1.0,0.0,10.0,0.4,500000,499876,0,0,0,0,0,0.0,0.0,0.0
FINAL_RMT_3954_Type2_VFreeze_Unequal5,24,1.0,0.0,10.0,0.5,500000,498732,0,0,0,0,0,0.0,0.0,0.0
FINAL_RMT_3954_Type2_VFreeze_Unequal5,24,1.0,0.0,10.0,0.58,500000,496006,0,0,0,0,0,0.0,0.0,0.0
FINAL_RMT_3954_Type2_VFreeze_Unequal5,24,1.0,0.0,10.0,0.6,500000,495049,0,0,0,0,0,0.0,0.0,0.0
FINAL_RMT_3954_Type2_VFreeze_Unequal5,24,1.0,0.0,10.0,0.7,500000,488877,0,0,0,0,0,0.0,0.0,0.0
FINAL_RMT_3954_Type2_VFreeze_Unequal5,24,1.0,0.0,10.0,0.8,500000,480598,0,0,0,0,0,0.0,0.0,0.0
FINAL_RMT_3954_Type2_VFreeze_Unequal5,24,1.0,0.0,10.0,0.9,500000,471253,0,0,0,0,0,0.0,0.0,0.0
FINAL_RMT_3954_Type2_VFreeze_Unequal5,24,1.0,0.0,10.0,1.0,500000,461448,0,0,0,0,0,0.0,0.0,0.0
FINAL_RMT_3954_Type2_VFreeze_Unequal5,24,1.0,0.0,10.0,1.1,500000,450966,0,0,0,0,0,0.0,0.0,0.0
FINAL_RMT_3954_Type2_VFreeze_Unequal5,24,1.0,0.0,10.0,1.2,500000,439833,0,0,0,0,0,0.0,0.0,0.0
FINAL_RMT_3954_Type2_VFreeze_Unequal5,24,1.0,0.0,10.0,1.3,500000,428013,0,0,0,0,0,0.0,0.0,0.0
FINAL_RMT_3954_Type2_VFreeze_Unequal5,24,1.0,0.0,10.0,1.4,500000,415585,0,0,0,0,0,0.0,0.0,0.0
FINAL_RMT_3954_Type2_VFreeze_Unequal5,24,1.0,0.0,10.0,1.5,500000,402914,0,0,0,0,0,0.0,0.0,0.0
FINAL_RMT_3954_Type2_VFreeze_Unequal5,24,1.0,0.0,10.0,1.6,500000,389868,0,0,0,0,1,0.0,0.0,0.0
FINAL_RMT_3954_Type2_VFreeze_Unequal5,24,1.0,0.0,10.0,1.8,500000,364012,0,0,0,0,2,0.0,0.0,0.0
FINAL_RMT_3954_Type2_VFreeze_Unequal5,24,1.0,0.0,10.0,2.0,500000,339351,0,0,0,0,8,0.0,0.0,0.0
FINAL_RMT_3954_Type2_VFreeze_Unequal5,24,1.0,0.0,10.0,2.2,500000,316290,0,0,0,0,28,0.0,0.0,0.0
FINAL_RMT_3954_Type2_VFreeze_Unequal5,24,1.0,0.0,10.0,2.4,500000,295017,0,0,0,0,60,0.0,0.0,0.0
FINAL_RMT_3954_Type2_VFreeze_Unequal5,24,1.0,0.0,10.0,2.6,500000,276069,0,0,0,0,89,0.0,0.0,0.0
FINAL_RMT_3954_Type2_VFreeze_Unequal5,24,1.0,0.0,10.0,2.8,500000,259145,0,0,0,0,144,0.0,0.0,0.0
FINAL_RMT_3954_Type2_VFreeze_Unequal5,24,1.0,0.0,10.0,3.0,500000,244038,0,0,0,0,239,0.0,0.0,0.0
FINAL_RMT_3954_Type2_VFreeze_Unequal5,24,1.0,0.0,10.0,3.2,500000,230592,0,0,0,0,346,0.0,0.0,0.0
FINAL_RMT_3954_Type2_VFreeze_Unequal5,24,1.0,0.0,10.0,3.4,500000,218627,0,0,0,0,443,0.0,0.0,0.0
FINAL_RMT_3954_Type2_VFreeze_Unequal5,24,1.0,0.0,10.0,3.6,500000,207970,0,0,0,0,640,0.0,0.0,0.0
FINAL_RMT_3954_Type2_VFreeze_Unequal5,24,1.0,0.0,10.0,3.8,500000,198315,0,0,0,0,800,0.0,0.0,0.0
FINAL_RMT_3954_Type2_VFreeze_Unequal5,24,1.0,0.0,10.0,4.0,500000,189657,0,0,0,0,971,0.0,0.0,0.0
FINAL_RMT_3954_Type2_VFreeze_Unequal5,24,1.0,0.0,10.0,4.5,500000,171077,0,0,0,0,1451,0.0,0.0,0.0
FINAL_RMT_3954_Type2_VFreeze_Unequal5,24,1.0,0.0,10.0,5.0,500000,156303,0,0,0,0,1957,0.0,0.0,0.0
FINAL_RMT_3954_Type2_VFreeze_Unequal5,24,1.0,0.0,10.0,5.5,500000,144217,0,0,0,0,2491,0.0,0.0,0.0
FINAL_RMT_3954_Type2_VFreeze_Unequal5,24,1.0,0.0,10.0,6.0,500000,134388,0,0,0,0,3031,0.0,0.0,0.0
FINAL_RMT_3954_Type2_VFreeze_Unequal5,24,1.0,0.0,10.0,7.0,500000,119170,0,0,0,0,4007,0.0,0.0,0.0
FINAL_RMT_3954_Type2_VFreeze_Unequal5,24,1.0,0.0,10.0,8.0,500000,107926,0,0,0,0,4781,0.0,0.0,0.0
FINAL_RMT_3954_Type2_VFreeze_Unequal5,24,1.0,0.0,10.0,9.0,500000,99097,0,0,0,0,5344,0.0,0.0,0.0
FINAL_RMT_3954_Type2_VFreeze_Unequal5,24,1.0,0.0,10.0,10.0,500000,91995,0,0,0,0,5912,0.0,0.0,0.0
FINAL_RMT_3954_Type2_VFreeze_Unequal6,25,10.0,0.0,1.0,0.1,500000,500000,0,0,0,0,0,0.0,0.0,0.0
FINAL_RMT_3954_Type2_VFreeze_Unequal6,25,10.0,0.0,1.0,0.2,500000,500000,0,0,0,0,0,0.0,0.0,0.0
FINAL_RMT_3954_Type2_VFreeze_Unequal6,25,10.0,0.0,1.0,0.3,500000,500000,0,0,0,0,0,0.0,0.0,0.0
FINAL_RMT_3954_Type2_VFreeze_Unequal6,25,10.0,0.0,1.0,0.4,500000,499876,7,7,7,0,0,0.0014,0.0014,0.0014
FINAL_RMT_3954_Type2_VFreeze_Unequal6,25,10.0,0.0,1.0,0.5,500000,498732,123,123,123,0,0,0.0246,0.0246,0.0246
FINAL_RMT_3954_Type2_VFreeze_Unequal6,25,10.0,0.0,1.0,0.58,500000,496006,636,636,636,0,0,0.1272,0.1272,0.1272
FINAL_RMT_3954_Type2_VFreeze_Unequal6,25,10.0,0.0,1.0,0.6,500000,495049,891,891,891,0,0,0.1782,0.1782,0.1782
FINAL_RMT_3954_Type2_VFreeze_Unequal6,25,10.0,0.0,1.0,0.7,500000,488877,2681,2681,2681,0,0,0.5362,0.5362,0.5362
FINAL_RMT_3954_Type2_VFreeze_Unequal6,25,10.0,0.0,1.0,0.8,500000,480598,6010,6010,6010,0,0,1.202,1.202,1.202
FINAL_RMT_3954_Type2_VFreeze_Unequal6,25,10.0,0.0,1.0,0.9,500000,471253,10627,10627,10627,0,0,2.1254,2.1254,2.1254
FINAL_RMT_3954_Type2_VFreeze_Unequal6,25,10.0,0.0,1.0,1.0,500000,461448,15974,15974,15974,0,0,3.1948,3.1948,3.1948
FINAL_RMT_3954_Type2_VFreeze_Unequal6,25,10.0,0.0,1.0,1.1,500000,450966,21314,21314,21314,0,0,4.2628,4.2628,4.2628
FINAL_RMT_3954_Type2_VFreeze_Unequal6,25,10.0,0.0,1.0,1.2,500000,439833,26428,26428,26428,0,0,5.2856,5.2856,5.2856
FINAL_RMT_3954_Type2_VFreeze_Unequal6,25,10.0,0.0,1.0,1.3,500000,428013,30902,30902,30902,0,0,6.1804,6.1804,6.1804
FINAL_RMT_3954_Type2_VFreeze_Unequal6,25,10.0,0.0,1.0,1.4,500000,415585,34880,34880,34880,0,0,6.976,6.976,6.976
FINAL_RMT_3954_Type2_VFreeze_Unequal6,25,10.0,0.0,1.0,1.5,500000,402914,38145,38145,38145,0,0,7.629,7.629,7.629
FINAL_RMT_3954_Type2_VFreeze_Unequal6,25,10.0,0.0,1.0,1.6,500000,389868,40740,40740,40740,0,0,8.148,8.148,8.148
FINAL_RMT_3954_Type2_VFreeze_Unequal6,25,10.0,0.0,1.0,1.8,500000,364012,44237,44237,44237,0,0,8.8474,8.8474,8.8474
FINAL_RMT_3954_Type2_VFreeze_Unequal6,25,10.0,0.0,1.0,2.0,500000,339351,46157,46157,46157,0,0,9.2314,9.2314,9.2314
FINAL_RMT_3954_Type2_VFreeze_Unequal6,25,10.0,0.0,1.0,2.2,500000,316290,46759,46759,46759,0,0,9.3518,9.3518,9.3518
FINAL_RMT_3954_Type2_VFreeze_Unequal6,25,10.0,0.0,1.0,2.4,500000,295017,46506,46506,46506,0,0,9.3012,9.3012,9.3012
FINAL_RMT_3954_Type2_VFreeze_Unequal6,25,10.0,0.0,1.0,2.6,500000,276069,46064,46064,46064,0,0,9.2128,9.2128,9.2128
FINAL_RMT_3954_Type2_VFreeze_Unequal6,25,10.0,0.0,1.0,2.8,500000,259145,45561,45561,45561,0,0,9.1122,9.1122,9.1122
FINAL_RMT_3954_Type2_VFreeze_Unequal6,25,10.0,0.0,1.0,3.0,500000,244038,44642,44642,44642,0,0,8.9284,8.9284,8.9284
FINAL_RMT_3954_Type2_VFreeze_Unequal6,25,10.0,0.0,1.0,3.2,500000,230592,43953,43953,43953,0,0,8.7906,8.7906,8.7906
FINAL_RMT_3954_Type2_VFreeze_Unequal6,25,10.0,0.0,1.0,3.4,500000,218627,42972,42972,42972,0,0,8.5944,8.5944,8.5944
FINAL_RMT_3954_Type2_VFreeze_Unequal6,25,10.0,0.0,1.0,3.6,500000,207970,42091,42091,42091,0,0,8.4182,8.4182,8.4182
FINAL_RMT_3954_Type2_VFreeze_Unequal6,25,10.0,0.0,1.0,3.8,500000,198315,41262,41262,41262,0,0,8.2524,8.2524,8.2524
FINAL_RMT_3954_Type2_VFreeze_Unequal6,25,10.0,0.0,1.0,4.0,500000,189657,40494,40494,40494,0,0,8.0988,8.0988,8.0988
FINAL_RMT_3954_Type2_VFreeze_Unequal6,25,10.0,0.0,1.0,4.5,500000,171077,38448,38448,38448,0,0,7.6896,7.6896,7.6896
FINAL_RMT_3954_Type2_VFreeze_Unequal6,25,10.0,0.0,1.0,5.0,500000,156303,36485,36485,36485,0,0,7.297,7.297,7.297
FINAL_RMT_3954_Type2_VFreeze_Unequal6,25,10.0,0.0,1.0,5.5,500000,144217,34892,34892,34892,0,0,6.9784,6.9784,6.9784
FINAL_RMT_3954_Type2_VFreeze_Unequal6,25,10.0,0.0,1.0,6.0,500000,134388,33567,33567,33562,5,0,6.7134,6.7134,6.7124
FINAL_RMT_3954_Type2_VFreeze_Unequal6,25,10.0,0.0,1.0,7.0,500000,119170,31120,31120,31088,32,0,6.224,6.224,6.2176
FINAL_RMT_3954_Type2_VFreeze_Unequal6,25,10.0,0.0,1.0,8.0,500000,107926,29240,29240,29132,108,0,5.848,5.848,5.8264
FINAL_RMT_3954_Type2_VFreeze_Unequal6,25,10.0,0.0,1.0,9.0,500000,99097,27525,27525,27266,259,0,5.505,5.505,5.4532
FINAL_RMT_3954_Type2_VFreeze_Unequal6,25,10.0,0.0,1.0,10.0,500000,91995,26194,26194,25746,448,0,5.2388,5.2388,5.1492
FINAL_RMT_3954_Type3_UFreeze_Equal1,26,0.0,1.0,1.0,0.1,500000,500000,0,0,0,0,0,0.0,0.0,0.0
FINAL_RMT_3954_Type3_UFreeze_Equal1,26,0.0,1.0,1.0,0.2,500000,500000,0,0,0,0,0,0.0,0.0,0.0
FINAL_RMT_3954_Type3_UFreeze_Equal1,26,0.0,1.0,1.0,0.3,500000,500000,0,0,0,0,0,0.0,0.0,0.0
FINAL_RMT_3954_Type3_UFreeze_Equal1,26,0.0,1.0,1.0,0.4,500000,499876,0,0,0,0,0,0.0,0.0,0.0
FINAL_RMT_3954_Type3_UFreeze_Equal1,26,0.0,1.0,1.0,0.5,500000,498732,0,0,0,0,0,0.0,0.0,0.0
FINAL_RMT_3954_Type3_UFreeze_Equal1,26,0.0,1.0,1.0,0.58,500000,496006,0,0,0,0,0,0.0,0.0,0.0
FINAL_RMT_3954_Type3_UFreeze_Equal1,26,0.0,1.0,1.0,0.6,500000,495049,0,0,0,0,0,0.0,0.0,0.0
FINAL_RMT_3954_Type3_UFreeze_Equal1,26,0.0,1.0,1.0,0.7,500000,488877,0,0,0,0,0,0.0,0.0,0.0
FINAL_RMT_3954_Type3_UFreeze_Equal1,26,0.0,1.0,1.0,0.8,500000,480598,0,0,0,0,0,0.0,0.0,0.0
FINAL_RMT_3954_Type3_UFreeze_Equal1,26,0.0,1.0,1.0,0.9,500000,471253,0,0,0,0,0,0.0,0.0,0.0
FINAL_RMT_3954_Type3_UFreeze_Equal1,26,0.0,1.0,1.0,1.0,500000,461448,0,0,0,0,0,0.0,0.0,0.0
FINAL_RMT_3954_Type3_UFreeze_Equal1,26,0.0,1.0,1.0,1.1,500000,450966,0,0,0,0,0,0.0,0.0,0.0
FINAL_RMT_3954_Type3_UFreeze_Equal1,26,0.0,1.0,1.0,1.2,500000,439833,0,0,0,0,0,0.0,0.0,0.0
FINAL_RMT_3954_Type3_UFreeze_Equal1,26,0.0,1.0,1.0,1.3,500000,428013,0,0,0,0,0,0.0,0.0,0.0
FINAL_RMT_3954_Type3_UFreeze_Equal1,26,0.0,1.0,1.0,1.4,500000,415585,0,0,0,0,0,0.0,0.0,0.0
FINAL_RMT_3954_Type3_UFreeze_Equal1,26,0.0,1.0,1.0,1.5,500000,402914,0,0,0,0,0,0.0,0.0,0.0
FINAL_RMT_3954_Type3_UFreeze_Equal1,26,0.0,1.0,1.0,1.6,500000,389868,0,0,0,0,0,0.0,0.0,0.0
FINAL_RMT_3954_Type3_UFreeze_Equal1,26,0.0,1.0,1.0,1.8,500000,364012,0,0,0,0,0,0.0,0.0,0.0
FINAL_RMT_3954_Type3_UFreeze_Equal1,26,0.0,1.0,1.0,2.0,500000,339351,0,0,0,0,1,0.0,0.0,0.0
FINAL_RMT_3954_Type3_UFreeze_Equal1,26,0.0,1.0,1.0,2.2,500000,316290,0,0,0,0,2,0.0,0.0,0.0
FINAL_RMT_3954_Type3_UFreeze_Equal1,26,0.0,1.0,1.0,2.4,500000,295017,0,0,0,0,3,0.0,0.0,0.0
FINAL_RMT_3954_Type3_UFreeze_Equal1,26,0.0,1.0,1.0,2.6,500000,276069,0,0,0,0,4,0.0,0.0,0.0
FINAL_RMT_3954_Type3_UFreeze_Equal1,26,0.0,1.0,1.0,2.8,500000,259145,0,0,0,0,5,0.0,0.0,0.0
FINAL_RMT_3954_Type3_UFreeze_Equal1,26,0.0,1.0,1.0,3.0,500000,244038,0,0,0,0,9,0.0,0.0,0.0
FINAL_RMT_3954_Type3_UFreeze_Equal1,26,0.0,1.0,1.0,3.2,500000,230592,0,0,0,0,20,0.0,0.0,0.0
FINAL_RMT_3954_Type3_UFreeze_Equal1,26,0.0,1.0,1.0,3.4,500000,218627,0,0,0,0,33,0.0,0.0,0.0
FINAL_RMT_3954_Type3_UFreeze_Equal1,26,0.0,1.0,1.0,3.6,500000,207970,0,0,0,0,30,0.0,0.0,0.0
FINAL_RMT_3954_Type3_UFreeze_Equal1,26,0.0,1.0,1.0,3.8,500000,198315,0,0,0,0,48,0.0,0.0,0.0
FINAL_RMT_3954_Type3_UFreeze_Equal1,26,0.0,1.0,1.0,4.0,500000,189657,0,0,0,0,62,0.0,0.0,0.0
FINAL_RMT_3954_Type3_UFreeze_Equal1,26,0.0,1.0,1.0,4.5,500000,171077,0,0,0,0,112,0.0,0.0,0.0
FINAL_RMT_3954_Type3_UFreeze_Equal1,26,0.0,1.0,1.0,5.0,500000,156303,0,0,0,0,186,0.0,0.0,0.0
FINAL_RMT_3954_Type3_UFreeze_Equal1,26,0.0,1.0,1.0,5.5,500000,144217,0,0,0,0,241,0.0,0.0,0.0
FINAL_RMT_3954_Type3_UFreeze_Equal1,26,0.0,1.0,1.0,6.0,500000,134388,0,0,0,0,315,0.0,0.0,0.0
FINAL_RMT_3954_Type3_UFreeze_Equal1,26,0.0,1.0,1.0,7.0,500000,119170,0,0,0,0,403,0.0,0.0,0.0
FINAL_RMT_3954_Type3_UFreeze_Equal1,26,0.0,1.0,1.0,8.0,500000,107926,0,0,0,0,546,0.0,0.0,0.0
FINAL_RMT_3954_Type3_UFreeze_Equal1,26,0.0,1.0,1.0,9.0,500000,99097,0,0,0,0,651,0.0,0.0,0.0
FINAL_RMT_3954_Type3_UFreeze_Equal1,26,0.0,1.0,1.0,10.0,500000,91995,0,0,0,0,711,0.0,0.0,0.0
FINAL_RMT_3954_Type3_UFreeze_Equal2,27,0.0,0.1,0.1,0.1,500000,500000,0,0,0,0,0,0.0,0.0,0.0
FINAL_RMT_3954_Type3_UFreeze_Equal2,27,0.0,0.1,0.1,0.2,500000,500000,0,0,0,0,0,0.0,0.0,0.0
FINAL_RMT_3954_Type3_UFreeze_Equal2,27,0.0,0.1,0.1,0.3,500000,500000,0,0,0,0,0,0.0,0.0,0.0
FINAL_RMT_3954_Type3_UFreeze_Equal2,27,0.0,0.1,0.1,0.4,500000,499876,0,0,0,0,0,0.0,0.0,0.0
FINAL_RMT_3954_Type3_UFreeze_Equal2,27,0.0,0.1,0.1,0.5,500000,498732,0,0,0,0,0,0.0,0.0,0.0
FINAL_RMT_3954_Type3_UFreeze_Equal2,27,0.0,0.1,0.1,0.58,500000,496006,0,0,0,0,0,0.0,0.0,0.0
FINAL_RMT_3954_Type3_UFreeze_Equal2,27,0.0,0.1,0.1,0.6,500000,495049,0,0,0,0,0,0.0,0.0,0.0
FINAL_RMT_3954_Type3_UFreeze_Equal2,27,0.0,0.1,0.1,0.7,500000,488877,0,0,0,0,0,0.0,0.0,0.0
FINAL_RMT_3954_Type3_UFreeze_Equal2,27,0.0,0.1,0.1,0.8,500000,480598,0,0,0,0,0,0.0,0.0,0.0
FINAL_RMT_3954_Type3_UFreeze_Equal2,27,0.0,0.1,0.1,0.9,500000,471253,0,0,0,0,0,0.0,0.0,0.0
FINAL_RMT_3954_Type3_UFreeze_Equal2,27,0.0,0.1,0.1,1.0,500000,461448,0,0,0,0,0,0.0,0.0,0.0
FINAL_RMT_3954_Type3_UFreeze_Equal2,27,0.0,0.1,0.1,1.1,500000,450966,0,0,0,0,0,0.0,0.0,0.0
FINAL_RMT_3954_Type3_UFreeze_Equal2,27,0.0,0.1,0.1,1.2,500000,439833,0,0,0,0,0,0.0,0.0,0.0
FINAL_RMT_3954_Type3_UFreeze_Equal2,27,0.0,0.1,0.1,1.3,500000,428013,0,0,0,0,0,0.0,0.0,0.0
FINAL_RMT_3954_Type3_UFreeze_Equal2,27,0.0,0.1,0.1,1.4,500000,415585,0,0,0,0,0,0.0,0.0,0.0
FINAL_RMT_3954_Type3_UFreeze_Equal2,27,0.0,0.1,0.1,1.5,500000,402914,0,0,0,0,0,0.0,0.0,0.0
FINAL_RMT_3954_Type3_UFreeze_Equal2,27,0.0,0.1,0.1,1.6,500000,389868,0,0,0,0,0,0.0,0.0,0.0
FINAL_RMT_3954_Type3_UFreeze_Equal2,27,0.0,0.1,0.1,1.8,500000,364012,0,0,0,0,0,0.0,0.0,0.0
FINAL_RMT_3954_Type3_UFreeze_Equal2,27,0.0,0.1,0.1,2.0,500000,339351,0,0,0,0,1,0.0,0.0,0.0
FINAL_RMT_3954_Type3_UFreeze_Equal2,27,0.0,0.1,0.1,2.2,500000,316290,0,0,0,0,2,0.0,0.0,0.0
FINAL_RMT_3954_Type3_UFreeze_Equal2,27,0.0,0.1,0.1,2.4,500000,295017,0,0,0,0,3,0.0,0.0,0.0
FINAL_RMT_3954_Type3_UFreeze_Equal2,27,0.0,0.1,0.1,2.6,500000,276069,0,0,0,0,4,0.0,0.0,0.0
FINAL_RMT_3954_Type3_UFreeze_Equal2,27,0.0,0.1,0.1,2.8,500000,259145,0,0,0,0,5,0.0,0.0,0.0
FINAL_RMT_3954_Type3_UFreeze_Equal2,27,0.0,0.1,0.1,3.0,500000,244038,0,0,0,0,9,0.0,0.0,0.0
FINAL_RMT_3954_Type3_UFreeze_Equal2,27,0.0,0.1,0.1,3.2,500000,230592,0,0,0,0,20,0.0,0.0,0.0
FINAL_RMT_3954_Type3_UFreeze_Equal2,27,0.0,0.1,0.1,3.4,500000,218627,0,0,0,0,33,0.0,0.0,0.0
FINAL_RMT_3954_Type3_UFreeze_Equal2,27,0.0,0.1,0.1,3.6,500000,207970,0,0,0,0,30,0.0,0.0,0.0
FINAL_RMT_3954_Type3_UFreeze_Equal2,27,0.0,0.1,0.1,3.8,500000,198315,0,0,0,0,48,0.0,0.0,0.0
FINAL_RMT_3954_Type3_UFreeze_Equal2,27,0.0,0.1,0.1,4.0,500000,189657,0,0,0,0,63,0.0,0.0,0.0
FINAL_RMT_3954_Type3_UFreeze_Equal2,27,0.0,0.1,0.1,4.5,500000,171077,0,0,0,0,113,0.0,0.0,0.0
FINAL_RMT_3954_Type3_UFreeze_Equal2,27,0.0,0.1,0.1,5.0,500000,156303,0,0,0,0,188,0.0,0.0,0.0
FINAL_RMT_3954_Type3_UFreeze_Equal2,27,0.0,0.1,0.1,5.5,500000,144217,0,0,0,0,243,0.0,0.0,0.0
FINAL_RMT_3954_Type3_UFreeze_Equal2,27,0.0,0.1,0.1,6.0,500000,134388,0,0,0,0,315,0.0,0.0,0.0
FINAL_RMT_3954_Type3_UFreeze_Equal2,27,0.0,0.1,0.1,7.0,500000,119170,0,0,0,0,406,0.0,0.0,0.0
FINAL_RMT_3954_Type3_UFreeze_Equal2,27,0.0,0.1,0.1,8.0,500000,107926,0,0,0,0,547,0.0,0.0,0.0
FINAL_RMT_3954_Type3_UFreeze_Equal2,27,0.0,0.1,0.1,9.0,500000,99097,0,0,0,0,652,0.0,0.0,0.0
FINAL_RMT_3954_Type3_UFreeze_Equal2,27,0.0,0.1,0.1,10.0,500000,91995,0,0,0,0,712,0.0,0.0,0.0
FINAL_RMT_3954_Type3_UFreeze_Equal3,28,0.0,10.0,10.0,0.1,500000,500000,0,0,0,0,0,0.0,0.0,0.0
FINAL_RMT_3954_Type3_UFreeze_Equal3,28,0.0,10.0,10.0,0.2,500000,500000,0,0,0,0,0,0.0,0.0,0.0
FINAL_RMT_3954_Type3_UFreeze_Equal3,28,0.0,10.0,10.0,0.3,500000,500000,0,0,0,0,0,0.0,0.0,0.0
FINAL_RMT_3954_Type3_UFreeze_Equal3,28,0.0,10.0,10.0,0.4,500000,499876,0,0,0,0,0,0.0,0.0,0.0
FINAL_RMT_3954_Type3_UFreeze_Equal3,28,0.0,10.0,10.0,0.5,500000,498732,0,0,0,0,0,0.0,0.0,0.0
FINAL_RMT_3954_Type3_UFreeze_Equal3,28,0.0,10.0,10.0,0.58,500000,496006,0,0,0,0,0,0.0,0.0,0.0
FINAL_RMT_3954_Type3_UFreeze_Equal3,28,0.0,10.0,10.0,0.6,500000,495049,0,0,0,0,0,0.0,0.0,0.0
FINAL_RMT_3954_Type3_UFreeze_Equal3,28,0.0,10.0,10.0,0.7,500000,488877,0,0,0,0,0,0.0,0.0,0.0
FINAL_RMT_3954_Type3_UFreeze_Equal3,28,0.0,10.0,10.0,0.8,500000,480598,0,0,0,0,0,0.0,0.0,0.0
FINAL_RMT_3954_Type3_UFreeze_Equal3,28,0.0,10.0,10.0,0.9,500000,471253,0,0,0,0,0,0.0,0.0,0.0
FINAL_RMT_3954_Type3_UFreeze_Equal3,28,0.0,10.0,10.0,1.0,500000,461448,0,0,0,0,0,0.0,0.0,0.0
FINAL_RMT_3954_Type3_UFreeze_Equal3,28,0.0,10.0,10.0,1.1,500000,450966,0,0,0,0,0,0.0,0.0,0.0
FINAL_RMT_3954_Type3_UFreeze_Equal3,28,0.0,10.0,10.0,1.2,500000,439833,0,0,0,0,0,0.0,0.0,0.0
FINAL_RMT_3954_Type3_UFreeze_Equal3,28,0.0,10.0,10.0,1.3,500000,428013,0,0,0,0,0,0.0,0.0,0.0
FINAL_RMT_3954_Type3_UFreeze_Equal3,28,0.0,10.0,10.0,1.4,500000,415585,0,0,0,0,0,0.0,0.0,0.0
FINAL_RMT_3954_Type3_UFreeze_Equal3,28,0.0,10.0,10.0,1.5,500000,402914,0,0,0,0,0,0.0,0.0,0.0
FINAL_RMT_3954_Type3_UFreeze_Equal3,28,0.0,10.0,10.0,1.6,500000,389868,0,0,0,0,0,0.0,0.0,0.0
FINAL_RMT_3954_Type3_UFreeze_Equal3,28,0.0,10.0,10.0,1.8,500000,364012,0,0,0,0,0,0.0,0.0,0.0
FINAL_RMT_3954_Type3_UFreeze_Equal3,28,0.0,10.0,10.0,2.0,500000,339351,0,0,0,0,0,0.0,0.0,0.0
FINAL_RMT_3954_Type3_UFreeze_Equal3,28,0.0,10.0,10.0,2.2,500000,316290,0,0,0,0,2,0.0,0.0,0.0
FINAL_RMT_3954_Type3_UFreeze_Equal3,28,0.0,10.0,10.0,2.4,500000,295017,0,0,0,0,2,0.0,0.0,0.0
FINAL_RMT_3954_Type3_UFreeze_Equal3,28,0.0,10.0,10.0,2.6,500000,276069,0,0,0,0,3,0.0,0.0,0.0
FINAL_RMT_3954_Type3_UFreeze_Equal3,28,0.0,10.0,10.0,2.8,500000,259145,0,0,0,0,5,0.0,0.0,0.0
FINAL_RMT_3954_Type3_UFreeze_Equal3,28,0.0,10.0,10.0,3.0,500000,244038,0,0,0,0,9,0.0,0.0,0.0
FINAL_RMT_3954_Type3_UFreeze_Equal3,28,0.0,10.0,10.0,3.2,500000,230592,0,0,0,0,18,0.0,0.0,0.0
FINAL_RMT_3954_Type3_UFreeze_Equal3,28,0.0,10.0,10.0,3.4,500000,218627,0,0,0,0,29,0.0,0.0,0.0
FINAL_RMT_3954_Type3_UFreeze_Equal3,28,0.0,10.0,10.0,3.6,500000,207970,0,0,0,0,28,0.0,0.0,0.0
FINAL_RMT_3954_Type3_UFreeze_Equal3,28,0.0,10.0,10.0,3.8,500000,198315,0,0,0,0,48,0.0,0.0,0.0
FINAL_RMT_3954_Type3_UFreeze_Equal3,28,0.0,10.0,10.0,4.0,500000,189657,0,0,0,0,53,0.0,0.0,0.0
FINAL_RMT_3954_Type3_UFreeze_Equal3,28,0.0,10.0,10.0,4.5,500000,171077,0,0,0,0,106,0.0,0.0,0.0
FINAL_RMT_3954_Type3_UFreeze_Equal3,28,0.0,10.0,10.0,5.0,500000,156303,0,0,0,0,174,0.0,0.0,0.0
FINAL_RMT_3954_Type3_UFreeze_Equal3,28,0.0,10.0,10.0,5.5,500000,144217,0,0,0,0,228,0.0,0.0,0.0
FINAL_RMT_3954_Type3_UFreeze_Equal3,28,0.0,10.0,10.0,6.0,500000,134388,0,0,0,0,308,0.0,0.0,0.0
FINAL_RMT_3954_Type3_UFreeze_Equal3,28,0.0,10.0,10.0,7.0,500000,119170,0,0,0,0,392,0.0,0.0,0.0
FINAL_RMT_3954_Type3_UFreeze_Equal3,28,0.0,10.0,10.0,8.0,500000,107926,0,0,0,0,523,0.0,0.0,0.0
FINAL_RMT_3954_Type3_UFreeze_Equal3,28,0.0,10.0,10.0,9.0,500000,99097,0,0,0,0,637,0.0,0.0,0.0
FINAL_RMT_3954_Type3_UFreeze_Equal3,28,0.0,10.0,10.0,10.0,500000,91995,0,0,0,0,699,0.0,0.0,0.0
FINAL_RMT_3954_Type3_UFreeze_Unequal1,29,0.0,1.0,0.1,0.1,500000,500000,0,0,0,0,0,0.0,0.0,0.0
FINAL_RMT_3954_Type3_UFreeze_Unequal1,29,0.0,1.0,0.1,0.2,500000,500000,0,0,0,0,0,0.0,0.0,0.0
FINAL_RMT_3954_Type3_UFreeze_Unequal1,29,0.0,1.0,0.1,0.3,500000,500000,0,0,0,0,0,0.0,0.0,0.0
FINAL_RMT_3954_Type3_UFreeze_Unequal1,29,0.0,1.0,0.1,0.4,500000,499876,0,0,0,0,0,0.0,0.0,0.0
FINAL_RMT_3954_Type3_UFreeze_Unequal1,29,0.0,1.0,0.1,0.5,500000,498732,0,0,0,0,0,0.0,0.0,0.0
FINAL_RMT_3954_Type3_UFreeze_Unequal1,29,0.0,1.0,0.1,0.58,500000,496006,0,0,0,0,0,0.0,0.0,0.0
FINAL_RMT_3954_Type3_UFreeze_Unequal1,29,0.0,1.0,0.1,0.6,500000,495049,0,0,0,0,0,0.0,0.0,0.0
FINAL_RMT_3954_Type3_UFreeze_Unequal1,29,0.0,1.0,0.1,0.7,500000,488877,0,0,0,0,0,0.0,0.0,0.0
FINAL_RMT_3954_Type3_UFreeze_Unequal1,29,0.0,1.0,0.1,0.8,500000,480598,0,0,0,0,0,0.0,0.0,0.0
FINAL_RMT_3954_Type3_UFreeze_Unequal1,29,0.0,1.0,0.1,0.9,500000,471253,0,0,0,0,0,0.0,0.0,0.0
FINAL_RMT_3954_Type3_UFreeze_Unequal1,29,0.0,1.0,0.1,1.0,500000,461448,0,0,0,0,0,0.0,0.0,0.0
FINAL_RMT_3954_Type3_UFreeze_Unequal1,29,0.0,1.0,0.1,1.1,500000,450966,0,0,0,0,0,0.0,0.0,0.0
FINAL_RMT_3954_Type3_UFreeze_Unequal1,29,0.0,1.0,0.1,1.2,500000,439833,0,0,0,0,0,0.0,0.0,0.0
FINAL_RMT_3954_Type3_UFreeze_Unequal1,29,0.0,1.0,0.1,1.3,500000,428013,0,0,0,0,0,0.0,0.0,0.0
FINAL_RMT_3954_Type3_UFreeze_Unequal1,29,0.0,1.0,0.1,1.4,500000,415585,0,0,0,0,0,0.0,0.0,0.0
FINAL_RMT_3954_Type3_UFreeze_Unequal1,29,0.0,1.0,0.1,1.5,500000,402914,0,0,0,0,0,0.0,0.0,0.0
FINAL_RMT_3954_Type3_UFreeze_Unequal1,29,0.0,1.0,0.1,1.6,500000,389868,0,0,0,0,0,0.0,0.0,0.0
FINAL_RMT_3954_Type3_UFreeze_Unequal1,29,0.0,1.0,0.1,1.8,500000,364012,0,0,0,0,0,0.0,0.0,0.0
FINAL_RMT_3954_Type3_UFreeze_Unequal1,29,0.0,1.0,0.1,2.0,500000,339351,0,0,0,0,0,0.0,0.0,0.0
FINAL_RMT_3954_Type3_UFreeze_Unequal1,29,0.0,1.0,0.1,2.2,500000,316290,0,0,0,0,0,0.0,0.0,0.0
FINAL_RMT_3954_Type3_UFreeze_Unequal1,29,0.0,1.0,0.1,2.4,500000,295017,0,0,0,0,0,0.0,0.0,0.0
FINAL_RMT_3954_Type3_UFreeze_Unequal1,29,0.0,1.0,0.1,2.6,500000,276069,0,0,0,0,0,0.0,0.0,0.0
FINAL_RMT_3954_Type3_UFreeze_Unequal1,29,0.0,1.0,0.1,2.8,500000,259145,0,0,0,0,0,0.0,0.0,0.0
FINAL_RMT_3954_Type3_UFreeze_Unequal1,29,0.0,1.0,0.1,3.0,500000,244038,0,0,0,0,0,0.0,0.0,0.0
FINAL_RMT_3954_Type3_UFreeze_Unequal1,29,0.0,1.0,0.1,3.2,500000,230592,0,0,0,0,0,0.0,0.0,0.0
FINAL_RMT_3954_Type3_UFreeze_Unequal1,29,0.0,1.0,0.1,3.4,500000,218627,0,0,0,0,0,0.0,0.0,0.0
FINAL_RMT_3954_Type3_UFreeze_Unequal1,29,0.0,1.0,0.1,3.6,500000,207970,0,0,0,0,0,0.0,0.0,0.0
FINAL_RMT_3954_Type3_UFreeze_Unequal1,29,0.0,1.0,0.1,3.8,500000,198315,0,0,0,0,0,0.0,0.0,0.0
FINAL_RMT_3954_Type3_UFreeze_Unequal1,29,0.0,1.0,0.1,4.0,500000,189657,0,0,0,0,0,0.0,0.0,0.0
FINAL_RMT_3954_Type3_UFreeze_Unequal1,29,0.0,1.0,0.1,4.5,500000,171077,0,0,0,0,0,0.0,0.0,0.0
FINAL_RMT_3954_Type3_UFreeze_Unequal1,29,0.0,1.0,0.1,5.0,500000,156303,0,0,0,0,0,0.0,0.0,0.0
FINAL_RMT_3954_Type3_UFreeze_Unequal1,29,0.0,1.0,0.1,5.5,500000,144217,0,0,0,0,0,0.0,0.0,0.0
FINAL_RMT_3954_Type3_UFreeze_Unequal1,29,0.0,1.0,0.1,6.0,500000,134388,0,0,0,0,0,0.0,0.0,0.0
FINAL_RMT_3954_Type3_UFreeze_Unequal1,29,0.0,1.0,0.1,7.0,500000,119170,0,0,0,0,0,0.0,0.0,0.0
FINAL_RMT_3954_Type3_UFreeze_Unequal1,29,0.0,1.0,0.1,8.0,500000,107926,0,0,0,0,1,0.0,0.0,0.0
FINAL_RMT_3954_Type3_UFreeze_Unequal1,29,0.0,1.0,0.1,9.0,500000,99097,0,0,0,0,0,0.0,0.0,0.0
FINAL_RMT_3954_Type3_UFreeze_Unequal1,29,0.0,1.0,0.1,10.0,500000,91995,0,0,0,0,3,0.0,0.0,0.0
FINAL_RMT_3954_Type3_UFreeze_Unequal2,30,0.0,0.1,1.0,0.1,500000,500000,0,0,0,0,0,0.0,0.0,0.0
FINAL_RMT_3954_Type3_UFreeze_Unequal2,30,0.0,0.1,1.0,0.2,500000,500000,0,0,0,0,0,0.0,0.0,0.0
FINAL_RMT_3954_Type3_UFreeze_Unequal2,30,0.0,0.1,1.0,0.3,500000,500000,0,0,0,0,0,0.0,0.0,0.0
FINAL_RMT_3954_Type3_UFreeze_Unequal2,30,0.0,0.1,1.0,0.4,500000,499876,0,0,0,0,0,0.0,0.0,0.0
FINAL_RMT_3954_Type3_UFreeze_Unequal2,30,0.0,0.1,1.0,0.5,500000,498732,0,0,0,0,0,0.0,0.0,0.0
FINAL_RMT_3954_Type3_UFreeze_Unequal2,30,0.0,0.1,1.0,0.58,500000,496006,0,0,0,0,0,0.0,0.0,0.0
FINAL_RMT_3954_Type3_UFreeze_Unequal2,30,0.0,0.1,1.0,0.6,500000,495049,0,0,0,0,0,0.0,0.0,0.0
FINAL_RMT_3954_Type3_UFreeze_Unequal2,30,0.0,0.1,1.0,0.7,500000,488877,0,0,0,0,0,0.0,0.0,0.0
FINAL_RMT_3954_Type3_UFreeze_Unequal2,30,0.0,0.1,1.0,0.8,500000,480598,0,0,0,0,0,0.0,0.0,0.0
FINAL_RMT_3954_Type3_UFreeze_Unequal2,30,0.0,0.1,1.0,0.9,500000,471253,0,0,0,0,0,0.0,0.0,0.0
FINAL_RMT_3954_Type3_UFreeze_Unequal2,30,0.0,0.1,1.0,1.0,500000,461448,0,0,0,0,0,0.0,0.0,0.0
FINAL_RMT_3954_Type3_UFreeze_Unequal2,30,0.0,0.1,1.0,1.1,500000,450966,0,0,0,0,0,0.0,0.0,0.0
FINAL_RMT_3954_Type3_UFreeze_Unequal2,30,0.0,0.1,1.0,1.2,500000,439833,0,0,0,0,0,0.0,0.0,0.0
FINAL_RMT_3954_Type3_UFreeze_Unequal2,30,0.0,0.1,1.0,1.3,500000,428013,0,0,0,0,0,0.0,0.0,0.0
FINAL_RMT_3954_Type3_UFreeze_Unequal2,30,0.0,0.1,1.0,1.4,500000,415585,0,0,0,0,0,0.0,0.0,0.0
FINAL_RMT_3954_Type3_UFreeze_Unequal2,30,0.0,0.1,1.0,1.5,500000,402914,0,0,0,0,2,0.0,0.0,0.0
FINAL_RMT_3954_Type3_UFreeze_Unequal2,30,0.0,0.1,1.0,1.6,500000,389868,0,0,0,0,1,0.0,0.0,0.0
FINAL_RMT_3954_Type3_UFreeze_Unequal2,30,0.0,0.1,1.0,1.8,500000,364012,0,0,0,0,4,0.0,0.0,0.0
FINAL_RMT_3954_Type3_UFreeze_Unequal2,30,0.0,0.1,1.0,2.0,500000,339351,0,0,0,0,21,0.0,0.0,0.0
FINAL_RMT_3954_Type3_UFreeze_Unequal2,30,0.0,0.1,1.0,2.2,500000,316290,0,0,0,0,54,0.0,0.0,0.0
FINAL_RMT_3954_Type3_UFreeze_Unequal2,30,0.0,0.1,1.0,2.4,500000,295017,0,0,0,0,114,0.0,0.0,0.0
FINAL_RMT_3954_Type3_UFreeze_Unequal2,30,0.0,0.1,1.0,2.6,500000,276069,0,0,0,0,180,0.0,0.0,0.0
FINAL_RMT_3954_Type3_UFreeze_Unequal2,30,0.0,0.1,1.0,2.8,500000,259145,0,0,0,0,271,0.0,0.0,0.0
FINAL_RMT_3954_Type3_UFreeze_Unequal2,30,0.0,0.1,1.0,3.0,500000,244038,0,0,0,0,399,0.0,0.0,0.0
FINAL_RMT_3954_Type3_UFreeze_Unequal2,30,0.0,0.1,1.0,3.2,500000,230592,0,0,0,0,567,0.0,0.0,0.0
FINAL_RMT_3954_Type3_UFreeze_Unequal2,30,0.0,0.1,1.0,3.4,500000,218627,0,0,0,0,736,0.0,0.0,0.0
FINAL_RMT_3954_Type3_UFreeze_Unequal2,30,0.0,0.1,1.0,3.6,500000,207970,0,0,0,0,973,0.0,0.0,0.0
FINAL_RMT_3954_Type3_UFreeze_Unequal2,30,0.0,0.1,1.0,3.8,500000,198315,0,0,0,0,1212,0.0,0.0,0.0
FINAL_RMT_3954_Type3_UFreeze_Unequal2,30,0.0,0.1,1.0,4.0,500000,189657,0,0,0,0,1465,0.0,0.0,0.0
FINAL_RMT_3954_Type3_UFreeze_Unequal2,30,0.0,0.1,1.0,4.5,500000,171077,0,0,0,0,2026,0.0,0.0,0.0
FINAL_RMT_3954_Type3_UFreeze_Unequal2,30,0.0,0.1,1.0,5.0,500000,156303,0,0,0,0,2697,0.0,0.0,0.0
FINAL_RMT_3954_Type3_UFreeze_Unequal2,30,0.0,0.1,1.0,5.5,500000,144217,0,0,0,0,3378,0.0,0.0,0.0
FINAL_RMT_3954_Type3_UFreeze_Unequal2,30,0.0,0.1,1.0,6.0,500000,134388,0,0,0,0,3977,0.0,0.0,0.0
FINAL_RMT_3954_Type3_UFreeze_Unequal2,30,0.0,0.1,1.0,7.0,500000,119170,0,0,0,0,5044,0.0,0.0,0.0
FINAL_RMT_3954_Type3_UFreeze_Unequal2,30,0.0,0.1,1.0,8.0,500000,107926,0,0,0,0,5898,0.0,0.0,0.0
FINAL_RMT_3954_Type3_UFreeze_Unequal2,30,0.0,0.1,1.0,9.0,500000,99097,0,0,0,0,6494,0.0,0.0,0.0
FINAL_RMT_3954_Type3_UFreeze_Unequal2,30,0.0,0.1,1.0,10.0,500000,91995,0,0,0,0,7079,0.0,0.0,0.0
FINAL_RMT_3954_Type3_UFreeze_Unequal3,31,0.0,10.0,1.0,0.1,500000,500000,0,0,0,0,0,0.0,0.0,0.0
FINAL_RMT_3954_Type3_UFreeze_Unequal3,31,0.0,10.0,1.0,0.2,500000,500000,0,0,0,0,0,0.0,0.0,0.0
FINAL_RMT_3954_Type3_UFreeze_Unequal3,31,0.0,10.0,1.0,0.3,500000,500000,0,0,0,0,0,0.0,0.0,0.0
FINAL_RMT_3954_Type3_UFreeze_Unequal3,31,0.0,10.0,1.0,0.4,500000,499876,0,0,0,0,0,0.0,0.0,0.0
FINAL_RMT_3954_Type3_UFreeze_Unequal3,31,0.0,10.0,1.0,0.5,500000,498732,0,0,0,0,0,0.0,0.0,0.0
FINAL_RMT_3954_Type3_UFreeze_Unequal3,31,0.0,10.0,1.0,0.58,500000,496006,0,0,0,0,0,0.0,0.0,0.0
FINAL_RMT_3954_Type3_UFreeze_Unequal3,31,0.0,10.0,1.0,0.6,500000,495049,0,0,0,0,0,0.0,0.0,0.0
FINAL_RMT_3954_Type3_UFreeze_Unequal3,31,0.0,10.0,1.0,0.7,500000,488877,0,0,0,0,0,0.0,0.0,0.0
FINAL_RMT_3954_Type3_UFreeze_Unequal3,31,0.0,10.0,1.0,0.8,500000,480598,0,0,0,0,0,0.0,0.0,0.0
FINAL_RMT_3954_Type3_UFreeze_Unequal3,31,0.0,10.0,1.0,0.9,500000,471253,0,0,0,0,0,0.0,0.0,0.0
FINAL_RMT_3954_Type3_UFreeze_Unequal3,31,0.0,10.0,1.0,1.0,500000,461448,0,0,0,0,0,0.0,0.0,0.0
FINAL_RMT_3954_Type3_UFreeze_Unequal3,31,0.0,10.0,1.0,1.1,500000,450966,0,0,0,0,0,0.0,0.0,0.0
FINAL_RMT_3954_Type3_UFreeze_Unequal3,31,0.0,10.0,1.0,1.2,500000,439833,0,0,0,0,0,0.0,0.0,0.0
FINAL_RMT_3954_Type3_UFreeze_Unequal3,31,0.0,10.0,1.0,1.3,500000,428013,0,0,0,0,0,0.0,0.0,0.0
FINAL_RMT_3954_Type3_UFreeze_Unequal3,31,0.0,10.0,1.0,1.4,500000,415585,0,0,0,0,0,0.0,0.0,0.0
FINAL_RMT_3954_Type3_UFreeze_Unequal3,31,0.0,10.0,1.0,1.5,500000,402914,0,0,0,0,0,0.0,0.0,0.0
FINAL_RMT_3954_Type3_UFreeze_Unequal3,31,0.0,10.0,1.0,1.6,500000,389868,0,0,0,0,0,0.0,0.0,0.0
FINAL_RMT_3954_Type3_UFreeze_Unequal3,31,0.0,10.0,1.0,1.8,500000,364012,0,0,0,0,0,0.0,0.0,0.0
FINAL_RMT_3954_Type3_UFreeze_Unequal3,31,0.0,10.0,1.0,2.0,500000,339351,0,0,0,0,0,0.0,0.0,0.0
FINAL_RMT_3954_Type3_UFreeze_Unequal3,31,0.0,10.0,1.0,2.2,500000,316290,0,0,0,0,0,0.0,0.0,0.0
FINAL_RMT_3954_Type3_UFreeze_Unequal3,31,0.0,10.0,1.0,2.4,500000,295017,0,0,0,0,0,0.0,0.0,0.0
FINAL_RMT_3954_Type3_UFreeze_Unequal3,31,0.0,10.0,1.0,2.6,500000,276069,0,0,0,0,0,0.0,0.0,0.0
FINAL_RMT_3954_Type3_UFreeze_Unequal3,31,0.0,10.0,1.0,2.8,500000,259145,0,0,0,0,0,0.0,0.0,0.0
FINAL_RMT_3954_Type3_UFreeze_Unequal3,31,0.0,10.0,1.0,3.0,500000,244038,0,0,0,0,0,0.0,0.0,0.0
FINAL_RMT_3954_Type3_UFreeze_Unequal3,31,0.0,10.0,1.0,3.2,500000,230592,0,0,0,0,0,0.0,0.0,0.0
FINAL_RMT_3954_Type3_UFreeze_Unequal3,31,0.0,10.0,1.0,3.4,500000,218627,0,0,0,0,0,0.0,0.0,0.0
FINAL_RMT_3954_Type3_UFreeze_Unequal3,31,0.0,10.0,1.0,3.6,500000,207970,0,0,0,0,0,0.0,0.0,0.0
FINAL_RMT_3954_Type3_UFreeze_Unequal3,31,0.0,10.0,1.0,3.8,500000,198315,0,0,0,0,0,0.0,0.0,0.0
FINAL_RMT_3954_Type3_UFreeze_Unequal3,31,0.0,10.0,1.0,4.0,500000,189657,0,0,0,0,0,0.0,0.0,0.0
FINAL_RMT_3954_Type3_UFreeze_Unequal3,31,0.0,10.0,1.0,4.5,500000,171077,0,0,0,0,0,0.0,0.0,0.0
FINAL_RMT_3954_Type3_UFreeze_Unequal3,31,0.0,10.0,1.0,5.0,500000,156303,0,0,0,0,0,0.0,0.0,0.0
FINAL_RMT_3954_Type3_UFreeze_Unequal3,31,0.0,10.0,1.0,5.5,500000,144217,0,0,0,0,0,0.0,0.0,0.0
FINAL_RMT_3954_Type3_UFreeze_Unequal3,31,0.0,10.0,1.0,6.0,500000,134388,0,0,0,0,0,0.0,0.0,0.0
FINAL_RMT_3954_Type3_UFreeze_Unequal3,31,0.0,10.0,1.0,7.0,500000,119170,0,0,0,0,0,0.0,0.0,0.0
FINAL_RMT_3954_Type3_UFreeze_Unequal3,31,0.0,10.0,1.0,8.0,500000,107926,0,0,0,0,1,0.0,0.0,0.0
FINAL_RMT_3954_Type3_UFreeze_Unequal3,31,0.0,10.0,1.0,9.0,500000,99097,0,0,0,0,0,0.0,0.0,0.0
FINAL_RMT_3954_Type3_UFreeze_Unequal3,31,0.0,10.0,1.0,10.0,500000,91995,0,0,0,0,3,0.0,0.0,0.0
FINAL_RMT_3954_Type3_UFreeze_Unequal4,32,0.0,1.0,10.0,0.1,500000,500000,0,0,0,0,0,0.0,0.0,0.0
FINAL_RMT_3954_Type3_UFreeze_Unequal4,32,0.0,1.0,10.0,0.2,500000,500000,0,0,0,0,0,0.0,0.0,0.0
FINAL_RMT_3954_Type3_UFreeze_Unequal4,32,0.0,1.0,10.0,0.3,500000,500000,0,0,0,0,0,0.0,0.0,0.0
FINAL_RMT_3954_Type3_UFreeze_Unequal4,32,0.0,1.0,10.0,0.4,500000,499876,0,0,0,0,0,0.0,0.0,0.0
FINAL_RMT_3954_Type3_UFreeze_Unequal4,32,0.0,1.0,10.0,0.5,500000,498732,0,0,0,0,0,0.0,0.0,0.0
FINAL_RMT_3954_Type3_UFreeze_Unequal4,32,0.0,1.0,10.0,0.58,500000,496006,0,0,0,0,0,0.0,0.0,0.0
FINAL_RMT_3954_Type3_UFreeze_Unequal4,32,0.0,1.0,10.0,0.6,500000,495049,0,0,0,0,0,0.0,0.0,0.0
FINAL_RMT_3954_Type3_UFreeze_Unequal4,32,0.0,1.0,10.0,0.7,500000,488877,0,0,0,0,0,0.0,0.0,0.0
FINAL_RMT_3954_Type3_UFreeze_Unequal4,32,0.0,1.0,10.0,0.8,500000,480598,0,0,0,0,0,0.0,0.0,0.0
FINAL_RMT_3954_Type3_UFreeze_Unequal4,32,0.0,1.0,10.0,0.9,500000,471253,0,0,0,0,0,0.0,0.0,0.0
FINAL_RMT_3954_Type3_UFreeze_Unequal4,32,0.0,1.0,10.0,1.0,500000,461448,0,0,0,0,0,0.0,0.0,0.0
FINAL_RMT_3954_Type3_UFreeze_Unequal4,32,0.0,1.0,10.0,1.1,500000,450966,0,0,0,0,0,0.0,0.0,0.0
FINAL_RMT_3954_Type3_UFreeze_Unequal4,32,0.0,1.0,10.0,1.2,500000,439833,0,0,0,0,0,0.0,0.0,0.0
FINAL_RMT_3954_Type3_UFreeze_Unequal4,32,0.0,1.0,10.0,1.3,500000,428013,0,0,0,0,0,0.0,0.0,0.0
FINAL_RMT_3954_Type3_UFreeze_Unequal4,32,0.0,1.0,10.0,1.4,500000,415585,0,0,0,0,0,0.0,0.0,0.0
FINAL_RMT_3954_Type3_UFreeze_Unequal4,32,0.0,1.0,10.0,1.5,500000,402914,0,0,0,0,2,0.0,0.0,0.0
FINAL_RMT_3954_Type3_UFreeze_Unequal4,32,0.0,1.0,10.0,1.6,500000,389868,0,0,0,0,1,0.0,0.0,0.0
FINAL_RMT_3954_Type3_UFreeze_Unequal4,32,0.0,1.0,10.0,1.8,500000,364012,0,0,0,0,4,0.0,0.0,0.0
FINAL_RMT_3954_Type3_UFreeze_Unequal4,32,0.0,1.0,10.0,2.0,500000,339351,0,0,0,0,20,0.0,0.0,0.0
FINAL_RMT_3954_Type3_UFreeze_Unequal4,32,0.0,1.0,10.0,2.2,500000,316290,0,0,0,0,50,0.0,0.0,0.0
FINAL_RMT_3954_Type3_UFreeze_Unequal4,32,0.0,1.0,10.0,2.4,500000,295017,0,0,0,0,112,0.0,0.0,0.0
FINAL_RMT_3954_Type3_UFreeze_Unequal4,32,0.0,1.0,10.0,2.6,500000,276069,0,0,0,0,175,0.0,0.0,0.0
FINAL_RMT_3954_Type3_UFreeze_Unequal4,32,0.0,1.0,10.0,2.8,500000,259145,0,0,0,0,262,0.0,0.0,0.0
FINAL_RMT_3954_Type3_UFreeze_Unequal4,32,0.0,1.0,10.0,3.0,500000,244038,0,0,0,0,394,0.0,0.0,0.0
FINAL_RMT_3954_Type3_UFreeze_Unequal4,32,0.0,1.0,10.0,3.2,500000,230592,0,0,0,0,556,0.0,0.0,0.0
FINAL_RMT_3954_Type3_UFreeze_Unequal4,32,0.0,1.0,10.0,3.4,500000,218627,0,0,0,0,723,0.0,0.0,0.0
FINAL_RMT_3954_Type3_UFreeze_Unequal4,32,0.0,1.0,10.0,3.6,500000,207970,0,0,0,0,950,0.0,0.0,0.0
FINAL_RMT_3954_Type3_UFreeze_Unequal4,32,0.0,1.0,10.0,3.8,500000,198315,0,0,0,0,1197,0.0,0.0,0.0
FINAL_RMT_3954_Type3_UFreeze_Unequal4,32,0.0,1.0,10.0,4.0,500000,189657,0,0,0,0,1440,0.0,0.0,0.0
FINAL_RMT_3954_Type3_UFreeze_Unequal4,32,0.0,1.0,10.0,4.5,500000,171077,0,0,0,0,1993,0.0,0.0,0.0
FINAL_RMT_3954_Type3_UFreeze_Unequal4,32,0.0,1.0,10.0,5.0,500000,156303,0,0,0,0,2657,0.0,0.0,0.0
FINAL_RMT_3954_Type3_UFreeze_Unequal4,32,0.0,1.0,10.0,5.5,500000,144217,0,0,0,0,3343,0.0,0.0,0.0
FINAL_RMT_3954_Type3_UFreeze_Unequal4,32,0.0,1.0,10.0,6.0,500000,134388,0,0,0,0,3933,0.0,0.0,0.0
FINAL_RMT_3954_Type3_UFreeze_Unequal4,32,0.0,1.0,10.0,7.0,500000,119170,0,0,0,0,4999,0.0,0.0,0.0
FINAL_RMT_3954_Type3_UFreeze_Unequal4,32,0.0,1.0,10.0,8.0,500000,107926,0,0,0,0,5864,0.0,0.0,0.0
FINAL_RMT_3954_Type3_UFreeze_Unequal4,32,0.0,1.0,10.0,9.0,500000,99097,0,0,0,0,6461,0.0,0.0,0.0
FINAL_RMT_3954_Type3_UFreeze_Unequal4,32,0.0,1.0,10.0,10.0,500000,91995,0,0,0,0,7033,0.0,0.0,0.0
FINAL_RMT_3954_Type3_UFreeze_Unequal5,33,0.0,0.1,10.0,0.1,500000,500000,0,0,0,0,0,0.0,0.0,0.0
FINAL_RMT_3954_Type3_UFreeze_Unequal5,33,0.0,0.1,10.0,0.2,500000,500000,0,0,0,0,0,0.0,0.0,0.0
FINAL_RMT_3954_Type3_UFreeze_Unequal5,33,0.0,0.1,10.0,0.3,500000,500000,0,0,0,0,0,0.0,0.0,0.0
FINAL_RMT_3954_Type3_UFreeze_Unequal5,33,0.0,0.1,10.0,0.4,500000,499876,0,0,0,0,0,0.0,0.0,0.0
FINAL_RMT_3954_Type3_UFreeze_Unequal5,33,0.0,0.1,10.0,0.5,500000,498732,0,0,0,0,0,0.0,0.0,0.0
FINAL_RMT_3954_Type3_UFreeze_Unequal5,33,0.0,0.1,10.0,0.58,500000,496006,0,0,0,0,0,0.0,0.0,0.0
FINAL_RMT_3954_Type3_UFreeze_Unequal5,33,0.0,0.1,10.0,0.6,500000,495049,0,0,0,0,0,0.0,0.0,0.0
FINAL_RMT_3954_Type3_UFreeze_Unequal5,33,0.0,0.1,10.0,0.7,500000,488877,0,0,0,0,0,0.0,0.0,0.0
FINAL_RMT_3954_Type3_UFreeze_Unequal5,33,0.0,0.1,10.0,0.8,500000,480598,0,0,0,0,0,0.0,0.0,0.0
FINAL_RMT_3954_Type3_UFreeze_Unequal5,33,0.0,0.1,10.0,0.9,500000,471253,0,0,0,0,0,0.0,0.0,0.0
FINAL_RMT_3954_Type3_UFreeze_Unequal5,33,0.0,0.1,10.0,1.0,500000,461448,0,0,0,0,0,0.0,0.0,0.0
FINAL_RMT_3954_Type3_UFreeze_Unequal5,33,0.0,0.1,10.0,1.1,500000,450966,0,0,0,0,0,0.0,0.0,0.0
FINAL_RMT_3954_Type3_UFreeze_Unequal5,33,0.0,0.1,10.0,1.2,500000,439833,0,0,0,0,0,0.0,0.0,0.0
FINAL_RMT_3954_Type3_UFreeze_Unequal5,33,0.0,0.1,10.0,1.3,500000,428013,0,0,0,0,0,0.0,0.0,0.0
FINAL_RMT_3954_Type3_UFreeze_Unequal5,33,0.0,0.1,10.0,1.4,500000,415585,0,0,0,0,0,0.0,0.0,0.0
FINAL_RMT_3954_Type3_UFreeze_Unequal5,33,0.0,0.1,10.0,1.5,500000,402914,0,0,0,0,2,0.0,0.0,0.0
FINAL_RMT_3954_Type3_UFreeze_Unequal5,33,0.0,0.1,10.0,1.6,500000,389868,0,0,0,0,1,0.0,0.0,0.0
FINAL_RMT_3954_Type3_UFreeze_Unequal5,33,0.0,0.1,10.0,1.8,500000,364012,0,0,0,0,9,0.0,0.0,0.0
FINAL_RMT_3954_Type3_UFreeze_Unequal5,33,0.0,0.1,10.0,2.0,500000,339351,0,0,0,0,37,0.0,0.0,0.0
FINAL_RMT_3954_Type3_UFreeze_Unequal5,33,0.0,0.1,10.0,2.2,500000,316290,0,0,0,0,102,0.0,0.0,0.0
FINAL_RMT_3954_Type3_UFreeze_Unequal5,33,0.0,0.1,10.0,2.4,500000,295017,0,0,0,0,187,0.0,0.0,0.0
FINAL_RMT_3954_Type3_UFreeze_Unequal5,33,0.0,0.1,10.0,2.6,500000,276069,0,0,0,0,313,0.0,0.0,0.0
FINAL_RMT_3954_Type3_UFreeze_Unequal5,33,0.0,0.1,10.0,2.8,500000,259145,0,0,0,0,484,0.0,0.0,0.0
FINAL_RMT_3954_Type3_UFreeze_Unequal5,33,0.0,0.1,10.0,3.0,500000,244038,0,0,0,0,692,0.0,0.0,0.0
FINAL_RMT_3954_Type3_UFreeze_Unequal5,33,0.0,0.1,10.0,3.2,500000,230592,0,0,0,0,948,0.0,0.0,0.0
FINAL_RMT_3954_Type3_UFreeze_Unequal5,33,0.0,0.1,10.0,3.4,500000,218627,0,0,0,0,1258,0.0,0.0,0.0
FINAL_RMT_3954_Type3_UFreeze_Unequal5,33,0.0,0.1,10.0,3.6,500000,207970,0,0,0,0,1607,0.0,0.0,0.0
FINAL_RMT_3954_Type3_UFreeze_Unequal5,33,0.0,0.1,10.0,3.8,500000,198315,0,0,0,0,2000,0.0,0.0,0.0
FINAL_RMT_3954_Type3_UFreeze_Unequal5,33,0.0,0.1,10.0,4.0,500000,189657,0,0,0,0,2370,0.0,0.0,0.0
FINAL_RMT_3954_Type3_UFreeze_Unequal5,33,0.0,0.1,10.0,4.5,500000,171077,0,0,0,0,3248,0.0,0.0,0.0
FINAL_RMT_3954_Type3_UFreeze_Unequal5,33,0.0,0.1,10.0,5.0,500000,156303,0,0,0,0,4291,0.0,0.0,0.0
FINAL_RMT_3954_Type3_UFreeze_Unequal5,33,0.0,0.1,10.0,5.5,500000,144217,0,0,0,0,5416,0.0,0.0,0.0
FINAL_RMT_3954_Type3_UFreeze_Unequal5,33,0.0,0.1,10.0,6.0,500000,134388,0,0,0,0,6281,0.0,0.0,0.0
FINAL_RMT_3954_Type3_UFreeze_Unequal5,33,0.0,0.1,10.0,7.0,500000,119170,0,0,0,0,7897,0.0,0.0,0.0
FINAL_RMT_3954_Type3_UFreeze_Unequal5,33,0.0,0.1,10.0,8.0,500000,107926,0,0,0,0,9346,0.0,0.0,0.0
FINAL_RMT_3954_Type3_UFreeze_Unequal5,33,0.0,0.1,10.0,9.0,500000,99097,0,0,0,0,10369,0.0,0.0,0.0
FINAL_RMT_3954_Type3_UFreeze_Unequal5,33,0.0,0.1,10.0,10.0,500000,91995,0,0,0,0,11348,0.0,0.0,0.0
FINAL_RMT_3954_Type3_UFreeze_Unequal6,34,0.0,10.0,0.1,0.1,500000,500000,0,0,0,0,0,0.0,0.0,0.0
FINAL_RMT_3954_Type3_UFreeze_Unequal6,34,0.0,10.0,0.1,0.2,500000,500000,0,0,0,0,0,0.0,0.0,0.0
FINAL_RMT_3954_Type3_UFreeze_Unequal6,34,0.0,10.0,0.1,0.3,500000,500000,0,0,0,0,0,0.0,0.0,0.0
FINAL_RMT_3954_Type3_UFreeze_Unequal6,34,0.0,10.0,0.1,0.4,500000,499876,0,0,0,0,0,0.0,0.0,0.0
FINAL_RMT_3954_Type3_UFreeze_Unequal6,34,0.0,10.0,0.1,0.5,500000,498732,0,0,0,0,0,0.0,0.0,0.0
FINAL_RMT_3954_Type3_UFreeze_Unequal6,34,0.0,10.0,0.1,0.58,500000,496006,0,0,0,0,0,0.0,0.0,0.0
FINAL_RMT_3954_Type3_UFreeze_Unequal6,34,0.0,10.0,0.1,0.6,500000,495049,0,0,0,0,0,0.0,0.0,0.0
FINAL_RMT_3954_Type3_UFreeze_Unequal6,34,0.0,10.0,0.1,0.7,500000,488877,0,0,0,0,0,0.0,0.0,0.0
FINAL_RMT_3954_Type3_UFreeze_Unequal6,34,0.0,10.0,0.1,0.8,500000,480598,0,0,0,0,0,0.0,0.0,0.0
FINAL_RMT_3954_Type3_UFreeze_Unequal6,34,0.0,10.0,0.1,0.9,500000,471253,0,0,0,0,0,0.0,0.0,0.0
FINAL_RMT_3954_Type3_UFreeze_Unequal6,34,0.0,10.0,0.1,1.0,500000,461448,0,0,0,0,0,0.0,0.0,0.0
FINAL_RMT_3954_Type3_UFreeze_Unequal6,34,0.0,10.0,0.1,1.1,500000,450966,0,0,0,0,0,0.0,0.0,0.0
FINAL_RMT_3954_Type3_UFreeze_Unequal6,34,0.0,10.0,0.1,1.2,500000,439833,0,0,0,0,0,0.0,0.0,0.0
FINAL_RMT_3954_Type3_UFreeze_Unequal6,34,0.0,10.0,0.1,1.3,500000,428013,0,0,0,0,0,0.0,0.0,0.0
FINAL_RMT_3954_Type3_UFreeze_Unequal6,34,0.0,10.0,0.1,1.4,500000,415585,0,0,0,0,0,0.0,0.0,0.0
FINAL_RMT_3954_Type3_UFreeze_Unequal6,34,0.0,10.0,0.1,1.5,500000,402914,0,0,0,0,0,0.0,0.0,0.0
FINAL_RMT_3954_Type3_UFreeze_Unequal6,34,0.0,10.0,0.1,1.6,500000,389868,0,0,0,0,0,0.0,0.0,0.0
FINAL_RMT_3954_Type3_UFreeze_Unequal6,34,0.0,10.0,0.1,1.8,500000,364012,0,0,0,0,0,0.0,0.0,0.0
FINAL_RMT_3954_Type3_UFreeze_Unequal6,34,0.0,10.0,0.1,2.0,500000,339351,0,0,0,0,0,0.0,0.0,0.0
FINAL_RMT_3954_Type3_UFreeze_Unequal6,34,0.0,10.0,0.1,2.2,500000,316290,0,0,0,0,0,0.0,0.0,0.0
FINAL_RMT_3954_Type3_UFreeze_Unequal6,34,0.0,10.0,0.1,2.4,500000,295017,0,0,0,0,0,0.0,0.0,0.0
FINAL_RMT_3954_Type3_UFreeze_Unequal6,34,0.0,10.0,0.1,2.6,500000,276069,0,0,0,0,0,0.0,0.0,0.0
FINAL_RMT_3954_Type3_UFreeze_Unequal6,34,0.0,10.0,0.1,2.8,500000,259145,0,0,0,0,0,0.0,0.0,0.0
FINAL_RMT_3954_Type3_UFreeze_Unequal6,34,0.0,10.0,0.1,3.0,500000,244038,0,0,0,0,0,0.0,0.0,0.0
FINAL_RMT_3954_Type3_UFreeze_Unequal6,34,0.0,10.0,0.1,3.2,500000,230592,0,0,0,0,0,0.0,0.0,0.0
FINAL_RMT_3954_Type3_UFreeze_Unequal6,34,0.0,10.0,0.1,3.4,500000,218627,0,0,0,0,0,0.0,0.0,0.0
FINAL_RMT_3954_Type3_UFreeze_Unequal6,34,0.0,10.0,0.1,3.6,500000,207970,0,0,0,0,0,0.0,0.0,0.0
FINAL_RMT_3954_Type3_UFreeze_Unequal6,34,0.0,10.0,0.1,3.8,500000,198315,0,0,0,0,0,0.0,0.0,0.0
FINAL_RMT_3954_Type3_UFreeze_Unequal6,34,0.0,10.0,0.1,4.0,500000,189657,0,0,0,0,0,0.0,0.0,0.0
FINAL_RMT_3954_Type3_UFreeze_Unequal6,34,0.0,10.0,0.1,4.5,500000,171077,0,0,0,0,0,0.0,0.0,0.0
FINAL_RMT_3954_Type3_UFreeze_Unequal6,34,0.0,10.0,0.1,5.0,500000,156303,0,0,0,0,0,0.0,0.0,0.0
FINAL_RMT_3954_Type3_UFreeze_Unequal6,34,0.0,10.0,0.1,5.5,500000,144217,0,0,0,0,0,0.0,0.0,0.0
FINAL_RMT_3954_Type3_UFreeze_Unequal6,34,0.0,10.0,0.1,6.0,500000,134388,0,0,0,0,0,0.0,0.0,0.0
FINAL_RMT_3954_Type3_UFreeze_Unequal6,34,0.0,10.0,0.1,7.0,500000,119170,0,0,0,0,0,0.0,0.0,0.0
FINAL_RMT_3954_Type3_UFreeze_Unequal6,34,0.0,10.0,0.1,8.0,500000,107926,0,0,0,0,0,0.0,0.0,0.0
FINAL_RMT_3954_Type3_UFreeze_Unequal6,34,0.0,10.0,0.1,9.0,500000,99097,0,0,0,0,0,0.0,0.0,0.0
FINAL_RMT_3954_Type3_UFreeze_Unequal6,34,0.0,10.0,0.1,10.0,500000,91995,0,0,0,0,0,0.0,0.0,0.0
FINAL_RMT_3954_Type3_WFreeze_Equal1,35,1.0,1.0,0.0,0.1,500000,500000,0,0,0,0,0,0.0,0.0,0.0
FINAL_RMT_3954_Type3_WFreeze_Equal1,35,1.0,1.0,0.0,0.2,500000,500000,0,0,0,0,0,0.0,0.0,0.0
FINAL_RMT_3954_Type3_WFreeze_Equal1,35,1.0,1.0,0.0,0.3,500000,500000,0,0,0,0,0,0.0,0.0,0.0
FINAL_RMT_3954_Type3_WFreeze_Equal1,35,1.0,1.0,0.0,0.4,500000,499876,0,0,0,0,0,0.0,0.0,0.0
FINAL_RMT_3954_Type3_WFreeze_Equal1,35,1.0,1.0,0.0,0.5,500000,498732,0,0,0,0,0,0.0,0.0,0.0
FINAL_RMT_3954_Type3_WFreeze_Equal1,35,1.0,1.0,0.0,0.58,500000,496006,1,1,1,0,0,0.0002,0.0002,0.0002
FINAL_RMT_3954_Type3_WFreeze_Equal1,35,1.0,1.0,0.0,0.6,500000,495049,3,3,3,0,0,0.0006,0.0006,0.0006
FINAL_RMT_3954_Type3_WFreeze_Equal1,35,1.0,1.0,0.0,0.7,500000,488877,22,22,22,0,0,0.0044,0.0044,0.0044
FINAL_RMT_3954_Type3_WFreeze_Equal1,35,1.0,1.0,0.0,0.8,500000,480598,103,103,103,0,0,0.0206,0.0206,0.0206
FINAL_RMT_3954_Type3_WFreeze_Equal1,35,1.0,1.0,0.0,0.9,500000,471253,319,319,319,0,0,0.0638,0.0638,0.0638
FINAL_RMT_3954_Type3_WFreeze_Equal1,35,1.0,1.0,0.0,1.0,500000,461448,617,617,617,0,0,0.1234,0.1234,0.1234
FINAL_RMT_3954_Type3_WFreeze_Equal1,35,1.0,1.0,0.0,1.1,500000,450966,1068,1068,1068,0,0,0.2136,0.2136,0.2136
FINAL_RMT_3954_Type3_WFreeze_Equal1,35,1.0,1.0,0.0,1.2,500000,439833,1590,1590,1590,0,0,0.318,0.318,0.318
FINAL_RMT_3954_Type3_WFreeze_Equal1,35,1.0,1.0,0.0,1.3,500000,428013,2114,2114,2114,0,0,0.4228,0.4228,0.4228
FINAL_RMT_3954_Type3_WFreeze_Equal1,35,1.0,1.0,0.0,1.4,500000,415585,2689,2689,2689,0,0,0.5378,0.5378,0.5378
FINAL_RMT_3954_Type3_WFreeze_Equal1,35,1.0,1.0,0.0,1.5,500000,402914,3295,3295,3295,0,0,0.659,0.659,0.659
FINAL_RMT_3954_Type3_WFreeze_Equal1,35,1.0,1.0,0.0,1.6,500000,389868,3847,3847,3847,0,0,0.7694,0.7694,0.7694
FINAL_RMT_3954_Type3_WFreeze_Equal1,35,1.0,1.0,0.0,1.8,500000,364012,4915,4915,4915,0,0,0.983,0.983,0.983
FINAL_RMT_3954_Type3_WFreeze_Equal1,35,1.0,1.0,0.0,2.0,500000,339351,5822,5822,5822,0,0,1.1644,1.1644,1.1644
FINAL_RMT_3954_Type3_WFreeze_Equal1,35,1.0,1.0,0.0,2.2,500000,316290,6817,6817,6817,0,0,1.3634,1.3634,1.3634
FINAL_RMT_3954_Type3_WFreeze_Equal1,35,1.0,1.0,0.0,2.4,500000,295017,7499,7499,7499,0,0,1.4998,1.4998,1.4998
FINAL_RMT_3954_Type3_WFreeze_Equal1,35,1.0,1.0,0.0,2.6,500000,276069,8209,8209,8209,0,0,1.6418,1.6418,1.6418
FINAL_RMT_3954_Type3_WFreeze_Equal1,35,1.0,1.0,0.0,2.8,500000,259145,8773,8773,8773,0,0,1.7546,1.7546,1.7546
FINAL_RMT_3954_Type3_WFreeze_Equal1,35,1.0,1.0,0.0,3.0,500000,244038,9335,9335,9335,0,0,1.867,1.867,1.867
FINAL_RMT_3954_Type3_WFreeze_Equal1,35,1.0,1.0,0.0,3.2,500000,230592,9888,9888,9888,0,0,1.9776,1.9776,1.9776
FINAL_RMT_3954_Type3_WFreeze_Equal1,35,1.0,1.0,0.0,3.4,500000,218627,10297,10297,10297,0,0,2.0594,2.0594,2.0594
FINAL_RMT_3954_Type3_WFreeze_Equal1,35,1.0,1.0,0.0,3.6,500000,207970,10689,10689,10689,0,0,2.1378,2.1378,2.1378
FINAL_RMT_3954_Type3_WFreeze_Equal1,35,1.0,1.0,0.0,3.8,500000,198315,10968,10968,10968,0,0,2.1936,2.1936,2.1936
FINAL_RMT_3954_Type3_WFreeze_Equal1,35,1.0,1.0,0.0,4.0,500000,189657,11394,11394,11394,0,0,2.2788,2.2788,2.2788
FINAL_RMT_3954_Type3_WFreeze_Equal1,35,1.0,1.0,0.0,4.5,500000,171077,12147,12147,12147,0,0,2.4294,2.4294,2.4294
FINAL_RMT_3954_Type3_WFreeze_Equal1,35,1.0,1.0,0.0,5.0,500000,156303,12811,12811,12811,0,0,2.5622,2.5622,2.5622
FINAL_RMT_3954_Type3_WFreeze_Equal1,35,1.0,1.0,0.0,5.5,500000,144217,13479,13479,13477,2,0,2.6958,2.6958,2.6954
FINAL_RMT_3954_Type3_WFreeze_Equal1,35,1.0,1.0,0.0,6.0,500000,134388,13978,13978,13963,15,0,2.7956,2.7956,2.7926
FINAL_RMT_3954_Type3_WFreeze_Equal1,35,1.0,1.0,0.0,7.0,500000,119170,14799,14799,14722,77,0,2.9598,2.9598,2.9444
FINAL_RMT_3954_Type3_WFreeze_Equal1,35,1.0,1.0,0.0,8.0,500000,107926,15487,15487,15250,237,0,3.0974,3.0974,3.05
FINAL_RMT_3954_Type3_WFreeze_Equal1,35,1.0,1.0,0.0,9.0,500000,99097,15956,15956,15477,479,0,3.1912,3.1912,3.0954
FINAL_RMT_3954_Type3_WFreeze_Equal1,35,1.0,1.0,0.0,10.0,500000,91995,16394,16394,15536,858,0,3.2788,3.2788,3.1072
FINAL_RMT_3954_Type3_WFreeze_Equal2,36,0.1,0.1,0.0,0.1,500000,500000,0,0,0,0,0,0.0,0.0,0.0
FINAL_RMT_3954_Type3_WFreeze_Equal2,36,0.1,0.1,0.0,0.2,500000,500000,0,0,0,0,0,0.0,0.0,0.0
FINAL_RMT_3954_Type3_WFreeze_Equal2,36,0.1,0.1,0.0,0.3,500000,500000,0,0,0,0,0,0.0,0.0,0.0
FINAL_RMT_3954_Type3_WFreeze_Equal2,36,0.1,0.1,0.0,0.4,500000,499876,0,0,0,0,0,0.0,0.0,0.0
FINAL_RMT_3954_Type3_WFreeze_Equal2,36,0.1,0.1,0.0,0.5,500000,498732,0,0,0,0,0,0.0,0.0,0.0
FINAL_RMT_3954_Type3_WFreeze_Equal2,36,0.1,0.1,0.0,0.58,500000,496006,1,1,1,0,0,0.0002,0.0002,0.0002
FINAL_RMT_3954_Type3_WFreeze_Equal2,36,0.1,0.1,0.0,0.6,500000,495049,3,3,3,0,0,0.0006,0.0006,0.0006
FINAL_RMT_3954_Type3_WFreeze_Equal2,36,0.1,0.1,0.0,0.7,500000,488877,22,22,22,0,0,0.0044,0.0044,0.0044
FINAL_RMT_3954_Type3_WFreeze_Equal2,36,0.1,0.1,0.0,0.8,500000,480598,106,106,106,0,0,0.0212,0.0212,0.0212
FINAL_RMT_3954_Type3_WFreeze_Equal2,36,0.1,0.1,0.0,0.9,500000,471253,322,322,322,0,0,0.0644,0.0644,0.0644
FINAL_RMT_3954_Type3_WFreeze_Equal2,36,0.1,0.1,0.0,1.0,500000,461448,621,621,621,0,0,0.1242,0.1242,0.1242
FINAL_RMT_3954_Type3_WFreeze_Equal2,36,0.1,0.1,0.0,1.1,500000,450966,1074,1074,1074,0,0,0.2148,0.2148,0.2148
FINAL_RMT_3954_Type3_WFreeze_Equal2,36,0.1,0.1,0.0,1.2,500000,439833,1597,1597,1597,0,0,0.3194,0.3194,0.3194
FINAL_RMT_3954_Type3_WFreeze_Equal2,36,0.1,0.1,0.0,1.3,500000,428013,2122,2122,2122,0,0,0.4244,0.4244,0.4244
FINAL_RMT_3954_Type3_WFreeze_Equal2,36,0.1,0.1,0.0,1.4,500000,415585,2707,2707,2707,0,0,0.5414,0.5414,0.5414
FINAL_RMT_3954_Type3_WFreeze_Equal2,36,0.1,0.1,0.0,1.5,500000,402914,3308,3308,3308,0,0,0.6616,0.6616,0.6616
FINAL_RMT_3954_Type3_WFreeze_Equal2,36,0.1,0.1,0.0,1.6,500000,389868,3865,3865,3863,2,0,0.773,0.773,0.7726
FINAL_RMT_3954_Type3_WFreeze_Equal2,36,0.1,0.1,0.0,1.8,500000,364012,4935,4935,4927,8,0,0.987,0.987,0.9854
FINAL_RMT_3954_Type3_WFreeze_Equal2,36,0.1,0.1,0.0,2.0,500000,339351,5840,5840,5804,36,0,1.168,1.168,1.1608
FINAL_RMT_3954_Type3_WFreeze_Equal2,36,0.1,0.1,0.0,2.2,500000,316290,6829,6829,6728,101,0,1.3658,1.3658,1.3456
FINAL_RMT_3954_Type3_WFreeze_Equal2,36,0.1,0.1,0.0,2.4,500000,295017,7511,7511,7289,222,0,1.5022,1.5022,1.4578
FINAL_RMT_3954_Type3_WFreeze_Equal2,36,0.1,0.1,0.0,2.6,500000,276069,8224,8224,7812,412,0,1.6448,1.6448,1.5624
FINAL_RMT_3954_Type3_WFreeze_Equal2,36,0.1,0.1,0.0,2.8,500000,259145,8788,8788,8107,681,0,1.7576,1.7576,1.6214
FINAL_RMT_3954_Type3_WFreeze_Equal2,36,0.1,0.1,0.0,3.0,500000,244038,9354,9354,8288,1064,0,1.8708,1.8708,1.6576
FINAL_RMT_3954_Type3_WFreeze_Equal2,36,0.1,0.1,0.0,3.2,500000,230592,9899,9899,8393,1503,0,1.9798,1.9798,1.6786
FINAL_RMT_3954_Type3_WFreeze_Equal2,36,0.1,0.1,0.0,3.4,500000,218627,10309,10309,8329,1972,0,2.0618,2.0618,1.6658
FINAL_RMT_3954_Type3_WFreeze_Equal2,36,0.1,0.1,0.0,3.6,500000,207970,10702,10702,8152,2538,0,2.1404,2.1404,1.6304
FINAL_RMT_3954_Type3_WFreeze_Equal2,36,0.1,0.1,0.0,3.8,500000,198315,10980,10980,7843,3112,0,2.196,2.196,1.5686
FINAL_RMT_3954_Type3_WFreeze_Equal2,36,0.1,0.1,0.0,4.0,500000,189657,11402,11402,7666,3687,0,2.2804,2.2804,1.5332
FINAL_RMT_3954_Type3_WFreeze_Equal2,36,0.1,0.1,0.0,4.5,500000,171077,12153,12153,6955,5044,0,2.4306,2.4306,1.391
FINAL_RMT_3954_Type3_WFreeze_Equal2,36,0.1,0.1,0.0,5.0,500000,156303,12800,12800,6151,6302,0,2.56,2.56,1.2302
FINAL_RMT_3954_Type3_WFreeze_Equal2,36,0.1,0.1,0.0,5.5,500000,144217,13437,13437,5447,7331,0,2.6874,2.6874,1.0894
FINAL_RMT_3954_Type3_WFreeze_Equal2,36,0.1,0.1,0.0,6.0,500000,134388,13879,13879,4606,8151,0,2.7758,2.7758,0.9212
FINAL_RMT_3954_Type3_WFreeze_Equal2,36,0.1,0.1,0.0,7.0,500000,119170,14564,14564,3366,8824,0,2.9128,2.9128,0.6732
FINAL_RMT_3954_Type3_WFreeze_Equal2,36,0.1,0.1,0.0,8.0,500000,107926,14995,14995,2579,8650,0,2.999,2.999,0.5158
FINAL_RMT_3954_Type3_WFreeze_Equal2,36,0.1,0.1,0.0,9.0,500000,99097,15213,15213,1969,8157,0,3.0426,3.0426,0.3938
FINAL_RMT_3954_Type3_WFreeze_Equal2,36,0.1,0.1,0.0,10.0,500000,91995,15295,15295,1502,7482,0,3.059,3.059,0.3004
FINAL_RMT_3954_Type3_WFreeze_Equal3,37,10.0,10.0,0.0,0.1,500000,500000,0,0,0,0,0,0.0,0.0,0.0
FINAL_RMT_3954_Type3_WFreeze_Equal3,37,10.0,10.0,0.0,0.2,500000,500000,0,0,0,0,0,0.0,0.0,0.0
FINAL_RMT_3954_Type3_WFreeze_Equal3,37,10.0,10.0,0.0,0.3,500000,500000,0,0,0,0,0,0.0,0.0,0.0
FINAL_RMT_3954_Type3_WFreeze_Equal3,37,10.0,10.0,0.0,0.4,500000,499876,0,0,0,0,0,0.0,0.0,0.0
FINAL_RMT_3954_Type3_WFreeze_Equal3,37,10.0,10.0,0.0,0.5,500000,498732,0,0,0,0,0,0.0,0.0,0.0
FINAL_RMT_3954_Type3_WFreeze_Equal3,37,10.0,10.0,0.0,0.58,500000,496006,1,1,1,0,0,0.0002,0.0002,0.0002
FINAL_RMT_3954_Type3_WFreeze_Equal3,37,10.0,10.0,0.0,0.6,500000,495049,2,2,2,0,0,0.0004,0.0004,0.0004
FINAL_RMT_3954_Type3_WFreeze_Equal3,37,10.0,10.0,0.0,0.7,500000,488877,21,21,21,0,0,0.0042,0.0042,0.0042
FINAL_RMT_3954_Type3_WFreeze_Equal3,37,10.0,10.0,0.0,0.8,500000,480598,95,95,95,0,0,0.019,0.019,0.019
FINAL_RMT_3954_Type3_WFreeze_Equal3,37,10.0,10.0,0.0,0.9,500000,471253,290,290,290,0,0,0.058,0.058,0.058
FINAL_RMT_3954_Type3_WFreeze_Equal3,37,10.0,10.0,0.0,1.0,500000,461448,585,585,585,0,0,0.117,0.117,0.117
FINAL_RMT_3954_Type3_WFreeze_Equal3,37,10.0,10.0,0.0,1.1,500000,450966,1021,1021,1021,0,0,0.2042,0.2042,0.2042
FINAL_RMT_3954_Type3_WFreeze_Equal3,37,10.0,10.0,0.0,1.2,500000,439833,1520,1520,1520,0,0,0.304,0.304,0.304
FINAL_RMT_3954_Type3_WFreeze_Equal3,37,10.0,10.0,0.0,1.3,500000,428013,2023,2023,2023,0,0,0.4046,0.4046,0.4046
FINAL_RMT_3954_Type3_WFreeze_Equal3,37,10.0,10.0,0.0,1.4,500000,415585,2576,2576,2576,0,0,0.5152,0.5152,0.5152
FINAL_RMT_3954_Type3_WFreeze_Equal3,37,10.0,10.0,0.0,1.5,500000,402914,3162,3162,3162,0,0,0.6324,0.6324,0.6324
FINAL_RMT_3954_Type3_WFreeze_Equal3,37,10.0,10.0,0.0,1.6,500000,389868,3711,3711,3711,0,0,0.7422,0.7422,0.7422
FINAL_RMT_3954_Type3_WFreeze_Equal3,37,10.0,10.0,0.0,1.8,500000,364012,4772,4772,4772,0,0,0.9544,0.9544,0.9544
FINAL_RMT_3954_Type3_WFreeze_Equal3,37,10.0,10.0,0.0,2.0,500000,339351,5678,5678,5678,0,0,1.1356,1.1356,1.1356
FINAL_RMT_3954_Type3_WFreeze_Equal3,37,10.0,10.0,0.0,2.2,500000,316290,6667,6667,6667,0,0,1.3334,1.3334,1.3334
FINAL_RMT_3954_Type3_WFreeze_Equal3,37,10.0,10.0,0.0,2.4,500000,295017,7334,7334,7334,0,0,1.4668,1.4668,1.4668
FINAL_RMT_3954_Type3_WFreeze_Equal3,37,10.0,10.0,0.0,2.6,500000,276069,8040,8040,8040,0,0,1.608,1.608,1.608
FINAL_RMT_3954_Type3_WFreeze_Equal3,37,10.0,10.0,0.0,2.8,500000,259145,8629,8629,8629,0,0,1.7258,1.7258,1.7258
FINAL_RMT_3954_Type3_WFreeze_Equal3,37,10.0,10.0,0.0,3.0,500000,244038,9178,9178,9178,0,0,1.8356,1.8356,1.8356
FINAL_RMT_3954_Type3_WFreeze_Equal3,37,10.0,10.0,0.0,3.2,500000,230592,9753,9753,9753,0,0,1.9506,1.9506,1.9506
FINAL_RMT_3954_Type3_WFreeze_Equal3,37,10.0,10.0,0.0,3.4,500000,218627,10168,10168,10168,0,0,2.0336,2.0336,2.0336
FINAL_RMT_3954_Type3_WFreeze_Equal3,37,10.0,10.0,0.0,3.6,500000,207970,10571,10571,10571,0,0,2.1142,2.1142,2.1142
FINAL_RMT_3954_Type3_WFreeze_Equal3,37,10.0,10.0,0.0,3.8,500000,198315,10859,10859,10859,0,0,2.1718,2.1718,2.1718
FINAL_RMT_3954_Type3_WFreeze_Equal3,37,10.0,10.0,0.0,4.0,500000,189657,11284,11284,11284,0,0,2.2568,2.2568,2.2568
FINAL_RMT_3954_Type3_WFreeze_Equal3,37,10.0,10.0,0.0,4.5,500000,171077,12044,12044,12044,0,0,2.4088,2.4088,2.4088
FINAL_RMT_3954_Type3_WFreeze_Equal3,37,10.0,10.0,0.0,5.0,500000,156303,12718,12718,12718,0,0,2.5436,2.5436,2.5436
FINAL_RMT_3954_Type3_WFreeze_Equal3,37,10.0,10.0,0.0,5.5,500000,144217,13385,13385,13385,0,0,2.677,2.677,2.677
FINAL_RMT_3954_Type3_WFreeze_Equal3,37,10.0,10.0,0.0,6.0,500000,134388,13916,13916,13916,0,0,2.7832,2.7832,2.7832
FINAL_RMT_3954_Type3_WFreeze_Equal3,37,10.0,10.0,0.0,7.0,500000,119170,14739,14739,14739,0,0,2.9478,2.9478,2.9478
FINAL_RMT_3954_Type3_WFreeze_Equal3,37,10.0,10.0,0.0,8.0,500000,107926,15450,15450,15450,0,0,3.09,3.09,3.09
FINAL_RMT_3954_Type3_WFreeze_Equal3,37,10.0,10.0,0.0,9.0,500000,99097,15915,15915,15915,0,0,3.183,3.183,3.183
FINAL_RMT_3954_Type3_WFreeze_Equal3,37,10.0,10.0,0.0,10.0,500000,91995,16350,16350,16350,0,0,3.27,3.27,3.27
FINAL_RMT_3954_Type3_WFreeze_Lab1,38,2.0,1.0,0.0,0.1,500000,500000,0,0,0,0,0,0.0,0.0,0.0
FINAL_RMT_3954_Type3_WFreeze_Lab1,38,2.0,1.0,0.0,0.2,500000,500000,0,0,0,0,0,0.0,0.0,0.0
FINAL_RMT_3954_Type3_WFreeze_Lab1,38,2.0,1.0,0.0,0.3,500000,500000,0,0,0,0,0,0.0,0.0,0.0
FINAL_RMT_3954_Type3_WFreeze_Lab1,38,2.0,1.0,0.0,0.4,500000,499876,0,0,0,0,0,0.0,0.0,0.0
FINAL_RMT_3954_Type3_WFreeze_Lab1,38,2.0,1.0,0.0,0.5,500000,498732,1,1,1,0,0,0.0002,0.0002,0.0002
FINAL_RMT_3954_Type3_WFreeze_Lab1,38,2.0,1.0,0.0,0.58,500000,496006,26,26,26,0,0,0.0052,0.0052,0.0052
FINAL_RMT_3954_Type3_WFreeze_Lab1,38,2.0,1.0,0.0,0.6,500000,495049,45,45,45,0,0,0.009,0.009,0.009
FINAL_RMT_3954_Type3_WFreeze_Lab1,38,2.0,1.0,0.0,0.7,500000,488877,246,246,246,0,0,0.0492,0.0492,0.0492
FINAL_RMT_3954_Type3_WFreeze_Lab1,38,2.0,1.0,0.0,0.8,500000,480598,740,740,740,0,0,0.148,0.148,0.148
FINAL_RMT_3954_Type3_WFreeze_Lab1,38,2.0,1.0,0.0,0.9,500000,471253,1724,1724,1724,0,0,0.3448,0.3448,0.3448
FINAL_RMT_3954_Type3_WFreeze_Lab1,38,2.0,1.0,0.0,1.0,500000,461448,3054,3054,3054,0,0,0.6108,0.6108,0.6108
FINAL_RMT_3954_Type3_WFreeze_Lab1,38,2.0,1.0,0.0,1.1,500000,450966,4617,4617,4617,0,0,0.9234,0.9234,0.9234
FINAL_RMT_3954_Type3_WFreeze_Lab1,38,2.0,1.0,0.0,1.2,500000,439833,6210,6210,6210,0,0,1.242,1.242,1.242
FINAL_RMT_3954_Type3_WFreeze_Lab1,38,2.0,1.0,0.0,1.3,500000,428013,7856,7856,7856,0,0,1.5712,1.5712,1.5712
FINAL_RMT_3954_Type3_WFreeze_Lab1,38,2.0,1.0,0.0,1.4,500000,415585,9392,9392,9392,0,0,1.8784,1.8784,1.8784
FINAL_RMT_3954_Type3_WFreeze_Lab1,38,2.0,1.0,0.0,1.5,500000,402914,10939,10939,10939,0,0,2.1878,2.1878,2.1878
FINAL_RMT_3954_Type3_WFreeze_Lab1,38,2.0,1.0,0.0,1.6,500000,389868,12099,12099,12099,0,0,2.4198,2.4198,2.4198
FINAL_RMT_3954_Type3_WFreeze_Lab1,38,2.0,1.0,0.0,1.8,500000,364012,14283,14283,14283,0,0,2.8566,2.8566,2.8566
FINAL_RMT_3954_Type3_WFreeze_Lab1,38,2.0,1.0,0.0,2.0,500000,339351,15998,15998,15998,0,0,3.1996,3.1996,3.1996
FINAL_RMT_3954_Type3_WFreeze_Lab1,38,2.0,1.0,0.0,2.2,500000,316290,17488,17488,17488,0,0,3.4976,3.4976,3.4976
FINAL_RMT_3954_Type3_WFreeze_Lab1,38,2.0,1.0,0.0,2.4,500000,295017,18358,18358,18358,0,0,3.6716,3.6716,3.6716
FINAL_RMT_3954_Type3_WFreeze_Lab1,38,2.0,1.0,0.0,2.6,500000,276069,19119,19119,19119,0,0,3.8238,3.8238,3.8238
FINAL_RMT_3954_Type3_WFreeze_Lab1,38,2.0,1.0,0.0,2.8,500000,259145,19736,19736,19736,0,0,3.9472,3.9472,3.9472
FINAL_RMT_3954_Type3_WFreeze_Lab1,38,2.0,1.0,0.0,3.0,500000,244038,20165,20165,20165,0,0,4.033,4.033,4.033
FINAL_RMT_3954_Type3_WFreeze_Lab1,38,2.0,1.0,0.0,3.2,500000,230592,20648,20648,20648,0,0,4.1296,4.1296,4.1296
FINAL_RMT_3954_Type3_WFreeze_Lab1,38,2.0,1.0,0.0,3.4,500000,218627,20965,20965,20965,0,0,4.193,4.193,4.193
FINAL_RMT_3954_Type3_WFreeze_Lab1,38,2.0,1.0,0.0,3.6,500000,207970,21315,21315,21315,0,0,4.263,4.263,4.263
FINAL_RMT_3954_Type3_WFreeze_Lab1,38,2.0,1.0,0.0,3.8,500000,198315,21655,21655,21655,0,0,4.331,4.331,4.331
FINAL_RMT_3954_Type3_WFreeze_Lab1,38,2.0,1.0,0.0,4.0,500000,189657,21994,21994,21994,0,0,4.3988,4.3988,4.3988
FINAL_RMT_3954_Type3_WFreeze_Lab1,38,2.0,1.0,0.0,4.5,500000,171077,22418,22418,22418,0,0,4.4836,4.4836,4.4836
FINAL_RMT_3954_Type3_WFreeze_Lab1,38,2.0,1.0,0.0,5.0,500000,156303,22928,22928,22928,0,0,4.5856,4.5856,4.5856
FINAL_RMT_3954_Type3_WFreeze_Lab1,38,2.0,1.0,0.0,5.5,500000,144217,23253,23253,23250,3,0,4.6506,4.6506,4.65
FINAL_RMT_3954_Type3_WFreeze_Lab1,38,2.0,1.0,0.0,6.0,500000,134388,23513,23513,23496,17,0,4.7026,4.7026,4.6992
FINAL_RMT_3954_Type3_WFreeze_Lab1,38,2.0,1.0,0.0,7.0,500000,119170,23894,23894,23809,85,0,4.7788,4.7788,4.7618
FINAL_RMT_3954_Type3_WFreeze_Lab1,38,2.0,1.0,0.0,8.0,500000,107926,24105,24105,23855,250,0,4.821,4.821,4.771
FINAL_RMT_3954_Type3_WFreeze_Lab1,38,2.0,1.0,0.0,9.0,500000,99097,24262,24262,23752,510,0,4.8524,4.8524,4.7504
FINAL_RMT_3954_Type3_WFreeze_Lab1,38,2.0,1.0,0.0,10.0,500000,91995,24424,24424,23524,900,0,4.8848,4.8848,4.7048
FINAL_RMT_3954_Type3_WFreeze_Lab2,39,3.0,1.0,0.0,0.1,500000,500000,0,0,0,0,0,0.0,0.0,0.0
FINAL_RMT_3954_Type3_WFreeze_Lab2,39,3.0,1.0,0.0,0.2,500000,500000,0,0,0,0,0,0.0,0.0,0.0
FINAL_RMT_3954_Type3_WFreeze_Lab2,39,3.0,1.0,0.0,0.3,500000,500000,0,0,0,0,0,0.0,0.0,0.0
FINAL_RMT_3954_Type3_WFreeze_Lab2,39,3.0,1.0,0.0,0.4,500000,499876,0,0,0,0,0,0.0,0.0,0.0
FINAL_RMT_3954_Type3_WFreeze_Lab2,39,3.0,1.0,0.0,0.5,500000,498732,6,6,6,0,0,0.0012,0.0012,0.0012
FINAL_RMT_3954_Type3_WFreeze_Lab2,39,3.0,1.0,0.0,0.58,500000,496006,80,80,80,0,0,0.016,0.016,0.016
FINAL_RMT_3954_Type3_WFreeze_Lab2,39,3.0,1.0,0.0,0.6,500000,495049,134,134,134,0,0,0.0268,0.0268,0.0268
FINAL_RMT_3954_Type3_WFreeze_Lab2,39,3.0,1.0,0.0,0.7,500000,488877,585,585,585,0,0,0.117,0.117,0.117
FINAL_RMT_3954_Type3_WFreeze_Lab2,39,3.0,1.0,0.0,0.8,500000,480598,1622,1622,1622,0,0,0.3244,0.3244,0.3244
FINAL_RMT_3954_Type3_WFreeze_Lab2,39,3.0,1.0,0.0,0.9,500000,471253,3308,3308,3308,0,0,0.6616,0.6616,0.6616
FINAL_RMT_3954_Type3_WFreeze_Lab2,39,3.0,1.0,0.0,1.0,500000,461448,5715,5715,5715,0,0,1.143,1.143,1.143
FINAL_RMT_3954_Type3_WFreeze_Lab2,39,3.0,1.0,0.0,1.1,500000,450966,8182,8182,8182,0,0,1.6364,1.6364,1.6364
FINAL_RMT_3954_Type3_WFreeze_Lab2,39,3.0,1.0,0.0,1.2,500000,439833,10744,10744,10744,0,0,2.1488,2.1488,2.1488
FINAL_RMT_3954_Type3_WFreeze_Lab2,39,3.0,1.0,0.0,1.3,500000,428013,13317,13317,13317,0,0,2.6634,2.6634,2.6634
FINAL_RMT_3954_Type3_WFreeze_Lab2,39,3.0,1.0,0.0,1.4,500000,415585,15522,15522,15522,0,0,3.1044,3.1044,3.1044
FINAL_RMT_3954_Type3_WFreeze_Lab2,39,3.0,1.0,0.0,1.5,500000,402914,17562,17562,17562,0,0,3.5124,3.5124,3.5124
FINAL_RMT_3954_Type3_WFreeze_Lab2,39,3.0,1.0,0.0,1.6,500000,389868,19300,19300,19300,0,0,3.86,3.86,3.86
FINAL_RMT_3954_Type3_WFreeze_Lab2,39,3.0,1.0,0.0,1.8,500000,364012,22326,22326,22326,0,0,4.4652,4.4652,4.4652
FINAL_RMT_3954_Type3_WFreeze_Lab2,39,3.0,1.0,0.0,2.0,500000,339351,24556,24556,24556,0,0,4.9112,4.9112,4.9112
FINAL_RMT_3954_Type3_WFreeze_Lab2,39,3.0,1.0,0.0,2.2,500000,316290,25931,25931,25931,0,0,5.1862,5.1862,5.1862
FINAL_RMT_3954_Type3_WFreeze_Lab2,39,3.0,1.0,0.0,2.4,500000,295017,26872,26872,26872,0,0,5.3744,5.3744,5.3744
FINAL_RMT_3954_Type3_WFreeze_Lab2,39,3.0,1.0,0.0,2.6,500000,276069,27651,27651,27651,0,0,5.5302,5.5302,5.5302
FINAL_RMT_3954_Type3_WFreeze_Lab2,39,3.0,1.0,0.0,2.8,500000,259145,28093,28093,28093,0,0,5.6186,5.6186,5.6186
FINAL_RMT_3954_Type3_WFreeze_Lab2,39,3.0,1.0,0.0,3.0,500000,244038,28335,28335,28335,0,0,5.667,5.667,5.667
FINAL_RMT_3954_Type3_WFreeze_Lab2,39,3.0,1.0,0.0,3.2,500000,230592,28767,28767,28767,0,0,5.7534,5.7534,5.7534
FINAL_RMT_3954_Type3_WFreeze_Lab2,39,3.0,1.0,0.0,3.4,500000,218627,29110,29110,29110,0,0,5.822,5.822,5.822
FINAL_RMT_3954_Type3_WFreeze_Lab2,39,3.0,1.0,0.0,3.6,500000,207970,29366,29366,29366,0,0,5.8732,5.8732,5.8732
FINAL_RMT_3954_Type3_WFreeze_Lab2,39,3.0,1.0,0.0,3.8,500000,198315,29517,29517,29517,0,0,5.9034,5.9034,5.9034
FINAL_RMT_3954_Type3_WFreeze_Lab2,39,3.0,1.0,0.0,4.0,500000,189657,29699,29699,29699,0,0,5.9398,5.9398,5.9398
FINAL_RMT_3954_Type3_WFreeze_Lab2,39,3.0,1.0,0.0,4.5,500000,171077,29810,29810,29810,0,0,5.962,5.962,5.962
FINAL_RMT_3954_Type3_WFreeze_Lab2,39,3.0,1.0,0.0,5.0,500000,156303,29919,29919,29919,0,0,5.9838,5.9838,5.9838
FINAL_RMT_3954_Type3_WFreeze_Lab2,39,3.0,1.0,0.0,5.5,500000,144217,29950,29950,29947,3,0,5.99,5.99,5.9894
FINAL_RMT_3954_Type3_WFreeze_Lab2,39,3.0,1.0,0.0,6.0,500000,134388,29898,29898,29881,17,0,5.9796,5.9796,5.9762
FINAL_RMT_3954_Type3_WFreeze_Lab2,39,3.0,1.0,0.0,7.0,500000,119170,29845,29845,29759,86,0,5.969,5.969,5.9518
FINAL_RMT_3954_Type3_WFreeze_Lab2,39,3.0,1.0,0.0,8.0,500000,107926,29837,29837,29581,256,0,5.9674,5.9674,5.9162
FINAL_RMT_3954_Type3_WFreeze_Lab2,39,3.0,1.0,0.0,9.0,500000,99097,29596,29596,29076,520,0,5.9192,5.9192,5.8152
FINAL_RMT_3954_Type3_WFreeze_Lab2,39,3.0,1.0,0.0,10.0,500000,91995,29332,29332,28412,920,0,5.8664,5.8664,5.6824
FINAL_RMT_3954_Type3_WFreeze_Lab3,40,4.0,1.0,0.0,0.1,500000,500000,0,0,0,0,0,0.0,0.0,0.0
FINAL_RMT_3954_Type3_WFreeze_Lab3,40,4.0,1.0,0.0,0.2,500000,500000,0,0,0,0,0,0.0,0.0,0.0
FINAL_RMT_3954_Type3_WFreeze_Lab3,40,4.0,1.0,0.0,0.3,500000,500000,0,0,0,0,0,0.0,0.0,0.0
FINAL_RMT_3954_Type3_WFreeze_Lab3,40,4.0,1.0,0.0,0.4,500000,499876,0,0,0,0,0,0.0,0.0,0.0
FINAL_RMT_3954_Type3_WFreeze_Lab3,40,4.0,1.0,0.0,0.5,500000,498732,19,19,19,0,0,0.0038,0.0038,0.0038
FINAL_RMT_3954_Type3_WFreeze_Lab3,40,4.0,1.0,0.0,0.58,500000,496006,167,167,167,0,0,0.0334,0.0334,0.0334
FINAL_RMT_3954_Type3_WFreeze_Lab3,40,4.0,1.0,0.0,0.6,500000,495049,251,251,251,0,0,0.0502,0.0502,0.0502
FINAL_RMT_3954_Type3_WFreeze_Lab3,40,4.0,1.0,0.0,0.7,500000,488877,989,989,989,0,0,0.1978,0.1978,0.1978
FINAL_RMT_3954_Type3_WFreeze_Lab3,40,4.0,1.0,0.0,0.8,500000,480598,2512,2512,2512,0,0,0.5024,0.5024,0.5024
FINAL_RMT_3954_Type3_WFreeze_Lab3,40,4.0,1.0,0.0,0.9,500000,471253,4936,4936,4936,0,0,0.9872,0.9872,0.9872
FINAL_RMT_3954_Type3_WFreeze_Lab3,40,4.0,1.0,0.0,1.0,500000,461448,8110,8110,8110,0,0,1.622,1.622,1.622
FINAL_RMT_3954_Type3_WFreeze_Lab3,40,4.0,1.0,0.0,1.1,500000,450966,11358,11358,11358,0,0,2.2716,2.2716,2.2716
FINAL_RMT_3954_Type3_WFreeze_Lab3,40,4.0,1.0,0.0,1.2,500000,439833,14744,14744,14744,0,0,2.9488,2.9488,2.9488
FINAL_RMT_3954_Type3_WFreeze_Lab3,40,4.0,1.0,0.0,1.3,500000,428013,17870,17870,17870,0,0,3.574,3.574,3.574
FINAL_RMT_3954_Type3_WFreeze_Lab3,40,4.0,1.0,0.0,1.4,500000,415585,20630,20630,20630,0,0,4.126,4.126,4.126
FINAL_RMT_3954_Type3_WFreeze_Lab3,40,4.0,1.0,0.0,1.5,500000,402914,23173,23173,23173,0,0,4.6346,4.6346,4.6346
FINAL_RMT_3954_Type3_WFreeze_Lab3,40,4.0,1.0,0.0,1.6,500000,389868,25379,25379,25379,0,0,5.0758,5.0758,5.0758
FINAL_RMT_3954_Type3_WFreeze_Lab3,40,4.0,1.0,0.0,1.8,500000,364012,28863,28863,28863,0,0,5.7726,5.7726,5.7726
FINAL_RMT_3954_Type3_WFreeze_Lab3,40,4.0,1.0,0.0,2.0,500000,339351,31192,31192,31192,0,0,6.2384,6.2384,6.2384
FINAL_RMT_3954_Type3_WFreeze_Lab3,40,4.0,1.0,0.0,2.2,500000,316290,32679,32679,32679,0,0,6.5358,6.5358,6.5358
FINAL_RMT_3954_Type3_WFreeze_Lab3,40,4.0,1.0,0.0,2.4,500000,295017,33619,33619,33619,0,0,6.7238,6.7238,6.7238
FINAL_RMT_3954_Type3_WFreeze_Lab3,40,4.0,1.0,0.0,2.6,500000,276069,34312,34312,34312,0,0,6.8624,6.8624,6.8624
FINAL_RMT_3954_Type3_WFreeze_Lab3,40,4.0,1.0,0.0,2.8,500000,259145,34644,34644,34644,0,0,6.9288,6.9288,6.9288
FINAL_RMT_3954_Type3_WFreeze_Lab3,40,4.0,1.0,0.0,3.0,500000,244038,34908,34908,34908,0,0,6.9816,6.9816,6.9816
FINAL_RMT_3954_Type3_WFreeze_Lab3,40,4.0,1.0,0.0,3.2,500000,230592,35214,35214,35214,0,0,7.0428,7.0428,7.0428
FINAL_RMT_3954_Type3_WFreeze_Lab3,40,4.0,1.0,0.0,3.4,500000,218627,35516,35516,35516,0,0,7.1032,7.1032,7.1032
FINAL_RMT_3954_Type3_WFreeze_Lab3,40,4.0,1.0,0.0,3.6,500000,207970,35605,35605,35605,0,0,7.121,7.121,7.121
FINAL_RMT_3954_Type3_WFreeze_Lab3,40,4.0,1.0,0.0,3.8,500000,198315,35596,35596,35596,0,0,7.1192,7.1192,7.1192
FINAL_RMT_3954_Type3_WFreeze_Lab3,40,4.0,1.0,0.0,4.0,500000,189657,35578,35578,35578,0,0,7.1156,7.1156,7.1156
FINAL_RMT_3954_Type3_WFreeze_Lab3,40,4.0,1.0,0.0,4.5,500000,171077,35368,35368,35368,0,0,7.0736,7.0736,7.0736
FINAL_RMT_3954_Type3_WFreeze_Lab3,40,4.0,1.0,0.0,5.0,500000,156303,35118,35118,35118,0,0,7.0236,7.0236,7.0236
FINAL_RMT_3954_Type3_WFreeze_Lab3,40,4.0,1.0,0.0,5.5,500000,144217,34908,34908,34904,4,0,6.9816,6.9816,6.9808
FINAL_RMT_3954_Type3_WFreeze_Lab3,40,4.0,1.0,0.0,6.0,500000,134388,34721,34721,34704,17,0,6.9442,6.9442,6.9408
FINAL_RMT_3954_Type3_WFreeze_Lab3,40,4.0,1.0,0.0,7.0,500000,119170,34320,34320,34234,86,0,6.864,6.864,6.8468
FINAL_RMT_3954_Type3_WFreeze_Lab3,40,4.0,1.0,0.0,8.0,500000,107926,33925,33925,33668,257,0,6.785,6.785,6.7336
FINAL_RMT_3954_Type3_WFreeze_Lab3,40,4.0,1.0,0.0,9.0,500000,99097,33348,33348,32825,523,0,6.6696,6.6696,6.565
FINAL_RMT_3954_Type3_WFreeze_Lab3,40,4.0,1.0,0.0,10.0,500000,91995,32944,32944,32017,927,0,6.5888,6.5888,6.4034
FINAL_RMT_3954_Type3_WFreeze_Lab4,41,1.0,2.0,0.0,0.1,500000,500000,0,0,0,0,0,0.0,0.0,0.0
FINAL_RMT_3954_Type3_WFreeze_Lab4,41,1.0,2.0,0.0,0.2,500000,500000,0,0,0,0,0,0.0,0.0,0.0
FINAL_RMT_3954_Type3_WFreeze_Lab4,41,1.0,2.0,0.0,0.3,500000,500000,0,0,0,0,0,0.0,0.0,0.0
FINAL_RMT_3954_Type3_WFreeze_Lab4,41,1.0,2.0,0.0,0.4,500000,499876,0,0,0,0,0,0.0,0.0,0.0
FINAL_RMT_3954_Type3_WFreeze_Lab4,41,1.0,2.0,0.0,0.5,500000,498732,0,0,0,0,0,0.0,0.0,0.0
FINAL_RMT_3954_Type3_WFreeze_Lab4,41,1.0,2.0,0.0,0.58,500000,496006,0,0,0,0,0,0.0,0.0,0.0
FINAL_RMT_3954_Type3_WFreeze_Lab4,41,1.0,2.0,0.0,0.6,500000,495049,0,0,0,0,0,0.0,0.0,0.0
FINAL_RMT_3954_Type3_WFreeze_Lab4,41,1.0,2.0,0.0,0.7,500000,488877,0,0,0,0,0,0.0,0.0,0.0
FINAL_RMT_3954_Type3_WFreeze_Lab4,41,1.0,2.0,0.0,0.8,500000,480598,2,2,2,0,0,0.0004,0.0004,0.0004
FINAL_RMT_3954_Type3_WFreeze_Lab4,41,1.0,2.0,0.0,0.9,500000,471253,16,16,16,0,0,0.0032,0.0032,0.0032
FINAL_RMT_3954_Type3_WFreeze_Lab4,41,1.0,2.0,0.0,1.0,500000,461448,35,35,35,0,0,0.007,0.007,0.007
FINAL_RMT_3954_Type3_WFreeze_Lab4,41,1.0,2.0,0.0,1.1,500000,450966,67,67,67,0,0,0.0134,0.0134,0.0134
FINAL_RMT_3954_Type3_WFreeze_Lab4,41,1.0,2.0,0.0,1.2,500000,439833,146,146,146,0,0,0.0292,0.0292,0.0292
FINAL_RMT_3954_Type3_WFreeze_Lab4,41,1.0,2.0,0.0,1.3,500000,428013,221,221,221,0,0,0.0442,0.0442,0.0442
FINAL_RMT_3954_Type3_WFreeze_Lab4,41,1.0,2.0,0.0,1.4,500000,415585,328,328,328,0,0,0.0656,0.0656,0.0656
FINAL_RMT_3954_Type3_WFreeze_Lab4,41,1.0,2.0,0.0,1.5,500000,402914,425,425,425,0,0,0.085,0.085,0.085
FINAL_RMT_3954_Type3_WFreeze_Lab4,41,1.0,2.0,0.0,1.6,500000,389868,588,588,588,0,0,0.1176,0.1176,0.1176
FINAL_RMT_3954_Type3_WFreeze_Lab4,41,1.0,2.0,0.0,1.8,500000,364012,924,924,924,0,0,0.1848,0.1848,0.1848
FINAL_RMT_3954_Type3_WFreeze_Lab4,41,1.0,2.0,0.0,2.0,500000,339351,1231,1231,1231,0,0,0.2462,0.2462,0.2462
FINAL_RMT_3954_Type3_WFreeze_Lab4,41,1.0,2.0,0.0,2.2,500000,316290,1654,1654,1654,0,0,0.3308,0.3308,0.3308
FINAL_RMT_3954_Type3_WFreeze_Lab4,41,1.0,2.0,0.0,2.4,500000,295017,1983,1983,1983,0,0,0.3966,0.3966,0.3966
FINAL_RMT_3954_Type3_WFreeze_Lab4,41,1.0,2.0,0.0,2.6,500000,276069,2387,2387,2387,0,0,0.4774,0.4774,0.4774
FINAL_RMT_3954_Type3_WFreeze_Lab4,41,1.0,2.0,0.0,2.8,500000,259145,2710,2710,2710,0,0,0.542,0.542,0.542
FINAL_RMT_3954_Type3_WFreeze_Lab4,41,1.0,2.0,0.0,3.0,500000,244038,3069,3069,3069,0,0,0.6138,0.6138,0.6138
FINAL_RMT_3954_Type3_WFreeze_Lab4,41,1.0,2.0,0.0,3.2,500000,230592,3431,3431,3431,0,0,0.6862,0.6862,0.6862
FINAL_RMT_3954_Type3_WFreeze_Lab4,41,1.0,2.0,0.0,3.4,500000,218627,3761,3761,3761,0,0,0.7522,0.7522,0.7522
FINAL_RMT_3954_Type3_WFreeze_Lab4,41,1.0,2.0,0.0,3.6,500000,207970,4087,4087,4087,0,0,0.8174,0.8174,0.8174
FINAL_RMT_3954_Type3_WFreeze_Lab4,41,1.0,2.0,0.0,3.8,500000,198315,4339,4339,4339,0,0,0.8678,0.8678,0.8678
FINAL_RMT_3954_Type3_WFreeze_Lab4,41,1.0,2.0,0.0,4.0,500000,189657,4660,4660,4660,0,0,0.932,0.932,0.932
FINAL_RMT_3954_Type3_WFreeze_Lab4,41,1.0,2.0,0.0,4.5,500000,171077,5293,5293,5293,0,0,1.0586,1.0586,1.0586
FINAL_RMT_3954_Type3_WFreeze_Lab4,41,1.0,2.0,0.0,5.0,500000,156303,6005,6005,6005,0,0,1.201,1.201,1.201
FINAL_RMT_3954_Type3_WFreeze_Lab4,41,1.0,2.0,0.0,5.5,500000,144217,6534,6534,6534,0,0,1.3068,1.3068,1.3068
FINAL_RMT_3954_Type3_WFreeze_Lab4,41,1.0,2.0,0.0,6.0,500000,134388,7109,7109,7109,0,0,1.4218,1.4218,1.4218
FINAL_RMT_3954_Type3_WFreeze_Lab4,41,1.0,2.0,0.0,7.0,500000,119170,7951,7951,7951,0,0,1.5902,1.5902,1.5902
FINAL_RMT_3954_Type3_WFreeze_Lab4,41,1.0,2.0,0.0,8.0,500000,107926,8749,8749,8743,6,0,1.7498,1.7498,1.7486
FINAL_RMT_3954_Type3_WFreeze_Lab4,41,1.0,2.0,0.0,9.0,500000,99097,9355,9355,9334,21,0,1.871,1.871,1.8668
FINAL_RMT_3954_Type3_WFreeze_Lab4,41,1.0,2.0,0.0,10.0,500000,91995,9939,9939,9878,61,0,1.9878,1.9878,1.9756
FINAL_RMT_3954_Type3_WFreeze_Lab5,42,1.0,3.0,0.0,0.1,500000,500000,0,0,0,0,0,0.0,0.0,0.0
FINAL_RMT_3954_Type3_WFreeze_Lab5,42,1.0,3.0,0.0,0.2,500000,500000,0,0,0,0,0,0.0,0.0,0.0
FINAL_RMT_3954_Type3_WFreeze_Lab5,42,1.0,3.0,0.0,0.3,500000,500000,0,0,0,0,0,0.0,0.0,0.0
FINAL_RMT_3954_Type3_WFreeze_Lab5,42,1.0,3.0,0.0,0.4,500000,499876,0,0,0,0,0,0.0,0.0,0.0
FINAL_RMT_3954_Type3_WFreeze_Lab5,42,1.0,3.0,0.0,0.5,500000,498732,0,0,0,0,0,0.0,0.0,0.0
FINAL_RMT_3954_Type3_WFreeze_Lab5,42,1.0,3.0,0.0,0.58,500000,496006,0,0,0,0,0,0.0,0.0,0.0
FINAL_RMT_3954_Type3_WFreeze_Lab5,42,1.0,3.0,0.0,0.6,500000,495049,0,0,0,0,0,0.0,0.0,0.0
FINAL_RMT_3954_Type3_WFreeze_Lab5,42,1.0,3.0,0.0,0.7,500000,488877,0,0,0,0,0,0.0,0.0,0.0
FINAL_RMT_3954_Type3_WFreeze_Lab5,42,1.0,3.0,0.0,0.8,500000,480598,0,0,0,0,0,0.0,0.0,0.0
FINAL_RMT_3954_Type3_WFreeze_Lab5,42,1.0,3.0,0.0,0.9,500000,471253,0,0,0,0,0,0.0,0.0,0.0
FINAL_RMT_3954_Type3_WFreeze_Lab5,42,1.0,3.0,0.0,1.0,500000,461448,5,5,5,0,0,0.001,0.001,0.001
FINAL_RMT_3954_Type3_WFreeze_Lab5,42,1.0,3.0,0.0,1.1,500000,450966,4,4,4,0,0,0.0008,0.0008,0.0008
FINAL_RMT_3954_Type3_WFreeze_Lab5,42,1.0,3.0,0.0,1.2,500000,439833,17,17,17,0,0,0.0034,0.0034,0.0034
FINAL_RMT_3954_Type3_WFreeze_Lab5,42,1.0,3.0,0.0,1.3,500000,428013,32,32,32,0,0,0.0064,0.0064,0.0064
FINAL_RMT_3954_Type3_WFreeze_Lab5,42,1.0,3.0,0.0,1.4,500000,415585,44,44,44,0,0,0.0088,0.0088,0.0088
FINAL_RMT_3954_Type3_WFreeze_Lab5,42,1.0,3.0,0.0,1.5,500000,402914,83,83,83,0,0,0.0166,0.0166,0.0166
FINAL_RMT_3954_Type3_WFreeze_Lab5,42,1.0,3.0,0.0,1.6,500000,389868,116,116,116,0,0,0.0232,0.0232,0.0232
FINAL_RMT_3954_Type3_WFreeze_Lab5,42,1.0,3.0,0.0,1.8,500000,364012,229,229,229,0,0,0.0458,0.0458,0.0458
FINAL_RMT_3954_Type3_WFreeze_Lab5,42,1.0,3.0,0.0,2.0,500000,339351,330,330,330,0,0,0.066,0.066,0.066
FINAL_RMT_3954_Type3_WFreeze_Lab5,42,1.0,3.0,0.0,2.2,500000,316290,489,489,489,0,0,0.0978,0.0978,0.0978
FINAL_RMT_3954_Type3_WFreeze_Lab5,42,1.0,3.0,0.0,2.4,500000,295017,689,689,689,0,0,0.1378,0.1378,0.1378
FINAL_RMT_3954_Type3_WFreeze_Lab5,42,1.0,3.0,0.0,2.6,500000,276069,915,915,915,0,0,0.183,0.183,0.183
FINAL_RMT_3954_Type3_WFreeze_Lab5,42,1.0,3.0,0.0,2.8,500000,259145,1104,1104,1104,0,0,0.2208,0.2208,0.2208
FINAL_RMT_3954_Type3_WFreeze_Lab5,42,1.0,3.0,0.0,3.0,500000,244038,1325,1325,1325,0,0,0.265,0.265,0.265
FINAL_RMT_3954_Type3_WFreeze_Lab5,42,1.0,3.0,0.0,3.2,500000,230592,1528,1528,1528,0,0,0.3056,0.3056,0.3056
FINAL_RMT_3954_Type3_WFreeze_Lab5,42,1.0,3.0,0.0,3.4,500000,218627,1733,1733,1733,0,0,0.3466,0.3466,0.3466
FINAL_RMT_3954_Type3_WFreeze_Lab5,42,1.0,3.0,0.0,3.6,500000,207970,1980,1980,1980,0,0,0.396,0.396,0.396
FINAL_RMT_3954_Type3_WFreeze_Lab5,42,1.0,3.0,0.0,3.8,500000,198315,2156,2156,2156,0,0,0.4312,0.4312,0.4312
FINAL_RMT_3954_Type3_WFreeze_Lab5,42,1.0,3.0,0.0,4.0,500000,189657,2364,2364,2364,0,0,0.4728,0.4728,0.4728
FINAL_RMT_3954_Type3_WFreeze_Lab5,42,1.0,3.0,0.0,4.5,500000,171077,2884,2884,2884,0,0,0.5768,0.5768,0.5768
FINAL_RMT_3954_Type3_WFreeze_Lab5,42,1.0,3.0,0.0,5.0,500000,156303,3388,3388,3388,0,0,0.6776,0.6776,0.6776
FINAL_RMT_3954_Type3_WFreeze_Lab5,42,1.0,3.0,0.0,5.5,500000,144217,3935,3935,3935,0,0,0.787,0.787,0.787
FINAL_RMT_3954_Type3_WFreeze_Lab5,42,1.0,3.0,0.0,6.0,500000,134388,4367,4367,4367,0,0,0.8734,0.8734,0.8734
FINAL_RMT_3954_Type3_WFreeze_Lab5,42,1.0,3.0,0.0,7.0,500000,119170,5150,5150,5150,0,0,1.03,1.03,1.03
FINAL_RMT_3954_Type3_WFreeze_Lab5,42,1.0,3.0,0.0,8.0,500000,107926,5813,5813,5813,0,0,1.1626,1.1626,1.1626
FINAL_RMT_3954_Type3_WFreeze_Lab5,42,1.0,3.0,0.0,9.0,500000,99097,6396,6396,6396,0,0,1.2792,1.2792,1.2792
FINAL_RMT_3954_Type3_WFreeze_Lab5,42,1.0,3.0,0.0,10.0,500000,91995,6972,6972,6965,7,0,1.3944,1.3944,1.393
FINAL_RMT_3954_Type3_WFreeze_Lab6,43,1.0,4.0,0.0,0.1,500000,500000,0,0,0,0,0,0.0,0.0,0.0
FINAL_RMT_3954_Type3_WFreeze_Lab6,43,1.0,4.0,0.0,0.2,500000,500000,0,0,0,0,0,0.0,0.0,0.0
FINAL_RMT_3954_Type3_WFreeze_Lab6,43,1.0,4.0,0.0,0.3,500000,500000,0,0,0,0,0,0.0,0.0,0.0
FINAL_RMT_3954_Type3_WFreeze_Lab6,43,1.0,4.0,0.0,0.4,500000,499876,0,0,0,0,0,0.0,0.0,0.0
FINAL_RMT_3954_Type3_WFreeze_Lab6,43,1.0,4.0,0.0,0.5,500000,498732,0,0,0,0,0,0.0,0.0,0.0
FINAL_RMT_3954_Type3_WFreeze_Lab6,43,1.0,4.0,0.0,0.58,500000,496006,0,0,0,0,0,0.0,0.0,0.0
FINAL_RMT_3954_Type3_WFreeze_Lab6,43,1.0,4.0,0.0,0.6,500000,495049,0,0,0,0,0,0.0,0.0,0.0
FINAL_RMT_3954_Type3_WFreeze_Lab6,43,1.0,4.0,0.0,0.7,500000,488877,0,0,0,0,0,0.0,0.0,0.0
FINAL_RMT_3954_Type3_WFreeze_Lab6,43,1.0,4.0,0.0,0.8,500000,480598,0,0,0,0,0,0.0,0.0,0.0
FINAL_RMT_3954_Type3_WFreeze_Lab6,43,1.0,4.0,0.0,0.9,500000,471253,0,0,0,0,0,0.0,0.0,0.0
FINAL_RMT_3954_Type3_WFreeze_Lab6,43,1.0,4.0,0.0,1.0,500000,461448,0,0,0,0,0,0.0,0.0,0.0
FINAL_RMT_3954_Type3_WFreeze_Lab6,43,1.0,4.0,0.0,1.1,500000,450966,1,1,1,0,0,0.0002,0.0002,0.0002
FINAL_RMT_3954_Type3_WFreeze_Lab6,43,1.0,4.0,0.0,1.2,500000,439833,4,4,4,0,0,0.0008,0.0008,0.0008
FINAL_RMT_3954_Type3_WFreeze_Lab6,43,1.0,4.0,0.0,1.3,500000,428013,6,6,6,0,0,0.0012,0.0012,0.0012
FINAL_RMT_3954_Type3_WFreeze_Lab6,43,1.0,4.0,0.0,1.4,500000,415585,9,9,9,0,0,0.0018,0.0018,0.0018
FINAL_RMT_3954_Type3_WFreeze_Lab6,43,1.0,4.0,0.0,1.5,500000,402914,17,17,17,0,0,0.0034,0.0034,0.0034
FINAL_RMT_3954_Type3_WFreeze_Lab6,43,1.0,4.0,0.0,1.6,500000,389868,26,26,26,0,0,0.0052,0.0052,0.0052
FINAL_RMT_3954_Type3_WFreeze_Lab6,43,1.0,4.0,0.0,1.8,500000,364012,58,58,58,0,0,0.0116,0.0116,0.0116
FINAL_RMT_3954_Type3_WFreeze_Lab6,43,1.0,4.0,0.0,2.0,500000,339351,110,110,110,0,0,0.022,0.022,0.022
FINAL_RMT_3954_Type3_WFreeze_Lab6,43,1.0,4.0,0.0,2.2,500000,316290,171,171,171,0,0,0.0342,0.0342,0.0342
FINAL_RMT_3954_Type3_WFreeze_Lab6,43,1.0,4.0,0.0,2.4,500000,295017,275,275,275,0,0,0.055,0.055,0.055
FINAL_RMT_3954_Type3_WFreeze_Lab6,43,1.0,4.0,0.0,2.6,500000,276069,384,384,384,0,0,0.0768,0.0768,0.0768
FINAL_RMT_3954_Type3_WFreeze_Lab6,43,1.0,4.0,0.0,2.8,500000,259145,504,504,504,0,0,0.1008,0.1008,0.1008
FINAL_RMT_3954_Type3_WFreeze_Lab6,43,1.0,4.0,0.0,3.0,500000,244038,655,655,655,0,0,0.131,0.131,0.131
FINAL_RMT_3954_Type3_WFreeze_Lab6,43,1.0,4.0,0.0,3.2,500000,230592,788,788,788,0,0,0.1576,0.1576,0.1576
FINAL_RMT_3954_Type3_WFreeze_Lab6,43,1.0,4.0,0.0,3.4,500000,218627,912,912,912,0,0,0.1824,0.1824,0.1824
FINAL_RMT_3954_Type3_WFreeze_Lab6,43,1.0,4.0,0.0,3.6,500000,207970,1048,1048,1048,0,0,0.2096,0.2096,0.2096
FINAL_RMT_3954_Type3_WFreeze_Lab6,43,1.0,4.0,0.0,3.8,500000,198315,1175,1175,1175,0,0,0.235,0.235,0.235
FINAL_RMT_3954_Type3_WFreeze_Lab6,43,1.0,4.0,0.0,4.0,500000,189657,1355,1355,1355,0,0,0.271,0.271,0.271
FINAL_RMT_3954_Type3_WFreeze_Lab6,43,1.0,4.0,0.0,4.5,500000,171077,1733,1733,1733,0,0,0.3466,0.3466,0.3466
FINAL_RMT_3954_Type3_WFreeze_Lab6,43,1.0,4.0,0.0,5.0,500000,156303,2133,2133,2133,0,0,0.4266,0.4266,0.4266
FINAL_RMT_3954_Type3_WFreeze_Lab6,43,1.0,4.0,0.0,5.5,500000,144217,2519,2519,2519,0,0,0.5038,0.5038,0.5038
FINAL_RMT_3954_Type3_WFreeze_Lab6,43,1.0,4.0,0.0,6.0,500000,134388,2927,2927,2927,0,0,0.5854,0.5854,0.5854
FINAL_RMT_3954_Type3_WFreeze_Lab6,43,1.0,4.0,0.0,7.0,500000,119170,3642,3642,3642,0,0,0.7284,0.7284,0.7284
FINAL_RMT_3954_Type3_WFreeze_Lab6,43,1.0,4.0,0.0,8.0,500000,107926,4207,4207,4207,0,0,0.8414,0.8414,0.8414
FINAL_RMT_3954_Type3_WFreeze_Lab6,43,1.0,4.0,0.0,9.0,500000,99097,4748,4748,4748,0,0,0.9496,0.9496,0.9496
FINAL_RMT_3954_Type3_WFreeze_Lab6,43,1.0,4.0,0.0,10.0,500000,91995,5254,5254,5254,0,0,1.0508,1.0508,1.0508
FINAL_RMT_3954_Type3_WFreeze_Unequal1,44,1.0,0.1,0.0,0.1,500000,500000,0,0,0,0,0,0.0,0.0,0.0
FINAL_RMT_3954_Type3_WFreeze_Unequal1,44,1.0,0.1,0.0,0.2,500000,500000,0,0,0,0,0,0.0,0.0,0.0
FINAL_RMT_3954_Type3_WFreeze_Unequal1,44,1.0,0.1,0.0,0.3,500000,500000,0,0,0,0,0,0.0,0.0,0.0
FINAL_RMT_3954_Type3_WFreeze_Unequal1,44,1.0,0.1,0.0,0.4,500000,499876,10,10,10,0,0,0.002,0.002,0.002
FINAL_RMT_3954_Type3_WFreeze_Unequal1,44,1.0,0.1,0.0,0.5,500000,498732,144,144,144,0,0,0.0288,0.0288,0.0288
FINAL_RMT_3954_Type3_WFreeze_Unequal1,44,1.0,0.1,0.0,0.58,500000,496006,712,712,712,0,0,0.1424,0.1424,0.1424
FINAL_RMT_3954_Type3_WFreeze_Unequal1,44,1.0,0.1,0.0,0.6,500000,495049,1019,1019,1019,0,0,0.2038,0.2038,0.2038
FINAL_RMT_3954_Type3_WFreeze_Unequal1,44,1.0,0.1,0.0,0.7,500000,488877,3071,3071,3071,0,0,0.6142,0.6142,0.6142
FINAL_RMT_3954_Type3_WFreeze_Unequal1,44,1.0,0.1,0.0,0.8,500000,480598,6822,6822,6822,0,0,1.3644,1.3644,1.3644
FINAL_RMT_3954_Type3_WFreeze_Unequal1,44,1.0,0.1,0.0,0.9,500000,471253,11945,11945,11945,0,0,2.389,2.389,2.389
FINAL_RMT_3954_Type3_WFreeze_Unequal1,44,1.0,0.1,0.0,1.0,500000,461448,18080,18080,18080,0,0,3.616,3.616,3.616
FINAL_RMT_3954_Type3_WFreeze_Unequal1,44,1.0,0.1,0.0,1.1,500000,450966,24085,24085,24085,0,0,4.817,4.817,4.817
FINAL_RMT_3954_Type3_WFreeze_Unequal1,44,1.0,0.1,0.0,1.2,500000,439833,30100,30100,30100,0,0,6.02,6.02,6.02
FINAL_RMT_3954_Type3_WFreeze_Unequal1,44,1.0,0.1,0.0,1.3,500000,428013,35409,35409,35409,0,0,7.0818,7.0818,7.0818
FINAL_RMT_3954_Type3_WFreeze_Unequal1,44,1.0,0.1,0.0,1.4,500000,415585,40150,40150,40150,0,0,8.03,8.03,8.03
FINAL_RMT_3954_Type3_WFreeze_Unequal1,44,1.0,0.1,0.0,1.5,500000,402914,44131,44131,44127,4,0,8.8262,8.8262,8.8254
FINAL_RMT_3954_Type3_WFreeze_Unequal1,44,1.0,0.1,0.0,1.6,500000,389868,47476,47476,47471,5,0,9.4952,9.4952,9.4942
FINAL_RMT_3954_Type3_WFreeze_Unequal1,44,1.0,0.1,0.0,1.8,500000,364012,52142,52142,52121,21,0,10.4284,10.4284,10.4242
FINAL_RMT_3954_Type3_WFreeze_Unequal1,44,1.0,0.1,0.0,2.0,500000,339351,55156,55156,55059,97,0,11.0312,11.0312,11.0118
FINAL_RMT_3954_Type3_WFreeze_Unequal1,44,1.0,0.1,0.0,2.2,500000,316290,56664,56664,56393,271,0,11.3328,11.3328,11.2786
FINAL_RMT_3954_Type3_WFreeze_Unequal1,44,1.0,0.1,0.0,2.4,500000,295017,57457,57457,56876,581,0,11.4914,11.4914,11.3752
FINAL_RMT_3954_Type3_WFreeze_Unequal1,44,1.0,0.1,0.0,2.6,500000,276069,57838,57838,56826,1012,0,11.5676,11.5676,11.3652
FINAL_RMT_3954_Type3_WFreeze_Unequal1,44,1.0,0.1,0.0,2.8,500000,259145,58012,58012,56415,1597,0,11.6024,11.6024,11.283
FINAL_RMT_3954_Type3_WFreeze_Unequal1,44,1.0,0.1,0.0,3.0,500000,244038,57495,57495,55180,2315,0,11.499,11.499,11.036
FINAL_RMT_3954_Type3_WFreeze_Unequal1,44,1.0,0.1,0.0,3.2,500000,230592,57188,57188,53954,3234,0,11.4376,11.4376,10.7908
FINAL_RMT_3954_Type3_WFreeze_Unequal1,44,1.0,0.1,0.0,3.4,500000,218627,56612,56612,52392,4220,0,11.3224,11.3224,10.4784
FINAL_RMT_3954_Type3_WFreeze_Unequal1,44,1.0,0.1,0.0,3.6,500000,207970,56199,56199,50865,5334,0,11.2398,11.2398,10.173
FINAL_RMT_3954_Type3_WFreeze_Unequal1,44,1.0,0.1,0.0,3.8,500000,198315,55639,55639,49049,6590,0,11.1278,11.1278,9.8098
FINAL_RMT_3954_Type3_WFreeze_Unequal1,44,1.0,0.1,0.0,4.0,500000,189657,55168,55168,47439,7729,0,11.0336,11.0336,9.4878
FINAL_RMT_3954_Type3_WFreeze_Unequal1,44,1.0,0.1,0.0,4.5,500000,171077,53664,53664,42760,10904,0,10.7328,10.7328,8.552
FINAL_RMT_3954_Type3_WFreeze_Unequal1,44,1.0,0.1,0.0,5.0,500000,156303,52452,52452,38623,13829,0,10.4904,10.4904,7.7246
FINAL_RMT_3954_Type3_WFreeze_Unequal1,44,1.0,0.1,0.0,5.5,500000,144217,51355,51355,34706,16649,0,10.271,10.271,6.9412
FINAL_RMT_3954_Type3_WFreeze_Unequal1,44,1.0,0.1,0.0,6.0,500000,134388,50272,50272,31114,19158,0,10.0544,10.0544,6.2228
FINAL_RMT_3954_Type3_WFreeze_Unequal1,44,1.0,0.1,0.0,7.0,500000,119170,48373,48373,25079,23293,0,9.6746,9.6746,5.0158
FINAL_RMT_3954_Type3_WFreeze_Unequal1,44,1.0,0.1,0.0,8.0,500000,107926,46806,46806,20221,26576,0,9.3612,9.3612,4.0442
FINAL_RMT_3954_Type3_WFreeze_Unequal1,44,1.0,0.1,0.0,9.0,500000,99097,45230,45230,16396,28809,0,9.046,9.046,3.2792
FINAL_RMT_3954_Type3_WFreeze_Unequal1,44,1.0,0.1,0.0,10.0,500000,91995,43938,43938,13404,30451,0,8.7876,8.7876,2.6808
FINAL_RMT_3954_Type3_WFreeze_Unequal2,45,0.1,1.0,0.0,0.1,500000,500000,0,0,0,0,0,0.0,0.0,0.0
FINAL_RMT_3954_Type3_WFreeze_Unequal2,45,0.1,1.0,0.0,0.2,500000,500000,0,0,0,0,0,0.0,0.0,0.0
FINAL_RMT_3954_Type3_WFreeze_Unequal2,45,0.1,1.0,0.0,0.3,500000,500000,0,0,0,0,0,0.0,0.0,0.0
FINAL_RMT_3954_Type3_WFreeze_Unequal2,45,0.1,1.0,0.0,0.4,500000,499876,0,0,0,0,0,0.0,0.0,0.0
FINAL_RMT_3954_Type3_WFreeze_Unequal2,45,0.1,1.0,0.0,0.5,500000,498732,0,0,0,0,0,0.0,0.0,0.0
FINAL_RMT_3954_Type3_WFreeze_Unequal2,45,0.1,1.0,0.0,0.58,500000,496006,0,0,0,0,0,0.0,0.0,0.0
FINAL_RMT_3954_Type3_WFreeze_Unequal2,45,0.1,1.0,0.0,0.6,500000,495049,0,0,0,0,0,0.0,0.0,0.0
FINAL_RMT_3954_Type3_WFreeze_Unequal2,45,0.1,1.0,0.0,0.7,500000,488877,0,0,0,0,0,0.0,0.0,0.0
FINAL_RMT_3954_Type3_WFreeze_Unequal2,45,0.1,1.0,0.0,0.8,500000,480598,0,0,0,0,0,0.0,0.0,0.0
FINAL_RMT_3954_Type3_WFreeze_Unequal2,45,0.1,1.0,0.0,0.9,500000,471253,0,0,0,0,0,0.0,0.0,0.0
FINAL_RMT_3954_Type3_WFreeze_Unequal2,45,0.1,1.0,0.0,1.0,500000,461448,0,0,0,0,0,0.0,0.0,0.0
FINAL_RMT_3954_Type3_WFreeze_Unequal2,45,0.1,1.0,0.0,1.1,500000,450966,0,0,0,0,0,0.0,0.0,0.0
FINAL_RMT_3954_Type3_WFreeze_Unequal2,45,0.1,1.0,0.0,1.2,500000,439833,0,0,0,0,0,0.0,0.0,0.0
FINAL_RMT_3954_Type3_WFreeze_Unequal2,45,0.1,1.0,0.0,1.3,500000,428013,0,0,0,0,0,0.0,0.0,0.0
FINAL_RMT_3954_Type3_WFreeze_Unequal2,45,0.1,1.0,0.0,1.4,500000,415585,0,0,0,0,0,0.0,0.0,0.0
FINAL_RMT_3954_Type3_WFreeze_Unequal2,45,0.1,1.0,0.0,1.5,500000,402914,0,0,0,0,0,0.0,0.0,0.0
FINAL_RMT_3954_Type3_WFreeze_Unequal2,45,0.1,1.0,0.0,1.6,500000,389868,0,0,0,0,0,0.0,0.0,0.0
FINAL_RMT_3954_Type3_WFreeze_Unequal2,45,0.1,1.0,0.0,1.8,500000,364012,1,1,1,0,0,0.0002,0.0002,0.0002
FINAL_RMT_3954_Type3_WFreeze_Unequal2,45,0.1,1.0,0.0,2.0,500000,339351,2,2,2,0,0,0.0004,0.0004,0.0004
FINAL_RMT_3954_Type3_WFreeze_Unequal2,45,0.1,1.0,0.0,2.2,500000,316290,3,3,3,0,0,0.0006,0.0006,0.0006
FINAL_RMT_3954_Type3_WFreeze_Unequal2,45,0.1,1.0,0.0,2.4,500000,295017,7,7,7,0,0,0.0014,0.0014,0.0014
FINAL_RMT_3954_Type3_WFreeze_Unequal2,45,0.1,1.0,0.0,2.6,500000,276069,11,11,11,0,0,0.0022,0.0022,0.0022
FINAL_RMT_3954_Type3_WFreeze_Unequal2,45,0.1,1.0,0.0,2.8,500000,259145,16,16,16,0,0,0.0032,0.0032,0.0032
FINAL_RMT_3954_Type3_WFreeze_Unequal2,45,0.1,1.0,0.0,3.0,500000,244038,24,24,24,0,0,0.0048,0.0048,0.0048
FINAL_RMT_3954_Type3_WFreeze_Unequal2,45,0.1,1.0,0.0,3.2,500000,230592,38,38,38,0,0,0.0076,0.0076,0.0076
FINAL_RMT_3954_Type3_WFreeze_Unequal2,45,0.1,1.0,0.0,3.4,500000,218627,52,52,52,0,0,0.0104,0.0104,0.0104
FINAL_RMT_3954_Type3_WFreeze_Unequal2,45,0.1,1.0,0.0,3.6,500000,207970,67,67,67,0,0,0.0134,0.0134,0.0134
FINAL_RMT_3954_Type3_WFreeze_Unequal2,45,0.1,1.0,0.0,3.8,500000,198315,98,98,98,0,0,0.0196,0.0196,0.0196
FINAL_RMT_3954_Type3_WFreeze_Unequal2,45,0.1,1.0,0.0,4.0,500000,189657,113,113,113,0,0,0.0226,0.0226,0.0226
FINAL_RMT_3954_Type3_WFreeze_Unequal2,45,0.1,1.0,0.0,4.5,500000,171077,208,208,208,0,0,0.0416,0.0416,0.0416
FINAL_RMT_3954_Type3_WFreeze_Unequal2,45,0.1,1.0,0.0,5.0,500000,156303,297,297,297,0,0,0.0594,0.0594,0.0594
FINAL_RMT_3954_Type3_WFreeze_Unequal2,45,0.1,1.0,0.0,5.5,500000,144217,393,393,393,0,0,0.0786,0.0786,0.0786
FINAL_RMT_3954_Type3_WFreeze_Unequal2,45,0.1,1.0,0.0,6.0,500000,134388,540,540,535,5,0,0.108,0.108,0.107
FINAL_RMT_3954_Type3_WFreeze_Unequal2,45,0.1,1.0,0.0,7.0,500000,119170,837,837,811,26,0,0.1674,0.1674,0.1622
FINAL_RMT_3954_Type3_WFreeze_Unequal2,45,0.1,1.0,0.0,8.0,500000,107926,1134,1134,1047,87,0,0.2268,0.2268,0.2094
FINAL_RMT_3954_Type3_WFreeze_Unequal2,45,0.1,1.0,0.0,9.0,500000,99097,1436,1436,1230,206,0,0.2872,0.2872,0.246
FINAL_RMT_3954_Type3_WFreeze_Unequal2,45,0.1,1.0,0.0,10.0,500000,91995,1735,1735,1372,362,0,0.347,0.347,0.2744
FINAL_RMT_3954_Type3_WFreeze_Unequal3,46,10.0,1.0,0.0,0.1,500000,500000,0,0,0,0,0,0.0,0.0,0.0
FINAL_RMT_3954_Type3_WFreeze_Unequal3,46,10.0,1.0,0.0,0.2,500000,500000,0,0,0,0,0,0.0,0.0,0.0
FINAL_RMT_3954_Type3_WFreeze_Unequal3,46,10.0,1.0,0.0,0.3,500000,500000,0,0,0,0,0,0.0,0.0,0.0
FINAL_RMT_3954_Type3_WFreeze_Unequal3,46,10.0,1.0,0.0,0.4,500000,499876,9,9,9,0,0,0.0018,0.0018,0.0018
FINAL_RMT_3954_Type3_WFreeze_Unequal3,46,10.0,1.0,0.0,0.5,500000,498732,140,140,140,0,0,0.028,0.028,0.028
FINAL_RMT_3954_Type3_WFreeze_Unequal3,46,10.0,1.0,0.0,0.58,500000,496006,706,706,706,0,0,0.1412,0.1412,0.1412
FINAL_RMT_3954_Type3_WFreeze_Unequal3,46,10.0,1.0,0.0,0.6,500000,495049,1005,1005,1005,0,0,0.201,0.201,0.201
FINAL_RMT_3954_Type3_WFreeze_Unequal3,46,10.0,1.0,0.0,0.7,500000,488877,3040,3040,3040,0,0,0.608,0.608,0.608
FINAL_RMT_3954_Type3_WFreeze_Unequal3,46,10.0,1.0,0.0,0.8,500000,480598,6758,6758,6758,0,0,1.3516,1.3516,1.3516
FINAL_RMT_3954_Type3_WFreeze_Unequal3,46,10.0,1.0,0.0,0.9,500000,471253,11859,11859,11859,0,0,2.3718,2.3718,2.3718
FINAL_RMT_3954_Type3_WFreeze_Unequal3,46,10.0,1.0,0.0,1.0,500000,461448,17976,17976,17976,0,0,3.5952,3.5952,3.5952
FINAL_RMT_3954_Type3_WFreeze_Unequal3,46,10.0,1.0,0.0,1.1,500000,450966,23955,23955,23955,0,0,4.791,4.791,4.791
FINAL_RMT_3954_Type3_WFreeze_Unequal3,46,10.0,1.0,0.0,1.2,500000,439833,29955,29955,29955,0,0,5.991,5.991,5.991
FINAL_RMT_3954_Type3_WFreeze_Unequal3,46,10.0,1.0,0.0,1.3,500000,428013,35277,35277,35277,0,0,7.0554,7.0554,7.0554
FINAL_RMT_3954_Type3_WFreeze_Unequal3,46,10.0,1.0,0.0,1.4,500000,415585,39992,39992,39992,0,0,7.9984,7.9984,7.9984
FINAL_RMT_3954_Type3_WFreeze_Unequal3,46,10.0,1.0,0.0,1.5,500000,402914,43982,43982,43982,0,0,8.7964,8.7964,8.7964
FINAL_RMT_3954_Type3_WFreeze_Unequal3,46,10.0,1.0,0.0,1.6,500000,389868,47316,47316,47316,0,0,9.4632,9.4632,9.4632
FINAL_RMT_3954_Type3_WFreeze_Unequal3,46,10.0,1.0,0.0,1.8,500000,364012,52021,52021,52021,0,0,10.4042,10.4042,10.4042
FINAL_RMT_3954_Type3_WFreeze_Unequal3,46,10.0,1.0,0.0,2.0,500000,339351,55017,55017,55017,0,0,11.0034,11.0034,11.0034
FINAL_RMT_3954_Type3_WFreeze_Unequal3,46,10.0,1.0,0.0,2.2,500000,316290,56543,56543,56543,0,0,11.3086,11.3086,11.3086
FINAL_RMT_3954_Type3_WFreeze_Unequal3,46,10.0,1.0,0.0,2.4,500000,295017,57333,57333,57333,0,0,11.4666,11.4666,11.4666
FINAL_RMT_3954_Type3_WFreeze_Unequal3,46,10.0,1.0,0.0,2.6,500000,276069,57706,57706,57706,0,0,11.5412,11.5412,11.5412
FINAL_RMT_3954_Type3_WFreeze_Unequal3,46,10.0,1.0,0.0,2.8,500000,259145,57930,57930,57930,0,0,11.586,11.586,11.586
FINAL_RMT_3954_Type3_WFreeze_Unequal3,46,10.0,1.0,0.0,3.0,500000,244038,57393,57393,57393,0,0,11.4786,11.4786,11.4786
FINAL_RMT_3954_Type3_WFreeze_Unequal3,46,10.0,1.0,0.0,3.2,500000,230592,57111,57111,57111,0,0,11.4222,11.4222,11.4222
FINAL_RMT_3954_Type3_WFreeze_Unequal3,46,10.0,1.0,0.0,3.4,500000,218627,56550,56550,56550,0,0,11.31,11.31,11.31
FINAL_RMT_3954_Type3_WFreeze_Unequal3,46,10.0,1.0,0.0,3.6,500000,207970,56138,56138,56138,0,0,11.2276,11.2276,11.2276
FINAL_RMT_3954_Type3_WFreeze_Unequal3,46,10.0,1.0,0.0,3.8,500000,198315,55585,55585,55585,0,0,11.117,11.117,11.117
FINAL_RMT_3954_Type3_WFreeze_Unequal3,46,10.0,1.0,0.0,4.0,500000,189657,55102,55102,55102,0,0,11.0204,11.0204,11.0204
FINAL_RMT_3954_Type3_WFreeze_Unequal3,46,10.0,1.0,0.0,4.5,500000,171077,53606,53606,53606,0,0,10.7212,10.7212,10.7212
FINAL_RMT_3954_Type3_WFreeze_Unequal3,46,10.0,1.0,0.0,5.0,500000,156303,52407,52407,52407,0,0,10.4814,10.4814,10.4814
FINAL_RMT_3954_Type3_WFreeze_Unequal3,46,10.0,1.0,0.0,5.5,500000,144217,51321,51321,51317,4,0,10.2642,10.2642,10.2634
FINAL_RMT_3954_Type3_WFreeze_Unequal3,46,10.0,1.0,0.0,6.0,500000,134388,50243,50243,50226,17,0,10.0486,10.0486,10.0452
FINAL_RMT_3954_Type3_WFreeze_Unequal3,46,10.0,1.0,0.0,7.0,500000,119170,48346,48346,48260,86,0,9.6692,9.6692,9.652
FINAL_RMT_3954_Type3_WFreeze_Unequal3,46,10.0,1.0,0.0,8.0,500000,107926,46787,46787,46526,261,0,9.3574,9.3574,9.3052
FINAL_RMT_3954_Type3_WFreeze_Unequal3,46,10.0,1.0,0.0,9.0,500000,99097,45220,45220,44686,534,0,9.044,9.044,8.9372
FINAL_RMT_3954_Type3_WFreeze_Unequal3,46,10.0,1.0,0.0,10.0,500000,91995,43925,43925,42983,942,0,8.785,8.785,8.5966
FINAL_RMT_3954_Type3_WFreeze_Unequal4,47,1.0,10.0,0.0,0.1,500000,500000,0,0,0,0,0,0.0,0.0,0.0
FINAL_RMT_3954_Type3_WFreeze_Unequal4,47,1.0,10.0,0.0,0.2,500000,500000,0,0,0,0,0,0.0,0.0,0.0
FINAL_RMT_3954_Type3_WFreeze_Unequal4,47,1.0,10.0,0.0,0.3,500000,500000,0,0,0,0,0,0.0,0.0,0.0
FINAL_RMT_3954_Type3_WFreeze_Unequal4,47,1.0,10.0,0.0,0.4,500000,499876,0,0,0,0,0,0.0,0.0,0.0
FINAL_RMT_3954_Type3_WFreeze_Unequal4,47,1.0,10.0,0.0,0.5,500000,498732,0,0,0,0,0,0.0,0.0,0.0
FINAL_RMT_3954_Type3_WFreeze_Unequal4,47,1.0,10.0,0.0,0.58,500000,496006,0,0,0,0,0,0.0,0.0,0.0
FINAL_RMT_3954_Type3_WFreeze_Unequal4,47,1.0,10.0,0.0,0.6,500000,495049,0,0,0,0,0,0.0,0.0,0.0
FINAL_RMT_3954_Type3_WFreeze_Unequal4,47,1.0,10.0,0.0,0.7,500000,488877,0,0,0,0,0,0.0,0.0,0.0
FINAL_RMT_3954_Type3_WFreeze_Unequal4,47,1.0,10.0,0.0,0.8,500000,480598,0,0,0,0,0,0.0,0.0,0.0
FINAL_RMT_3954_Type3_WFreeze_Unequal4,47,1.0,10.0,0.0,0.9,500000,471253,0,0,0,0,0,0.0,0.0,0.0
FINAL_RMT_3954_Type3_WFreeze_Unequal4,47,1.0,10.0,0.0,1.0,500000,461448,0,0,0,0,0,0.0,0.0,0.0
FINAL_RMT_3954_Type3_WFreeze_Unequal4,47,1.0,10.0,0.0,1.1,500000,450966,0,0,0,0,0,0.0,0.0,0.0
FINAL_RMT_3954_Type3_WFreeze_Unequal4,47,1.0,10.0,0.0,1.2,500000,439833,0,0,0,0,0,0.0,0.0,0.0
FINAL_RMT_3954_Type3_WFreeze_Unequal4,47,1.0,10.0,0.0,1.3,500000,428013,0,0,0,0,0,0.0,0.0,0.0
FINAL_RMT_3954_Type3_WFreeze_Unequal4,47,1.0,10.0,0.0,1.4,500000,415585,0,0,0,0,0,0.0,0.0,0.0
FINAL_RMT_3954_Type3_WFreeze_Unequal4,47,1.0,10.0,0.0,1.5,500000,402914,0,0,0,0,0,0.0,0.0,0.0
FINAL_RMT_3954_Type3_WFreeze_Unequal4,47,1.0,10.0,0.0,1.6,500000,389868,0,0,0,0,0,0.0,0.0,0.0
FINAL_RMT_3954_Type3_WFreeze_Unequal4,47,1.0,10.0,0.0,1.8,500000,364012,1,1,1,0,0,0.0002,0.0002,0.0002
FINAL_RMT_3954_Type3_WFreeze_Unequal4,47,1.0,10.0,0.0,2.0,500000,339351,2,2,2,0,0,0.0004,0.0004,0.0004
FINAL_RMT_3954_Type3_WFreeze_Unequal4,47,1.0,10.0,0.0,2.2,500000,316290,3,3,3,0,0,0.0006,0.0006,0.0006
FINAL_RMT_3954_Type3_WFreeze_Unequal4,47,1.0,10.0,0.0,2.4,500000,295017,7,7,7,0,0,0.0014,0.0014,0.0014
FINAL_RMT_3954_Type3_WFreeze_Unequal4,47,1.0,10.0,0.0,2.6,500000,276069,11,11,11,0,0,0.0022,0.0022,0.0022
FINAL_RMT_3954_Type3_WFreeze_Unequal4,47,1.0,10.0,0.0,2.8,500000,259145,16,16,16,0,0,0.0032,0.0032,0.0032
FINAL_RMT_3954_Type3_WFreeze_Unequal4,47,1.0,10.0,0.0,3.0,500000,244038,24,24,24,0,0,0.0048,0.0048,0.0048
FINAL_RMT_3954_Type3_WFreeze_Unequal4,47,1.0,10.0,0.0,3.2,500000,230592,38,38,38,0,0,0.0076,0.0076,0.0076
FINAL_RMT_3954_Type3_WFreeze_Unequal4,47,1.0,10.0,0.0,3.4,500000,218627,51,51,51,0,0,0.0102,0.0102,0.0102
FINAL_RMT_3954_Type3_WFreeze_Unequal4,47,1.0,10.0,0.0,3.6,500000,207970,66,66,66,0,0,0.0132,0.0132,0.0132
FINAL_RMT_3954_Type3_WFreeze_Unequal4,47,1.0,10.0,0.0,3.8,500000,198315,96,96,96,0,0,0.0192,0.0192,0.0192
FINAL_RMT_3954_Type3_WFreeze_Unequal4,47,1.0,10.0,0.0,4.0,500000,189657,112,112,112,0,0,0.0224,0.0224,0.0224
FINAL_RMT_3954_Type3_WFreeze_Unequal4,47,1.0,10.0,0.0,4.5,500000,171077,208,208,208,0,0,0.0416,0.0416,0.0416
FINAL_RMT_3954_Type3_WFreeze_Unequal4,47,1.0,10.0,0.0,5.0,500000,156303,297,297,297,0,0,0.0594,0.0594,0.0594
FINAL_RMT_3954_Type3_WFreeze_Unequal4,47,1.0,10.0,0.0,5.5,500000,144217,392,392,392,0,0,0.0784,0.0784,0.0784
FINAL_RMT_3954_Type3_WFreeze_Unequal4,47,1.0,10.0,0.0,6.0,500000,134388,538,538,538,0,0,0.1076,0.1076,0.1076
FINAL_RMT_3954_Type3_WFreeze_Unequal4,47,1.0,10.0,0.0,7.0,500000,119170,834,834,834,0,0,0.1668,0.1668,0.1668
FINAL_RMT_3954_Type3_WFreeze_Unequal4,47,1.0,10.0,0.0,8.0,500000,107926,1134,1134,1134,0,0,0.2268,0.2268,0.2268
FINAL_RMT_3954_Type3_WFreeze_Unequal4,47,1.0,10.0,0.0,9.0,500000,99097,1434,1434,1434,0,0,0.2868,0.2868,0.2868
FINAL_RMT_3954_Type3_WFreeze_Unequal4,47,1.0,10.0,0.0,10.0,500000,91995,1734,1734,1734,0,0,0.3468,0.3468,0.3468
FINAL_RMT_3954_Type3_WFreeze_Unequal5,48,0.1,10.0,0.0,0.1,500000,500000,0,0,0,0,0,0.0,0.0,0.0
FINAL_RMT_3954_Type3_WFreeze_Unequal5,48,0.1,10.0,0.0,0.2,500000,500000,0,0,0,0,0,0.0,0.0,0.0
FINAL_RMT_3954_Type3_WFreeze_Unequal5,48,0.1,10.0,0.0,0.3,500000,500000,0,0,0,0,0,0.0,0.0,0.0
FINAL_RMT_3954_Type3_WFreeze_Unequal5,48,0.1,10.0,0.0,0.4,500000,499876,0,0,0,0,0,0.0,0.0,0.0
FINAL_RMT_3954_Type3_WFreeze_Unequal5,48,0.1,10.0,0.0,0.5,500000,498732,0,0,0,0,0,0.0,0.0,0.0
FINAL_RMT_3954_Type3_WFreeze_Unequal5,48,0.1,10.0,0.0,0.58,500000,496006,0,0,0,0,0,0.0,0.0,0.0
FINAL_RMT_3954_Type3_WFreeze_Unequal5,48,0.1,10.0,0.0,0.6,500000,495049,0,0,0,0,0,0.0,0.0,0.0
FINAL_RMT_3954_Type3_WFreeze_Unequal5,48,0.1,10.0,0.0,0.7,500000,488877,0,0,0,0,0,0.0,0.0,0.0
FINAL_RMT_3954_Type3_WFreeze_Unequal5,48,0.1,10.0,0.0,0.8,500000,480598,0,0,0,0,0,0.0,0.0,0.0
FINAL_RMT_3954_Type3_WFreeze_Unequal5,48,0.1,10.0,0.0,0.9,500000,471253,0,0,0,0,0,0.0,0.0,0.0
FINAL_RMT_3954_Type3_WFreeze_Unequal5,48,0.1,10.0,0.0,1.0,500000,461448,0,0,0,0,0,0.0,0.0,0.0
FINAL_RMT_3954_Type3_WFreeze_Unequal5,48,0.1,10.0,0.0,1.1,500000,450966,0,0,0,0,0,0.0,0.0,0.0
FINAL_RMT_3954_Type3_WFreeze_Unequal5,48,0.1,10.0,0.0,1.2,500000,439833,0,0,0,0,0,0.0,0.0,0.0
FINAL_RMT_3954_Type3_WFreeze_Unequal5,48,0.1,10.0,0.0,1.3,500000,428013,0,0,0,0,0,0.0,0.0,0.0
FINAL_RMT_3954_Type3_WFreeze_Unequal5,48,0.1,10.0,0.0,1.4,500000,415585,0,0,0,0,0,0.0,0.0,0.0
FINAL_RMT_3954_Type3_WFreeze_Unequal5,48,0.1,10.0,0.0,1.5,500000,402914,0,0,0,0,0,0.0,0.0,0.0
FINAL_RMT_3954_Type3_WFreeze_Unequal5,48,0.1,10.0,0.0,1.6,500000,389868,0,0,0,0,0,0.0,0.0,0.0
FINAL_RMT_3954_Type3_WFreeze_Unequal5,48,0.1,10.0,0.0,1.8,500000,364012,0,0,0,0,0,0.0,0.0,0.0
FINAL_RMT_3954_Type3_WFreeze_Unequal5,48,0.1,10.0,0.0,2.0,500000,339351,0,0,0,0,0,0.0,0.0,0.0
FINAL_RMT_3954_Type3_WFreeze_Unequal5,48,0.1,10.0,0.0,2.2,500000,316290,0,0,0,0,0,0.0,0.0,0.0
FINAL_RMT_3954_Type3_WFreeze_Unequal5,48,0.1,10.0,0.0,2.4,500000,295017,0,0,0,0,0,0.0,0.0,0.0
FINAL_RMT_3954_Type3_WFreeze_Unequal5,48,0.1,10.0,0.0,2.6,500000,276069,0,0,0,0,0,0.0,0.0,0.0
FINAL_RMT_3954_Type3_WFreeze_Unequal5,48,0.1,10.0,0.0,2.8,500000,259145,0,0,0,0,0,0.0,0.0,0.0
FINAL_RMT_3954_Type3_WFreeze_Unequal5,48,0.1,10.0,0.0,3.0,500000,244038,0,0,0,0,0,0.0,0.0,0.0
FINAL_RMT_3954_Type3_WFreeze_Unequal5,48,0.1,10.0,0.0,3.2,500000,230592,0,0,0,0,0,0.0,0.0,0.0
FINAL_RMT_3954_Type3_WFreeze_Unequal5,48,0.1,10.0,0.0,3.4,500000,218627,0,0,0,0,0,0.0,0.0,0.0
FINAL_RMT_3954_Type3_WFreeze_Unequal5,48,0.1,10.0,0.0,3.6,500000,207970,0,0,0,0,0,0.0,0.0,0.0
FINAL_RMT_3954_Type3_WFreeze_Unequal5,48,0.1,10.0,0.0,3.8,500000,198315,0,0,0,0,0,0.0,0.0,0.0
FINAL_RMT_3954_Type3_WFreeze_Unequal5,48,0.1,10.0,0.0,4.0,500000,189657,0,0,0,0,0,0.0,0.0,0.0
FINAL_RMT_3954_Type3_WFreeze_Unequal5,48,0.1,10.0,0.0,4.5,500000,171077,0,0,0,0,0,0.0,0.0,0.0
FINAL_RMT_3954_Type3_WFreeze_Unequal5,48,0.1,10.0,0.0,5.0,500000,156303,0,0,0,0,0,0.0,0.0,0.0
FINAL_RMT_3954_Type3_WFreeze_Unequal5,48,0.1,10.0,0.0,5.5,500000,144217,0,0,0,0,0,0.0,0.0,0.0
FINAL_RMT_3954_Type3_WFreeze_Unequal5,48,0.1,10.0,0.0,6.0,500000,134388,0,0,0,0,0,0.0,0.0,0.0
FINAL_RMT_3954_Type3_WFreeze_Unequal5,48,0.1,10.0,0.0,7.0,500000,119170,0,0,0,0,0,0.0,0.0,0.0
FINAL_RMT_3954_Type3_WFreeze_Unequal5,48,0.1,10.0,0.0,8.0,500000,107926,2,2,2,0,0,0.0004,0.0004,0.0004
FINAL_RMT_3954_Type3_WFreeze_Unequal5,48,0.1,10.0,0.0,9.0,500000,99097,2,2,2,0,0,0.0004,0.0004,0.0004
FINAL_RMT_3954_Type3_WFreeze_Unequal5,48,0.1,10.0,0.0,10.0,500000,91995,6,6,6,0,0,0.0012,0.0012,0.0012
FINAL_RMT_3954_Type3_WFreeze_Unequal6,49,10.0,0.1,0.0,0.1,500000,500000,0,0,0,0,0,0.0,0.0,0.0
FINAL_RMT_3954_Type3_WFreeze_Unequal6,49,10.0,0.1,0.0,0.2,500000,500000,0,0,0,0,0,0.0,0.0,0.0
FINAL_RMT_3954_Type3_WFreeze_Unequal6,49,10.0,0.1,0.0,0.3,500000,500000,0,0,0,0,0,0.0,0.0,0.0
FINAL_RMT_3954_Type3_WFreeze_Unequal6,49,10.0,0.1,0.0,0.4,500000,499876,70,70,70,0,0,0.014,0.014,0.014
FINAL_RMT_3954_Type3_WFreeze_Unequal6,49,10.0,0.1,0.0,0.5,500000,498732,920,920,920,0,0,0.184,0.184,0.184
FINAL_RMT_3954_Type3_WFreeze_Unequal6,49,10.0,0.1,0.0,0.58,500000,496006,3141,3141,3141,0,0,0.6282,0.6282,0.6282
FINAL_RMT_3954_Type3_WFreeze_Unequal6,49,10.0,0.1,0.0,0.6,500000,495049,4016,4016,4016,0,0,0.8032,0.8032,0.8032
FINAL_RMT_3954_Type3_WFreeze_Unequal6,49,10.0,0.1,0.0,0.7,500000,488877,10587,10587,10587,0,0,2.1174,2.1174,2.1174
FINAL_RMT_3954_Type3_WFreeze_Unequal6,49,10.0,0.1,0.0,0.8,500000,480598,20168,20168,20168,0,0,4.0336,4.0336,4.0336
FINAL_RMT_3954_Type3_WFreeze_Unequal6,49,10.0,0.1,0.0,0.9,500000,471253,31791,31791,31791,0,0,6.3582,6.3582,6.3582
FINAL_RMT_3954_Type3_WFreeze_Unequal6,49,10.0,0.1,0.0,1.0,500000,461448,44094,44094,44094,0,0,8.8188,8.8188,8.8188
FINAL_RMT_3954_Type3_WFreeze_Unequal6,49,10.0,0.1,0.0,1.1,500000,450966,56053,56053,56053,0,0,11.2106,11.2106,11.2106
FINAL_RMT_3954_Type3_WFreeze_Unequal6,49,10.0,0.1,0.0,1.2,500000,439833,67081,67081,67081,0,0,13.4162,13.4162,13.4162
FINAL_RMT_3954_Type3_WFreeze_Unequal6,49,10.0,0.1,0.0,1.3,500000,428013,76669,76669,76669,0,0,15.3338,15.3338,15.3338
FINAL_RMT_3954_Type3_WFreeze_Unequal6,49,10.0,0.1,0.0,1.4,500000,415585,84836,84836,84836,0,0,16.9672,16.9672,16.9672
FINAL_RMT_3954_Type3_WFreeze_Unequal6,49,10.0,0.1,0.0,1.5,500000,402914,91454,91454,91450,4,0,18.2908,18.2908,18.29
FINAL_RMT_3954_Type3_WFreeze_Unequal6,49,10.0,0.1,0.0,1.6,500000,389868,96465,96465,96459,6,0,19.293,19.293,19.2918
FINAL_RMT_3954_Type3_WFreeze_Unequal6,49,10.0,0.1,0.0,1.8,500000,364012,103156,103156,103131,25,0,20.6312,20.6312,20.6262
FINAL_RMT_3954_Type3_WFreeze_Unequal6,49,10.0,0.1,0.0,2.0,500000,339351,106933,106933,106828,105,0,21.3866,21.3866,21.3656
FINAL_RMT_3954_Type3_WFreeze_Unequal6,49,10.0,0.1,0.0,2.2,500000,316290,108412,108412,108104,308,0,21.6824,21.6824,21.6208
FINAL_RMT_3954_Type3_WFreeze_Unequal6,49,10.0,0.1,0.0,2.4,500000,295017,108006,108006,107365,641,0,21.6012,21.6012,21.473
FINAL_RMT_3954_Type3_WFreeze_Unequal6,49,10.0,0.1,0.0,2.6,500000,276069,107025,107025,105911,1114,0,21.405,21.405,21.1822
FINAL_RMT_3954_Type3_WFreeze_Unequal6,49,10.0,0.1,0.0,2.8,500000,259145,105574,105574,103850,1724,0,21.1148,21.1148,20.77
FINAL_RMT_3954_Type3_WFreeze_Unequal6,49,10.0,0.1,0.0,3.0,500000,244038,103822,103822,101289,2533,0,20.7644,20.7644,20.2578
FINAL_RMT_3954_Type3_WFreeze_Unequal6,49,10.0,0.1,0.0,3.2,500000,230592,101981,101981,98458,3523,0,20.3962,20.3962,19.6916
FINAL_RMT_3954_Type3_WFreeze_Unequal6,49,10.0,0.1,0.0,3.4,500000,218627,100090,100090,95444,4646,0,20.018,20.018,19.0888
FINAL_RMT_3954_Type3_WFreeze_Unequal6,49,10.0,0.1,0.0,3.6,500000,207970,98309,98309,92459,5850,0,19.6618,19.6618,18.4918
FINAL_RMT_3954_Type3_WFreeze_Unequal6,49,10.0,0.1,0.0,3.8,500000,198315,96453,96453,89275,7178,0,19.2906,19.2906,17.855
FINAL_RMT_3954_Type3_WFreeze_Unequal6,49,10.0,0.1,0.0,4.0,500000,189657,94732,94732,86315,8417,0,18.9464,18.9464,17.263
FINAL_RMT_3954_Type3_WFreeze_Unequal6,49,10.0,0.1,0.0,4.5,500000,171077,90402,90402,78559,11843,0,18.0804,18.0804,15.7118
FINAL_RMT_3954_Type3_WFreeze_Unequal6,49,10.0,0.1,0.0,5.0,500000,156303,86522,86522,71464,15058,0,17.3044,17.3044,14.2928
FINAL_RMT_3954_Type3_WFreeze_Unequal6,49,10.0,0.1,0.0,5.5,500000,144217,82991,82991,64892,18099,0,16.5982,16.5982,12.9784
FINAL_RMT_3954_Type3_WFreeze_Unequal6,49,10.0,0.1,0.0,6.0,500000,134388,80030,80030,59035,20995,0,16.006,16.006,11.807
FINAL_RMT_3954_Type3_WFreeze_Unequal6,49,10.0,0.1,0.0,7.0,500000,119170,75026,75026,49366,25660,0,15.0052,15.0052,9.8732
FINAL_RMT_3954_Type3_WFreeze_Unequal6,49,10.0,0.1,0.0,8.0,500000,107926,70866,70866,41530,29336,0,14.1732,14.1732,8.306
FINAL_RMT_3954_Type3_WFreeze_Unequal6,49,10.0,0.1,0.0,9.0,500000,99097,67254,67254,35271,31983,0,13.4508,13.4508,7.0542
FINAL_RMT_3954_Type3_WFreeze_Unequal6,49,10.0,0.1,0.0,10.0,500000,91995,64277,64277,30278,33999,0,12.8554,12.8554,6.0556
FINAL_RMT_3954_Type3_UWFreeze_Equal1,50,0.0,1.0,0.0,0.1,500000,500000,0,0,0,0,0,0.0,0.0,0.0
FINAL_RMT_3954_Type3_UWFreeze_Equal1,50,0.0,1.0,0.0,0.2,500000,500000,0,0,0,0,0,0.0,0.0,0.0
FINAL_RMT_3954_Type3_UWFreeze_Equal1,50,0.0,1.0,0.0,0.3,500000,500000,0,0,0,0,0,0.0,0.0,0.0
FINAL_RMT_3954_Type3_UWFreeze_Equal1,50,0.0,1.0,0.0,0.4,500000,499876,0,0,0,0,0,0.0,0.0,0.0
FINAL_RMT_3954_Type3_UWFreeze_Equal1,50,0.0,1.0,0.0,0.5,500000,498732,0,0,0,0,0,0.0,0.0,0.0
FINAL_RMT_3954_Type3_UWFreeze_Equal1,50,0.0,1.0,0.0,0.58,500000,496006,0,0,0,0,0,0.0,0.0,0.0
FINAL_RMT_3954_Type3_UWFreeze_Equal1,50,0.0,1.0,0.0,0.6,500000,495049,0,0,0,0,0,0.0,0.0,0.0
FINAL_RMT_3954_Type3_UWFreeze_Equal1,50,0.0,1.0,0.0,0.7,500000,488877,0,0,0,0,0,0.0,0.0,0.0
FINAL_RMT_3954_Type3_UWFreeze_Equal1,50,0.0,1.0,0.0,0.8,500000,480598,0,0,0,0,0,0.0,0.0,0.0
FINAL_RMT_3954_Type3_UWFreeze_Equal1,50,0.0,1.0,0.0,0.9,500000,471253,0,0,0,0,0,0.0,0.0,0.0
FINAL_RMT_3954_Type3_UWFreeze_Equal1,50,0.0,1.0,0.0,1.0,500000,461448,0,0,0,0,0,0.0,0.0,0.0
FINAL_RMT_3954_Type3_UWFreeze_Equal1,50,0.0,1.0,0.0,1.1,500000,450966,0,0,0,0,0,0.0,0.0,0.0
FINAL_RMT_3954_Type3_UWFreeze_Equal1,50,0.0,1.0,0.0,1.2,500000,439833,0,0,0,0,0,0.0,0.0,0.0
FINAL_RMT_3954_Type3_UWFreeze_Equal1,50,0.0,1.0,0.0,1.3,500000,428013,0,0,0,0,0,0.0,0.0,0.0
FINAL_RMT_3954_Type3_UWFreeze_Equal1,50,0.0,1.0,0.0,1.4,500000,415585,0,0,0,0,0,0.0,0.0,0.0
FINAL_RMT_3954_Type3_UWFreeze_Equal1,50,0.0,1.0,0.0,1.5,500000,402914,0,0,0,0,0,0.0,0.0,0.0
FINAL_RMT_3954_Type3_UWFreeze_Equal1,50,0.0,1.0,0.0,1.6,500000,389868,0,0,0,0,0,0.0,0.0,0.0
FINAL_RMT_3954_Type3_UWFreeze_Equal1,50,0.0,1.0,0.0,1.8,500000,364012,0,0,0,0,0,0.0,0.0,0.0
FINAL_RMT_3954_Type3_UWFreeze_Equal1,50,0.0,1.0,0.0,2.0,500000,339351,0,0,0,0,0,0.0,0.0,0.0
FINAL_RMT_3954_Type3_UWFreeze_Equal1,50,0.0,1.0,0.0,2.2,500000,316290,0,0,0,0,0,0.0,0.0,0.0
FINAL_RMT_3954_Type3_UWFreeze_Equal1,50,0.0,1.0,0.0,2.4,500000,295017,0,0,0,0,0,0.0,0.0,0.0
FINAL_RMT_3954_Type3_UWFreeze_Equal1,50,0.0,1.0,0.0,2.6,500000,276069,0,0,0,0,0,0.0,0.0,0.0
FINAL_RMT_3954_Type3_UWFreeze_Equal1,50,0.0,1.0,0.0,2.8,500000,259145,0,0,0,0,0,0.0,0.0,0.0
FINAL_RMT_3954_Type3_UWFreeze_Equal1,50,0.0,1.0,0.0,3.0,500000,244038,0,0,0,0,0,0.0,0.0,0.0
FINAL_RMT_3954_Type3_UWFreeze_Equal1,50,0.0,1.0,0.0,3.2,500000,230592,0,0,0,0,0,0.0,0.0,0.0
FINAL_RMT_3954_Type3_UWFreeze_Equal1,50,0.0,1.0,0.0,3.4,500000,218627,0,0,0,0,0,0.0,0.0,0.0
FINAL_RMT_3954_Type3_UWFreeze_Equal1,50,0.0,1.0,0.0,3.6,500000,207970,0,0,0,0,0,0.0,0.0,0.0
FINAL_RMT_3954_Type3_UWFreeze_Equal1,50,0.0,1.0,0.0,3.8,500000,198315,0,0,0,0,0,0.0,0.0,0.0
FINAL_RMT_3954_Type3_UWFreeze_Equal1,50,0.0,1.0,0.0,4.0,500000,189657,0,0,0,0,0,0.0,0.0,0.0
FINAL_RMT_3954_Type3_UWFreeze_Equal1,50,0.0,1.0,0.0,4.5,500000,171077,0,0,0,0,0,0.0,0.0,0.0
FINAL_RMT_3954_Type3_UWFreeze_Equal1,50,0.0,1.0,0.0,5.0,500000,156303,0,0,0,0,0,0.0,0.0,0.0
FINAL_RMT_3954_Type3_UWFreeze_Equal1,50,0.0,1.0,0.0,5.5,500000,144217,0,0,0,0,0,0.0,0.0,0.0
FINAL_RMT_3954_Type3_UWFreeze_Equal1,50,0.0,1.0,0.0,6.0,500000,134388,0,0,0,0,0,0.0,0.0,0.0
FINAL_RMT_3954_Type3_UWFreeze_Equal1,50,0.0,1.0,0.0,7.0,500000,119170,0,0,0,0,0,0.0,0.0,0.0
FINAL_RMT_3954_Type3_UWFreeze_Equal1,50,0.0,1.0,0.0,8.0,500000,107926,0,0,0,0,0,0.0,0.0,0.0
FINAL_RMT_3954_Type3_UWFreeze_Equal1,50,0.0,1.0,0.0,9.0,500000,99097,0,0,0,0,0,0.0,0.0,0.0
FINAL_RMT_3954_Type3_UWFreeze_Equal1,50,0.0,1.0,0.0,10.0,500000,91995,0,0,0,0,0,0.0,0.0,0.0
FINAL_RMT_3954_Type3_UWFreeze_Equal2,51,0.0,0.1,0.0,0.1,500000,500000,0,0,0,0,0,0.0,0.0,0.0
FINAL_RMT_3954_Type3_UWFreeze_Equal2,51,0.0,0.1,0.0,0.2,500000,500000,0,0,0,0,0,0.0,0.0,0.0
FINAL_RMT_3954_Type3_UWFreeze_Equal2,51,0.0,0.1,0.0,0.3,500000,500000,0,0,0,0,0,0.0,0.0,0.0
FINAL_RMT_3954_Type3_UWFreeze_Equal2,51,0.0,0.1,0.0,0.4,500000,499876,0,0,0,0,0,0.0,0.0,0.0
FINAL_RMT_3954_Type3_UWFreeze_Equal2,51,0.0,0.1,0.0,0.5,500000,498732,0,0,0,0,0,0.0,0.0,0.0
FINAL_RMT_3954_Type3_UWFreeze_Equal2,51,0.0,0.1,0.0,0.58,500000,496006,0,0,0,0,0,0.0,0.0,0.0
FINAL_RMT_3954_Type3_UWFreeze_Equal2,51,0.0,0.1,0.0,0.6,500000,495049,0,0,0,0,0,0.0,0.0,0.0
FINAL_RMT_3954_Type3_UWFreeze_Equal2,51,0.0,0.1,0.0,0.7,500000,488877,0,0,0,0,0,0.0,0.0,0.0
FINAL_RMT_3954_Type3_UWFreeze_Equal2,51,0.0,0.1,0.0,0.8,500000,480598,0,0,0,0,0,0.0,0.0,0.0
FINAL_RMT_3954_Type3_UWFreeze_Equal2,51,0.0,0.1,0.0,0.9,500000,471253,0,0,0,0,0,0.0,0.0,0.0
FINAL_RMT_3954_Type3_UWFreeze_Equal2,51,0.0,0.1,0.0,1.0,500000,461448,0,0,0,0,0,0.0,0.0,0.0
FINAL_RMT_3954_Type3_UWFreeze_Equal2,51,0.0,0.1,0.0,1.1,500000,450966,0,0,0,0,0,0.0,0.0,0.0
FINAL_RMT_3954_Type3_UWFreeze_Equal2,51,0.0,0.1,0.0,1.2,500000,439833,0,0,0,0,0,0.0,0.0,0.0
FINAL_RMT_3954_Type3_UWFreeze_Equal2,51,0.0,0.1,0.0,1.3,500000,428013,0,0,0,0,0,0.0,0.0,0.0
FINAL_RMT_3954_Type3_UWFreeze_Equal2,51,0.0,0.1,0.0,1.4,500000,415585,0,0,0,0,0,0.0,0.0,0.0
FINAL_RMT_3954_Type3_UWFreeze_Equal2,51,0.0,0.1,0.0,1.5,500000,402914,0,0,0,0,0,0.0,0.0,0.0
FINAL_RMT_3954_Type3_UWFreeze_Equal2,51,0.0,0.1,0.0,1.6,500000,389868,0,0,0,0,0,0.0,0.0,0.0
FINAL_RMT_3954_Type3_UWFreeze_Equal2,51,0.0,0.1,0.0,1.8,500000,364012,0,0,0,0,0,0.0,0.0,0.0
FINAL_RMT_3954_Type3_UWFreeze_Equal2,51,0.0,0.1,0.0,2.0,500000,339351,0,0,0,0,0,0.0,0.0,0.0
FINAL_RMT_3954_Type3_UWFreeze_Equal2,51,0.0,0.1,0.0,2.2,500000,316290,0,0,0,0,0,0.0,0.0,0.0
FINAL_RMT_3954_Type3_UWFreeze_Equal2,51,0.0,0.1,0.0,2.4,500000,295017,0,0,0,0,0,0.0,0.0,0.0
FINAL_RMT_3954_Type3_UWFreeze_Equal2,51,0.0,0.1,0.0,2.6,500000,276069,0,0,0,0,0,0.0,0.0,0.0
FINAL_RMT_3954_Type3_UWFreeze_Equal2,51,0.0,0.1,0.0,2.8,500000,259145,0,0,0,0,0,0.0,0.0,0.0
FINAL_RMT_3954_Type3_UWFreeze_Equal2,51,0.0,0.1,0.0,3.0,500000,244038,0,0,0,0,0,0.0,0.0,0.0
FINAL_RMT_3954_Type3_UWFreeze_Equal2,51,0.0,0.1,0.0,3.2,500000,230592,0,0,0,0,0,0.0,0.0,0.0
FINAL_RMT_3954_Type3_UWFreeze_Equal2,51,0.0,0.1,0.0,3.4,500000,218627,0,0,0,0,0,0.0,0.0,0.0
FINAL_RMT_3954_Type3_UWFreeze_Equal2,51,0.0,0.1,0.0,3.6,500000,207970,0,0,0,0,0,0.0,0.0,0.0
FINAL_RMT_3954_Type3_UWFreeze_Equal2,51,0.0,0.1,0.0,3.8,500000,198315,0,0,0,0,0,0.0,0.0,0.0
FINAL_RMT_3954_Type3_UWFreeze_Equal2,51,0.0,0.1,0.0,4.0,500000,189657,0,0,0,0,0,0.0,0.0,0.0
FINAL_RMT_3954_Type3_UWFreeze_Equal2,51,0.0,0.1,0.0,4.5,500000,171077,0,0,0,0,0,0.0,0.0,0.0
FINAL_RMT_3954_Type3_UWFreeze_Equal2,51,0.0,0.1,0.0,5.0,500000,156303,0,0,0,0,0,0.0,0.0,0.0
FINAL_RMT_3954_Type3_UWFreeze_Equal2,51,0.0,0.1,0.0,5.5,500000,144217,0,0,0,0,0,0.0,0.0,0.0
FINAL_RMT_3954_Type3_UWFreeze_Equal2,51,0.0,0.1,0.0,6.0,500000,134388,0,0,0,0,0,0.0,0.0,0.0
FINAL_RMT_3954_Type3_UWFreeze_Equal2,51,0.0,0.1,0.0,7.0,500000,119170,0,0,0,0,0,0.0,0.0,0.0
FINAL_RMT_3954_Type3_UWFreeze_Equal2,51,0.0,0.1,0.0,8.0,500000,107926,0,0,0,0,0,0.0,0.0,0.0
FINAL_RMT_3954_Type3_UWFreeze_Equal2,51,0.0,0.1,0.0,9.0,500000,99097,0,0,0,0,0,0.0,0.0,0.0
FINAL_RMT_3954_Type3_UWFreeze_Equal2,51,0.0,0.1,0.0,10.0,500000,91995,0,0,0,0,0,0.0,0.0,0.0
FINAL_RMT_3954_Type3_UWFreeze_Equal3,52,0.0,10.0,0.0,0.1,500000,500000,0,0,0,0,0,0.0,0.0,0.0
FINAL_RMT_3954_Type3_UWFreeze_Equal3,52,0.0,10.0,0.0,0.2,500000,500000,0,0,0,0,0,0.0,0.0,0.0
FINAL_RMT_3954_Type3_UWFreeze_Equal3,52,0.0,10.0,0.0,0.3,500000,500000,0,0,0,0,0,0.0,0.0,0.0
FINAL_RMT_3954_Type3_UWFreeze_Equal3,52,0.0,10.0,0.0,0.4,500000,499876,0,0,0,0,0,0.0,0.0,0.0
FINAL_RMT_3954_Type3_UWFreeze_Equal3,52,0.0,10.0,0.0,0.5,500000,498732,0,0,0,0,0,0.0,0.0,0.0
FINAL_RMT_3954_Type3_UWFreeze_Equal3,52,0.0,10.0,0.0,0.58,500000,496006,0,0,0,0,0,0.0,0.0,0.0
FINAL_RMT_3954_Type3_UWFreeze_Equal3,52,0.0,10.0,0.0,0.6,500000,495049,0,0,0,0,0,0.0,0.0,0.0
FINAL_RMT_3954_Type3_UWFreeze_Equal3,52,0.0,10.0,0.0,0.7,500000,488877,0,0,0,0,0,0.0,0.0,0.0
FINAL_RMT_3954_Type3_UWFreeze_Equal3,52,0.0,10.0,0.0,0.8,500000,480598,0,0,0,0,0,0.0,0.0,0.0
FINAL_RMT_3954_Type3_UWFreeze_Equal3,52,0.0,10.0,0.0,0.9,500000,471253,0,0,0,0,0,0.0,0.0,0.0
FINAL_RMT_3954_Type3_UWFreeze_Equal3,52,0.0,10.0,0.0,1.0,500000,461448,0,0,0,0,0,0.0,0.0,0.0
FINAL_RMT_3954_Type3_UWFreeze_Equal3,52,0.0,10.0,0.0,1.1,500000,450966,0,0,0,0,0,0.0,0.0,0.0
FINAL_RMT_3954_Type3_UWFreeze_Equal3,52,0.0,10.0,0.0,1.2,500000,439833,0,0,0,0,0,0.0,0.0,0.0
FINAL_RMT_3954_Type3_UWFreeze_Equal3,52,0.0,10.0,0.0,1.3,500000,428013,0,0,0,0,0,0.0,0.0,0.0
FINAL_RMT_3954_Type3_UWFreeze_Equal3,52,0.0,10.0,0.0,1.4,500000,415585,0,0,0,0,0,0.0,0.0,0.0
FINAL_RMT_3954_Type3_UWFreeze_Equal3,52,0.0,10.0,0.0,1.5,500000,402914,0,0,0,0,0,0.0,0.0,0.0
FINAL_RMT_3954_Type3_UWFreeze_Equal3,52,0.0,10.0,0.0,1.6,500000,389868,0,0,0,0,0,0.0,0.0,0.0
FINAL_RMT_3954_Type3_UWFreeze_Equal3,52,0.0,10.0,0.0,1.8,500000,364012,0,0,0,0,0,0.0,0.0,0.0
FINAL_RMT_3954_Type3_UWFreeze_Equal3,52,0.0,10.0,0.0,2.0,500000,339351,0,0,0,0,0,0.0,0.0,0.0
FINAL_RMT_3954_Type3_UWFreeze_Equal3,52,0.0,10.0,0.0,2.2,500000,316290,0,0,0,0,0,0.0,0.0,0.0
FINAL_RMT_3954_Type3_UWFreeze_Equal3,52,0.0,10.0,0.0,2.4,500000,295017,0,0,0,0,0,0.0,0.0,0.0
FINAL_RMT_3954_Type3_UWFreeze_Equal3,52,0.0,10.0,0.0,2.6,500000,276069,0,0,0,0,0,0.0,0.0,0.0
FINAL_RMT_3954_Type3_UWFreeze_Equal3,52,0.0,10.0,0.0,2.8,500000,259145,0,0,0,0,0,0.0,0.0,0.0
FINAL_RMT_3954_Type3_UWFreeze_Equal3,52,0.0,10.0,0.0,3.0,500000,244038,0,0,0,0,0,0.0,0.0,0.0
FINAL_RMT_3954_Type3_UWFreeze_Equal3,52,0.0,10.0,0.0,3.2,500000,230592,0,0,0,0,0,0.0,0.0,0.0
FINAL_RMT_3954_Type3_UWFreeze_Equal3,52,0.0,10.0,0.0,3.4,500000,218627,0,0,0,0,0,0.0,0.0,0.0
FINAL_RMT_3954_Type3_UWFreeze_Equal3,52,0.0,10.0,0.0,3.6,500000,207970,0,0,0,0,0,0.0,0.0,0.0
FINAL_RMT_3954_Type3_UWFreeze_Equal3,52,0.0,10.0,0.0,3.8,500000,198315,0,0,0,0,0,0.0,0.0,0.0
FINAL_RMT_3954_Type3_UWFreeze_Equal3,52,0.0,10.0,0.0,4.0,500000,189657,0,0,0,0,0,0.0,0.0,0.0
FINAL_RMT_3954_Type3_UWFreeze_Equal3,52,0.0,10.0,0.0,4.5,500000,171077,0,0,0,0,0,0.0,0.0,0.0
FINAL_RMT_3954_Type3_UWFreeze_Equal3,52,0.0,10.0,0.0,5.0,500000,156303,0,0,0,0,0,0.0,0.0,0.0
FINAL_RMT_3954_Type3_UWFreeze_Equal3,52,0.0,10.0,0.0,5.5,500000,144217,0,0,0,0,0,0.0,0.0,0.0
FINAL_RMT_3954_Type3_UWFreeze_Equal3,52,0.0,10.0,0.0,6.0,500000,134388,0,0,0,0,0,0.0,0.0,0.0
FINAL_RMT_3954_Type3_UWFreeze_Equal3,52,0.0,10.0,0.0,7.0,500000,119170,0,0,0,0,0,0.0,0.0,0.0
FINAL_RMT_3954_Type3_UWFreeze_Equal3,52,0.0,10.0,0.0,8.0,500000,107926,0,0,0,0,0,0.0,0.0,0.0
FINAL_RMT_3954_Type3_UWFreeze_Equal3,52,0.0,10.0,0.0,9.0,500000,99097,0,0,0,0,0,0.0,0.0,0.0
FINAL_RMT_3954_Type3_UWFreeze_Equal3,52,0.0,10.0,0.0,10.0,500000,91995,0,0,0,0,0,0.0,0.0,0.0
FINAL_RMT_3954_Type3_VWFreeze_Equal1,53,1.0,0.0,0.0,0.1,500000,500000,0,0,0,0,0,0.0,0.0,0.0
FINAL_RMT_3954_Type3_VWFreeze_Equal1,53,1.0,0.0,0.0,0.2,500000,500000,0,0,0,0,0,0.0,0.0,0.0
FINAL_RMT_3954_Type3_VWFreeze_Equal1,53,1.0,0.0,0.0,0.3,500000,500000,0,0,0,0,0,0.0,0.0,0.0
FINAL_RMT_3954_Type3_VWFreeze_Equal1,53,1.0,0.0,0.0,0.4,500000,499876,164,164,0,0,0,0.0328,0.0328,0.0
FINAL_RMT_3954_Type3_VWFreeze_Equal1,53,1.0,0.0,0.0,0.5,500000,498732,1854,1854,0,0,0,0.3708,0.3708,0.0
FINAL_RMT_3954_Type3_VWFreeze_Equal1,53,1.0,0.0,0.0,0.58,500000,496006,5868,5868,0,0,0,1.1736,1.1736,0.0
FINAL_RMT_3954_Type3_VWFreeze_Equal1,53,1.0,0.0,0.0,0.6,500000,495049,7335,7335,0,0,0,1.467,1.467,0.0
FINAL_RMT_3954_Type3_VWFreeze_Equal1,53,1.0,0.0,0.0,0.7,500000,488877,18053,18053,0,0,0,3.6106,3.6106,0.0
FINAL_RMT_3954_Type3_VWFreeze_Equal1,53,1.0,0.0,0.0,0.8,500000,480598,32051,32051,0,0,0,6.4102,6.4102,0.0
FINAL_RMT_3954_Type3_VWFreeze_Equal1,53,1.0,0.0,0.0,0.9,500000,471253,47931,47931,0,0,0,9.5862,9.5862,0.0
FINAL_RMT_3954_Type3_VWFreeze_Equal1,53,1.0,0.0,0.0,1.0,500000,461448,64458,64458,0,0,0,12.8916,12.8916,0.0
FINAL_RMT_3954_Type3_VWFreeze_Equal1,53,1.0,0.0,0.0,1.1,500000,450966,80241,80241,0,0,0,16.0482,16.0482,0.0
FINAL_RMT_3954_Type3_VWFreeze_Equal1,53,1.0,0.0,0.0,1.2,500000,439833,94063,94063,0,0,0,18.8126,18.8126,0.0
FINAL_RMT_3954_Type3_VWFreeze_Equal1,53,1.0,0.0,0.0,1.3,500000,428013,106043,106043,0,0,0,21.2086,21.2086,0.0
FINAL_RMT_3954_Type3_VWFreeze_Equal1,53,1.0,0.0,0.0,1.4,500000,415585,115647,115647,0,0,0,23.1294,23.1294,0.0
FINAL_RMT_3954_Type3_VWFreeze_Equal1,53,1.0,0.0,0.0,1.5,500000,402914,123530,123530,0,0,0,24.706,24.706,0.0
FINAL_RMT_3954_Type3_VWFreeze_Equal1,53,1.0,0.0,0.0,1.6,500000,389868,129126,129126,0,0,0,25.8252,25.8252,0.0
FINAL_RMT_3954_Type3_VWFreeze_Equal1,53,1.0,0.0,0.0,1.8,500000,364012,136812,136812,0,0,0,27.3624,27.3624,0.0
FINAL_RMT_3954_Type3_VWFreeze_Equal1,53,1.0,0.0,0.0,2.0,500000,339351,140184,140184,0,0,0,28.0368,28.0368,0.0
FINAL_RMT_3954_Type3_VWFreeze_Equal1,53,1.0,0.0,0.0,2.2,500000,316290,140445,140445,0,0,0,28.089,28.089,0.0
FINAL_RMT_3954_Type3_VWFreeze_Equal1,53,1.0,0.0,0.0,2.4,500000,295017,138815,138815,0,0,0,27.763,27.763,0.0
FINAL_RMT_3954_Type3_VWFreeze_Equal1,53,1.0,0.0,0.0,2.6,500000,276069,136578,136578,0,0,0,27.3156,27.3156,0.0
FINAL_RMT_3954_Type3_VWFreeze_Equal1,53,1.0,0.0,0.0,2.8,500000,259145,133638,133638,0,0,0,26.7276,26.7276,0.0
FINAL_RMT_3954_Type3_VWFreeze_Equal1,53,1.0,0.0,0.0,3.0,500000,244038,130571,130571,0,0,0,26.1142,26.1142,0.0
FINAL_RMT_3954_Type3_VWFreeze_Equal1,53,1.0,0.0,0.0,3.2,500000,230592,127456,127456,0,0,0,25.4912,25.4912,0.0
FINAL_RMT_3954_Type3_VWFreeze_Equal1,53,1.0,0.0,0.0,3.4,500000,218627,124379,124379,0,0,0,24.8758,24.8758,0.0
FINAL_RMT_3954_Type3_VWFreeze_Equal1,53,1.0,0.0,0.0,3.6,500000,207970,121333,121333,0,0,0,24.2666,24.2666,0.0
FINAL_RMT_3954_Type3_VWFreeze_Equal1,53,1.0,0.0,0.0,3.8,500000,198315,118358,118358,0,0,0,23.6716,23.6716,0.0
FINAL_RMT_3954_Type3_VWFreeze_Equal1,53,1.0,0.0,0.0,4.0,500000,189657,115462,115462,0,0,0,23.0924,23.0924,0.0
FINAL_RMT_3954_Type3_VWFreeze_Equal1,53,1.0,0.0,0.0,4.5,500000,171077,108610,108610,0,0,0,21.722,21.722,0.0
FINAL_RMT_3954_Type3_VWFreeze_Equal1,53,1.0,0.0,0.0,5.0,500000,156303,102721,102721,0,0,0,20.5442,20.5442,0.0
FINAL_RMT_3954_Type3_VWFreeze_Equal1,53,1.0,0.0,0.0,5.5,500000,144217,97503,97503,0,0,0,19.5006,19.5006,0.0
FINAL_RMT_3954_Type3_VWFreeze_Equal1,53,1.0,0.0,0.0,6.0,500000,134388,92977,92977,0,0,0,18.5954,18.5954,0.0
FINAL_RMT_3954_Type3_VWFreeze_Equal1,53,1.0,0.0,0.0,7.0,500000,119170,85316,85316,0,0,0,17.0632,17.0632,0.0
FINAL_RMT_3954_Type3_VWFreeze_Equal1,53,1.0,0.0,0.0,8.0,500000,107926,79177,79177,0,0,0,15.8354,15.8354,0.0
FINAL_RMT_3954_Type3_VWFreeze_Equal1,53,1.0,0.0,0.0,9.0,500000,99097,73960,73960,0,0,0,14.792,14.792,0.0
FINAL_RMT_3954_Type3_VWFreeze_Equal1,53,1.0,0.0,0.0,10.0,500000,91995,69479,69479,0,0,0,13.8958,13.8958,0.0
FINAL_RMT_3954_Type3_VWFreeze_Equal2,54,0.1,0.0,0.0,0.1,500000,500000,0,0,0,0,0,0.0,0.0,0.0
FINAL_RMT_3954_Type3_VWFreeze_Equal2,54,0.1,0.0,0.0,0.2,500000,500000,0,0,0,0,0,0.0,0.0,0.0
FINAL_RMT_3954_Type3_VWFreeze_Equal2,54,0.1,0.0,0.0,0.3,500000,500000,0,0,0,0,0,0.0,0.0,0.0
FINAL_RMT_3954_Type3_VWFreeze_Equal2,54,0.1,0.0,0.0,0.4,500000,499876,138,138,0,0,0,0.0276,0.0276,0.0
FINAL_RMT_3954_Type3_VWFreeze_Equal2,54,0.1,0.0,0.0,0.5,500000,498732,1538,1538,0,0,0,0.3076,0.3076,0.0
FINAL_RMT_3954_Type3_VWFreeze_Equal2,54,0.1,0.0,0.0,0.58,500000,496006,4832,4832,0,0,0,0.9664,0.9664,0.0
FINAL_RMT_3954_Type3_VWFreeze_Equal2,54,0.1,0.0,0.0,0.6,500000,495049,6016,6016,0,0,0,1.2032,1.2032,0.0
FINAL_RMT_3954_Type3_VWFreeze_Equal2,54,0.1,0.0,0.0,0.7,500000,488877,14652,14652,0,0,0,2.9304,2.9304,0.0
FINAL_RMT_3954_Type3_VWFreeze_Equal2,54,0.1,0.0,0.0,0.8,500000,480598,26044,26044,0,0,0,5.2088,5.2088,0.0
FINAL_RMT_3954_Type3_VWFreeze_Equal2,54,0.1,0.0,0.0,0.9,500000,471253,38841,38841,0,0,0,7.7682,7.7682,0.0
FINAL_RMT_3954_Type3_VWFreeze_Equal2,54,0.1,0.0,0.0,1.0,500000,461448,51993,51993,0,0,0,10.3986,10.3986,0.0
FINAL_RMT_3954_Type3_VWFreeze_Equal2,54,0.1,0.0,0.0,1.1,500000,450966,64031,64031,0,0,0,12.8062,12.8062,0.0
FINAL_RMT_3954_Type3_VWFreeze_Equal2,54,0.1,0.0,0.0,1.2,500000,439833,74535,74535,0,0,0,14.907,14.907,0.0
FINAL_RMT_3954_Type3_VWFreeze_Equal2,54,0.1,0.0,0.0,1.3,500000,428013,83187,83187,0,0,0,16.6374,16.6374,0.0
FINAL_RMT_3954_Type3_VWFreeze_Equal2,54,0.1,0.0,0.0,1.4,500000,415585,90111,90111,0,0,0,18.0222,18.0222,0.0
FINAL_RMT_3954_Type3_VWFreeze_Equal2,54,0.1,0.0,0.0,1.5,500000,402914,95375,95375,0,0,0,19.075,19.075,0.0
FINAL_RMT_3954_Type3_VWFreeze_Equal2,54,0.1,0.0,0.0,1.6,500000,389868,98804,98804,0,0,0,19.7608,19.7608,0.0
FINAL_RMT_3954_Type3_VWFreeze_Equal2,54,0.1,0.0,0.0,1.8,500000,364012,102572,102572,0,0,0,20.5144,20.5144,0.0
FINAL_RMT_3954_Type3_VWFreeze_Equal2,54,0.1,0.0,0.0,2.0,500000,339351,103123,103123,0,0,0,20.6246,20.6246,0.0
FINAL_RMT_3954_Type3_VWFreeze_Equal2,54,0.1,0.0,0.0,2.2,500000,316290,101534,101534,0,0,0,20.3068,20.3068,0.0
FINAL_RMT_3954_Type3_VWFreeze_Equal2,54,0.1,0.0,0.0,2.4,500000,295017,98578,98578,0,0,0,19.7156,19.7156,0.0
FINAL_RMT_3954_Type3_VWFreeze_Equal2,54,0.1,0.0,0.0,2.6,500000,276069,95095,95095,0,0,0,19.019,19.019,0.0
FINAL_RMT_3954_Type3_VWFreeze_Equal2,54,0.1,0.0,0.0,2.8,500000,259145,91510,91510,0,0,0,18.302,18.302,0.0
FINAL_RMT_3954_Type3_VWFreeze_Equal2,54,0.1,0.0,0.0,3.0,500000,244038,87755,87755,0,0,0,17.551,17.551,0.0
FINAL_RMT_3954_Type3_VWFreeze_Equal2,54,0.1,0.0,0.0,3.2,500000,230592,84337,84337,0,0,0,16.8674,16.8674,0.0
FINAL_RMT_3954_Type3_VWFreeze_Equal2,54,0.1,0.0,0.0,3.4,500000,218627,80904,80904,0,0,0,16.1808,16.1808,0.0
FINAL_RMT_3954_Type3_VWFreeze_Equal2,54,0.1,0.0,0.0,3.6,500000,207970,77609,77609,0,0,0,15.5218,15.5218,0.0
FINAL_RMT_3954_Type3_VWFreeze_Equal2,54,0.1,0.0,0.0,3.8,500000,198315,74430,74430,0,0,0,14.886,14.886,0.0
FINAL_RMT_3954_Type3_VWFreeze_Equal2,54,0.1,0.0,0.0,4.0,500000,189657,71662,71662,0,0,0,14.3324,14.3324,0.0
FINAL_RMT_3954_Type3_VWFreeze_Equal2,54,0.1,0.0,0.0,4.5,500000,171077,65152,65152,0,0,0,13.0304,13.0304,0.0
FINAL_RMT_3954_Type3_VWFreeze_Equal2,54,0.1,0.0,0.0,5.0,500000,156303,59653,59653,0,0,0,11.9306,11.9306,0.0
FINAL_RMT_3954_Type3_VWFreeze_Equal2,54,0.1,0.0,0.0,5.5,500000,144217,54943,54943,0,0,0,10.9886,10.9886,0.0
FINAL_RMT_3954_Type3_VWFreeze_Equal2,54,0.1,0.0,0.0,6.0,500000,134388,50963,50963,0,0,0,10.1926,10.1926,0.0
FINAL_RMT_3954_Type3_VWFreeze_Equal2,54,0.1,0.0,0.0,7.0,500000,119170,44446,44446,0,0,0,8.8892,8.8892,0.0
FINAL_RMT_3954_Type3_VWFreeze_Equal2,54,0.1,0.0,0.0,8.0,500000,107926,39577,39577,0,0,0,7.9154,7.9154,0.0
FINAL_RMT_3954_Type3_VWFreeze_Equal2,54,0.1,0.0,0.0,9.0,500000,99097,35662,35662,0,0,0,7.1324,7.1324,0.0
FINAL_RMT_3954_Type3_VWFreeze_Equal2,54,0.1,0.0,0.0,10.0,500000,91995,32500,32500,0,0,0,6.5,6.5,0.0
FINAL_RMT_3954_Type3_VWFreeze_Equal3,55,10.0,0.0,0.0,0.1,500000,500000,0,0,0,0,0,0.0,0.0,0.0
FINAL_RMT_3954_Type3_VWFreeze_Equal3,55,10.0,0.0,0.0,0.2,500000,500000,0,0,0,0,0,0.0,0.0,0.0
FINAL_RMT_3954_Type3_VWFreeze_Equal3,55,10.0,0.0,0.0,0.3,500000,500000,0,0,0,0,0,0.0,0.0,0.0
FINAL_RMT_3954_Type3_VWFreeze_Equal3,55,10.0,0.0,0.0,0.4,500000,499876,171,171,0,0,0,0.0342,0.0342,0.0
FINAL_RMT_3954_Type3_VWFreeze_Equal3,55,10.0,0.0,0.0,0.5,500000,498732,1898,1898,0,0,0,0.3796,0.3796,0.0
FINAL_RMT_3954_Type3_VWFreeze_Equal3,55,10.0,0.0,0.0,0.58,500000,496006,5983,5983,0,0,0,1.1966,1.1966,0.0
FINAL_RMT_3954_Type3_VWFreeze_Equal3,55,10.0,0.0,0.0,0.6,500000,495049,7495,7495,0,0,0,1.499,1.499,0.0
FINAL_RMT_3954_Type3_VWFreeze_Equal3,55,10.0,0.0,0.0,0.7,500000,488877,18467,18467,0,0,0,3.6934,3.6934,0.0
FINAL_RMT_3954_Type3_VWFreeze_Equal3,55,10.0,0.0,0.0,0.8,500000,480598,32805,32805,0,0,0,6.561,6.561,0.0
FINAL_RMT_3954_Type3_VWFreeze_Equal3,55,10.0,0.0,0.0,0.9,500000,471253,49076,49076,0,0,0,9.8152,9.8152,0.0
FINAL_RMT_3954_Type3_VWFreeze_Equal3,55,10.0,0.0,0.0,1.0,500000,461448,66080,66080,0,0,0,13.216,13.216,0.0
FINAL_RMT_3954_Type3_VWFreeze_Equal3,55,10.0,0.0,0.0,1.1,500000,450966,82267,82267,0,0,0,16.4534,16.4534,0.0
FINAL_RMT_3954_Type3_VWFreeze_Equal3,55,10.0,0.0,0.0,1.2,500000,439833,96555,96555,0,0,0,19.311,19.311,0.0
FINAL_RMT_3954_Type3_VWFreeze_Equal3,55,10.0,0.0,0.0,1.3,500000,428013,108981,108981,0,0,0,21.7962,21.7962,0.0
FINAL_RMT_3954_Type3_VWFreeze_Equal3,55,10.0,0.0,0.0,1.4,500000,415585,118916,118916,0,0,0,23.7832,23.7832,0.0
FINAL_RMT_3954_Type3_VWFreeze_Equal3,55,10.0,0.0,0.0,1.5,500000,402914,127101,127101,0,0,0,25.4202,25.4202,0.0
FINAL_RMT_3954_Type3_VWFreeze_Equal3,55,10.0,0.0,0.0,1.6,500000,389868,133150,133150,0,0,0,26.63,26.63,0.0
FINAL_RMT_3954_Type3_VWFreeze_Equal3,55,10.0,0.0,0.0,1.8,500000,364012,141444,141444,0,0,0,28.2888,28.2888,0.0
FINAL_RMT_3954_Type3_VWFreeze_Equal3,55,10.0,0.0,0.0,2.0,500000,339351,145276,145276,0,0,0,29.0552,29.0552,0.0
FINAL_RMT_3954_Type3_VWFreeze_Equal3,55,10.0,0.0,0.0,2.2,500000,316290,145708,145708,0,0,0,29.1416,29.1416,0.0
FINAL_RMT_3954_Type3_VWFreeze_Equal3,55,10.0,0.0,0.0,2.4,500000,295017,144517,144517,0,0,0,28.9034,28.9034,0.0
FINAL_RMT_3954_Type3_VWFreeze_Equal3,55,10.0,0.0,0.0,2.6,500000,276069,142536,142536,0,0,0,28.5072,28.5072,0.0
FINAL_RMT_3954_Type3_VWFreeze_Equal3,55,10.0,0.0,0.0,2.8,500000,259145,139767,139767,0,0,0,27.9534,27.9534,0.0
FINAL_RMT_3954_Type3_VWFreeze_Equal3,55,10.0,0.0,0.0,3.0,500000,244038,136850,136850,0,0,0,27.37,27.37,0.0
FINAL_RMT_3954_Type3_VWFreeze_Equal3,55,10.0,0.0,0.0,3.2,500000,230592,133897,133897,0,0,0,26.7794,26.7794,0.0
FINAL_RMT_3954_Type3_VWFreeze_Equal3,55,10.0,0.0,0.0,3.4,500000,218627,131017,131017,0,0,0,26.2034,26.2034,0.0
FINAL_RMT_3954_Type3_VWFreeze_Equal3,55,10.0,0.0,0.0,3.6,500000,207970,128011,128011,0,0,0,25.6022,25.6022,0.0
FINAL_RMT_3954_Type3_VWFreeze_Equal3,55,10.0,0.0,0.0,3.8,500000,198315,125145,125145,0,0,0,25.029,25.029,0.0
FINAL_RMT_3954_Type3_VWFreeze_Equal3,55,10.0,0.0,0.0,4.0,500000,189657,122424,122424,0,0,0,24.4848,24.4848,0.0
FINAL_RMT_3954_Type3_VWFreeze_Equal3,55,10.0,0.0,0.0,4.5,500000,171077,115879,115879,0,0,0,23.1758,23.1758,0.0
FINAL_RMT_3954_Type3_VWFreeze_Equal3,55,10.0,0.0,0.0,5.0,500000,156303,110243,110243,0,0,0,22.0486,22.0486,0.0
FINAL_RMT_3954_Type3_VWFreeze_Equal3,55,10.0,0.0,0.0,5.5,500000,144217,105162,105162,0,0,0,21.0324,21.0324,0.0
FINAL_RMT_3954_Type3_VWFreeze_Equal3,55,10.0,0.0,0.0,6.0,500000,134388,100675,100675,0,0,0,20.135,20.135,0.0
FINAL_RMT_3954_Type3_VWFreeze_Equal3,55,10.0,0.0,0.0,7.0,500000,119170,93244,93244,0,0,0,18.6488,18.6488,0.0
FINAL_RMT_3954_Type3_VWFreeze_Equal3,55,10.0,0.0,0.0,8.0,500000,107926,87325,87325,0,0,0,17.465,17.465,0.0
FINAL_RMT_3954_Type3_VWFreeze_Equal3,55,10.0,0.0,0.0,9.0,500000,99097,82181,82181,0,0,0,16.4362,16.4362,0.0
FINAL_RMT_3954_Type3_VWFreeze_Equal3,55,10.0,0.0,0.0,10.0,500000,91995,77796,77796,0,0,0,15.5592,15.5592,0.0
