config_name,config_id,dU,dV,dW,sigma,n_samples,stable_without_diffusion,diego_turing,shaberi_total,shaberi_type_I,shaberi_type_II,shaberi_hopf,filter_count,rob_diego,rob_shaberi_total,rob_shaberi_type_I
NEW_RMT_1838_Type1_Control_Slow,0,0.1,0.1,0.1,0.1,500000,500000,0,0,0,0,0,0,0.0,0.0,0.0
NEW_RMT_1838_Type1_Control_Slow,0,0.1,0.1,0.1,0.2,500000,500000,0,0,0,0,0,0,0.0,0.0,0.0
NEW_RMT_1838_Type1_Control_Slow,0,0.1,0.1,0.1,0.3,500000,499997,0,0,0,0,0,0,0.0,0.0,0.0
NEW_RMT_1838_Type1_Control_Slow,0,0.1,0.1,0.1,0.4,500000,499589,0,0,0,0,0,0,0.0,0.0,0.0
NEW_RMT_1838_Type1_Control_Slow,0,0.1,0.1,0.1,0.5,500000,495402,0,0,0,0,0,0,0.0,0.0,0.0
NEW_RMT_1838_Type1_Control_Slow,0,0.1,0.1,0.1,0.58,500000,485969,0,0,0,0,0,0,0.0,0.0,0.0
NEW_RMT_1838_Type1_Control_Slow,0,0.1,0.1,0.1,0.6,500000,482642,0,0,0,0,0,0,0.0,0.0,0.0
NEW_RMT_1838_Type1_Control_Slow,0,0.1,0.1,0.1,0.7,500000,460746,0,0,0,0,0,0,0.0,0.0,0.0
NEW_RMT_1838_Type1_Control_Slow,0,0.1,0.1,0.1,0.8,500000,433299,0,0,0,0,0,0,0.0,0.0,0.0
NEW_RMT_1838_Type1_Control_Slow,0,0.1,0.1,0.1,0.9,500000,403836,0,0,0,0,0,0,0.0,0.0,0.0
NEW_RMT_1838_Type1_Control_Slow,0,0.1,0.1,0.1,1.0,500000,374316,0,0,0,0,0,0,0.0,0.0,0.0
NEW_RMT_1838_Type1_Control_Slow,0,0.1,0.1,0.1,1.1,500000,346971,0,0,0,0,0,0,0.0,0.0,0.0
NEW_RMT_1838_Type1_Control_Slow,0,0.1,0.1,0.1,1.2,500000,321807,0,0,0,0,0,0,0.0,0.0,0.0
NEW_RMT_1838_Type1_Control_Slow,0,0.1,0.1,0.1,1.3,500000,299433,0,0,0,0,0,0,0.0,0.0,0.0
NEW_RMT_1838_Type1_Control_Slow,0,0.1,0.1,0.1,1.4,500000,279507,0,0,0,0,0,0,0.0,0.0,0.0
NEW_RMT_1838_Type1_Control_Slow,0,0.1,0.1,0.1,1.5,500000,261652,0,0,0,0,0,0,0.0,0.0,0.0
NEW_RMT_1838_Type1_Control_Slow,0,0.1,0.1,0.1,1.6,500000,245893,0,0,0,0,0,0,0.0,0.0,0.0
NEW_RMT_1838_Type1_Control_Slow,0,0.1,0.1,0.1,1.8,500000,219308,0,0,0,0,0,0,0.0,0.0,0.0
NEW_RMT_1838_Type1_Control_Slow,0,0.1,0.1,0.1,2.0,500000,198117,0,0,0,0,0,0,0.0,0.0,0.0
NEW_RMT_1838_Type1_Control_Slow,0,0.1,0.1,0.1,2.2,500000,181074,0,0,0,0,0,0,0.0,0.0,0.0
NEW_RMT_1838_Type1_Control_Slow,0,0.1,0.1,0.1,2.4,500000,167376,0,0,0,0,0,0,0.0,0.0,0.0
NEW_RMT_1838_Type1_Control_Slow,0,0.1,0.1,0.1,2.6,500000,155692,0,0,0,0,0,0,0.0,0.0,0.0
NEW_RMT_1838_Type1_Control_Slow,0,0.1,0.1,0.1,2.8,500000,145962,0,0,0,0,0,0,0.0,0.0,0.0
NEW_RMT_1838_Type1_Control_Slow,0,0.1,0.1,0.1,3.0,500000,137606,0,0,0,0,0,0,0.0,0.0,0.0
NEW_RMT_1838_Type1_Control_Slow,0,0.1,0.1,0.1,3.2,500000,130544,0,0,0,0,0,0,0.0,0.0,0.0
NEW_RMT_1838_Type1_Control_Slow,0,0.1,0.1,0.1,3.4,500000,124265,0,0,0,0,0,0,0.0,0.0,0.0
NEW_RMT_1838_Type1_Control_Slow,0,0.1,0.1,0.1,3.6,500000,118713,0,0,0,0,0,0,0.0,0.0,0.0
NEW_RMT_1838_Type1_Control_Slow,0,0.1,0.1,0.1,3.8,500000,113873,0,0,0,0,0,0,0.0,0.0,0.0
NEW_RMT_1838_Type1_Control_Slow,0,0.1,0.1,0.1,4.0,500000,109475,0,0,0,0,0,0,0.0,0.0,0.0
NEW_RMT_1838_Type1_Control_Slow,0,0.1,0.1,0.1,4.5,500000,100262,0,0,0,0,0,0,0.0,0.0,0.0
NEW_RMT_1838_Type1_Control_Slow,0,0.1,0.1,0.1,5.0,500000,92855,0,0,0,0,0,0,0.0,0.0,0.0
NEW_RMT_1838_Type1_Control_Slow,0,0.1,0.1,0.1,5.5,500000,86748,0,0,0,0,0,0,0.0,0.0,0.0
NEW_RMT_1838_Type1_Control_Slow,0,0.1,0.1,0.1,6.0,500000,81561,0,0,0,0,0,0,0.0,0.0,0.0
NEW_RMT_1838_Type1_Control_Slow,0,0.1,0.1,0.1,7.0,500000,73467,0,0,0,0,0,0,0.0,0.0,0.0
NEW_RMT_1838_Type1_Control_Slow,0,0.1,0.1,0.1,8.0,500000,67093,0,0,0,0,0,0,0.0,0.0,0.0
NEW_RMT_1838_Type1_Control_Slow,0,0.1,0.1,0.1,9.0,500000,62006,0,0,0,0,0,0,0.0,0.0,0.0
NEW_RMT_1838_Type1_Control_Slow,0,0.1,0.1,0.1,10.0,500000,57917,0,0,0,0,0,0,0.0,0.0,0.0
NEW_RMT_1838_Type1_Control_Equal,1,1.0,1.0,1.0,0.1,500000,500000,0,0,0,0,0,0,0.0,0.0,0.0
NEW_RMT_1838_Type1_Control_Equal,1,1.0,1.0,1.0,0.2,500000,500000,0,0,0,0,0,0,0.0,0.0,0.0
NEW_RMT_1838_Type1_Control_Equal,1,1.0,1.0,1.0,0.3,500000,499997,0,0,0,0,0,0,0.0,0.0,0.0
NEW_RMT_1838_Type1_Control_Equal,1,1.0,1.0,1.0,0.4,500000,499589,0,0,0,0,0,0,0.0,0.0,0.0
NEW_RMT_1838_Type1_Control_Equal,1,1.0,1.0,1.0,0.5,500000,495402,0,0,0,0,0,0,0.0,0.0,0.0
NEW_RMT_1838_Type1_Control_Equal,1,1.0,1.0,1.0,0.58,500000,485969,0,0,0,0,0,0,0.0,0.0,0.0
NEW_RMT_1838_Type1_Control_Equal,1,1.0,1.0,1.0,0.6,500000,482642,0,0,0,0,0,0,0.0,0.0,0.0
NEW_RMT_1838_Type1_Control_Equal,1,1.0,1.0,1.0,0.7,500000,460746,0,0,0,0,0,0,0.0,0.0,0.0
NEW_RMT_1838_Type1_Control_Equal,1,1.0,1.0,1.0,0.8,500000,433299,0,0,0,0,0,0,0.0,0.0,0.0
NEW_RMT_1838_Type1_Control_Equal,1,1.0,1.0,1.0,0.9,500000,403836,0,0,0,0,0,0,0.0,0.0,0.0
NEW_RMT_1838_Type1_Control_Equal,1,1.0,1.0,1.0,1.0,500000,374316,0,0,0,0,0,0,0.0,0.0,0.0
NEW_RMT_1838_Type1_Control_Equal,1,1.0,1.0,1.0,1.1,500000,346971,0,0,0,0,0,0,0.0,0.0,0.0
NEW_RMT_1838_Type1_Control_Equal,1,1.0,1.0,1.0,1.2,500000,321807,0,0,0,0,0,0,0.0,0.0,0.0
NEW_RMT_1838_Type1_Control_Equal,1,1.0,1.0,1.0,1.3,500000,299433,0,0,0,0,0,0,0.0,0.0,0.0
NEW_RMT_1838_Type1_Control_Equal,1,1.0,1.0,1.0,1.4,500000,279507,0,0,0,0,0,0,0.0,0.0,0.0
NEW_RMT_1838_Type1_Control_Equal,1,1.0,1.0,1.0,1.5,500000,261652,0,0,0,0,0,0,0.0,0.0,0.0
NEW_RMT_1838_Type1_Control_Equal,1,1.0,1.0,1.0,1.6,500000,245893,0,0,0,0,0,0,0.0,0.0,0.0
NEW_RMT_1838_Type1_Control_Equal,1,1.0,1.0,1.0,1.8,500000,219308,0,0,0,0,0,0,0.0,0.0,0.0
NEW_RMT_1838_Type1_Control_Equal,1,1.0,1.0,1.0,2.0,500000,198117,0,0,0,0,0,0,0.0,0.0,0.0
NEW_RMT_1838_Type1_Control_Equal,1,1.0,1.0,1.0,2.2,500000,181074,0,0,0,0,0,0,0.0,0.0,0.0
NEW_RMT_1838_Type1_Control_Equal,1,1.0,1.0,1.0,2.4,500000,167376,0,0,0,0,0,0,0.0,0.0,0.0
NEW_RMT_1838_Type1_Control_Equal,1,1.0,1.0,1.0,2.6,500000,155692,0,0,0,0,0,0,0.0,0.0,0.0
NEW_RMT_1838_Type1_Control_Equal,1,1.0,1.0,1.0,2.8,500000,145962,0,0,0,0,0,0,0.0,0.0,0.0
NEW_RMT_1838_Type1_Control_Equal,1,1.0,1.0,1.0,3.0,500000,137606,0,0,0,0,0,0,0.0,0.0,0.0
NEW_RMT_1838_Type1_Control_Equal,1,1.0,1.0,1.0,3.2,500000,130544,0,0,0,0,0,0,0.0,0.0,0.0
NEW_RMT_1838_Type1_Control_Equal,1,1.0,1.0,1.0,3.4,500000,124265,0,0,0,0,0,0,0.0,0.0,0.0
NEW_RMT_1838_Type1_Control_Equal,1,1.0,1.0,1.0,3.6,500000,118713,0,0,0,0,0,0,0.0,0.0,0.0
NEW_RMT_1838_Type1_Control_Equal,1,1.0,1.0,1.0,3.8,500000,113873,0,0,0,0,0,0,0.0,0.0,0.0
NEW_RMT_1838_Type1_Control_Equal,1,1.0,1.0,1.0,4.0,500000,109475,0,0,0,0,0,0,0.0,0.0,0.0
NEW_RMT_1838_Type1_Control_Equal,1,1.0,1.0,1.0,4.5,500000,100262,0,0,0,0,0,0,0.0,0.0,0.0
NEW_RMT_1838_Type1_Control_Equal,1,1.0,1.0,1.0,5.0,500000,92855,0,0,0,0,0,0,0.0,0.0,0.0
NEW_RMT_1838_Type1_Control_Equal,1,1.0,1.0,1.0,5.5,500000,86748,0,0,0,0,0,0,0.0,0.0,0.0
NEW_RMT_1838_Type1_Control_Equal,1,1.0,1.0,1.0,6.0,500000,81561,0,0,0,0,0,0,0.0,0.0,0.0
NEW_RMT_1838_Type1_Control_Equal,1,1.0,1.0,1.0,7.0,500000,73467,0,0,0,0,0,0,0.0,0.0,0.0
NEW_RMT_1838_Type1_Control_Equal,1,1.0,1.0,1.0,8.0,500000,67093,0,0,0,0,0,0,0.0,0.0,0.0
NEW_RMT_1838_Type1_Control_Equal,1,1.0,1.0,1.0,9.0,500000,62006,0,0,0,0,0,0,0.0,0.0,0.0
NEW_RMT_1838_Type1_Control_Equal,1,1.0,1.0,1.0,10.0,500000,57917,0,0,0,0,0,0,0.0,0.0,0.0
NEW_RMT_1838_Type1_Control_Fast,2,10.0,10.0,10.0,0.1,500000,500000,0,0,0,0,0,0,0.0,0.0,0.0
NEW_RMT_1838_Type1_Control_Fast,2,10.0,10.0,10.0,0.2,500000,500000,0,0,0,0,0,0,0.0,0.0,0.0
NEW_RMT_1838_Type1_Control_Fast,2,10.0,10.0,10.0,0.3,500000,499997,0,0,0,0,0,0,0.0,0.0,0.0
NEW_RMT_1838_Type1_Control_Fast,2,10.0,10.0,10.0,0.4,500000,499589,0,0,0,0,0,0,0.0,0.0,0.0
NEW_RMT_1838_Type1_Control_Fast,2,10.0,10.0,10.0,0.5,500000,495402,0,0,0,0,0,0,0.0,0.0,0.0
NEW_RMT_1838_Type1_Control_Fast,2,10.0,10.0,10.0,0.58,500000,485969,0,0,0,0,0,0,0.0,0.0,0.0
NEW_RMT_1838_Type1_Control_Fast,2,10.0,10.0,10.0,0.6,500000,482642,0,0,0,0,0,0,0.0,0.0,0.0
NEW_RMT_1838_Type1_Control_Fast,2,10.0,10.0,10.0,0.7,500000,460746,0,0,0,0,0,0,0.0,0.0,0.0
NEW_RMT_1838_Type1_Control_Fast,2,10.0,10.0,10.0,0.8,500000,433299,0,0,0,0,0,0,0.0,0.0,0.0
NEW_RMT_1838_Type1_Control_Fast,2,10.0,10.0,10.0,0.9,500000,403836,0,0,0,0,0,0,0.0,0.0,0.0
NEW_RMT_1838_Type1_Control_Fast,2,10.0,10.0,10.0,1.0,500000,374316,0,0,0,0,0,0,0.0,0.0,0.0
NEW_RMT_1838_Type1_Control_Fast,2,10.0,10.0,10.0,1.1,500000,346971,0,0,0,0,0,0,0.0,0.0,0.0
NEW_RMT_1838_Type1_Control_Fast,2,10.0,10.0,10.0,1.2,500000,321807,0,0,0,0,0,0,0.0,0.0,0.0
NEW_RMT_1838_Type1_Control_Fast,2,10.0,10.0,10.0,1.3,500000,299433,0,0,0,0,0,0,0.0,0.0,0.0
NEW_RMT_1838_Type1_Control_Fast,2,10.0,10.0,10.0,1.4,500000,279507,0,0,0,0,0,0,0.0,0.0,0.0
NEW_RMT_1838_Type1_Control_Fast,2,10.0,10.0,10.0,1.5,500000,261652,0,0,0,0,0,0,0.0,0.0,0.0
NEW_RMT_1838_Type1_Control_Fast,2,10.0,10.0,10.0,1.6,500000,245893,0,0,0,0,0,0,0.0,0.0,0.0
NEW_RMT_1838_Type1_Control_Fast,2,10.0,10.0,10.0,1.8,500000,219308,0,0,0,0,0,0,0.0,0.0,0.0
NEW_RMT_1838_Type1_Control_Fast,2,10.0,10.0,10.0,2.0,500000,198117,0,0,0,0,0,0,0.0,0.0,0.0
NEW_RMT_1838_Type1_Control_Fast,2,10.0,10.0,10.0,2.2,500000,181074,0,0,0,0,0,0,0.0,0.0,0.0
NEW_RMT_1838_Type1_Control_Fast,2,10.0,10.0,10.0,2.4,500000,167376,0,0,0,0,0,0,0.0,0.0,0.0
NEW_RMT_1838_Type1_Control_Fast,2,10.0,10.0,10.0,2.6,500000,155692,0,0,0,0,0,0,0.0,0.0,0.0
NEW_RMT_1838_Type1_Control_Fast,2,10.0,10.0,10.0,2.8,500000,145962,0,0,0,0,0,0,0.0,0.0,0.0
NEW_RMT_1838_Type1_Control_Fast,2,10.0,10.0,10.0,3.0,500000,137606,0,0,0,0,0,0,0.0,0.0,0.0
NEW_RMT_1838_Type1_Control_Fast,2,10.0,10.0,10.0,3.2,500000,130544,0,0,0,0,0,0,0.0,0.0,0.0
NEW_RMT_1838_Type1_Control_Fast,2,10.0,10.0,10.0,3.4,500000,124265,0,0,0,0,0,0,0.0,0.0,0.0
NEW_RMT_1838_Type1_Control_Fast,2,10.0,10.0,10.0,3.6,500000,118713,0,0,0,0,0,0,0.0,0.0,0.0
NEW_RMT_1838_Type1_Control_Fast,2,10.0,10.0,10.0,3.8,500000,113873,0,0,0,0,0,0,0.0,0.0,0.0
NEW_RMT_1838_Type1_Control_Fast,2,10.0,10.0,10.0,4.0,500000,109475,0,0,0,0,0,0,0.0,0.0,0.0
NEW_RMT_1838_Type1_Control_Fast,2,10.0,10.0,10.0,4.5,500000,100262,0,0,0,0,0,0,0.0,0.0,0.0
NEW_RMT_1838_Type1_Control_Fast,2,10.0,10.0,10.0,5.0,500000,92855,0,0,0,0,0,0,0.0,0.0,0.0
NEW_RMT_1838_Type1_Control_Fast,2,10.0,10.0,10.0,5.5,500000,86748,0,0,0,0,0,0,0.0,0.0,0.0
NEW_RMT_1838_Type1_Control_Fast,2,10.0,10.0,10.0,6.0,500000,81561,0,0,0,0,0,0,0.0,0.0,0.0
NEW_RMT_1838_Type1_Control_Fast,2,10.0,10.0,10.0,7.0,500000,73467,0,0,0,0,0,0,0.0,0.0,0.0
NEW_RMT_1838_Type1_Control_Fast,2,10.0,10.0,10.0,8.0,500000,67093,0,0,0,0,0,0,0.0,0.0,0.0
NEW_RMT_1838_Type1_Control_Fast,2,10.0,10.0,10.0,9.0,500000,62006,0,0,0,0,0,0,0.0,0.0,0.0
NEW_RMT_1838_Type1_Control_Fast,2,10.0,10.0,10.0,10.0,500000,57917,0,0,0,0,0,0,0.0,0.0,0.0
NEW_RMT_1838_Type1_WFast_Unequal1,3,1.0,1.0,10.0,0.1,500000,500000,0,0,0,0,0,0,0.0,0.0,0.0
NEW_RMT_1838_Type1_WFast_Unequal1,3,1.0,1.0,10.0,0.2,500000,500000,0,0,0,0,0,0,0.0,0.0,0.0
NEW_RMT_1838_Type1_WFast_Unequal1,3,1.0,1.0,10.0,0.3,500000,499997,0,0,0,0,0,0,0.0,0.0,0.0
NEW_RMT_1838_Type1_WFast_Unequal1,3,1.0,1.0,10.0,0.4,500000,499589,0,0,0,0,0,0,0.0,0.0,0.0
NEW_RMT_1838_Type1_WFast_Unequal1,3,1.0,1.0,10.0,0.5,500000,495402,2,2,2,0,0,0,0.0004,0.0004,0.0004
NEW_RMT_1838_Type1_WFast_Unequal1,3,1.0,1.0,10.0,0.58,500000,485969,24,24,24,0,0,0,0.0048,0.0048,0.0048
NEW_RMT_1838_Type1_WFast_Unequal1,3,1.0,1.0,10.0,0.6,500000,482642,38,38,38,0,0,0,0.0076,0.0076,0.0076
NEW_RMT_1838_Type1_WFast_Unequal1,3,1.0,1.0,10.0,0.7,500000,460746,125,125,125,0,0,0,0.025,0.025,0.025
NEW_RMT_1838_Type1_WFast_Unequal1,3,1.0,1.0,10.0,0.8,500000,433299,347,347,347,0,0,0,0.0694,0.0694,0.0694
NEW_RMT_1838_Type1_WFast_Unequal1,3,1.0,1.0,10.0,0.9,500000,403836,648,648,648,0,0,0,0.1296,0.1296,0.1296
NEW_RMT_1838_Type1_WFast_Unequal1,3,1.0,1.0,10.0,1.0,500000,374316,1107,1107,1107,0,0,0,0.2214,0.2214,0.2214
NEW_RMT_1838_Type1_WFast_Unequal1,3,1.0,1.0,10.0,1.1,500000,346971,1684,1684,1684,0,0,0,0.3368,0.3368,0.3368
NEW_RMT_1838_Type1_WFast_Unequal1,3,1.0,1.0,10.0,1.2,500000,321807,2373,2373,2373,0,0,0,0.4746,0.4746,0.4746
NEW_RMT_1838_Type1_WFast_Unequal1,3,1.0,1.0,10.0,1.3,500000,299433,3074,3074,3074,0,0,0,0.6148,0.6148,0.6148
NEW_RMT_1838_Type1_WFast_Unequal1,3,1.0,1.0,10.0,1.4,500000,279507,3792,3792,3792,0,0,0,0.7584,0.7584,0.7584
NEW_RMT_1838_Type1_WFast_Unequal1,3,1.0,1.0,10.0,1.5,500000,261652,4630,4630,4630,0,0,0,0.926,0.926,0.926
NEW_RMT_1838_Type1_WFast_Unequal1,3,1.0,1.0,10.0,1.6,500000,245893,5357,5357,5357,0,0,0,1.0714,1.0714,1.0714
NEW_RMT_1838_Type1_WFast_Unequal1,3,1.0,1.0,10.0,1.8,500000,219308,6799,6799,6799,0,0,0,1.3598,1.3598,1.3598
NEW_RMT_1838_Type1_WFast_Unequal1,3,1.0,1.0,10.0,2.0,500000,198117,8147,8147,8147,0,0,0,1.6294,1.6294,1.6294
NEW_RMT_1838_Type1_WFast_Unequal1,3,1.0,1.0,10.0,2.2,500000,181074,9395,9395,9395,0,0,0,1.879,1.879,1.879
NEW_RMT_1838_Type1_WFast_Unequal1,3,1.0,1.0,10.0,2.4,500000,167376,10338,10338,10338,0,0,0,2.0676,2.0676,2.0676
NEW_RMT_1838_Type1_WFast_Unequal1,3,1.0,1.0,10.0,2.6,500000,155692,11205,11205,11205,0,0,0,2.241,2.241,2.241
NEW_RMT_1838_Type1_WFast_Unequal1,3,1.0,1.0,10.0,2.8,500000,145962,11877,11877,11877,0,0,0,2.3754,2.3754,2.3754
NEW_RMT_1838_Type1_WFast_Unequal1,3,1.0,1.0,10.0,3.0,500000,137606,12536,12536,12536,0,0,0,2.5072,2.5072,2.5072
NEW_RMT_1838_Type1_WFast_Unequal1,3,1.0,1.0,10.0,3.2,500000,130544,13056,13056,13056,0,0,0,2.6112,2.6112,2.6112
NEW_RMT_1838_Type1_WFast_Unequal1,3,1.0,1.0,10.0,3.4,500000,124265,13453,13453,13453,0,0,0,2.6906,2.6906,2.6906
NEW_RMT_1838_Type1_WFast_Unequal1,3,1.0,1.0,10.0,3.6,500000,118713,13833,13833,13833,0,0,0,2.7666,2.7666,2.7666
NEW_RMT_1838_Type1_WFast_Unequal1,3,1.0,1.0,10.0,3.8,500000,113873,14205,14205,14205,0,0,0,2.841,2.841,2.841
NEW_RMT_1838_Type1_WFast_Unequal1,3,1.0,1.0,10.0,4.0,500000,109475,14430,14430,14430,0,0,0,2.886,2.886,2.886
NEW_RMT_1838_Type1_WFast_Unequal1,3,1.0,1.0,10.0,4.5,500000,100262,14879,14879,14879,0,0,0,2.9758,2.9758,2.9758
NEW_RMT_1838_Type1_WFast_Unequal1,3,1.0,1.0,10.0,5.0,500000,92855,14964,14964,14964,0,0,0,2.9928,2.9928,2.9928
NEW_RMT_1838_Type1_WFast_Unequal1,3,1.0,1.0,10.0,5.5,500000,86748,15030,15030,15030,0,0,0,3.006,3.006,3.006
NEW_RMT_1838_Type1_WFast_Unequal1,3,1.0,1.0,10.0,6.0,500000,81561,14965,14965,14965,0,0,0,2.993,2.993,2.993
NEW_RMT_1838_Type1_WFast_Unequal1,3,1.0,1.0,10.0,7.0,500000,73467,14734,14734,14734,0,0,0,2.9468,2.9468,2.9468
NEW_RMT_1838_Type1_WFast_Unequal1,3,1.0,1.0,10.0,8.0,500000,67093,14288,14288,14288,0,0,0,2.8576,2.8576,2.8576
NEW_RMT_1838_Type1_WFast_Unequal1,3,1.0,1.0,10.0,9.0,500000,62006,13713,13713,13713,0,0,0,2.7426,2.7426,2.7426
NEW_RMT_1838_Type1_WFast_Unequal1,3,1.0,1.0,10.0,10.0,500000,57917,13243,13243,13243,0,0,0,2.6486,2.6486,2.6486
NEW_RMT_1838_Type1_WFast_Unequal2,4,0.1,0.1,1.0,0.1,500000,500000,0,0,0,0,0,0,0.0,0.0,0.0
NEW_RMT_1838_Type1_WFast_Unequal2,4,0.1,0.1,1.0,0.2,500000,500000,0,0,0,0,0,0,0.0,0.0,0.0
NEW_RMT_1838_Type1_WFast_Unequal2,4,0.1,0.1,1.0,0.3,500000,499997,0,0,0,0,0,0,0.0,0.0,0.0
NEW_RMT_1838_Type1_WFast_Unequal2,4,0.1,0.1,1.0,0.4,500000,499589,0,0,0,0,0,0,0.0,0.0,0.0
NEW_RMT_1838_Type1_WFast_Unequal2,4,0.1,0.1,1.0,0.5,500000,495402,3,3,3,0,0,0,0.0006,0.0006,0.0006
NEW_RMT_1838_Type1_WFast_Unequal2,4,0.1,0.1,1.0,0.58,500000,485969,24,24,24,0,0,0,0.0048,0.0048,0.0048
NEW_RMT_1838_Type1_WFast_Unequal2,4,0.1,0.1,1.0,0.6,500000,482642,41,41,41,0,0,0,0.0082,0.0082,0.0082
NEW_RMT_1838_Type1_WFast_Unequal2,4,0.1,0.1,1.0,0.7,500000,460746,129,129,129,0,0,0,0.0258,0.0258,0.0258
NEW_RMT_1838_Type1_WFast_Unequal2,4,0.1,0.1,1.0,0.8,500000,433299,358,358,358,0,0,0,0.0716,0.0716,0.0716
NEW_RMT_1838_Type1_WFast_Unequal2,4,0.1,0.1,1.0,0.9,500000,403836,658,658,658,0,0,0,0.1316,0.1316,0.1316
NEW_RMT_1838_Type1_WFast_Unequal2,4,0.1,0.1,1.0,1.0,500000,374316,1135,1135,1135,0,0,0,0.227,0.227,0.227
NEW_RMT_1838_Type1_WFast_Unequal2,4,0.1,0.1,1.0,1.1,500000,346971,1732,1732,1732,0,0,0,0.3464,0.3464,0.3464
NEW_RMT_1838_Type1_WFast_Unequal2,4,0.1,0.1,1.0,1.2,500000,321807,2411,2411,2411,0,0,0,0.4822,0.4822,0.4822
NEW_RMT_1838_Type1_WFast_Unequal2,4,0.1,0.1,1.0,1.3,500000,299433,3130,3130,3130,0,0,0,0.626,0.626,0.626
NEW_RMT_1838_Type1_WFast_Unequal2,4,0.1,0.1,1.0,1.4,500000,279507,3855,3855,3855,0,0,0,0.771,0.771,0.771
NEW_RMT_1838_Type1_WFast_Unequal2,4,0.1,0.1,1.0,1.5,500000,261652,4695,4695,4695,0,0,0,0.939,0.939,0.939
NEW_RMT_1838_Type1_WFast_Unequal2,4,0.1,0.1,1.0,1.6,500000,245893,5423,5423,5423,0,0,0,1.0846,1.0846,1.0846
NEW_RMT_1838_Type1_WFast_Unequal2,4,0.1,0.1,1.0,1.8,500000,219308,6868,6868,6868,0,0,0,1.3736,1.3736,1.3736
NEW_RMT_1838_Type1_WFast_Unequal2,4,0.1,0.1,1.0,2.0,500000,198117,8220,8220,8220,0,0,0,1.644,1.644,1.644
NEW_RMT_1838_Type1_WFast_Unequal2,4,0.1,0.1,1.0,2.2,500000,181074,9468,9468,9468,0,0,0,1.8936,1.8936,1.8936
NEW_RMT_1838_Type1_WFast_Unequal2,4,0.1,0.1,1.0,2.4,500000,167376,10396,10396,10396,0,0,0,2.0792,2.0792,2.0792
NEW_RMT_1838_Type1_WFast_Unequal2,4,0.1,0.1,1.0,2.6,500000,155692,11269,11269,11269,0,0,0,2.2538,2.2538,2.2538
NEW_RMT_1838_Type1_WFast_Unequal2,4,0.1,0.1,1.0,2.8,500000,145962,11924,11924,11924,0,0,0,2.3848,2.3848,2.3848
NEW_RMT_1838_Type1_WFast_Unequal2,4,0.1,0.1,1.0,3.0,500000,137606,12593,12593,12593,0,0,0,2.5186,2.5186,2.5186
NEW_RMT_1838_Type1_WFast_Unequal2,4,0.1,0.1,1.0,3.2,500000,130544,13109,13109,13109,0,0,0,2.6218,2.6218,2.6218
NEW_RMT_1838_Type1_WFast_Unequal2,4,0.1,0.1,1.0,3.4,500000,124265,13509,13509,13509,0,0,0,2.7018,2.7018,2.7018
NEW_RMT_1838_Type1_WFast_Unequal2,4,0.1,0.1,1.0,3.6,500000,118713,13889,13889,13889,0,0,0,2.7778,2.7778,2.7778
NEW_RMT_1838_Type1_WFast_Unequal2,4,0.1,0.1,1.0,3.8,500000,113873,14258,14258,14258,0,0,0,2.8516,2.8516,2.8516
NEW_RMT_1838_Type1_WFast_Unequal2,4,0.1,0.1,1.0,4.0,500000,109475,14479,14479,14479,0,0,0,2.8958,2.8958,2.8958
NEW_RMT_1838_Type1_WFast_Unequal2,4,0.1,0.1,1.0,4.5,500000,100262,14925,14925,14925,0,0,0,2.985,2.985,2.985
NEW_RMT_1838_Type1_WFast_Unequal2,4,0.1,0.1,1.0,5.0,500000,92855,15007,15007,15007,0,0,0,3.0014,3.0014,3.0014
NEW_RMT_1838_Type1_WFast_Unequal2,4,0.1,0.1,1.0,5.5,500000,86748,15062,15062,15062,0,0,0,3.0124,3.0124,3.0124
NEW_RMT_1838_Type1_WFast_Unequal2,4,0.1,0.1,1.0,6.0,500000,81561,14997,14997,14997,0,0,0,2.9994,2.9994,2.9994
NEW_RMT_1838_Type1_WFast_Unequal2,4,0.1,0.1,1.0,7.0,500000,73467,14769,14769,14768,1,0,0,2.9538,2.9538,2.9536
NEW_RMT_1838_Type1_WFast_Unequal2,4,0.1,0.1,1.0,8.0,500000,67093,14310,14310,14298,12,0,0,2.862,2.862,2.8596
NEW_RMT_1838_Type1_WFast_Unequal2,4,0.1,0.1,1.0,9.0,500000,62006,13731,13731,13695,36,0,0,2.7462,2.7462,2.739
NEW_RMT_1838_Type1_WFast_Unequal2,4,0.1,0.1,1.0,10.0,500000,57917,13255,13255,13156,99,0,0,2.651,2.651,2.6312
NEW_RMT_1838_Type1_WFast_Unequal3,5,0.1,1.0,10.0,0.1,500000,500000,0,0,0,0,0,0,0.0,0.0,0.0
NEW_RMT_1838_Type1_WFast_Unequal3,5,0.1,1.0,10.0,0.2,500000,500000,0,0,0,0,0,0,0.0,0.0,0.0
NEW_RMT_1838_Type1_WFast_Unequal3,5,0.1,1.0,10.0,0.3,500000,499997,0,0,0,0,0,0,0.0,0.0,0.0
NEW_RMT_1838_Type1_WFast_Unequal3,5,0.1,1.0,10.0,0.4,500000,499589,0,0,0,0,0,0,0.0,0.0,0.0
NEW_RMT_1838_Type1_WFast_Unequal3,5,0.1,1.0,10.0,0.5,500000,495402,17,17,17,0,0,0,0.0034,0.0034,0.0034
NEW_RMT_1838_Type1_WFast_Unequal3,5,0.1,1.0,10.0,0.58,500000,485969,115,115,115,0,0,0,0.023,0.023,0.023
NEW_RMT_1838_Type1_WFast_Unequal3,5,0.1,1.0,10.0,0.6,500000,482642,149,149,149,0,0,0,0.0298,0.0298,0.0298
NEW_RMT_1838_Type1_WFast_Unequal3,5,0.1,1.0,10.0,0.7,500000,460746,467,467,467,0,0,0,0.0934,0.0934,0.0934
NEW_RMT_1838_Type1_WFast_Unequal3,5,0.1,1.0,10.0,0.8,500000,433299,1106,1106,1106,0,0,0,0.2212,0.2212,0.2212
NEW_RMT_1838_Type1_WFast_Unequal3,5,0.1,1.0,10.0,0.9,500000,403836,2076,2076,2076,0,0,0,0.4152,0.4152,0.4152
NEW_RMT_1838_Type1_WFast_Unequal3,5,0.1,1.0,10.0,1.0,500000,374316,3188,3188,3188,0,0,0,0.6376,0.6376,0.6376
NEW_RMT_1838_Type1_WFast_Unequal3,5,0.1,1.0,10.0,1.1,500000,346971,4640,4640,4640,0,0,0,0.928,0.928,0.928
NEW_RMT_1838_Type1_WFast_Unequal3,5,0.1,1.0,10.0,1.2,500000,321807,6073,6073,6073,0,0,0,1.2146,1.2146,1.2146
NEW_RMT_1838_Type1_WFast_Unequal3,5,0.1,1.0,10.0,1.3,500000,299433,7631,7631,7631,0,0,0,1.5262,1.5262,1.5262
NEW_RMT_1838_Type1_WFast_Unequal3,5,0.1,1.0,10.0,1.4,500000,279507,9230,9230,9230,0,0,0,1.846,1.846,1.846
NEW_RMT_1838_Type1_WFast_Unequal3,5,0.1,1.0,10.0,1.5,500000,261652,10708,10708,10708,0,0,0,2.1416,2.1416,2.1416
NEW_RMT_1838_Type1_WFast_Unequal3,5,0.1,1.0,10.0,1.6,500000,245893,12152,12152,12152,0,0,0,2.4304,2.4304,2.4304
NEW_RMT_1838_Type1_WFast_Unequal3,5,0.1,1.0,10.0,1.8,500000,219308,15047,15047,15047,0,0,0,3.0094,3.0094,3.0094
NEW_RMT_1838_Type1_WFast_Unequal3,5,0.1,1.0,10.0,2.0,500000,198117,17375,17375,17375,0,0,0,3.475,3.475,3.475
NEW_RMT_1838_Type1_WFast_Unequal3,5,0.1,1.0,10.0,2.2,500000,181074,19482,19482,19482,0,0,0,3.8964,3.8964,3.8964
NEW_RMT_1838_Type1_WFast_Unequal3,5,0.1,1.0,10.0,2.4,500000,167376,21207,21207,21207,0,0,0,4.2414,4.2414,4.2414
NEW_RMT_1838_Type1_WFast_Unequal3,5,0.1,1.0,10.0,2.6,500000,155692,22669,22669,22669,0,0,0,4.5338,4.5338,4.5338
NEW_RMT_1838_Type1_WFast_Unequal3,5,0.1,1.0,10.0,2.8,500000,145962,23960,23960,23960,0,0,0,4.792,4.792,4.792
NEW_RMT_1838_Type1_WFast_Unequal3,5,0.1,1.0,10.0,3.0,500000,137606,25012,25012,25012,0,0,0,5.0024,5.0024,5.0024
NEW_RMT_1838_Type1_WFast_Unequal3,5,0.1,1.0,10.0,3.2,500000,130544,25970,25970,25970,0,0,0,5.194,5.194,5.194
NEW_RMT_1838_Type1_WFast_Unequal3,5,0.1,1.0,10.0,3.4,500000,124265,26746,26746,26746,0,0,0,5.3492,5.3492,5.3492
NEW_RMT_1838_Type1_WFast_Unequal3,5,0.1,1.0,10.0,3.6,500000,118713,27328,27328,27328,0,0,0,5.4656,5.4656,5.4656
NEW_RMT_1838_Type1_WFast_Unequal3,5,0.1,1.0,10.0,3.8,500000,113873,27843,27843,27843,0,0,0,5.5686,5.5686,5.5686
NEW_RMT_1838_Type1_WFast_Unequal3,5,0.1,1.0,10.0,4.0,500000,109475,28273,28273,28273,0,0,0,5.6546,5.6546,5.6546
NEW_RMT_1838_Type1_WFast_Unequal3,5,0.1,1.0,10.0,4.5,500000,100262,29141,29141,29141,0,0,0,5.8282,5.8282,5.8282
NEW_RMT_1838_Type1_WFast_Unequal3,5,0.1,1.0,10.0,5.0,500000,92855,29502,29502,29502,0,0,0,5.9004,5.9004,5.9004
NEW_RMT_1838_Type1_WFast_Unequal3,5,0.1,1.0,10.0,5.5,500000,86748,29625,29625,29625,0,0,0,5.925,5.925,5.925
NEW_RMT_1838_Type1_WFast_Unequal3,5,0.1,1.0,10.0,6.0,500000,81561,29495,29495,29495,0,0,0,5.899,5.899,5.899
NEW_RMT_1838_Type1_WFast_Unequal3,5,0.1,1.0,10.0,7.0,500000,73467,29221,29221,29221,0,0,0,5.8442,5.8442,5.8442
NEW_RMT_1838_Type1_WFast_Unequal3,5,0.1,1.0,10.0,8.0,500000,67093,28501,28501,28501,0,0,0,5.7002,5.7002,5.7002
NEW_RMT_1838_Type1_WFast_Unequal3,5,0.1,1.0,10.0,9.0,500000,62006,27676,27676,27676,0,0,0,5.5352,5.5352,5.5352
NEW_RMT_1838_Type1_WFast_Unequal3,5,0.1,1.0,10.0,10.0,500000,57917,26954,26954,26954,0,0,0,5.3908,5.3908,5.3908
NEW_RMT_1838_Type1_WFast_Unequal4,6,1.0,0.1,10.0,0.1,500000,500000,0,0,0,0,0,0,0.0,0.0,0.0
NEW_RMT_1838_Type1_WFast_Unequal4,6,1.0,0.1,10.0,0.2,500000,500000,0,0,0,0,0,0,0.0,0.0,0.0
NEW_RMT_1838_Type1_WFast_Unequal4,6,1.0,0.1,10.0,0.3,500000,499997,0,0,0,0,0,0,0.0,0.0,0.0
NEW_RMT_1838_Type1_WFast_Unequal4,6,1.0,0.1,10.0,0.4,500000,499589,0,0,0,0,0,0,0.0,0.0,0.0
NEW_RMT_1838_Type1_WFast_Unequal4,6,1.0,0.1,10.0,0.5,500000,495402,13,13,13,0,0,0,0.0026,0.0026,0.0026
NEW_RMT_1838_Type1_WFast_Unequal4,6,1.0,0.1,10.0,0.58,500000,485969,83,83,83,0,0,0,0.0166,0.0166,0.0166
NEW_RMT_1838_Type1_WFast_Unequal4,6,1.0,0.1,10.0,0.6,500000,482642,106,106,106,0,0,0,0.0212,0.0212,0.0212
NEW_RMT_1838_Type1_WFast_Unequal4,6,1.0,0.1,10.0,0.7,500000,460746,325,325,325,0,0,0,0.065,0.065,0.065
NEW_RMT_1838_Type1_WFast_Unequal4,6,1.0,0.1,10.0,0.8,500000,433299,767,767,767,0,0,0,0.1534,0.1534,0.1534
NEW_RMT_1838_Type1_WFast_Unequal4,6,1.0,0.1,10.0,0.9,500000,403836,1436,1436,1436,0,0,0,0.2872,0.2872,0.2872
NEW_RMT_1838_Type1_WFast_Unequal4,6,1.0,0.1,10.0,1.0,500000,374316,2207,2207,2207,0,0,0,0.4414,0.4414,0.4414
NEW_RMT_1838_Type1_WFast_Unequal4,6,1.0,0.1,10.0,1.1,500000,346971,3239,3239,3239,0,0,0,0.6478,0.6478,0.6478
NEW_RMT_1838_Type1_WFast_Unequal4,6,1.0,0.1,10.0,1.2,500000,321807,4242,4242,4242,0,0,0,0.8484,0.8484,0.8484
NEW_RMT_1838_Type1_WFast_Unequal4,6,1.0,0.1,10.0,1.3,500000,299433,5369,5369,5369,0,0,0,1.0738,1.0738,1.0738
NEW_RMT_1838_Type1_WFast_Unequal4,6,1.0,0.1,10.0,1.4,500000,279507,6503,6503,6503,0,0,0,1.3006,1.3006,1.3006
NEW_RMT_1838_Type1_WFast_Unequal4,6,1.0,0.1,10.0,1.5,500000,261652,7553,7553,7553,0,0,0,1.5106,1.5106,1.5106
NEW_RMT_1838_Type1_WFast_Unequal4,6,1.0,0.1,10.0,1.6,500000,245893,8454,8454,8454,0,0,0,1.6908,1.6908,1.6908
NEW_RMT_1838_Type1_WFast_Unequal4,6,1.0,0.1,10.0,1.8,500000,219308,10462,10462,10462,0,0,0,2.0924,2.0924,2.0924
NEW_RMT_1838_Type1_WFast_Unequal4,6,1.0,0.1,10.0,2.0,500000,198117,12038,12038,12038,0,0,0,2.4076,2.4076,2.4076
NEW_RMT_1838_Type1_WFast_Unequal4,6,1.0,0.1,10.0,2.2,500000,181074,13491,13491,13491,0,0,0,2.6982,2.6982,2.6982
NEW_RMT_1838_Type1_WFast_Unequal4,6,1.0,0.1,10.0,2.4,500000,167376,14570,14570,14570,0,0,0,2.914,2.914,2.914
NEW_RMT_1838_Type1_WFast_Unequal4,6,1.0,0.1,10.0,2.6,500000,155692,15488,15488,15488,0,0,0,3.0976,3.0976,3.0976
NEW_RMT_1838_Type1_WFast_Unequal4,6,1.0,0.1,10.0,2.8,500000,145962,16174,16174,16174,0,0,0,3.2348,3.2348,3.2348
NEW_RMT_1838_Type1_WFast_Unequal4,6,1.0,0.1,10.0,3.0,500000,137606,16850,16850,16850,0,0,0,3.37,3.37,3.37
NEW_RMT_1838_Type1_WFast_Unequal4,6,1.0,0.1,10.0,3.2,500000,130544,17389,17389,17389,0,0,0,3.4778,3.4778,3.4778
NEW_RMT_1838_Type1_WFast_Unequal4,6,1.0,0.1,10.0,3.4,500000,124265,17789,17789,17789,0,0,0,3.5578,3.5578,3.5578
NEW_RMT_1838_Type1_WFast_Unequal4,6,1.0,0.1,10.0,3.6,500000,118713,18173,18173,18173,0,0,0,3.6346,3.6346,3.6346
NEW_RMT_1838_Type1_WFast_Unequal4,6,1.0,0.1,10.0,3.8,500000,113873,18432,18432,18432,0,0,0,3.6864,3.6864,3.6864
NEW_RMT_1838_Type1_WFast_Unequal4,6,1.0,0.1,10.0,4.0,500000,109475,18522,18522,18522,0,0,0,3.7044,3.7044,3.7044
NEW_RMT_1838_Type1_WFast_Unequal4,6,1.0,0.1,10.0,4.5,500000,100262,18732,18732,18732,0,0,0,3.7464,3.7464,3.7464
NEW_RMT_1838_Type1_WFast_Unequal4,6,1.0,0.1,10.0,5.0,500000,92855,18779,18779,18779,0,0,0,3.7558,3.7558,3.7558
NEW_RMT_1838_Type1_WFast_Unequal4,6,1.0,0.1,10.0,5.5,500000,86748,18647,18647,18647,0,0,0,3.7294,3.7294,3.7294
NEW_RMT_1838_Type1_WFast_Unequal4,6,1.0,0.1,10.0,6.0,500000,81561,18389,18389,18389,0,0,0,3.6778,3.6778,3.6778
NEW_RMT_1838_Type1_WFast_Unequal4,6,1.0,0.1,10.0,7.0,500000,73467,17757,17757,17757,0,0,0,3.5514,3.5514,3.5514
NEW_RMT_1838_Type1_WFast_Unequal4,6,1.0,0.1,10.0,8.0,500000,67093,16997,16997,16997,0,0,0,3.3994,3.3994,3.3994
NEW_RMT_1838_Type1_WFast_Unequal4,6,1.0,0.1,10.0,9.0,500000,62006,16216,16216,16216,0,0,0,3.2432,3.2432,3.2432
NEW_RMT_1838_Type1_WFast_Unequal4,6,1.0,0.1,10.0,10.0,500000,57917,15577,15577,15577,0,0,0,3.1154,3.1154,3.1154
NEW_RMT_1838_Type1_WFast_Unequal5,7,0.1,0.1,10.0,0.1,500000,500000,0,0,0,0,0,0,0.0,0.0,0.0
NEW_RMT_1838_Type1_WFast_Unequal5,7,0.1,0.1,10.0,0.2,500000,500000,0,0,0,0,0,0,0.0,0.0,0.0
NEW_RMT_1838_Type1_WFast_Unequal5,7,0.1,0.1,10.0,0.3,500000,499997,0,0,0,0,0,0,0.0,0.0,0.0
NEW_RMT_1838_Type1_WFast_Unequal5,7,0.1,0.1,10.0,0.4,500000,499589,3,3,3,0,0,0,0.0006,0.0006,0.0006
NEW_RMT_1838_Type1_WFast_Unequal5,7,0.1,0.1,10.0,0.5,500000,495402,150,150,150,0,0,0,0.03,0.03,0.03
NEW_RMT_1838_Type1_WFast_Unequal5,7,0.1,0.1,10.0,0.58,500000,485969,568,568,568,0,0,0,0.1136,0.1136,0.1136
NEW_RMT_1838_Type1_WFast_Unequal5,7,0.1,0.1,10.0,0.6,500000,482642,708,708,708,0,0,0,0.1416,0.1416,0.1416
NEW_RMT_1838_Type1_WFast_Unequal5,7,0.1,0.1,10.0,0.7,500000,460746,1864,1864,1864,0,0,0,0.3728,0.3728,0.3728
NEW_RMT_1838_Type1_WFast_Unequal5,7,0.1,0.1,10.0,0.8,500000,433299,3630,3630,3630,0,0,0,0.726,0.726,0.726
NEW_RMT_1838_Type1_WFast_Unequal5,7,0.1,0.1,10.0,0.9,500000,403836,5997,5997,5997,0,0,0,1.1994,1.1994,1.1994
NEW_RMT_1838_Type1_WFast_Unequal5,7,0.1,0.1,10.0,1.0,500000,374316,8468,8468,8468,0,0,0,1.6936,1.6936,1.6936
NEW_RMT_1838_Type1_WFast_Unequal5,7,0.1,0.1,10.0,1.1,500000,346971,11203,11203,11203,0,0,0,2.2406,2.2406,2.2406
NEW_RMT_1838_Type1_WFast_Unequal5,7,0.1,0.1,10.0,1.2,500000,321807,13857,13857,13857,0,0,0,2.7714,2.7714,2.7714
NEW_RMT_1838_Type1_WFast_Unequal5,7,0.1,0.1,10.0,1.3,500000,299433,16485,16485,16485,0,0,0,3.297,3.297,3.297
NEW_RMT_1838_Type1_WFast_Unequal5,7,0.1,0.1,10.0,1.4,500000,279507,18894,18894,18894,0,0,0,3.7788,3.7788,3.7788
NEW_RMT_1838_Type1_WFast_Unequal5,7,0.1,0.1,10.0,1.5,500000,261652,21240,21240,21240,0,0,0,4.248,4.248,4.248
NEW_RMT_1838_Type1_WFast_Unequal5,7,0.1,0.1,10.0,1.6,500000,245893,23440,23440,23440,0,0,0,4.688,4.688,4.688
NEW_RMT_1838_Type1_WFast_Unequal5,7,0.1,0.1,10.0,1.8,500000,219308,27104,27104,27104,0,0,0,5.4208,5.4208,5.4208
NEW_RMT_1838_Type1_WFast_Unequal5,7,0.1,0.1,10.0,2.0,500000,198117,30103,30103,30103,0,0,0,6.0206,6.0206,6.0206
NEW_RMT_1838_Type1_WFast_Unequal5,7,0.1,0.1,10.0,2.2,500000,181074,32442,32442,32442,0,0,0,6.4884,6.4884,6.4884
NEW_RMT_1838_Type1_WFast_Unequal5,7,0.1,0.1,10.0,2.4,500000,167376,34513,34513,34513,0,0,0,6.9026,6.9026,6.9026
NEW_RMT_1838_Type1_WFast_Unequal5,7,0.1,0.1,10.0,2.6,500000,155692,36071,36071,36071,0,0,0,7.2142,7.2142,7.2142
NEW_RMT_1838_Type1_WFast_Unequal5,7,0.1,0.1,10.0,2.8,500000,145962,37313,37313,37313,0,0,0,7.4626,7.4626,7.4626
NEW_RMT_1838_Type1_WFast_Unequal5,7,0.1,0.1,10.0,3.0,500000,137606,38334,38334,38334,0,0,0,7.6668,7.6668,7.6668
NEW_RMT_1838_Type1_WFast_Unequal5,7,0.1,0.1,10.0,3.2,500000,130544,39104,39104,39104,0,0,0,7.8208,7.8208,7.8208
NEW_RMT_1838_Type1_WFast_Unequal5,7,0.1,0.1,10.0,3.4,500000,124265,39675,39675,39675,0,0,0,7.935,7.935,7.935
NEW_RMT_1838_Type1_WFast_Unequal5,7,0.1,0.1,10.0,3.6,500000,118713,40132,40132,40132,0,0,0,8.0264,8.0264,8.0264
NEW_RMT_1838_Type1_WFast_Unequal5,7,0.1,0.1,10.0,3.8,500000,113873,40526,40526,40526,0,0,0,8.1052,8.1052,8.1052
NEW_RMT_1838_Type1_WFast_Unequal5,7,0.1,0.1,10.0,4.0,500000,109475,40696,40696,40696,0,0,0,8.1392,8.1392,8.1392
NEW_RMT_1838_Type1_WFast_Unequal5,7,0.1,0.1,10.0,4.5,500000,100262,40851,40851,40851,0,0,0,8.1702,8.1702,8.1702
NEW_RMT_1838_Type1_WFast_Unequal5,7,0.1,0.1,10.0,5.0,500000,92855,40655,40655,40655,0,0,0,8.131,8.131,8.131
NEW_RMT_1838_Type1_WFast_Unequal5,7,0.1,0.1,10.0,5.5,500000,86748,40237,40237,40237,0,0,0,8.0474,8.0474,8.0474
NEW_RMT_1838_Type1_WFast_Unequal5,7,0.1,0.1,10.0,6.0,500000,81561,39583,39583,39582,1,0,0,7.9166,7.9166,7.9164
NEW_RMT_1838_Type1_WFast_Unequal5,7,0.1,0.1,10.0,7.0,500000,73467,38318,38318,38307,11,0,0,7.6636,7.6636,7.6614
NEW_RMT_1838_Type1_WFast_Unequal5,7,0.1,0.1,10.0,8.0,500000,67093,36747,36747,36712,35,0,0,7.3494,7.3494,7.3424
NEW_RMT_1838_Type1_WFast_Unequal5,7,0.1,0.1,10.0,9.0,500000,62006,35212,35212,35102,110,0,0,7.0424,7.0424,7.0204
NEW_RMT_1838_Type1_WFast_Unequal5,7,0.1,0.1,10.0,10.0,500000,57917,33833,33833,33597,236,0,0,6.7666,6.7666,6.7194
NEW_RMT_1838_Type1_WFast_Unequal6,8,1.0,0.0,10.0,0.1,500000,500000,0,0,0,0,0,0,0.0,0.0,0.0
NEW_RMT_1838_Type1_WFast_Unequal6,8,1.0,0.0,10.0,0.2,500000,500000,0,0,0,0,0,0,0.0,0.0,0.0
NEW_RMT_1838_Type1_WFast_Unequal6,8,1.0,0.0,10.0,0.3,500000,499997,0,0,0,0,0,0,0.0,0.0,0.0
NEW_RMT_1838_Type1_WFast_Unequal6,8,1.0,0.0,10.0,0.4,500000,499589,0,0,0,0,0,0,0.0,0.0,0.0
NEW_RMT_1838_Type1_WFast_Unequal6,8,1.0,0.0,10.0,0.5,500000,495402,15,15,15,0,0,0,0.003,0.003,0.003
NEW_RMT_1838_Type1_WFast_Unequal6,8,1.0,0.0,10.0,0.58,500000,485969,94,94,94,0,0,0,0.0188,0.0188,0.0188
NEW_RMT_1838_Type1_WFast_Unequal6,8,1.0,0.0,10.0,0.6,500000,482642,122,122,122,0,0,0,0.0244,0.0244,0.0244
NEW_RMT_1838_Type1_WFast_Unequal6,8,1.0,0.0,10.0,0.7,500000,460746,382,382,382,0,0,0,0.0764,0.0764,0.0764
NEW_RMT_1838_Type1_WFast_Unequal6,8,1.0,0.0,10.0,0.8,500000,433299,863,863,863,0,0,0,0.1726,0.1726,0.1726
NEW_RMT_1838_Type1_WFast_Unequal6,8,1.0,0.0,10.0,0.9,500000,403836,1593,1593,1593,0,0,0,0.3186,0.3186,0.3186
NEW_RMT_1838_Type1_WFast_Unequal6,8,1.0,0.0,10.0,1.0,500000,374316,2436,2436,2436,0,0,0,0.4872,0.4872,0.4872
NEW_RMT_1838_Type1_WFast_Unequal6,8,1.0,0.0,10.0,1.1,500000,346971,3552,3552,3552,0,0,0,0.7104,0.7104,0.7104
NEW_RMT_1838_Type1_WFast_Unequal6,8,1.0,0.0,10.0,1.2,500000,321807,4604,4604,4604,0,0,0,0.9208,0.9208,0.9208
NEW_RMT_1838_Type1_WFast_Unequal6,8,1.0,0.0,10.0,1.3,500000,299433,5811,5811,5811,0,0,0,1.1622,1.1622,1.1622
NEW_RMT_1838_Type1_WFast_Unequal6,8,1.0,0.0,10.0,1.4,500000,279507,6990,6990,6990,0,0,0,1.398,1.398,1.398
NEW_RMT_1838_Type1_WFast_Unequal6,8,1.0,0.0,10.0,1.5,500000,261652,8125,8125,8125,0,0,0,1.625,1.625,1.625
NEW_RMT_1838_Type1_WFast_Unequal6,8,1.0,0.0,10.0,1.6,500000,245893,9096,9096,9096,0,0,0,1.8192,1.8192,1.8192
NEW_RMT_1838_Type1_WFast_Unequal6,8,1.0,0.0,10.0,1.8,500000,219308,11138,11138,11138,0,0,0,2.2276,2.2276,2.2276
NEW_RMT_1838_Type1_WFast_Unequal6,8,1.0,0.0,10.0,2.0,500000,198117,12814,12814,12814,0,0,0,2.5628,2.5628,2.5628
NEW_RMT_1838_Type1_WFast_Unequal6,8,1.0,0.0,10.0,2.2,500000,181074,14283,14283,14283,0,0,0,2.8566,2.8566,2.8566
NEW_RMT_1838_Type1_WFast_Unequal6,8,1.0,0.0,10.0,2.4,500000,167376,15394,15394,15394,0,0,0,3.0788,3.0788,3.0788
NEW_RMT_1838_Type1_WFast_Unequal6,8,1.0,0.0,10.0,2.6,500000,155692,16301,16301,16301,0,0,0,3.2602,3.2602,3.2602
NEW_RMT_1838_Type1_WFast_Unequal6,8,1.0,0.0,10.0,2.8,500000,145962,17052,17052,17052,0,0,0,3.4104,3.4104,3.4104
NEW_RMT_1838_Type1_WFast_Unequal6,8,1.0,0.0,10.0,3.0,500000,137606,17689,17689,17689,0,0,0,3.5378,3.5378,3.5378
NEW_RMT_1838_Type1_WFast_Unequal6,8,1.0,0.0,10.0,3.2,500000,130544,18241,18241,18241,0,0,0,3.6482,3.6482,3.6482
NEW_RMT_1838_Type1_WFast_Unequal6,8,1.0,0.0,10.0,3.4,500000,124265,18661,18661,18661,0,0,0,3.7322,3.7322,3.7322
NEW_RMT_1838_Type1_WFast_Unequal6,8,1.0,0.0,10.0,3.6,500000,118713,18999,18999,18999,0,0,0,3.7998,3.7998,3.7998
NEW_RMT_1838_Type1_WFast_Unequal6,8,1.0,0.0,10.0,3.8,500000,113873,19211,19211,19211,0,0,0,3.8422,3.8422,3.8422
NEW_RMT_1838_Type1_WFast_Unequal6,8,1.0,0.0,10.0,4.0,500000,109475,19319,19319,19319,0,0,0,3.8638,3.8638,3.8638
NEW_RMT_1838_Type1_WFast_Unequal6,8,1.0,0.0,10.0,4.5,500000,100262,19571,19571,19571,0,0,0,3.9142,3.9142,3.9142
NEW_RMT_1838_Type1_WFast_Unequal6,8,1.0,0.0,10.0,5.0,500000,92855,19519,19519,19519,0,0,0,3.9038,3.9038,3.9038
NEW_RMT_1838_Type1_WFast_Unequal6,8,1.0,0.0,10.0,5.5,500000,86748,19412,19412,19412,0,0,0,3.8824,3.8824,3.8824
NEW_RMT_1838_Type1_WFast_Unequal6,8,1.0,0.0,10.0,6.0,500000,81561,19098,19098,19097,1,0,0,3.8196,3.8196,3.8194
NEW_RMT_1838_Type1_WFast_Unequal6,8,1.0,0.0,10.0,7.0,500000,73467,18422,18422,18412,10,0,0,3.6844,3.6844,3.6824
NEW_RMT_1838_Type1_WFast_Unequal6,8,1.0,0.0,10.0,8.0,500000,67093,17598,17598,17565,33,0,0,3.5196,3.5196,3.513
NEW_RMT_1838_Type1_WFast_Unequal6,8,1.0,0.0,10.0,9.0,500000,62006,16802,16802,16705,97,0,0,3.3604,3.3604,3.341
NEW_RMT_1838_Type1_WFast_Unequal6,8,1.0,0.0,10.0,10.0,500000,57917,16072,16072,15872,200,0,0,3.2144,3.2144,3.1744
NEW_RMT_1838_Type1_WFast_Unequal7,9,0.1,0.0,1.0,0.1,500000,500000,0,0,0,0,0,0,0.0,0.0,0.0
NEW_RMT_1838_Type1_WFast_Unequal7,9,0.1,0.0,1.0,0.2,500000,500000,0,0,0,0,0,0,0.0,0.0,0.0
NEW_RMT_1838_Type1_WFast_Unequal7,9,0.1,0.0,1.0,0.3,500000,499997,0,0,0,0,0,0,0.0,0.0,0.0
NEW_RMT_1838_Type1_WFast_Unequal7,9,0.1,0.0,1.0,0.4,500000,499589,0,0,0,0,0,0,0.0,0.0,0.0
NEW_RMT_1838_Type1_WFast_Unequal7,9,0.1,0.0,1.0,0.5,500000,495402,15,15,15,0,0,0,0.003,0.003,0.003
NEW_RMT_1838_Type1_WFast_Unequal7,9,0.1,0.0,1.0,0.58,500000,485969,98,98,98,0,0,0,0.0196,0.0196,0.0196
NEW_RMT_1838_Type1_WFast_Unequal7,9,0.1,0.0,1.0,0.6,500000,482642,126,126,126,0,0,0,0.0252,0.0252,0.0252
NEW_RMT_1838_Type1_WFast_Unequal7,9,0.1,0.0,1.0,0.7,500000,460746,385,385,385,0,0,0,0.077,0.077,0.077
NEW_RMT_1838_Type1_WFast_Unequal7,9,0.1,0.0,1.0,0.8,500000,433299,884,884,884,0,0,0,0.1768,0.1768,0.1768
NEW_RMT_1838_Type1_WFast_Unequal7,9,0.1,0.0,1.0,0.9,500000,403836,1616,1616,1616,0,0,0,0.3232,0.3232,0.3232
NEW_RMT_1838_Type1_WFast_Unequal7,9,0.1,0.0,1.0,1.0,500000,374316,2461,2461,2461,0,0,0,0.4922,0.4922,0.4922
NEW_RMT_1838_Type1_WFast_Unequal7,9,0.1,0.0,1.0,1.1,500000,346971,3591,3591,3591,0,0,0,0.7182,0.7182,0.7182
NEW_RMT_1838_Type1_WFast_Unequal7,9,0.1,0.0,1.0,1.2,500000,321807,4636,4636,4636,0,0,0,0.9272,0.9272,0.9272
NEW_RMT_1838_Type1_WFast_Unequal7,9,0.1,0.0,1.0,1.3,500000,299433,5853,5853,5853,0,0,0,1.1706,1.1706,1.1706
NEW_RMT_1838_Type1_WFast_Unequal7,9,0.1,0.0,1.0,1.4,500000,279507,7037,7037,7037,0,0,0,1.4074,1.4074,1.4074
NEW_RMT_1838_Type1_WFast_Unequal7,9,0.1,0.0,1.0,1.5,500000,261652,8170,8170,8170,0,0,0,1.634,1.634,1.634
NEW_RMT_1838_Type1_WFast_Unequal7,9,0.1,0.0,1.0,1.6,500000,245893,9142,9142,9141,1,0,0,1.8284,1.8284,1.8282
NEW_RMT_1838_Type1_WFast_Unequal7,9,0.1,0.0,1.0,1.8,500000,219308,11192,11192,11188,4,0,0,2.2384,2.2384,2.2376
NEW_RMT_1838_Type1_WFast_Unequal7,9,0.1,0.0,1.0,2.0,500000,198117,12848,12848,12838,10,0,0,2.5696,2.5696,2.5676
NEW_RMT_1838_Type1_WFast_Unequal7,9,0.1,0.0,1.0,2.2,500000,181074,14318,14318,14291,27,0,0,2.8636,2.8636,2.8582
NEW_RMT_1838_Type1_WFast_Unequal7,9,0.1,0.0,1.0,2.4,500000,167376,15432,15432,15370,62,0,0,3.0864,3.0864,3.074
NEW_RMT_1838_Type1_WFast_Unequal7,9,0.1,0.0,1.0,2.6,500000,155692,16337,16337,16215,122,0,0,3.2674,3.2674,3.243
NEW_RMT_1838_Type1_WFast_Unequal7,9,0.1,0.0,1.0,2.8,500000,145962,17091,17091,16873,218,0,0,3.4182,3.4182,3.3746
NEW_RMT_1838_Type1_WFast_Unequal7,9,0.1,0.0,1.0,3.0,500000,137606,17724,17724,17351,373,0,0,3.5448,3.5448,3.4702
NEW_RMT_1838_Type1_WFast_Unequal7,9,0.1,0.0,1.0,3.2,500000,130544,18269,18269,17717,552,0,0,3.6538,3.6538,3.5434
NEW_RMT_1838_Type1_WFast_Unequal7,9,0.1,0.0,1.0,3.4,500000,124265,18694,18694,17903,791,0,0,3.7388,3.7388,3.5806
NEW_RMT_1838_Type1_WFast_Unequal7,9,0.1,0.0,1.0,3.6,500000,118713,19029,19029,17983,1046,0,0,3.8058,3.8058,3.5966
NEW_RMT_1838_Type1_WFast_Unequal7,9,0.1,0.0,1.0,3.8,500000,113873,19235,19235,17943,1292,0,0,3.847,3.847,3.5886
NEW_RMT_1838_Type1_WFast_Unequal7,9,0.1,0.0,1.0,4.0,500000,109475,19347,19347,17738,1609,0,0,3.8694,3.8694,3.5476
NEW_RMT_1838_Type1_WFast_Unequal7,9,0.1,0.0,1.0,4.5,500000,100262,19598,19598,17116,2482,0,0,3.9196,3.9196,3.4232
NEW_RMT_1838_Type1_WFast_Unequal7,9,0.1,0.0,1.0,5.0,500000,92855,19535,19535,16140,3395,0,0,3.907,3.907,3.228
NEW_RMT_1838_Type1_WFast_Unequal7,9,0.1,0.0,1.0,5.5,500000,86748,19428,19428,15164,4264,0,0,3.8856,3.8856,3.0328
NEW_RMT_1838_Type1_WFast_Unequal7,9,0.1,0.0,1.0,6.0,500000,81561,19112,19112,14060,5052,0,0,3.8224,3.8224,2.812
NEW_RMT_1838_Type1_WFast_Unequal7,9,0.1,0.0,1.0,7.0,500000,73467,18431,18431,11956,6475,0,0,3.6862,3.6862,2.3912
NEW_RMT_1838_Type1_WFast_Unequal7,9,0.1,0.0,1.0,8.0,500000,67093,17611,17611,10048,7563,0,0,3.5222,3.5222,2.0096
NEW_RMT_1838_Type1_WFast_Unequal7,9,0.1,0.0,1.0,9.0,500000,62006,16811,16811,8503,8308,0,0,3.3622,3.3622,1.7006
NEW_RMT_1838_Type1_WFast_Unequal7,9,0.1,0.0,1.0,10.0,500000,57917,16080,16080,7306,8774,0,0,3.216,3.216,1.4612
NEW_RMT_1838_Type1_WFast_Unequal8,10,0.1,0.0,10.0,0.1,500000,500000,0,0,0,0,0,0,0.0,0.0,0.0
NEW_RMT_1838_Type1_WFast_Unequal8,10,0.1,0.0,10.0,0.2,500000,500000,0,0,0,0,0,0,0.0,0.0,0.0
NEW_RMT_1838_Type1_WFast_Unequal8,10,0.1,0.0,10.0,0.3,500000,499997,0,0,0,0,0,0,0.0,0.0,0.0
NEW_RMT_1838_Type1_WFast_Unequal8,10,0.1,0.0,10.0,0.4,500000,499589,8,8,8,0,0,0,0.0016,0.0016,0.0016
NEW_RMT_1838_Type1_WFast_Unequal8,10,0.1,0.0,10.0,0.5,500000,495402,246,246,246,0,0,0,0.0492,0.0492,0.0492
NEW_RMT_1838_Type1_WFast_Unequal8,10,0.1,0.0,10.0,0.58,500000,485969,783,783,783,0,0,0,0.1566,0.1566,0.1566
NEW_RMT_1838_Type1_WFast_Unequal8,10,0.1,0.0,10.0,0.6,500000,482642,969,969,969,0,0,0,0.1938,0.1938,0.1938
NEW_RMT_1838_Type1_WFast_Unequal8,10,0.1,0.0,10.0,0.7,500000,460746,2481,2481,2481,0,0,0,0.4962,0.4962,0.4962
NEW_RMT_1838_Type1_WFast_Unequal8,10,0.1,0.0,10.0,0.8,500000,433299,4692,4692,4692,0,0,0,0.9384,0.9384,0.9384
NEW_RMT_1838_Type1_WFast_Unequal8,10,0.1,0.0,10.0,0.9,500000,403836,7538,7538,7538,0,0,0,1.5076,1.5076,1.5076
NEW_RMT_1838_Type1_WFast_Unequal8,10,0.1,0.0,10.0,1.0,500000,374316,10480,10480,10480,0,0,0,2.096,2.096,2.096
NEW_RMT_1838_Type1_WFast_Unequal8,10,0.1,0.0,10.0,1.1,500000,346971,13597,13597,13597,0,0,0,2.7194,2.7194,2.7194
NEW_RMT_1838_Type1_WFast_Unequal8,10,0.1,0.0,10.0,1.2,500000,321807,16596,16596,16596,0,0,0,3.3192,3.3192,3.3192
NEW_RMT_1838_Type1_WFast_Unequal8,10,0.1,0.0,10.0,1.3,500000,299433,19560,19560,19560,0,0,0,3.912,3.912,3.912
NEW_RMT_1838_Type1_WFast_Unequal8,10,0.1,0.0,10.0,1.4,500000,279507,22282,22282,22282,0,0,0,4.4564,4.4564,4.4564
NEW_RMT_1838_Type1_WFast_Unequal8,10,0.1,0.0,10.0,1.5,500000,261652,24793,24793,24792,1,0,0,4.9586,4.9586,4.9584
NEW_RMT_1838_Type1_WFast_Unequal8,10,0.1,0.0,10.0,1.6,500000,245893,27271,27271,27269,2,0,0,5.4542,5.4542,5.4538
NEW_RMT_1838_Type1_WFast_Unequal8,10,0.1,0.0,10.0,1.8,500000,219308,31154,31154,31147,7,0,0,6.2308,6.2308,6.2294
NEW_RMT_1838_Type1_WFast_Unequal8,10,0.1,0.0,10.0,2.0,500000,198117,34323,34323,34300,23,0,0,6.8646,6.8646,6.86
NEW_RMT_1838_Type1_WFast_Unequal8,10,0.1,0.0,10.0,2.2,500000,181074,36737,36737,36675,62,0,0,7.3474,7.3474,7.335
NEW_RMT_1838_Type1_WFast_Unequal8,10,0.1,0.0,10.0,2.4,500000,167376,38883,38883,38718,165,0,0,7.7766,7.7766,7.7436
NEW_RMT_1838_Type1_WFast_Unequal8,10,0.1,0.0,10.0,2.6,500000,155692,40419,40419,40139,280,0,0,8.0838,8.0838,8.0278
NEW_RMT_1838_Type1_WFast_Unequal8,10,0.1,0.0,10.0,2.8,500000,145962,41784,41784,41269,515,0,0,8.3568,8.3568,8.2538
NEW_RMT_1838_Type1_WFast_Unequal8,10,0.1,0.0,10.0,3.0,500000,137606,42651,42651,41797,854,0,0,8.5302,8.5302,8.3594
NEW_RMT_1838_Type1_WFast_Unequal8,10,0.1,0.0,10.0,3.2,500000,130544,43372,43372,42159,1213,0,0,8.6744,8.6744,8.4318
NEW_RMT_1838_Type1_WFast_Unequal8,10,0.1,0.0,10.0,3.4,500000,124265,43970,43970,42376,1594,0,0,8.794,8.794,8.4752
NEW_RMT_1838_Type1_WFast_Unequal8,10,0.1,0.0,10.0,3.6,500000,118713,44406,44406,42349,2057,0,0,8.8812,8.8812,8.4698
NEW_RMT_1838_Type1_WFast_Unequal8,10,0.1,0.0,10.0,3.8,500000,113873,44657,44657,42027,2630,0,0,8.9314,8.9314,8.4054
NEW_RMT_1838_Type1_WFast_Unequal8,10,0.1,0.0,10.0,4.0,500000,109475,44821,44821,41651,3170,0,0,8.9642,8.9642,8.3302
NEW_RMT_1838_Type1_WFast_Unequal8,10,0.1,0.0,10.0,4.5,500000,100262,44749,44749,39982,4767,0,0,8.9498,8.9498,7.9964
NEW_RMT_1838_Type1_WFast_Unequal8,10,0.1,0.0,10.0,5.0,500000,92855,44421,44421,38050,6371,0,0,8.8842,8.8842,7.61
NEW_RMT_1838_Type1_WFast_Unequal8,10,0.1,0.0,10.0,5.5,500000,86748,43867,43867,35934,7933,0,0,8.7734,8.7734,7.1868
NEW_RMT_1838_Type1_WFast_Unequal8,10,0.1,0.0,10.0,6.0,500000,81561,43104,43104,33706,9398,0,0,8.6208,8.6208,6.7412
NEW_RMT_1838_Type1_WFast_Unequal8,10,0.1,0.0,10.0,7.0,500000,73467,41542,41542,29544,11998,0,0,8.3084,8.3084,5.9088
NEW_RMT_1838_Type1_WFast_Unequal8,10,0.1,0.0,10.0,8.0,500000,67093,39694,39694,25627,14067,0,0,7.9388,7.9388,5.1254
NEW_RMT_1838_Type1_WFast_Unequal8,10,0.1,0.0,10.0,9.0,500000,62006,37917,37917,22408,15509,0,0,7.5834,7.5834,4.4816
NEW_RMT_1838_Type1_WFast_Unequal8,10,0.1,0.0,10.0,10.0,500000,57917,36335,36335,19629,16706,0,0,7.267,7.267,3.9258
NEW_RMT_1838_Type3_WFreeze_Equal1,11,1.0,1.0,0.0,0.1,500000,500000,0,0,0,0,0,0,0.0,0.0,0.0
NEW_RMT_1838_Type3_WFreeze_Equal1,11,1.0,1.0,0.0,0.2,500000,500000,0,0,0,0,0,0,0.0,0.0,0.0
NEW_RMT_1838_Type3_WFreeze_Equal1,11,1.0,1.0,0.0,0.3,500000,499997,0,0,0,0,0,0,0.0,0.0,0.0
NEW_RMT_1838_Type3_WFreeze_Equal1,11,1.0,1.0,0.0,0.4,500000,499589,0,0,0,0,0,0,0.0,0.0,0.0
NEW_RMT_1838_Type3_WFreeze_Equal1,11,1.0,1.0,0.0,0.5,500000,495402,0,0,0,0,0,0,0.0,0.0,0.0
NEW_RMT_1838_Type3_WFreeze_Equal1,11,1.0,1.0,0.0,0.58,500000,485969,0,0,0,0,0,0,0.0,0.0,0.0
NEW_RMT_1838_Type3_WFreeze_Equal1,11,1.0,1.0,0.0,0.6,500000,482642,0,0,0,0,0,0,0.0,0.0,0.0
NEW_RMT_1838_Type3_WFreeze_Equal1,11,1.0,1.0,0.0,0.7,500000,460746,0,0,0,0,0,0,0.0,0.0,0.0
NEW_RMT_1838_Type3_WFreeze_Equal1,11,1.0,1.0,0.0,0.8,500000,433299,0,0,0,0,0,0,0.0,0.0,0.0
NEW_RMT_1838_Type3_WFreeze_Equal1,11,1.0,1.0,0.0,0.9,500000,403836,0,0,0,0,0,0,0.0,0.0,0.0
NEW_RMT_1838_Type3_WFreeze_Equal1,11,1.0,1.0,0.0,1.0,500000,374316,0,0,0,0,0,0,0.0,0.0,0.0
NEW_RMT_1838_Type3_WFreeze_Equal1,11,1.0,1.0,0.0,1.1,500000,346971,0,0,0,0,0,0,0.0,0.0,0.0
NEW_RMT_1838_Type3_WFreeze_Equal1,11,1.0,1.0,0.0,1.2,500000,321807,0,0,0,0,0,0,0.0,0.0,0.0
NEW_RMT_1838_Type3_WFreeze_Equal1,11,1.0,1.0,0.0,1.3,500000,299433,0,0,0,0,0,0,0.0,0.0,0.0
NEW_RMT_1838_Type3_WFreeze_Equal1,11,1.0,1.0,0.0,1.4,500000,279507,0,0,0,0,0,0,0.0,0.0,0.0
NEW_RMT_1838_Type3_WFreeze_Equal1,11,1.0,1.0,0.0,1.5,500000,261652,0,0,0,0,0,0,0.0,0.0,0.0
NEW_RMT_1838_Type3_WFreeze_Equal1,11,1.0,1.0,0.0,1.6,500000,245893,0,0,0,0,0,0,0.0,0.0,0.0
NEW_RMT_1838_Type3_WFreeze_Equal1,11,1.0,1.0,0.0,1.8,500000,219308,0,0,0,0,0,0,0.0,0.0,0.0
NEW_RMT_1838_Type3_WFreeze_Equal1,11,1.0,1.0,0.0,2.0,500000,198117,0,0,0,0,0,0,0.0,0.0,0.0
NEW_RMT_1838_Type3_WFreeze_Equal1,11,1.0,1.0,0.0,2.2,500000,181074,0,0,0,0,0,0,0.0,0.0,0.0
NEW_RMT_1838_Type3_WFreeze_Equal1,11,1.0,1.0,0.0,2.4,500000,167376,0,0,0,0,0,0,0.0,0.0,0.0
NEW_RMT_1838_Type3_WFreeze_Equal1,11,1.0,1.0,0.0,2.6,500000,155692,0,0,0,0,0,0,0.0,0.0,0.0
NEW_RMT_1838_Type3_WFreeze_Equal1,11,1.0,1.0,0.0,2.8,500000,145962,0,0,0,0,0,0,0.0,0.0,0.0
NEW_RMT_1838_Type3_WFreeze_Equal1,11,1.0,1.0,0.0,3.0,500000,137606,0,0,0,0,1,0,0.0,0.0,0.0
NEW_RMT_1838_Type3_WFreeze_Equal1,11,1.0,1.0,0.0,3.2,500000,130544,0,0,0,0,1,0,0.0,0.0,0.0
NEW_RMT_1838_Type3_WFreeze_Equal1,11,1.0,1.0,0.0,3.4,500000,124265,0,0,0,0,1,0,0.0,0.0,0.0
NEW_RMT_1838_Type3_WFreeze_Equal1,11,1.0,1.0,0.0,3.6,500000,118713,0,0,0,0,1,0,0.0,0.0,0.0
NEW_RMT_1838_Type3_WFreeze_Equal1,11,1.0,1.0,0.0,3.8,500000,113873,0,0,0,0,1,0,0.0,0.0,0.0
NEW_RMT_1838_Type3_WFreeze_Equal1,11,1.0,1.0,0.0,4.0,500000,109475,0,0,0,0,1,0,0.0,0.0,0.0
NEW_RMT_1838_Type3_WFreeze_Equal1,11,1.0,1.0,0.0,4.5,500000,100262,0,0,0,0,0,0,0.0,0.0,0.0
NEW_RMT_1838_Type3_WFreeze_Equal1,11,1.0,1.0,0.0,5.0,500000,92855,0,0,0,0,4,0,0.0,0.0,0.0
NEW_RMT_1838_Type3_WFreeze_Equal1,11,1.0,1.0,0.0,5.5,500000,86748,0,0,0,0,7,0,0.0,0.0,0.0
NEW_RMT_1838_Type3_WFreeze_Equal1,11,1.0,1.0,0.0,6.0,500000,81561,0,0,0,0,15,0,0.0,0.0,0.0
NEW_RMT_1838_Type3_WFreeze_Equal1,11,1.0,1.0,0.0,7.0,500000,73467,0,0,0,0,30,0,0.0,0.0,0.0
NEW_RMT_1838_Type3_WFreeze_Equal1,11,1.0,1.0,0.0,8.0,500000,67093,0,0,0,0,55,0,0.0,0.0,0.0
NEW_RMT_1838_Type3_WFreeze_Equal1,11,1.0,1.0,0.0,9.0,500000,62006,0,0,0,0,74,0,0.0,0.0,0.0
NEW_RMT_1838_Type3_WFreeze_Equal1,11,1.0,1.0,0.0,10.0,500000,57917,0,0,0,0,99,0,0.0,0.0,0.0
NEW_RMT_1838_Type3_WFreeze_Equal2,12,0.1,0.1,0.0,0.1,500000,500000,0,0,0,0,0,0,0.0,0.0,0.0
NEW_RMT_1838_Type3_WFreeze_Equal2,12,0.1,0.1,0.0,0.2,500000,500000,0,0,0,0,0,0,0.0,0.0,0.0
NEW_RMT_1838_Type3_WFreeze_Equal2,12,0.1,0.1,0.0,0.3,500000,499997,0,0,0,0,0,0,0.0,0.0,0.0
NEW_RMT_1838_Type3_WFreeze_Equal2,12,0.1,0.1,0.0,0.4,500000,499589,0,0,0,0,0,0,0.0,0.0,0.0
NEW_RMT_1838_Type3_WFreeze_Equal2,12,0.1,0.1,0.0,0.5,500000,495402,0,0,0,0,0,0,0.0,0.0,0.0
NEW_RMT_1838_Type3_WFreeze_Equal2,12,0.1,0.1,0.0,0.58,500000,485969,0,0,0,0,0,0,0.0,0.0,0.0
NEW_RMT_1838_Type3_WFreeze_Equal2,12,0.1,0.1,0.0,0.6,500000,482642,0,0,0,0,0,0,0.0,0.0,0.0
NEW_RMT_1838_Type3_WFreeze_Equal2,12,0.1,0.1,0.0,0.7,500000,460746,0,0,0,0,0,0,0.0,0.0,0.0
NEW_RMT_1838_Type3_WFreeze_Equal2,12,0.1,0.1,0.0,0.8,500000,433299,0,0,0,0,0,0,0.0,0.0,0.0
NEW_RMT_1838_Type3_WFreeze_Equal2,12,0.1,0.1,0.0,0.9,500000,403836,0,0,0,0,0,0,0.0,0.0,0.0
NEW_RMT_1838_Type3_WFreeze_Equal2,12,0.1,0.1,0.0,1.0,500000,374316,0,0,0,0,0,0,0.0,0.0,0.0
NEW_RMT_1838_Type3_WFreeze_Equal2,12,0.1,0.1,0.0,1.1,500000,346971,0,0,0,0,0,0,0.0,0.0,0.0
NEW_RMT_1838_Type3_WFreeze_Equal2,12,0.1,0.1,0.0,1.2,500000,321807,0,0,0,0,0,0,0.0,0.0,0.0
NEW_RMT_1838_Type3_WFreeze_Equal2,12,0.1,0.1,0.0,1.3,500000,299433,0,0,0,0,0,0,0.0,0.0,0.0
NEW_RMT_1838_Type3_WFreeze_Equal2,12,0.1,0.1,0.0,1.4,500000,279507,0,0,0,0,0,0,0.0,0.0,0.0
NEW_RMT_1838_Type3_WFreeze_Equal2,12,0.1,0.1,0.0,1.5,500000,261652,0,0,0,0,0,0,0.0,0.0,0.0
NEW_RMT_1838_Type3_WFreeze_Equal2,12,0.1,0.1,0.0,1.6,500000,245893,0,0,0,0,0,0,0.0,0.0,0.0
NEW_RMT_1838_Type3_WFreeze_Equal2,12,0.1,0.1,0.0,1.8,500000,219308,0,0,0,0,0,0,0.0,0.0,0.0
NEW_RMT_1838_Type3_WFreeze_Equal2,12,0.1,0.1,0.0,2.0,500000,198117,0,0,0,0,0,0,0.0,0.0,0.0
NEW_RMT_1838_Type3_WFreeze_Equal2,12,0.1,0.1,0.0,2.2,500000,181074,0,0,0,0,0,0,0.0,0.0,0.0
NEW_RMT_1838_Type3_WFreeze_Equal2,12,0.1,0.1,0.0,2.4,500000,167376,0,0,0,0,0,0,0.0,0.0,0.0
NEW_RMT_1838_Type3_WFreeze_Equal2,12,0.1,0.1,0.0,2.6,500000,155692,0,0,0,0,0,0,0.0,0.0,0.0
NEW_RMT_1838_Type3_WFreeze_Equal2,12,0.1,0.1,0.0,2.8,500000,145962,0,0,0,0,0,0,0.0,0.0,0.0
NEW_RMT_1838_Type3_WFreeze_Equal2,12,0.1,0.1,0.0,3.0,500000,137606,0,0,0,0,1,0,0.0,0.0,0.0
NEW_RMT_1838_Type3_WFreeze_Equal2,12,0.1,0.1,0.0,3.2,500000,130544,0,0,0,0,1,0,0.0,0.0,0.0
NEW_RMT_1838_Type3_WFreeze_Equal2,12,0.1,0.1,0.0,3.4,500000,124265,0,0,0,0,1,0,0.0,0.0,0.0
NEW_RMT_1838_Type3_WFreeze_Equal2,12,0.1,0.1,0.0,3.6,500000,118713,0,0,0,0,1,0,0.0,0.0,0.0
NEW_RMT_1838_Type3_WFreeze_Equal2,12,0.1,0.1,0.0,3.8,500000,113873,0,0,0,0,1,0,0.0,0.0,0.0
NEW_RMT_1838_Type3_WFreeze_Equal2,12,0.1,0.1,0.0,4.0,500000,109475,0,0,0,0,1,0,0.0,0.0,0.0
NEW_RMT_1838_Type3_WFreeze_Equal2,12,0.1,0.1,0.0,4.5,500000,100262,0,0,0,0,0,0,0.0,0.0,0.0
NEW_RMT_1838_Type3_WFreeze_Equal2,12,0.1,0.1,0.0,5.0,500000,92855,0,0,0,0,4,0,0.0,0.0,0.0
NEW_RMT_1838_Type3_WFreeze_Equal2,12,0.1,0.1,0.0,5.5,500000,86748,0,0,0,0,7,0,0.0,0.0,0.0
NEW_RMT_1838_Type3_WFreeze_Equal2,12,0.1,0.1,0.0,6.0,500000,81561,0,0,0,0,15,0,0.0,0.0,0.0
NEW_RMT_1838_Type3_WFreeze_Equal2,12,0.1,0.1,0.0,7.0,500000,73467,0,0,0,0,30,0,0.0,0.0,0.0
NEW_RMT_1838_Type3_WFreeze_Equal2,12,0.1,0.1,0.0,8.0,500000,67093,0,0,0,0,55,0,0.0,0.0,0.0
NEW_RMT_1838_Type3_WFreeze_Equal2,12,0.1,0.1,0.0,9.0,500000,62006,0,0,0,0,75,0,0.0,0.0,0.0
NEW_RMT_1838_Type3_WFreeze_Equal2,12,0.1,0.1,0.0,10.0,500000,57917,0,0,0,0,99,0,0.0,0.0,0.0
NEW_RMT_1838_Type3_WFreeze_Equal3,13,10.0,10.0,0.0,0.1,500000,500000,0,0,0,0,0,0,0.0,0.0,0.0
NEW_RMT_1838_Type3_WFreeze_Equal3,13,10.0,10.0,0.0,0.2,500000,500000,0,0,0,0,0,0,0.0,0.0,0.0
NEW_RMT_1838_Type3_WFreeze_Equal3,13,10.0,10.0,0.0,0.3,500000,499997,0,0,0,0,0,0,0.0,0.0,0.0
NEW_RMT_1838_Type3_WFreeze_Equal3,13,10.0,10.0,0.0,0.4,500000,499589,0,0,0,0,0,0,0.0,0.0,0.0
NEW_RMT_1838_Type3_WFreeze_Equal3,13,10.0,10.0,0.0,0.5,500000,495402,0,0,0,0,0,0,0.0,0.0,0.0
NEW_RMT_1838_Type3_WFreeze_Equal3,13,10.0,10.0,0.0,0.58,500000,485969,0,0,0,0,0,0,0.0,0.0,0.0
NEW_RMT_1838_Type3_WFreeze_Equal3,13,10.0,10.0,0.0,0.6,500000,482642,0,0,0,0,0,0,0.0,0.0,0.0
NEW_RMT_1838_Type3_WFreeze_Equal3,13,10.0,10.0,0.0,0.7,500000,460746,0,0,0,0,0,0,0.0,0.0,0.0
NEW_RMT_1838_Type3_WFreeze_Equal3,13,10.0,10.0,0.0,0.8,500000,433299,0,0,0,0,0,0,0.0,0.0,0.0
NEW_RMT_1838_Type3_WFreeze_Equal3,13,10.0,10.0,0.0,0.9,500000,403836,0,0,0,0,0,0,0.0,0.0,0.0
NEW_RMT_1838_Type3_WFreeze_Equal3,13,10.0,10.0,0.0,1.0,500000,374316,0,0,0,0,0,0,0.0,0.0,0.0
NEW_RMT_1838_Type3_WFreeze_Equal3,13,10.0,10.0,0.0,1.1,500000,346971,0,0,0,0,0,0,0.0,0.0,0.0
NEW_RMT_1838_Type3_WFreeze_Equal3,13,10.0,10.0,0.0,1.2,500000,321807,0,0,0,0,0,0,0.0,0.0,0.0
NEW_RMT_1838_Type3_WFreeze_Equal3,13,10.0,10.0,0.0,1.3,500000,299433,0,0,0,0,0,0,0.0,0.0,0.0
NEW_RMT_1838_Type3_WFreeze_Equal3,13,10.0,10.0,0.0,1.4,500000,279507,0,0,0,0,0,0,0.0,0.0,0.0
NEW_RMT_1838_Type3_WFreeze_Equal3,13,10.0,10.0,0.0,1.5,500000,261652,0,0,0,0,0,0,0.0,0.0,0.0
NEW_RMT_1838_Type3_WFreeze_Equal3,13,10.0,10.0,0.0,1.6,500000,245893,0,0,0,0,0,0,0.0,0.0,0.0
NEW_RMT_1838_Type3_WFreeze_Equal3,13,10.0,10.0,0.0,1.8,500000,219308,0,0,0,0,0,0,0.0,0.0,0.0
NEW_RMT_1838_Type3_WFreeze_Equal3,13,10.0,10.0,0.0,2.0,500000,198117,0,0,0,0,0,0,0.0,0.0,0.0
NEW_RMT_1838_Type3_WFreeze_Equal3,13,10.0,10.0,0.0,2.2,500000,181074,0,0,0,0,0,0,0.0,0.0,0.0
NEW_RMT_1838_Type3_WFreeze_Equal3,13,10.0,10.0,0.0,2.4,500000,167376,0,0,0,0,0,0,0.0,0.0,0.0
NEW_RMT_1838_Type3_WFreeze_Equal3,13,10.0,10.0,0.0,2.6,500000,155692,0,0,0,0,0,0,0.0,0.0,0.0
NEW_RMT_1838_Type3_WFreeze_Equal3,13,10.0,10.0,0.0,2.8,500000,145962,0,0,0,0,0,0,0.0,0.0,0.0
NEW_RMT_1838_Type3_WFreeze_Equal3,13,10.0,10.0,0.0,3.0,500000,137606,0,0,0,0,1,0,0.0,0.0,0.0
NEW_RMT_1838_Type3_WFreeze_Equal3,13,10.0,10.0,0.0,3.2,500000,130544,0,0,0,0,1,0,0.0,0.0,0.0
NEW_RMT_1838_Type3_WFreeze_Equal3,13,10.0,10.0,0.0,3.4,500000,124265,0,0,0,0,1,0,0.0,0.0,0.0
NEW_RMT_1838_Type3_WFreeze_Equal3,13,10.0,10.0,0.0,3.6,500000,118713,0,0,0,0,1,0,0.0,0.0,0.0
NEW_RMT_1838_Type3_WFreeze_Equal3,13,10.0,10.0,0.0,3.8,500000,113873,0,0,0,0,1,0,0.0,0.0,0.0
NEW_RMT_1838_Type3_WFreeze_Equal3,13,10.0,10.0,0.0,4.0,500000,109475,0,0,0,0,1,0,0.0,0.0,0.0
NEW_RMT_1838_Type3_WFreeze_Equal3,13,10.0,10.0,0.0,4.5,500000,100262,0,0,0,0,0,0,0.0,0.0,0.0
NEW_RMT_1838_Type3_WFreeze_Equal3,13,10.0,10.0,0.0,5.0,500000,92855,0,0,0,0,4,0,0.0,0.0,0.0
NEW_RMT_1838_Type3_WFreeze_Equal3,13,10.0,10.0,0.0,5.5,500000,86748,0,0,0,0,7,0,0.0,0.0,0.0
NEW_RMT_1838_Type3_WFreeze_Equal3,13,10.0,10.0,0.0,6.0,500000,81561,0,0,0,0,14,0,0.0,0.0,0.0
NEW_RMT_1838_Type3_WFreeze_Equal3,13,10.0,10.0,0.0,7.0,500000,73467,0,0,0,0,29,0,0.0,0.0,0.0
NEW_RMT_1838_Type3_WFreeze_Equal3,13,10.0,10.0,0.0,8.0,500000,67093,0,0,0,0,54,0,0.0,0.0,0.0
NEW_RMT_1838_Type3_WFreeze_Equal3,13,10.0,10.0,0.0,9.0,500000,62006,0,0,0,0,73,0,0.0,0.0,0.0
NEW_RMT_1838_Type3_WFreeze_Equal3,13,10.0,10.0,0.0,10.0,500000,57917,0,0,0,0,98,0,0.0,0.0,0.0
NEW_RMT_1838_Type3_WFreeze_Unequal1,14,1.0,0.1,0.0,0.1,500000,500000,0,0,0,0,0,0,0.0,0.0,0.0
NEW_RMT_1838_Type3_WFreeze_Unequal1,14,1.0,0.1,0.0,0.2,500000,500000,0,0,0,0,0,0,0.0,0.0,0.0
NEW_RMT_1838_Type3_WFreeze_Unequal1,14,1.0,0.1,0.0,0.3,500000,499997,0,0,0,0,0,0,0.0,0.0,0.0
NEW_RMT_1838_Type3_WFreeze_Unequal1,14,1.0,0.1,0.0,0.4,500000,499589,0,0,0,0,0,0,0.0,0.0,0.0
NEW_RMT_1838_Type3_WFreeze_Unequal1,14,1.0,0.1,0.0,0.5,500000,495402,0,0,0,0,0,0,0.0,0.0,0.0
NEW_RMT_1838_Type3_WFreeze_Unequal1,14,1.0,0.1,0.0,0.58,500000,485969,0,0,0,0,0,0,0.0,0.0,0.0
NEW_RMT_1838_Type3_WFreeze_Unequal1,14,1.0,0.1,0.0,0.6,500000,482642,0,0,0,0,0,0,0.0,0.0,0.0
NEW_RMT_1838_Type3_WFreeze_Unequal1,14,1.0,0.1,0.0,0.7,500000,460746,0,0,0,0,0,0,0.0,0.0,0.0
NEW_RMT_1838_Type3_WFreeze_Unequal1,14,1.0,0.1,0.0,0.8,500000,433299,0,0,0,0,0,0,0.0,0.0,0.0
NEW_RMT_1838_Type3_WFreeze_Unequal1,14,1.0,0.1,0.0,0.9,500000,403836,0,0,0,0,0,0,0.0,0.0,0.0
NEW_RMT_1838_Type3_WFreeze_Unequal1,14,1.0,0.1,0.0,1.0,500000,374316,0,0,0,0,0,0,0.0,0.0,0.0
NEW_RMT_1838_Type3_WFreeze_Unequal1,14,1.0,0.1,0.0,1.1,500000,346971,0,0,0,0,0,0,0.0,0.0,0.0
NEW_RMT_1838_Type3_WFreeze_Unequal1,14,1.0,0.1,0.0,1.2,500000,321807,0,0,0,0,0,0,0.0,0.0,0.0
NEW_RMT_1838_Type3_WFreeze_Unequal1,14,1.0,0.1,0.0,1.3,500000,299433,0,0,0,0,0,0,0.0,0.0,0.0
NEW_RMT_1838_Type3_WFreeze_Unequal1,14,1.0,0.1,0.0,1.4,500000,279507,0,0,0,0,0,0,0.0,0.0,0.0
NEW_RMT_1838_Type3_WFreeze_Unequal1,14,1.0,0.1,0.0,1.5,500000,261652,0,0,0,0,0,0,0.0,0.0,0.0
NEW_RMT_1838_Type3_WFreeze_Unequal1,14,1.0,0.1,0.0,1.6,500000,245893,0,0,0,0,0,0,0.0,0.0,0.0
NEW_RMT_1838_Type3_WFreeze_Unequal1,14,1.0,0.1,0.0,1.8,500000,219308,0,0,0,0,0,0,0.0,0.0,0.0
NEW_RMT_1838_Type3_WFreeze_Unequal1,14,1.0,0.1,0.0,2.0,500000,198117,0,0,0,0,1,0,0.0,0.0,0.0
NEW_RMT_1838_Type3_WFreeze_Unequal1,14,1.0,0.1,0.0,2.2,500000,181074,0,0,0,0,1,0,0.0,0.0,0.0
NEW_RMT_1838_Type3_WFreeze_Unequal1,14,1.0,0.1,0.0,2.4,500000,167376,0,0,0,0,2,0,0.0,0.0,0.0
NEW_RMT_1838_Type3_WFreeze_Unequal1,14,1.0,0.1,0.0,2.6,500000,155692,0,0,0,0,3,0,0.0,0.0,0.0
NEW_RMT_1838_Type3_WFreeze_Unequal1,14,1.0,0.1,0.0,2.8,500000,145962,0,0,0,0,5,0,0.0,0.0,0.0
NEW_RMT_1838_Type3_WFreeze_Unequal1,14,1.0,0.1,0.0,3.0,500000,137606,0,0,0,0,10,0,0.0,0.0,0.0
NEW_RMT_1838_Type3_WFreeze_Unequal1,14,1.0,0.1,0.0,3.2,500000,130544,0,0,0,0,13,0,0.0,0.0,0.0
NEW_RMT_1838_Type3_WFreeze_Unequal1,14,1.0,0.1,0.0,3.4,500000,124265,0,0,0,0,21,0,0.0,0.0,0.0
NEW_RMT_1838_Type3_WFreeze_Unequal1,14,1.0,0.1,0.0,3.6,500000,118713,0,0,0,0,29,0,0.0,0.0,0.0
NEW_RMT_1838_Type3_WFreeze_Unequal1,14,1.0,0.1,0.0,3.8,500000,113873,0,0,0,0,46,0,0.0,0.0,0.0
NEW_RMT_1838_Type3_WFreeze_Unequal1,14,1.0,0.1,0.0,4.0,500000,109475,0,0,0,0,64,0,0.0,0.0,0.0
NEW_RMT_1838_Type3_WFreeze_Unequal1,14,1.0,0.1,0.0,4.5,500000,100262,0,0,0,0,131,0,0.0,0.0,0.0
NEW_RMT_1838_Type3_WFreeze_Unequal1,14,1.0,0.1,0.0,5.0,500000,92855,0,0,0,0,227,0,0.0,0.0,0.0
NEW_RMT_1838_Type3_WFreeze_Unequal1,14,1.0,0.1,0.0,5.5,500000,86748,0,0,0,0,352,0,0.0,0.0,0.0
NEW_RMT_1838_Type3_WFreeze_Unequal1,14,1.0,0.1,0.0,6.0,500000,81561,0,0,0,0,467,0,0.0,0.0,0.0
NEW_RMT_1838_Type3_WFreeze_Unequal1,14,1.0,0.1,0.0,7.0,500000,73467,0,0,0,0,706,0,0.0,0.0,0.0
NEW_RMT_1838_Type3_WFreeze_Unequal1,14,1.0,0.1,0.0,8.0,500000,67093,0,0,0,0,930,0,0.0,0.0,0.0
NEW_RMT_1838_Type3_WFreeze_Unequal1,14,1.0,0.1,0.0,9.0,500000,62006,0,0,0,0,1149,0,0.0,0.0,0.0
NEW_RMT_1838_Type3_WFreeze_Unequal1,14,1.0,0.1,0.0,10.0,500000,57917,0,0,0,0,1343,0,0.0,0.0,0.0
NEW_RMT_1838_Type3_WFreeze_Unequal2,15,0.1,1.0,0.0,0.1,500000,500000,0,0,0,0,0,0,0.0,0.0,0.0
NEW_RMT_1838_Type3_WFreeze_Unequal2,15,0.1,1.0,0.0,0.2,500000,500000,0,0,0,0,0,0,0.0,0.0,0.0
NEW_RMT_1838_Type3_WFreeze_Unequal2,15,0.1,1.0,0.0,0.3,500000,499997,0,0,0,0,0,0,0.0,0.0,0.0
NEW_RMT_1838_Type3_WFreeze_Unequal2,15,0.1,1.0,0.0,0.4,500000,499589,0,0,0,0,0,0,0.0,0.0,0.0
NEW_RMT_1838_Type3_WFreeze_Unequal2,15,0.1,1.0,0.0,0.5,500000,495402,0,0,0,0,0,0,0.0,0.0,0.0
NEW_RMT_1838_Type3_WFreeze_Unequal2,15,0.1,1.0,0.0,0.58,500000,485969,0,0,0,0,0,0,0.0,0.0,0.0
NEW_RMT_1838_Type3_WFreeze_Unequal2,15,0.1,1.0,0.0,0.6,500000,482642,0,0,0,0,0,0,0.0,0.0,0.0
NEW_RMT_1838_Type3_WFreeze_Unequal2,15,0.1,1.0,0.0,0.7,500000,460746,0,0,0,0,0,0,0.0,0.0,0.0
NEW_RMT_1838_Type3_WFreeze_Unequal2,15,0.1,1.0,0.0,0.8,500000,433299,0,0,0,0,0,0,0.0,0.0,0.0
NEW_RMT_1838_Type3_WFreeze_Unequal2,15,0.1,1.0,0.0,0.9,500000,403836,0,0,0,0,0,0,0.0,0.0,0.0
NEW_RMT_1838_Type3_WFreeze_Unequal2,15,0.1,1.0,0.0,1.0,500000,374316,0,0,0,0,0,0,0.0,0.0,0.0
NEW_RMT_1838_Type3_WFreeze_Unequal2,15,0.1,1.0,0.0,1.1,500000,346971,0,0,0,0,0,0,0.0,0.0,0.0
NEW_RMT_1838_Type3_WFreeze_Unequal2,15,0.1,1.0,0.0,1.2,500000,321807,0,0,0,0,0,0,0.0,0.0,0.0
NEW_RMT_1838_Type3_WFreeze_Unequal2,15,0.1,1.0,0.0,1.3,500000,299433,0,0,0,0,0,0,0.0,0.0,0.0
NEW_RMT_1838_Type3_WFreeze_Unequal2,15,0.1,1.0,0.0,1.4,500000,279507,0,0,0,0,0,0,0.0,0.0,0.0
NEW_RMT_1838_Type3_WFreeze_Unequal2,15,0.1,1.0,0.0,1.5,500000,261652,0,0,0,0,0,0,0.0,0.0,0.0
NEW_RMT_1838_Type3_WFreeze_Unequal2,15,0.1,1.0,0.0,1.6,500000,245893,0,0,0,0,0,0,0.0,0.0,0.0
NEW_RMT_1838_Type3_WFreeze_Unequal2,15,0.1,1.0,0.0,1.8,500000,219308,0,0,0,0,0,0,0.0,0.0,0.0
NEW_RMT_1838_Type3_WFreeze_Unequal2,15,0.1,1.0,0.0,2.0,500000,198117,0,0,0,0,0,0,0.0,0.0,0.0
NEW_RMT_1838_Type3_WFreeze_Unequal2,15,0.1,1.0,0.0,2.2,500000,181074,0,0,0,0,0,0,0.0,0.0,0.0
NEW_RMT_1838_Type3_WFreeze_Unequal2,15,0.1,1.0,0.0,2.4,500000,167376,0,0,0,0,0,0,0.0,0.0,0.0
NEW_RMT_1838_Type3_WFreeze_Unequal2,15,0.1,1.0,0.0,2.6,500000,155692,0,0,0,0,0,0,0.0,0.0,0.0
NEW_RMT_1838_Type3_WFreeze_Unequal2,15,0.1,1.0,0.0,2.8,500000,145962,0,0,0,0,0,0,0.0,0.0,0.0
NEW_RMT_1838_Type3_WFreeze_Unequal2,15,0.1,1.0,0.0,3.0,500000,137606,0,0,0,0,0,0,0.0,0.0,0.0
NEW_RMT_1838_Type3_WFreeze_Unequal2,15,0.1,1.0,0.0,3.2,500000,130544,0,0,0,0,0,0,0.0,0.0,0.0
NEW_RMT_1838_Type3_WFreeze_Unequal2,15,0.1,1.0,0.0,3.4,500000,124265,0,0,0,0,0,0,0.0,0.0,0.0
NEW_RMT_1838_Type3_WFreeze_Unequal2,15,0.1,1.0,0.0,3.6,500000,118713,0,0,0,0,0,0,0.0,0.0,0.0
NEW_RMT_1838_Type3_WFreeze_Unequal2,15,0.1,1.0,0.0,3.8,500000,113873,0,0,0,0,0,0,0.0,0.0,0.0
NEW_RMT_1838_Type3_WFreeze_Unequal2,15,0.1,1.0,0.0,4.0,500000,109475,0,0,0,0,0,0,0.0,0.0,0.0
NEW_RMT_1838_Type3_WFreeze_Unequal2,15,0.1,1.0,0.0,4.5,500000,100262,0,0,0,0,0,0,0.0,0.0,0.0
NEW_RMT_1838_Type3_WFreeze_Unequal2,15,0.1,1.0,0.0,5.0,500000,92855,0,0,0,0,0,0,0.0,0.0,0.0
NEW_RMT_1838_Type3_WFreeze_Unequal2,15,0.1,1.0,0.0,5.5,500000,86748,0,0,0,0,0,0,0.0,0.0,0.0
NEW_RMT_1838_Type3_WFreeze_Unequal2,15,0.1,1.0,0.0,6.0,500000,81561,0,0,0,0,0,0,0.0,0.0,0.0
NEW_RMT_1838_Type3_WFreeze_Unequal2,15,0.1,1.0,0.0,7.0,500000,73467,0,0,0,0,0,0,0.0,0.0,0.0
NEW_RMT_1838_Type3_WFreeze_Unequal2,15,0.1,1.0,0.0,8.0,500000,67093,0,0,0,0,0,0,0.0,0.0,0.0
NEW_RMT_1838_Type3_WFreeze_Unequal2,15,0.1,1.0,0.0,9.0,500000,62006,0,0,0,0,0,0,0.0,0.0,0.0
NEW_RMT_1838_Type3_WFreeze_Unequal2,15,0.1,1.0,0.0,10.0,500000,57917,0,0,0,0,0,0,0.0,0.0,0.0
NEW_RMT_1838_Type3_WFreeze_Unequal3,16,10.0,1.0,0.0,0.1,500000,500000,0,0,0,0,0,0,0.0,0.0,0.0
NEW_RMT_1838_Type3_WFreeze_Unequal3,16,10.0,1.0,0.0,0.2,500000,500000,0,0,0,0,0,0,0.0,0.0,0.0
NEW_RMT_1838_Type3_WFreeze_Unequal3,16,10.0,1.0,0.0,0.3,500000,499997,0,0,0,0,0,0,0.0,0.0,0.0
NEW_RMT_1838_Type3_WFreeze_Unequal3,16,10.0,1.0,0.0,0.4,500000,499589,0,0,0,0,0,0,0.0,0.0,0.0
NEW_RMT_1838_Type3_WFreeze_Unequal3,16,10.0,1.0,0.0,0.5,500000,495402,0,0,0,0,0,0,0.0,0.0,0.0
NEW_RMT_1838_Type3_WFreeze_Unequal3,16,10.0,1.0,0.0,0.58,500000,485969,0,0,0,0,0,0,0.0,0.0,0.0
NEW_RMT_1838_Type3_WFreeze_Unequal3,16,10.0,1.0,0.0,0.6,500000,482642,0,0,0,0,0,0,0.0,0.0,0.0
NEW_RMT_1838_Type3_WFreeze_Unequal3,16,10.0,1.0,0.0,0.7,500000,460746,0,0,0,0,0,0,0.0,0.0,0.0
NEW_RMT_1838_Type3_WFreeze_Unequal3,16,10.0,1.0,0.0,0.8,500000,433299,0,0,0,0,0,0,0.0,0.0,0.0
NEW_RMT_1838_Type3_WFreeze_Unequal3,16,10.0,1.0,0.0,0.9,500000,403836,0,0,0,0,0,0,0.0,0.0,0.0
NEW_RMT_1838_Type3_WFreeze_Unequal3,16,10.0,1.0,0.0,1.0,500000,374316,0,0,0,0,0,0,0.0,0.0,0.0
NEW_RMT_1838_Type3_WFreeze_Unequal3,16,10.0,1.0,0.0,1.1,500000,346971,0,0,0,0,0,0,0.0,0.0,0.0
NEW_RMT_1838_Type3_WFreeze_Unequal3,16,10.0,1.0,0.0,1.2,500000,321807,0,0,0,0,0,0,0.0,0.0,0.0
NEW_RMT_1838_Type3_WFreeze_Unequal3,16,10.0,1.0,0.0,1.3,500000,299433,0,0,0,0,0,0,0.0,0.0,0.0
NEW_RMT_1838_Type3_WFreeze_Unequal3,16,10.0,1.0,0.0,1.4,500000,279507,0,0,0,0,0,0,0.0,0.0,0.0
NEW_RMT_1838_Type3_WFreeze_Unequal3,16,10.0,1.0,0.0,1.5,500000,261652,0,0,0,0,0,0,0.0,0.0,0.0
NEW_RMT_1838_Type3_WFreeze_Unequal3,16,10.0,1.0,0.0,1.6,500000,245893,0,0,0,0,0,0,0.0,0.0,0.0
NEW_RMT_1838_Type3_WFreeze_Unequal3,16,10.0,1.0,0.0,1.8,500000,219308,0,0,0,0,0,0,0.0,0.0,0.0
NEW_RMT_1838_Type3_WFreeze_Unequal3,16,10.0,1.0,0.0,2.0,500000,198117,0,0,0,0,1,0,0.0,0.0,0.0
NEW_RMT_1838_Type3_WFreeze_Unequal3,16,10.0,1.0,0.0,2.2,500000,181074,0,0,0,0,1,0,0.0,0.0,0.0
NEW_RMT_1838_Type3_WFreeze_Unequal3,16,10.0,1.0,0.0,2.4,500000,167376,0,0,0,0,2,0,0.0,0.0,0.0
NEW_RMT_1838_Type3_WFreeze_Unequal3,16,10.0,1.0,0.0,2.6,500000,155692,0,0,0,0,3,0,0.0,0.0,0.0
NEW_RMT_1838_Type3_WFreeze_Unequal3,16,10.0,1.0,0.0,2.8,500000,145962,0,0,0,0,5,0,0.0,0.0,0.0
NEW_RMT_1838_Type3_WFreeze_Unequal3,16,10.0,1.0,0.0,3.0,500000,137606,0,0,0,0,10,0,0.0,0.0,0.0
NEW_RMT_1838_Type3_WFreeze_Unequal3,16,10.0,1.0,0.0,3.2,500000,130544,0,0,0,0,13,0,0.0,0.0,0.0
NEW_RMT_1838_Type3_WFreeze_Unequal3,16,10.0,1.0,0.0,3.4,500000,124265,0,0,0,0,21,0,0.0,0.0,0.0
NEW_RMT_1838_Type3_WFreeze_Unequal3,16,10.0,1.0,0.0,3.6,500000,118713,0,0,0,0,28,0,0.0,0.0,0.0
NEW_RMT_1838_Type3_WFreeze_Unequal3,16,10.0,1.0,0.0,3.8,500000,113873,0,0,0,0,44,0,0.0,0.0,0.0
NEW_RMT_1838_Type3_WFreeze_Unequal3,16,10.0,1.0,0.0,4.0,500000,109475,0,0,0,0,62,0,0.0,0.0,0.0
NEW_RMT_1838_Type3_WFreeze_Unequal3,16,10.0,1.0,0.0,4.5,500000,100262,0,0,0,0,127,0,0.0,0.0,0.0
NEW_RMT_1838_Type3_WFreeze_Unequal3,16,10.0,1.0,0.0,5.0,500000,92855,0,0,0,0,225,0,0.0,0.0,0.0
NEW_RMT_1838_Type3_WFreeze_Unequal3,16,10.0,1.0,0.0,5.5,500000,86748,0,0,0,0,347,0,0.0,0.0,0.0
NEW_RMT_1838_Type3_WFreeze_Unequal3,16,10.0,1.0,0.0,6.0,500000,81561,0,0,0,0,463,0,0.0,0.0,0.0
NEW_RMT_1838_Type3_WFreeze_Unequal3,16,10.0,1.0,0.0,7.0,500000,73467,0,0,0,0,697,0,0.0,0.0,0.0
NEW_RMT_1838_Type3_WFreeze_Unequal3,16,10.0,1.0,0.0,8.0,500000,67093,0,0,0,0,929,0,0.0,0.0,0.0
NEW_RMT_1838_Type3_WFreeze_Unequal3,16,10.0,1.0,0.0,9.0,500000,62006,0,0,0,0,1143,0,0.0,0.0,0.0
NEW_RMT_1838_Type3_WFreeze_Unequal3,16,10.0,1.0,0.0,10.0,500000,57917,0,0,0,0,1338,0,0.0,0.0,0.0
NEW_RMT_1838_Type3_WFreeze_Unequal4,17,1.0,10.0,0.0,0.1,500000,500000,0,0,0,0,0,0,0.0,0.0,0.0
NEW_RMT_1838_Type3_WFreeze_Unequal4,17,1.0,10.0,0.0,0.2,500000,500000,0,0,0,0,0,0,0.0,0.0,0.0
NEW_RMT_1838_Type3_WFreeze_Unequal4,17,1.0,10.0,0.0,0.3,500000,499997,0,0,0,0,0,0,0.0,0.0,0.0
NEW_RMT_1838_Type3_WFreeze_Unequal4,17,1.0,10.0,0.0,0.4,500000,499589,0,0,0,0,0,0,0.0,0.0,0.0
NEW_RMT_1838_Type3_WFreeze_Unequal4,17,1.0,10.0,0.0,0.5,500000,495402,0,0,0,0,0,0,0.0,0.0,0.0
NEW_RMT_1838_Type3_WFreeze_Unequal4,17,1.0,10.0,0.0,0.58,500000,485969,0,0,0,0,0,0,0.0,0.0,0.0
NEW_RMT_1838_Type3_WFreeze_Unequal4,17,1.0,10.0,0.0,0.6,500000,482642,0,0,0,0,0,0,0.0,0.0,0.0
NEW_RMT_1838_Type3_WFreeze_Unequal4,17,1.0,10.0,0.0,0.7,500000,460746,0,0,0,0,0,0,0.0,0.0,0.0
NEW_RMT_1838_Type3_WFreeze_Unequal4,17,1.0,10.0,0.0,0.8,500000,433299,0,0,0,0,0,0,0.0,0.0,0.0
NEW_RMT_1838_Type3_WFreeze_Unequal4,17,1.0,10.0,0.0,0.9,500000,403836,0,0,0,0,0,0,0.0,0.0,0.0
NEW_RMT_1838_Type3_WFreeze_Unequal4,17,1.0,10.0,0.0,1.0,500000,374316,0,0,0,0,0,0,0.0,0.0,0.0
NEW_RMT_1838_Type3_WFreeze_Unequal4,17,1.0,10.0,0.0,1.1,500000,346971,0,0,0,0,0,0,0.0,0.0,0.0
NEW_RMT_1838_Type3_WFreeze_Unequal4,17,1.0,10.0,0.0,1.2,500000,321807,0,0,0,0,0,0,0.0,0.0,0.0
NEW_RMT_1838_Type3_WFreeze_Unequal4,17,1.0,10.0,0.0,1.3,500000,299433,0,0,0,0,0,0,0.0,0.0,0.0
NEW_RMT_1838_Type3_WFreeze_Unequal4,17,1.0,10.0,0.0,1.4,500000,279507,0,0,0,0,0,0,0.0,0.0,0.0
NEW_RMT_1838_Type3_WFreeze_Unequal4,17,1.0,10.0,0.0,1.5,500000,261652,0,0,0,0,0,0,0.0,0.0,0.0
NEW_RMT_1838_Type3_WFreeze_Unequal4,17,1.0,10.0,0.0,1.6,500000,245893,0,0,0,0,0,0,0.0,0.0,0.0
NEW_RMT_1838_Type3_WFreeze_Unequal4,17,1.0,10.0,0.0,1.8,500000,219308,0,0,0,0,0,0,0.0,0.0,0.0
NEW_RMT_1838_Type3_WFreeze_Unequal4,17,1.0,10.0,0.0,2.0,500000,198117,0,0,0,0,0,0,0.0,0.0,0.0
NEW_RMT_1838_Type3_WFreeze_Unequal4,17,1.0,10.0,0.0,2.2,500000,181074,0,0,0,0,0,0,0.0,0.0,0.0
NEW_RMT_1838_Type3_WFreeze_Unequal4,17,1.0,10.0,0.0,2.4,500000,167376,0,0,0,0,0,0,0.0,0.0,0.0
NEW_RMT_1838_Type3_WFreeze_Unequal4,17,1.0,10.0,0.0,2.6,500000,155692,0,0,0,0,0,0,0.0,0.0,0.0
NEW_RMT_1838_Type3_WFreeze_Unequal4,17,1.0,10.0,0.0,2.8,500000,145962,0,0,0,0,0,0,0.0,0.0,0.0
NEW_RMT_1838_Type3_WFreeze_Unequal4,17,1.0,10.0,0.0,3.0,500000,137606,0,0,0,0,0,0,0.0,0.0,0.0
NEW_RMT_1838_Type3_WFreeze_Unequal4,17,1.0,10.0,0.0,3.2,500000,130544,0,0,0,0,0,0,0.0,0.0,0.0
NEW_RMT_1838_Type3_WFreeze_Unequal4,17,1.0,10.0,0.0,3.4,500000,124265,0,0,0,0,0,0,0.0,0.0,0.0
NEW_RMT_1838_Type3_WFreeze_Unequal4,17,1.0,10.0,0.0,3.6,500000,118713,0,0,0,0,0,0,0.0,0.0,0.0
NEW_RMT_1838_Type3_WFreeze_Unequal4,17,1.0,10.0,0.0,3.8,500000,113873,0,0,0,0,0,0,0.0,0.0,0.0
NEW_RMT_1838_Type3_WFreeze_Unequal4,17,1.0,10.0,0.0,4.0,500000,109475,0,0,0,0,0,0,0.0,0.0,0.0
NEW_RMT_1838_Type3_WFreeze_Unequal4,17,1.0,10.0,0.0,4.5,500000,100262,0,0,0,0,0,0,0.0,0.0,0.0
NEW_RMT_1838_Type3_WFreeze_Unequal4,17,1.0,10.0,0.0,5.0,500000,92855,0,0,0,0,0,0,0.0,0.0,0.0
NEW_RMT_1838_Type3_WFreeze_Unequal4,17,1.0,10.0,0.0,5.5,500000,86748,0,0,0,0,0,0,0.0,0.0,0.0
NEW_RMT_1838_Type3_WFreeze_Unequal4,17,1.0,10.0,0.0,6.0,500000,81561,0,0,0,0,0,0,0.0,0.0,0.0
NEW_RMT_1838_Type3_WFreeze_Unequal4,17,1.0,10.0,0.0,7.0,500000,73467,0,0,0,0,0,0,0.0,0.0,0.0
NEW_RMT_1838_Type3_WFreeze_Unequal4,17,1.0,10.0,0.0,8.0,500000,67093,0,0,0,0,0,0,0.0,0.0,0.0
NEW_RMT_1838_Type3_WFreeze_Unequal4,17,1.0,10.0,0.0,9.0,500000,62006,0,0,0,0,0,0,0.0,0.0,0.0
NEW_RMT_1838_Type3_WFreeze_Unequal4,17,1.0,10.0,0.0,10.0,500000,57917,0,0,0,0,0,0,0.0,0.0,0.0
NEW_RMT_1838_Type3_WFreeze_Unequal5,18,0.1,10.0,0.0,0.1,500000,500000,0,0,0,0,0,0,0.0,0.0,0.0
NEW_RMT_1838_Type3_WFreeze_Unequal5,18,0.1,10.0,0.0,0.2,500000,500000,0,0,0,0,0,0,0.0,0.0,0.0
NEW_RMT_1838_Type3_WFreeze_Unequal5,18,0.1,10.0,0.0,0.3,500000,499997,0,0,0,0,0,0,0.0,0.0,0.0
NEW_RMT_1838_Type3_WFreeze_Unequal5,18,0.1,10.0,0.0,0.4,500000,499589,0,0,0,0,0,0,0.0,0.0,0.0
NEW_RMT_1838_Type3_WFreeze_Unequal5,18,0.1,10.0,0.0,0.5,500000,495402,0,0,0,0,0,0,0.0,0.0,0.0
NEW_RMT_1838_Type3_WFreeze_Unequal5,18,0.1,10.0,0.0,0.58,500000,485969,0,0,0,0,0,0,0.0,0.0,0.0
NEW_RMT_1838_Type3_WFreeze_Unequal5,18,0.1,10.0,0.0,0.6,500000,482642,0,0,0,0,0,0,0.0,0.0,0.0
NEW_RMT_1838_Type3_WFreeze_Unequal5,18,0.1,10.0,0.0,0.7,500000,460746,0,0,0,0,0,0,0.0,0.0,0.0
NEW_RMT_1838_Type3_WFreeze_Unequal5,18,0.1,10.0,0.0,0.8,500000,433299,0,0,0,0,0,0,0.0,0.0,0.0
NEW_RMT_1838_Type3_WFreeze_Unequal5,18,0.1,10.0,0.0,0.9,500000,403836,0,0,0,0,0,0,0.0,0.0,0.0
NEW_RMT_1838_Type3_WFreeze_Unequal5,18,0.1,10.0,0.0,1.0,500000,374316,0,0,0,0,0,0,0.0,0.0,0.0
NEW_RMT_1838_Type3_WFreeze_Unequal5,18,0.1,10.0,0.0,1.1,500000,346971,0,0,0,0,0,0,0.0,0.0,0.0
NEW_RMT_1838_Type3_WFreeze_Unequal5,18,0.1,10.0,0.0,1.2,500000,321807,0,0,0,0,0,0,0.0,0.0,0.0
NEW_RMT_1838_Type3_WFreeze_Unequal5,18,0.1,10.0,0.0,1.3,500000,299433,0,0,0,0,0,0,0.0,0.0,0.0
NEW_RMT_1838_Type3_WFreeze_Unequal5,18,0.1,10.0,0.0,1.4,500000,279507,0,0,0,0,0,0,0.0,0.0,0.0
NEW_RMT_1838_Type3_WFreeze_Unequal5,18,0.1,10.0,0.0,1.5,500000,261652,0,0,0,0,0,0,0.0,0.0,0.0
NEW_RMT_1838_Type3_WFreeze_Unequal5,18,0.1,10.0,0.0,1.6,500000,245893,0,0,0,0,0,0,0.0,0.0,0.0
NEW_RMT_1838_Type3_WFreeze_Unequal5,18,0.1,10.0,0.0,1.8,500000,219308,0,0,0,0,0,0,0.0,0.0,0.0
NEW_RMT_1838_Type3_WFreeze_Unequal5,18,0.1,10.0,0.0,2.0,500000,198117,0,0,0,0,0,0,0.0,0.0,0.0
NEW_RMT_1838_Type3_WFreeze_Unequal5,18,0.1,10.0,0.0,2.2,500000,181074,0,0,0,0,0,0,0.0,0.0,0.0
NEW_RMT_1838_Type3_WFreeze_Unequal5,18,0.1,10.0,0.0,2.4,500000,167376,0,0,0,0,0,0,0.0,0.0,0.0
NEW_RMT_1838_Type3_WFreeze_Unequal5,18,0.1,10.0,0.0,2.6,500000,155692,0,0,0,0,0,0,0.0,0.0,0.0
NEW_RMT_1838_Type3_WFreeze_Unequal5,18,0.1,10.0,0.0,2.8,500000,145962,0,0,0,0,0,0,0.0,0.0,0.0
NEW_RMT_1838_Type3_WFreeze_Unequal5,18,0.1,10.0,0.0,3.0,500000,137606,0,0,0,0,0,0,0.0,0.0,0.0
NEW_RMT_1838_Type3_WFreeze_Unequal5,18,0.1,10.0,0.0,3.2,500000,130544,0,0,0,0,0,0,0.0,0.0,0.0
NEW_RMT_1838_Type3_WFreeze_Unequal5,18,0.1,10.0,0.0,3.4,500000,124265,0,0,0,0,0,0,0.0,0.0,0.0
NEW_RMT_1838_Type3_WFreeze_Unequal5,18,0.1,10.0,0.0,3.6,500000,118713,0,0,0,0,0,0,0.0,0.0,0.0
NEW_RMT_1838_Type3_WFreeze_Unequal5,18,0.1,10.0,0.0,3.8,500000,113873,0,0,0,0,0,0,0.0,0.0,0.0
NEW_RMT_1838_Type3_WFreeze_Unequal5,18,0.1,10.0,0.0,4.0,500000,109475,0,0,0,0,0,0,0.0,0.0,0.0
NEW_RMT_1838_Type3_WFreeze_Unequal5,18,0.1,10.0,0.0,4.5,500000,100262,0,0,0,0,0,0,0.0,0.0,0.0
NEW_RMT_1838_Type3_WFreeze_Unequal5,18,0.1,10.0,0.0,5.0,500000,92855,0,0,0,0,0,0,0.0,0.0,0.0
NEW_RMT_1838_Type3_WFreeze_Unequal5,18,0.1,10.0,0.0,5.5,500000,86748,0,0,0,0,0,0,0.0,0.0,0.0
NEW_RMT_1838_Type3_WFreeze_Unequal5,18,0.1,10.0,0.0,6.0,500000,81561,0,0,0,0,0,0,0.0,0.0,0.0
NEW_RMT_1838_Type3_WFreeze_Unequal5,18,0.1,10.0,0.0,7.0,500000,73467,0,0,0,0,0,0,0.0,0.0,0.0
NEW_RMT_1838_Type3_WFreeze_Unequal5,18,0.1,10.0,0.0,8.0,500000,67093,0,0,0,0,0,0,0.0,0.0,0.0
NEW_RMT_1838_Type3_WFreeze_Unequal5,18,0.1,10.0,0.0,9.0,500000,62006,0,0,0,0,0,0,0.0,0.0,0.0
NEW_RMT_1838_Type3_WFreeze_Unequal5,18,0.1,10.0,0.0,10.0,500000,57917,0,0,0,0,0,0,0.0,0.0,0.0
NEW_RMT_1838_Type3_WFreeze_Unequal6,19,10.0,0.1,0.0,0.1,500000,500000,0,0,0,0,0,0,0.0,0.0,0.0
NEW_RMT_1838_Type3_WFreeze_Unequal6,19,10.0,0.1,0.0,0.2,500000,500000,0,0,0,0,0,0,0.0,0.0,0.0
NEW_RMT_1838_Type3_WFreeze_Unequal6,19,10.0,0.1,0.0,0.3,500000,499997,0,0,0,0,0,0,0.0,0.0,0.0
NEW_RMT_1838_Type3_WFreeze_Unequal6,19,10.0,0.1,0.0,0.4,500000,499589,0,0,0,0,0,0,0.0,0.0,0.0
NEW_RMT_1838_Type3_WFreeze_Unequal6,19,10.0,0.1,0.0,0.5,500000,495402,0,0,0,0,0,0,0.0,0.0,0.0
NEW_RMT_1838_Type3_WFreeze_Unequal6,19,10.0,0.1,0.0,0.58,500000,485969,0,0,0,0,0,0,0.0,0.0,0.0
NEW_RMT_1838_Type3_WFreeze_Unequal6,19,10.0,0.1,0.0,0.6,500000,482642,0,0,0,0,0,0,0.0,0.0,0.0
NEW_RMT_1838_Type3_WFreeze_Unequal6,19,10.0,0.1,0.0,0.7,500000,460746,0,0,0,0,0,0,0.0,0.0,0.0
NEW_RMT_1838_Type3_WFreeze_Unequal6,19,10.0,0.1,0.0,0.8,500000,433299,0,0,0,0,0,0,0.0,0.0,0.0
NEW_RMT_1838_Type3_WFreeze_Unequal6,19,10.0,0.1,0.0,0.9,500000,403836,0,0,0,0,0,0,0.0,0.0,0.0
NEW_RMT_1838_Type3_WFreeze_Unequal6,19,10.0,0.1,0.0,1.0,500000,374316,0,0,0,0,0,0,0.0,0.0,0.0
NEW_RMT_1838_Type3_WFreeze_Unequal6,19,10.0,0.1,0.0,1.1,500000,346971,0,0,0,0,0,0,0.0,0.0,0.0
NEW_RMT_1838_Type3_WFreeze_Unequal6,19,10.0,0.1,0.0,1.2,500000,321807,0,0,0,0,0,0,0.0,0.0,0.0
NEW_RMT_1838_Type3_WFreeze_Unequal6,19,10.0,0.1,0.0,1.3,500000,299433,0,0,0,0,0,0,0.0,0.0,0.0
NEW_RMT_1838_Type3_WFreeze_Unequal6,19,10.0,0.1,0.0,1.4,500000,279507,0,0,0,0,0,0,0.0,0.0,0.0
NEW_RMT_1838_Type3_WFreeze_Unequal6,19,10.0,0.1,0.0,1.5,500000,261652,0,0,0,0,0,0,0.0,0.0,0.0
NEW_RMT_1838_Type3_WFreeze_Unequal6,19,10.0,0.1,0.0,1.6,500000,245893,0,0,0,0,0,0,0.0,0.0,0.0
NEW_RMT_1838_Type3_WFreeze_Unequal6,19,10.0,0.1,0.0,1.8,500000,219308,0,0,0,0,0,0,0.0,0.0,0.0
NEW_RMT_1838_Type3_WFreeze_Unequal6,19,10.0,0.1,0.0,2.0,500000,198117,0,0,0,0,1,0,0.0,0.0,0.0
NEW_RMT_1838_Type3_WFreeze_Unequal6,19,10.0,0.1,0.0,2.2,500000,181074,0,0,0,0,2,0,0.0,0.0,0.0
NEW_RMT_1838_Type3_WFreeze_Unequal6,19,10.0,0.1,0.0,2.4,500000,167376,0,0,0,0,4,0,0.0,0.0,0.0
NEW_RMT_1838_Type3_WFreeze_Unequal6,19,10.0,0.1,0.0,2.6,500000,155692,0,0,0,0,6,0,0.0,0.0,0.0
NEW_RMT_1838_Type3_WFreeze_Unequal6,19,10.0,0.1,0.0,2.8,500000,145962,0,0,0,0,13,0,0.0,0.0,0.0
NEW_RMT_1838_Type3_WFreeze_Unequal6,19,10.0,0.1,0.0,3.0,500000,137606,0,0,0,0,17,0,0.0,0.0,0.0
NEW_RMT_1838_Type3_WFreeze_Unequal6,19,10.0,0.1,0.0,3.2,500000,130544,0,0,0,0,24,0,0.0,0.0,0.0
NEW_RMT_1838_Type3_WFreeze_Unequal6,19,10.0,0.1,0.0,3.4,500000,124265,0,0,0,0,51,0,0.0,0.0,0.0
NEW_RMT_1838_Type3_WFreeze_Unequal6,19,10.0,0.1,0.0,3.6,500000,118713,0,0,0,0,74,0,0.0,0.0,0.0
NEW_RMT_1838_Type3_WFreeze_Unequal6,19,10.0,0.1,0.0,3.8,500000,113873,0,0,0,0,111,0,0.0,0.0,0.0
NEW_RMT_1838_Type3_WFreeze_Unequal6,19,10.0,0.1,0.0,4.0,500000,109475,0,0,0,0,151,0,0.0,0.0,0.0
NEW_RMT_1838_Type3_WFreeze_Unequal6,19,10.0,0.1,0.0,4.5,500000,100262,0,0,0,0,290,0,0.0,0.0,0.0
NEW_RMT_1838_Type3_WFreeze_Unequal6,19,10.0,0.1,0.0,5.0,500000,92855,0,0,0,0,478,0,0.0,0.0,0.0
NEW_RMT_1838_Type3_WFreeze_Unequal6,19,10.0,0.1,0.0,5.5,500000,86748,0,0,0,0,669,0,0.0,0.0,0.0
NEW_RMT_1838_Type3_WFreeze_Unequal6,19,10.0,0.1,0.0,6.0,500000,81561,0,0,0,0,856,0,0.0,0.0,0.0
NEW_RMT_1838_Type3_WFreeze_Unequal6,19,10.0,0.1,0.0,7.0,500000,73467,0,0,0,0,1311,0,0.0,0.0,0.0
NEW_RMT_1838_Type3_WFreeze_Unequal6,19,10.0,0.1,0.0,8.0,500000,67093,0,0,0,0,1722,0,0.0,0.0,0.0
NEW_RMT_1838_Type3_WFreeze_Unequal6,19,10.0,0.1,0.0,9.0,500000,62006,0,0,0,0,2127,0,0.0,0.0,0.0
NEW_RMT_1838_Type3_WFreeze_Unequal6,19,10.0,0.1,0.0,10.0,500000,57917,0,0,0,0,2521,0,0.0,0.0,0.0
NEW_RMT_1838_Type3_UFreeze_Equal1,20,0.0,1.0,1.0,0.1,500000,500000,0,0,0,0,0,0,0.0,0.0,0.0
NEW_RMT_1838_Type3_UFreeze_Equal1,20,0.0,1.0,1.0,0.2,500000,500000,0,0,0,0,0,0,0.0,0.0,0.0
NEW_RMT_1838_Type3_UFreeze_Equal1,20,0.0,1.0,1.0,0.3,500000,499997,0,0,0,0,0,0,0.0,0.0,0.0
NEW_RMT_1838_Type3_UFreeze_Equal1,20,0.0,1.0,1.0,0.4,500000,499589,0,0,0,0,0,0,0.0,0.0,0.0
NEW_RMT_1838_Type3_UFreeze_Equal1,20,0.0,1.0,1.0,0.5,500000,495402,0,0,0,0,0,0,0.0,0.0,0.0
NEW_RMT_1838_Type3_UFreeze_Equal1,20,0.0,1.0,1.0,0.58,500000,485969,0,0,0,0,0,0,0.0,0.0,0.0
NEW_RMT_1838_Type3_UFreeze_Equal1,20,0.0,1.0,1.0,0.6,500000,482642,0,0,0,0,0,0,0.0,0.0,0.0
NEW_RMT_1838_Type3_UFreeze_Equal1,20,0.0,1.0,1.0,0.7,500000,460746,1,1,1,0,0,0,0.0002,0.0002,0.0002
NEW_RMT_1838_Type3_UFreeze_Equal1,20,0.0,1.0,1.0,0.8,500000,433299,4,4,4,0,0,0,0.0008,0.0008,0.0008
NEW_RMT_1838_Type3_UFreeze_Equal1,20,0.0,1.0,1.0,0.9,500000,403836,23,23,23,0,0,0,0.0046,0.0046,0.0046
NEW_RMT_1838_Type3_UFreeze_Equal1,20,0.0,1.0,1.0,1.0,500000,374316,57,57,57,0,0,0,0.0114,0.0114,0.0114
NEW_RMT_1838_Type3_UFreeze_Equal1,20,0.0,1.0,1.0,1.1,500000,346971,127,127,127,0,0,0,0.0254,0.0254,0.0254
NEW_RMT_1838_Type3_UFreeze_Equal1,20,0.0,1.0,1.0,1.2,500000,321807,257,257,257,0,0,0,0.0514,0.0514,0.0514
NEW_RMT_1838_Type3_UFreeze_Equal1,20,0.0,1.0,1.0,1.3,500000,299433,417,417,417,0,0,0,0.0834,0.0834,0.0834
NEW_RMT_1838_Type3_UFreeze_Equal1,20,0.0,1.0,1.0,1.4,500000,279507,632,632,632,0,0,0,0.1264,0.1264,0.1264
NEW_RMT_1838_Type3_UFreeze_Equal1,20,0.0,1.0,1.0,1.5,500000,261652,885,885,885,0,0,0,0.177,0.177,0.177
NEW_RMT_1838_Type3_UFreeze_Equal1,20,0.0,1.0,1.0,1.6,500000,245893,1162,1162,1162,0,0,0,0.2324,0.2324,0.2324
NEW_RMT_1838_Type3_UFreeze_Equal1,20,0.0,1.0,1.0,1.8,500000,219308,1842,1842,1842,0,0,0,0.3684,0.3684,0.3684
NEW_RMT_1838_Type3_UFreeze_Equal1,20,0.0,1.0,1.0,2.0,500000,198117,2595,2595,2595,0,0,0,0.519,0.519,0.519
NEW_RMT_1838_Type3_UFreeze_Equal1,20,0.0,1.0,1.0,2.2,500000,181074,3481,3481,3481,0,0,0,0.6962,0.6962,0.6962
NEW_RMT_1838_Type3_UFreeze_Equal1,20,0.0,1.0,1.0,2.4,500000,167376,4403,4403,4403,0,0,0,0.8806,0.8806,0.8806
NEW_RMT_1838_Type3_UFreeze_Equal1,20,0.0,1.0,1.0,2.6,500000,155692,5245,5245,5245,0,0,0,1.049,1.049,1.049
NEW_RMT_1838_Type3_UFreeze_Equal1,20,0.0,1.0,1.0,2.8,500000,145962,5971,5971,5971,0,0,0,1.1942,1.1942,1.1942
NEW_RMT_1838_Type3_UFreeze_Equal1,20,0.0,1.0,1.0,3.0,500000,137606,6814,6814,6814,0,0,0,1.3628,1.3628,1.3628
NEW_RMT_1838_Type3_UFreeze_Equal1,20,0.0,1.0,1.0,3.2,500000,130544,7554,7554,7554,0,0,0,1.5108,1.5108,1.5108
NEW_RMT_1838_Type3_UFreeze_Equal1,20,0.0,1.0,1.0,3.4,500000,124265,8197,8197,8197,0,0,0,1.6394,1.6394,1.6394
NEW_RMT_1838_Type3_UFreeze_Equal1,20,0.0,1.0,1.0,3.6,500000,118713,8898,8898,8898,0,0,0,1.7796,1.7796,1.7796
NEW_RMT_1838_Type3_UFreeze_Equal1,20,0.0,1.0,1.0,3.8,500000,113873,9468,9468,9468,0,0,0,1.8936,1.8936,1.8936
NEW_RMT_1838_Type3_UFreeze_Equal1,20,0.0,1.0,1.0,4.0,500000,109475,9962,9962,9962,0,0,0,1.9924,1.9924,1.9924
NEW_RMT_1838_Type3_UFreeze_Equal1,20,0.0,1.0,1.0,4.5,500000,100262,11250,11250,11250,0,0,0,2.25,2.25,2.25
NEW_RMT_1838_Type3_UFreeze_Equal1,20,0.0,1.0,1.0,5.0,500000,92855,12303,12303,12303,0,0,0,2.4606,2.4606,2.4606
NEW_RMT_1838_Type3_UFreeze_Equal1,20,0.0,1.0,1.0,5.5,500000,86748,13150,13150,13149,1,0,0,2.63,2.63,2.6298
NEW_RMT_1838_Type3_UFreeze_Equal1,20,0.0,1.0,1.0,6.0,500000,81561,13749,13749,13747,2,0,0,2.7498,2.7498,2.7494
NEW_RMT_1838_Type3_UFreeze_Equal1,20,0.0,1.0,1.0,7.0,500000,73467,14655,14655,14630,25,0,0,2.931,2.931,2.926
NEW_RMT_1838_Type3_UFreeze_Equal1,20,0.0,1.0,1.0,8.0,500000,67093,15293,15293,15211,82,0,0,3.0586,3.0586,3.0422
NEW_RMT_1838_Type3_UFreeze_Equal1,20,0.0,1.0,1.0,9.0,500000,62006,15601,15601,15363,238,0,0,3.1202,3.1202,3.0726
NEW_RMT_1838_Type3_UFreeze_Equal1,20,0.0,1.0,1.0,10.0,500000,57917,15884,15884,15458,426,0,0,3.1768,3.1768,3.0916
NEW_RMT_1838_Type3_UFreeze_Equal2,21,0.0,0.1,0.1,0.1,500000,500000,0,0,0,0,0,0,0.0,0.0,0.0
NEW_RMT_1838_Type3_UFreeze_Equal2,21,0.0,0.1,0.1,0.2,500000,500000,0,0,0,0,0,0,0.0,0.0,0.0
NEW_RMT_1838_Type3_UFreeze_Equal2,21,0.0,0.1,0.1,0.3,500000,499997,0,0,0,0,0,0,0.0,0.0,0.0
NEW_RMT_1838_Type3_UFreeze_Equal2,21,0.0,0.1,0.1,0.4,500000,499589,0,0,0,0,0,0,0.0,0.0,0.0
NEW_RMT_1838_Type3_UFreeze_Equal2,21,0.0,0.1,0.1,0.5,500000,495402,0,0,0,0,0,0,0.0,0.0,0.0
NEW_RMT_1838_Type3_UFreeze_Equal2,21,0.0,0.1,0.1,0.58,500000,485969,0,0,0,0,0,0,0.0,0.0,0.0
NEW_RMT_1838_Type3_UFreeze_Equal2,21,0.0,0.1,0.1,0.6,500000,482642,0,0,0,0,0,0,0.0,0.0,0.0
NEW_RMT_1838_Type3_UFreeze_Equal2,21,0.0,0.1,0.1,0.7,500000,460746,1,1,1,0,0,0,0.0002,0.0002,0.0002
NEW_RMT_1838_Type3_UFreeze_Equal2,21,0.0,0.1,0.1,0.8,500000,433299,4,4,4,0,0,0,0.0008,0.0008,0.0008
NEW_RMT_1838_Type3_UFreeze_Equal2,21,0.0,0.1,0.1,0.9,500000,403836,24,24,24,0,0,0,0.0048,0.0048,0.0048
NEW_RMT_1838_Type3_UFreeze_Equal2,21,0.0,0.1,0.1,1.0,500000,374316,57,57,57,0,0,0,0.0114,0.0114,0.0114
NEW_RMT_1838_Type3_UFreeze_Equal2,21,0.0,0.1,0.1,1.1,500000,346971,127,127,127,0,0,0,0.0254,0.0254,0.0254
NEW_RMT_1838_Type3_UFreeze_Equal2,21,0.0,0.1,0.1,1.2,500000,321807,258,258,258,0,0,0,0.0516,0.0516,0.0516
NEW_RMT_1838_Type3_UFreeze_Equal2,21,0.0,0.1,0.1,1.3,500000,299433,417,417,417,0,0,0,0.0834,0.0834,0.0834
NEW_RMT_1838_Type3_UFreeze_Equal2,21,0.0,0.1,0.1,1.4,500000,279507,634,634,634,0,0,0,0.1268,0.1268,0.1268
NEW_RMT_1838_Type3_UFreeze_Equal2,21,0.0,0.1,0.1,1.5,500000,261652,892,892,892,0,0,0,0.1784,0.1784,0.1784
NEW_RMT_1838_Type3_UFreeze_Equal2,21,0.0,0.1,0.1,1.6,500000,245893,1163,1163,1162,1,0,0,0.2326,0.2326,0.2324
NEW_RMT_1838_Type3_UFreeze_Equal2,21,0.0,0.1,0.1,1.8,500000,219308,1844,1844,1840,4,0,0,0.3688,0.3688,0.368
NEW_RMT_1838_Type3_UFreeze_Equal2,21,0.0,0.1,0.1,2.0,500000,198117,2599,2599,2587,12,0,0,0.5198,0.5198,0.5174
NEW_RMT_1838_Type3_UFreeze_Equal2,21,0.0,0.1,0.1,2.2,500000,181074,3492,3492,3457,35,0,0,0.6984,0.6984,0.6914
NEW_RMT_1838_Type3_UFreeze_Equal2,21,0.0,0.1,0.1,2.4,500000,167376,4407,4407,4315,92,0,0,0.8814,0.8814,0.863
NEW_RMT_1838_Type3_UFreeze_Equal2,21,0.0,0.1,0.1,2.6,500000,155692,5249,5249,5076,173,0,0,1.0498,1.0498,1.0152
NEW_RMT_1838_Type3_UFreeze_Equal2,21,0.0,0.1,0.1,2.8,500000,145962,5977,5977,5678,299,0,0,1.1954,1.1954,1.1356
NEW_RMT_1838_Type3_UFreeze_Equal2,21,0.0,0.1,0.1,3.0,500000,137606,6819,6819,6311,508,0,0,1.3638,1.3638,1.2622
NEW_RMT_1838_Type3_UFreeze_Equal2,21,0.0,0.1,0.1,3.2,500000,130544,7567,7567,6775,792,0,0,1.5134,1.5134,1.355
NEW_RMT_1838_Type3_UFreeze_Equal2,21,0.0,0.1,0.1,3.4,500000,124265,8203,8203,7112,1091,0,0,1.6406,1.6406,1.4224
NEW_RMT_1838_Type3_UFreeze_Equal2,21,0.0,0.1,0.1,3.6,500000,118713,8907,8907,7507,1400,0,0,1.7814,1.7814,1.5014
NEW_RMT_1838_Type3_UFreeze_Equal2,21,0.0,0.1,0.1,3.8,500000,113873,9477,9477,7703,1774,0,0,1.8954,1.8954,1.5406
NEW_RMT_1838_Type3_UFreeze_Equal2,21,0.0,0.1,0.1,4.0,500000,109475,9972,9972,7749,2223,0,0,1.9944,1.9944,1.5498
NEW_RMT_1838_Type3_UFreeze_Equal2,21,0.0,0.1,0.1,4.5,500000,100262,11257,11257,7871,3380,0,6,2.2514,2.2514,1.5742
NEW_RMT_1838_Type3_UFreeze_Equal2,21,0.0,0.1,0.1,5.0,500000,92855,12309,12309,7683,4606,0,20,2.4618,2.4618,1.5366
NEW_RMT_1838_Type3_UFreeze_Equal2,21,0.0,0.1,0.1,5.5,500000,86748,13157,13157,7388,5696,0,73,2.6314,2.6314,1.4776
NEW_RMT_1838_Type3_UFreeze_Equal2,21,0.0,0.1,0.1,6.0,500000,81561,13758,13758,6843,6765,0,150,2.7516,2.7516,1.3686
NEW_RMT_1838_Type3_UFreeze_Equal2,21,0.0,0.1,0.1,7.0,500000,73467,14661,14661,5730,8420,0,511,2.9322,2.9322,1.146
NEW_RMT_1838_Type3_UFreeze_Equal2,21,0.0,0.1,0.1,8.0,500000,67093,15291,15291,4824,9331,0,1136,3.0582,3.0582,0.9648
NEW_RMT_1838_Type3_UFreeze_Equal2,21,0.0,0.1,0.1,9.0,500000,62006,15558,15558,3994,9517,0,2047,3.1116,3.1116,0.7988
NEW_RMT_1838_Type3_UFreeze_Equal2,21,0.0,0.1,0.1,10.0,500000,57917,15817,15817,3425,9283,0,3109,3.1634,3.1634,0.685
NEW_RMT_1838_Type3_UFreeze_Equal3,22,0.0,10.0,10.0,0.1,500000,500000,0,0,0,0,0,0,0.0,0.0,0.0
NEW_RMT_1838_Type3_UFreeze_Equal3,22,0.0,10.0,10.0,0.2,500000,500000,0,0,0,0,0,0,0.0,0.0,0.0
NEW_RMT_1838_Type3_UFreeze_Equal3,22,0.0,10.0,10.0,0.3,500000,499997,0,0,0,0,0,0,0.0,0.0,0.0
NEW_RMT_1838_Type3_UFreeze_Equal3,22,0.0,10.0,10.0,0.4,500000,499589,0,0,0,0,0,0,0.0,0.0,0.0
NEW_RMT_1838_Type3_UFreeze_Equal3,22,0.0,10.0,10.0,0.5,500000,495402,0,0,0,0,0,0,0.0,0.0,0.0
NEW_RMT_1838_Type3_UFreeze_Equal3,22,0.0,10.0,10.0,0.58,500000,485969,0,0,0,0,0,0,0.0,0.0,0.0
NEW_RMT_1838_Type3_UFreeze_Equal3,22,0.0,10.0,10.0,0.6,500000,482642,0,0,0,0,0,0,0.0,0.0,0.0
NEW_RMT_1838_Type3_UFreeze_Equal3,22,0.0,10.0,10.0,0.7,500000,460746,0,0,0,0,0,0,0.0,0.0,0.0
NEW_RMT_1838_Type3_UFreeze_Equal3,22,0.0,10.0,10.0,0.8,500000,433299,4,4,4,0,0,0,0.0008,0.0008,0.0008
NEW_RMT_1838_Type3_UFreeze_Equal3,22,0.0,10.0,10.0,0.9,500000,403836,22,22,22,0,0,0,0.0044,0.0044,0.0044
NEW_RMT_1838_Type3_UFreeze_Equal3,22,0.0,10.0,10.0,1.0,500000,374316,53,53,53,0,0,0,0.0106,0.0106,0.0106
NEW_RMT_1838_Type3_UFreeze_Equal3,22,0.0,10.0,10.0,1.1,500000,346971,119,119,119,0,0,0,0.0238,0.0238,0.0238
NEW_RMT_1838_Type3_UFreeze_Equal3,22,0.0,10.0,10.0,1.2,500000,321807,248,248,248,0,0,0,0.0496,0.0496,0.0496
NEW_RMT_1838_Type3_UFreeze_Equal3,22,0.0,10.0,10.0,1.3,500000,299433,393,393,393,0,0,0,0.0786,0.0786,0.0786
NEW_RMT_1838_Type3_UFreeze_Equal3,22,0.0,10.0,10.0,1.4,500000,279507,611,611,611,0,0,0,0.1222,0.1222,0.1222
NEW_RMT_1838_Type3_UFreeze_Equal3,22,0.0,10.0,10.0,1.5,500000,261652,854,854,854,0,0,0,0.1708,0.1708,0.1708
NEW_RMT_1838_Type3_UFreeze_Equal3,22,0.0,10.0,10.0,1.6,500000,245893,1127,1127,1127,0,0,0,0.2254,0.2254,0.2254
NEW_RMT_1838_Type3_UFreeze_Equal3,22,0.0,10.0,10.0,1.8,500000,219308,1793,1793,1793,0,0,0,0.3586,0.3586,0.3586
NEW_RMT_1838_Type3_UFreeze_Equal3,22,0.0,10.0,10.0,2.0,500000,198117,2524,2524,2524,0,0,0,0.5048,0.5048,0.5048
NEW_RMT_1838_Type3_UFreeze_Equal3,22,0.0,10.0,10.0,2.2,500000,181074,3412,3412,3412,0,0,0,0.6824,0.6824,0.6824
NEW_RMT_1838_Type3_UFreeze_Equal3,22,0.0,10.0,10.0,2.4,500000,167376,4315,4315,4315,0,0,0,0.863,0.863,0.863
NEW_RMT_1838_Type3_UFreeze_Equal3,22,0.0,10.0,10.0,2.6,500000,155692,5149,5149,5149,0,0,0,1.0298,1.0298,1.0298
NEW_RMT_1838_Type3_UFreeze_Equal3,22,0.0,10.0,10.0,2.8,500000,145962,5866,5866,5866,0,0,0,1.1732,1.1732,1.1732
NEW_RMT_1838_Type3_UFreeze_Equal3,22,0.0,10.0,10.0,3.0,500000,137606,6707,6707,6707,0,0,0,1.3414,1.3414,1.3414
NEW_RMT_1838_Type3_UFreeze_Equal3,22,0.0,10.0,10.0,3.2,500000,130544,7453,7453,7453,0,0,0,1.4906,1.4906,1.4906
NEW_RMT_1838_Type3_UFreeze_Equal3,22,0.0,10.0,10.0,3.4,500000,124265,8110,8110,8110,0,0,0,1.622,1.622,1.622
NEW_RMT_1838_Type3_UFreeze_Equal3,22,0.0,10.0,10.0,3.6,500000,118713,8807,8807,8807,0,0,0,1.7614,1.7614,1.7614
NEW_RMT_1838_Type3_UFreeze_Equal3,22,0.0,10.0,10.0,3.8,500000,113873,9384,9384,9384,0,0,0,1.8768,1.8768,1.8768
NEW_RMT_1838_Type3_UFreeze_Equal3,22,0.0,10.0,10.0,4.0,500000,109475,9892,9892,9892,0,0,0,1.9784,1.9784,1.9784
NEW_RMT_1838_Type3_UFreeze_Equal3,22,0.0,10.0,10.0,4.5,500000,100262,11183,11183,11183,0,0,0,2.2366,2.2366,2.2366
NEW_RMT_1838_Type3_UFreeze_Equal3,22,0.0,10.0,10.0,5.0,500000,92855,12223,12223,12223,0,0,0,2.4446,2.4446,2.4446
NEW_RMT_1838_Type3_UFreeze_Equal3,22,0.0,10.0,10.0,5.5,500000,86748,13080,13080,13080,0,0,0,2.616,2.616,2.616
NEW_RMT_1838_Type3_UFreeze_Equal3,22,0.0,10.0,10.0,6.0,500000,81561,13679,13679,13679,0,0,0,2.7358,2.7358,2.7358
NEW_RMT_1838_Type3_UFreeze_Equal3,22,0.0,10.0,10.0,7.0,500000,73467,14607,14607,14607,0,0,0,2.9214,2.9214,2.9214
NEW_RMT_1838_Type3_UFreeze_Equal3,22,0.0,10.0,10.0,8.0,500000,67093,15238,15238,15238,0,0,0,3.0476,3.0476,3.0476
NEW_RMT_1838_Type3_UFreeze_Equal3,22,0.0,10.0,10.0,9.0,500000,62006,15564,15564,15564,0,0,0,3.1128,3.1128,3.1128
NEW_RMT_1838_Type3_UFreeze_Equal3,22,0.0,10.0,10.0,10.0,500000,57917,15848,15848,15848,0,0,0,3.1696,3.1696,3.1696
NEW_RMT_1838_Type3_UFreeze_Unequal1,23,0.0,1.0,0.1,0.1,500000,500000,0,0,0,0,0,0,0.0,0.0,0.0
NEW_RMT_1838_Type3_UFreeze_Unequal1,23,0.0,1.0,0.1,0.2,500000,500000,0,0,0,0,0,0,0.0,0.0,0.0
NEW_RMT_1838_Type3_UFreeze_Unequal1,23,0.0,1.0,0.1,0.3,500000,499997,0,0,0,0,0,0,0.0,0.0,0.0
NEW_RMT_1838_Type3_UFreeze_Unequal1,23,0.0,1.0,0.1,0.4,500000,499589,0,0,0,0,0,0,0.0,0.0,0.0
NEW_RMT_1838_Type3_UFreeze_Unequal1,23,0.0,1.0,0.1,0.5,500000,495402,0,0,0,0,0,0,0.0,0.0,0.0
NEW_RMT_1838_Type3_UFreeze_Unequal1,23,0.0,1.0,0.1,0.58,500000,485969,0,0,0,0,0,0,0.0,0.0,0.0
NEW_RMT_1838_Type3_UFreeze_Unequal1,23,0.0,1.0,0.1,0.6,500000,482642,0,0,0,0,0,0,0.0,0.0,0.0
NEW_RMT_1838_Type3_UFreeze_Unequal1,23,0.0,1.0,0.1,0.7,500000,460746,0,0,0,0,0,0,0.0,0.0,0.0
NEW_RMT_1838_Type3_UFreeze_Unequal1,23,0.0,1.0,0.1,0.8,500000,433299,0,0,0,0,0,0,0.0,0.0,0.0
NEW_RMT_1838_Type3_UFreeze_Unequal1,23,0.0,1.0,0.1,0.9,500000,403836,0,0,0,0,0,0,0.0,0.0,0.0
NEW_RMT_1838_Type3_UFreeze_Unequal1,23,0.0,1.0,0.1,1.0,500000,374316,0,0,0,0,0,0,0.0,0.0,0.0
NEW_RMT_1838_Type3_UFreeze_Unequal1,23,0.0,1.0,0.1,1.1,500000,346971,0,0,0,0,0,0,0.0,0.0,0.0
NEW_RMT_1838_Type3_UFreeze_Unequal1,23,0.0,1.0,0.1,1.2,500000,321807,0,0,0,0,0,0,0.0,0.0,0.0
NEW_RMT_1838_Type3_UFreeze_Unequal1,23,0.0,1.0,0.1,1.3,500000,299433,0,0,0,0,0,0,0.0,0.0,0.0
NEW_RMT_1838_Type3_UFreeze_Unequal1,23,0.0,1.0,0.1,1.4,500000,279507,0,0,0,0,0,0,0.0,0.0,0.0
NEW_RMT_1838_Type3_UFreeze_Unequal1,23,0.0,1.0,0.1,1.5,500000,261652,0,0,0,0,0,0,0.0,0.0,0.0
NEW_RMT_1838_Type3_UFreeze_Unequal1,23,0.0,1.0,0.1,1.6,500000,245893,0,0,0,0,0,0,0.0,0.0,0.0
NEW_RMT_1838_Type3_UFreeze_Unequal1,23,0.0,1.0,0.1,1.8,500000,219308,0,0,0,0,0,0,0.0,0.0,0.0
NEW_RMT_1838_Type3_UFreeze_Unequal1,23,0.0,1.0,0.1,2.0,500000,198117,3,3,3,0,0,0,0.0006,0.0006,0.0006
NEW_RMT_1838_Type3_UFreeze_Unequal1,23,0.0,1.0,0.1,2.2,500000,181074,3,3,3,0,0,0,0.0006,0.0006,0.0006
NEW_RMT_1838_Type3_UFreeze_Unequal1,23,0.0,1.0,0.1,2.4,500000,167376,9,9,9,0,0,0,0.0018,0.0018,0.0018
NEW_RMT_1838_Type3_UFreeze_Unequal1,23,0.0,1.0,0.1,2.6,500000,155692,18,18,18,0,0,0,0.0036,0.0036,0.0036
NEW_RMT_1838_Type3_UFreeze_Unequal1,23,0.0,1.0,0.1,2.8,500000,145962,27,27,27,0,0,0,0.0054,0.0054,0.0054
NEW_RMT_1838_Type3_UFreeze_Unequal1,23,0.0,1.0,0.1,3.0,500000,137606,51,51,51,0,0,0,0.0102,0.0102,0.0102
NEW_RMT_1838_Type3_UFreeze_Unequal1,23,0.0,1.0,0.1,3.2,500000,130544,83,83,83,0,0,0,0.0166,0.0166,0.0166
NEW_RMT_1838_Type3_UFreeze_Unequal1,23,0.0,1.0,0.1,3.4,500000,124265,106,106,106,0,0,0,0.0212,0.0212,0.0212
NEW_RMT_1838_Type3_UFreeze_Unequal1,23,0.0,1.0,0.1,3.6,500000,118713,140,140,140,0,0,0,0.028,0.028,0.028
NEW_RMT_1838_Type3_UFreeze_Unequal1,23,0.0,1.0,0.1,3.8,500000,113873,181,181,181,0,0,0,0.0362,0.0362,0.0362
NEW_RMT_1838_Type3_UFreeze_Unequal1,23,0.0,1.0,0.1,4.0,500000,109475,268,268,268,0,0,0,0.0536,0.0536,0.0536
NEW_RMT_1838_Type3_UFreeze_Unequal1,23,0.0,1.0,0.1,4.5,500000,100262,479,479,479,0,0,0,0.0958,0.0958,0.0958
NEW_RMT_1838_Type3_UFreeze_Unequal1,23,0.0,1.0,0.1,5.0,500000,92855,706,706,706,0,0,0,0.1412,0.1412,0.1412
NEW_RMT_1838_Type3_UFreeze_Unequal1,23,0.0,1.0,0.1,5.5,500000,86748,963,963,963,0,0,0,0.1926,0.1926,0.1926
NEW_RMT_1838_Type3_UFreeze_Unequal1,23,0.0,1.0,0.1,6.0,500000,81561,1258,1258,1257,1,0,0,0.2516,0.2516,0.2514
NEW_RMT_1838_Type3_UFreeze_Unequal1,23,0.0,1.0,0.1,7.0,500000,73467,1834,1834,1821,13,0,0,0.3668,0.3668,0.3642
NEW_RMT_1838_Type3_UFreeze_Unequal1,23,0.0,1.0,0.1,8.0,500000,67093,2370,2370,2323,47,0,0,0.474,0.474,0.4646
NEW_RMT_1838_Type3_UFreeze_Unequal1,23,0.0,1.0,0.1,9.0,500000,62006,2857,2857,2717,140,0,0,0.5714,0.5714,0.5434
NEW_RMT_1838_Type3_UFreeze_Unequal1,23,0.0,1.0,0.1,10.0,500000,57917,3316,3316,3049,267,0,0,0.6632,0.6632,0.6098
NEW_RMT_1838_Type3_UFreeze_Unequal2,24,0.0,0.1,1.0,0.1,500000,500000,0,0,0,0,0,0,0.0,0.0,0.0
NEW_RMT_1838_Type3_UFreeze_Unequal2,24,0.0,0.1,1.0,0.2,500000,500000,0,0,0,0,0,0,0.0,0.0,0.0
NEW_RMT_1838_Type3_UFreeze_Unequal2,24,0.0,0.1,1.0,0.3,500000,499997,0,0,0,0,0,0,0.0,0.0,0.0
NEW_RMT_1838_Type3_UFreeze_Unequal2,24,0.0,0.1,1.0,0.4,500000,499589,0,0,0,0,0,0,0.0,0.0,0.0
NEW_RMT_1838_Type3_UFreeze_Unequal2,24,0.0,0.1,1.0,0.5,500000,495402,21,21,21,0,0,0,0.0042,0.0042,0.0042
NEW_RMT_1838_Type3_UFreeze_Unequal2,24,0.0,0.1,1.0,0.58,500000,485969,138,138,138,0,0,0,0.0276,0.0276,0.0276
NEW_RMT_1838_Type3_UFreeze_Unequal2,24,0.0,0.1,1.0,0.6,500000,482642,191,191,191,0,0,0,0.0382,0.0382,0.0382
NEW_RMT_1838_Type3_UFreeze_Unequal2,24,0.0,0.1,1.0,0.7,500000,460746,580,580,580,0,0,0,0.116,0.116,0.116
NEW_RMT_1838_Type3_UFreeze_Unequal2,24,0.0,0.1,1.0,0.8,500000,433299,1294,1294,1294,0,0,0,0.2588,0.2588,0.2588
NEW_RMT_1838_Type3_UFreeze_Unequal2,24,0.0,0.1,1.0,0.9,500000,403836,2422,2422,2422,0,0,0,0.4844,0.4844,0.4844
NEW_RMT_1838_Type3_UFreeze_Unequal2,24,0.0,0.1,1.0,1.0,500000,374316,3712,3712,3712,0,0,0,0.7424,0.7424,0.7424
NEW_RMT_1838_Type3_UFreeze_Unequal2,24,0.0,0.1,1.0,1.1,500000,346971,5298,5298,5298,0,0,0,1.0596,1.0596,1.0596
NEW_RMT_1838_Type3_UFreeze_Unequal2,24,0.0,0.1,1.0,1.2,500000,321807,6928,6928,6928,0,0,0,1.3856,1.3856,1.3856
NEW_RMT_1838_Type3_UFreeze_Unequal2,24,0.0,0.1,1.0,1.3,500000,299433,8656,8656,8656,0,0,0,1.7312,1.7312,1.7312
NEW_RMT_1838_Type3_UFreeze_Unequal2,24,0.0,0.1,1.0,1.4,500000,279507,10369,10369,10369,0,0,0,2.0738,2.0738,2.0738
NEW_RMT_1838_Type3_UFreeze_Unequal2,24,0.0,0.1,1.0,1.5,500000,261652,12026,12026,12025,1,0,0,2.4052,2.4052,2.405
NEW_RMT_1838_Type3_UFreeze_Unequal2,24,0.0,0.1,1.0,1.6,500000,245893,13605,13605,13603,2,0,0,2.721,2.721,2.7206
NEW_RMT_1838_Type3_UFreeze_Unequal2,24,0.0,0.1,1.0,1.8,500000,219308,16712,16712,16703,9,0,0,3.3424,3.3424,3.3406
NEW_RMT_1838_Type3_UFreeze_Unequal2,24,0.0,0.1,1.0,2.0,500000,198117,19269,19269,19246,23,0,0,3.8538,3.8538,3.8492
NEW_RMT_1838_Type3_UFreeze_Unequal2,24,0.0,0.1,1.0,2.2,500000,181074,21557,21557,21494,63,0,0,4.3114,4.3114,4.2988
NEW_RMT_1838_Type3_UFreeze_Unequal2,24,0.0,0.1,1.0,2.4,500000,167376,23407,23407,23239,168,0,0,4.6814,4.6814,4.6478
NEW_RMT_1838_Type3_UFreeze_Unequal2,24,0.0,0.1,1.0,2.6,500000,155692,25016,25016,24730,286,0,0,5.0032,5.0032,4.946
NEW_RMT_1838_Type3_UFreeze_Unequal2,24,0.0,0.1,1.0,2.8,500000,145962,26418,26418,25888,530,0,0,5.2836,5.2836,5.1776
NEW_RMT_1838_Type3_UFreeze_Unequal2,24,0.0,0.1,1.0,3.0,500000,137606,27657,27657,26768,889,0,0,5.5314,5.5314,5.3536
NEW_RMT_1838_Type3_UFreeze_Unequal2,24,0.0,0.1,1.0,3.2,500000,130544,28674,28674,27433,1241,0,0,5.7348,5.7348,5.4866
NEW_RMT_1838_Type3_UFreeze_Unequal2,24,0.0,0.1,1.0,3.4,500000,124265,29457,29457,27808,1649,0,0,5.8914,5.8914,5.5616
NEW_RMT_1838_Type3_UFreeze_Unequal2,24,0.0,0.1,1.0,3.6,500000,118713,30149,30149,28027,2122,0,0,6.0298,6.0298,5.6054
NEW_RMT_1838_Type3_UFreeze_Unequal2,24,0.0,0.1,1.0,3.8,500000,113873,30711,30711,28006,2705,0,0,6.1422,6.1422,5.6012
NEW_RMT_1838_Type3_UFreeze_Unequal2,24,0.0,0.1,1.0,4.0,500000,109475,31317,31317,28054,3263,0,0,6.2634,6.2634,5.6108
NEW_RMT_1838_Type3_UFreeze_Unequal2,24,0.0,0.1,1.0,4.5,500000,100262,32157,32157,27245,4912,0,0,6.4314,6.4314,5.449
NEW_RMT_1838_Type3_UFreeze_Unequal2,24,0.0,0.1,1.0,5.0,500000,92855,32604,32604,26061,6543,0,0,6.5208,6.5208,5.2122
NEW_RMT_1838_Type3_UFreeze_Unequal2,24,0.0,0.1,1.0,5.5,500000,86748,32847,32847,24684,8163,0,0,6.5694,6.5694,4.9368
NEW_RMT_1838_Type3_UFreeze_Unequal2,24,0.0,0.1,1.0,6.0,500000,81561,32749,32749,23052,9697,0,0,6.5498,6.5498,4.6104
NEW_RMT_1838_Type3_UFreeze_Unequal2,24,0.0,0.1,1.0,7.0,500000,73467,32512,32512,20119,12393,0,0,6.5024,6.5024,4.0238
NEW_RMT_1838_Type3_UFreeze_Unequal2,24,0.0,0.1,1.0,8.0,500000,67093,31794,31794,17246,14548,0,0,6.3588,6.3588,3.4492
NEW_RMT_1838_Type3_UFreeze_Unequal2,24,0.0,0.1,1.0,9.0,500000,62006,31101,31101,15038,16063,0,0,6.2202,6.2202,3.0076
NEW_RMT_1838_Type3_UFreeze_Unequal2,24,0.0,0.1,1.0,10.0,500000,57917,30297,30297,12954,17343,0,0,6.0594,6.0594,2.5908
NEW_RMT_1838_Type3_UFreeze_Unequal3,25,0.0,10.0,1.0,0.1,500000,500000,0,0,0,0,0,0,0.0,0.0,0.0
NEW_RMT_1838_Type3_UFreeze_Unequal3,25,0.0,10.0,1.0,0.2,500000,500000,0,0,0,0,0,0,0.0,0.0,0.0
NEW_RMT_1838_Type3_UFreeze_Unequal3,25,0.0,10.0,1.0,0.3,500000,499997,0,0,0,0,0,0,0.0,0.0,0.0
NEW_RMT_1838_Type3_UFreeze_Unequal3,25,0.0,10.0,1.0,0.4,500000,499589,0,0,0,0,0,0,0.0,0.0,0.0
NEW_RMT_1838_Type3_UFreeze_Unequal3,25,0.0,10.0,1.0,0.5,500000,495402,0,0,0,0,0,0,0.0,0.0,0.0
NEW_RMT_1838_Type3_UFreeze_Unequal3,25,0.0,10.0,1.0,0.58,500000,485969,0,0,0,0,0,0,0.0,0.0,0.0
NEW_RMT_1838_Type3_UFreeze_Unequal3,25,0.0,10.0,1.0,0.6,500000,482642,0,0,0,0,0,0,0.0,0.0,0.0
NEW_RMT_1838_Type3_UFreeze_Unequal3,25,0.0,10.0,1.0,0.7,500000,460746,0,0,0,0,0,0,0.0,0.0,0.0
NEW_RMT_1838_Type3_UFreeze_Unequal3,25,0.0,10.0,1.0,0.8,500000,433299,0,0,0,0,0,0,0.0,0.0,0.0
NEW_RMT_1838_Type3_UFreeze_Unequal3,25,0.0,10.0,1.0,0.9,500000,403836,0,0,0,0,0,0,0.0,0.0,0.0
NEW_RMT_1838_Type3_UFreeze_Unequal3,25,0.0,10.0,1.0,1.0,500000,374316,0,0,0,0,0,0,0.0,0.0,0.0
NEW_RMT_1838_Type3_UFreeze_Unequal3,25,0.0,10.0,1.0,1.1,500000,346971,0,0,0,0,0,0,0.0,0.0,0.0
NEW_RMT_1838_Type3_UFreeze_Unequal3,25,0.0,10.0,1.0,1.2,500000,321807,0,0,0,0,0,0,0.0,0.0,0.0
NEW_RMT_1838_Type3_UFreeze_Unequal3,25,0.0,10.0,1.0,1.3,500000,299433,0,0,0,0,0,0,0.0,0.0,0.0
NEW_RMT_1838_Type3_UFreeze_Unequal3,25,0.0,10.0,1.0,1.4,500000,279507,0,0,0,0,0,0,0.0,0.0,0.0
NEW_RMT_1838_Type3_UFreeze_Unequal3,25,0.0,10.0,1.0,1.5,500000,261652,0,0,0,0,0,0,0.0,0.0,0.0
NEW_RMT_1838_Type3_UFreeze_Unequal3,25,0.0,10.0,1.0,1.6,500000,245893,0,0,0,0,0,0,0.0,0.0,0.0
NEW_RMT_1838_Type3_UFreeze_Unequal3,25,0.0,10.0,1.0,1.8,500000,219308,0,0,0,0,0,0,0.0,0.0,0.0
NEW_RMT_1838_Type3_UFreeze_Unequal3,25,0.0,10.0,1.0,2.0,500000,198117,3,3,3,0,0,0,0.0006,0.0006,0.0006
NEW_RMT_1838_Type3_UFreeze_Unequal3,25,0.0,10.0,1.0,2.2,500000,181074,3,3,3,0,0,0,0.0006,0.0006,0.0006
NEW_RMT_1838_Type3_UFreeze_Unequal3,25,0.0,10.0,1.0,2.4,500000,167376,8,8,8,0,0,0,0.0016,0.0016,0.0016
NEW_RMT_1838_Type3_UFreeze_Unequal3,25,0.0,10.0,1.0,2.6,500000,155692,18,18,18,0,0,0,0.0036,0.0036,0.0036
NEW_RMT_1838_Type3_UFreeze_Unequal3,25,0.0,10.0,1.0,2.8,500000,145962,27,27,27,0,0,0,0.0054,0.0054,0.0054
NEW_RMT_1838_Type3_UFreeze_Unequal3,25,0.0,10.0,1.0,3.0,500000,137606,50,50,50,0,0,0,0.01,0.01,0.01
NEW_RMT_1838_Type3_UFreeze_Unequal3,25,0.0,10.0,1.0,3.2,500000,130544,82,82,82,0,0,0,0.0164,0.0164,0.0164
NEW_RMT_1838_Type3_UFreeze_Unequal3,25,0.0,10.0,1.0,3.4,500000,124265,105,105,105,0,0,0,0.021,0.021,0.021
NEW_RMT_1838_Type3_UFreeze_Unequal3,25,0.0,10.0,1.0,3.6,500000,118713,138,138,138,0,0,0,0.0276,0.0276,0.0276
NEW_RMT_1838_Type3_UFreeze_Unequal3,25,0.0,10.0,1.0,3.8,500000,113873,180,180,180,0,0,0,0.036,0.036,0.036
NEW_RMT_1838_Type3_UFreeze_Unequal3,25,0.0,10.0,1.0,4.0,500000,109475,267,267,267,0,0,0,0.0534,0.0534,0.0534
NEW_RMT_1838_Type3_UFreeze_Unequal3,25,0.0,10.0,1.0,4.5,500000,100262,475,475,475,0,0,0,0.095,0.095,0.095
NEW_RMT_1838_Type3_UFreeze_Unequal3,25,0.0,10.0,1.0,5.0,500000,92855,705,705,705,0,0,0,0.141,0.141,0.141
NEW_RMT_1838_Type3_UFreeze_Unequal3,25,0.0,10.0,1.0,5.5,500000,86748,958,958,958,0,0,0,0.1916,0.1916,0.1916
NEW_RMT_1838_Type3_UFreeze_Unequal3,25,0.0,10.0,1.0,6.0,500000,81561,1254,1254,1254,0,0,0,0.2508,0.2508,0.2508
NEW_RMT_1838_Type3_UFreeze_Unequal3,25,0.0,10.0,1.0,7.0,500000,73467,1828,1828,1828,0,0,0,0.3656,0.3656,0.3656
NEW_RMT_1838_Type3_UFreeze_Unequal3,25,0.0,10.0,1.0,8.0,500000,67093,2362,2362,2362,0,0,0,0.4724,0.4724,0.4724
NEW_RMT_1838_Type3_UFreeze_Unequal3,25,0.0,10.0,1.0,9.0,500000,62006,2856,2856,2856,0,0,0,0.5712,0.5712,0.5712
NEW_RMT_1838_Type3_UFreeze_Unequal3,25,0.0,10.0,1.0,10.0,500000,57917,3312,3312,3312,0,0,0,0.6624,0.6624,0.6624
NEW_RMT_1838_Type3_UFreeze_Unequal4,26,0.0,1.0,10.0,0.1,500000,500000,0,0,0,0,0,0,0.0,0.0,0.0
NEW_RMT_1838_Type3_UFreeze_Unequal4,26,0.0,1.0,10.0,0.2,500000,500000,0,0,0,0,0,0,0.0,0.0,0.0
NEW_RMT_1838_Type3_UFreeze_Unequal4,26,0.0,1.0,10.0,0.3,500000,499997,0,0,0,0,0,0,0.0,0.0,0.0
NEW_RMT_1838_Type3_UFreeze_Unequal4,26,0.0,1.0,10.0,0.4,500000,499589,0,0,0,0,0,0,0.0,0.0,0.0
NEW_RMT_1838_Type3_UFreeze_Unequal4,26,0.0,1.0,10.0,0.5,500000,495402,21,21,21,0,0,0,0.0042,0.0042,0.0042
NEW_RMT_1838_Type3_UFreeze_Unequal4,26,0.0,1.0,10.0,0.58,500000,485969,137,137,137,0,0,0,0.0274,0.0274,0.0274
NEW_RMT_1838_Type3_UFreeze_Unequal4,26,0.0,1.0,10.0,0.6,500000,482642,186,186,186,0,0,0,0.0372,0.0372,0.0372
NEW_RMT_1838_Type3_UFreeze_Unequal4,26,0.0,1.0,10.0,0.7,500000,460746,571,571,571,0,0,0,0.1142,0.1142,0.1142
NEW_RMT_1838_Type3_UFreeze_Unequal4,26,0.0,1.0,10.0,0.8,500000,433299,1277,1277,1277,0,0,0,0.2554,0.2554,0.2554
NEW_RMT_1838_Type3_UFreeze_Unequal4,26,0.0,1.0,10.0,0.9,500000,403836,2392,2392,2392,0,0,0,0.4784,0.4784,0.4784
NEW_RMT_1838_Type3_UFreeze_Unequal4,26,0.0,1.0,10.0,1.0,500000,374316,3676,3676,3676,0,0,0,0.7352,0.7352,0.7352
NEW_RMT_1838_Type3_UFreeze_Unequal4,26,0.0,1.0,10.0,1.1,500000,346971,5264,5264,5264,0,0,0,1.0528,1.0528,1.0528
NEW_RMT_1838_Type3_UFreeze_Unequal4,26,0.0,1.0,10.0,1.2,500000,321807,6889,6889,6889,0,0,0,1.3778,1.3778,1.3778
NEW_RMT_1838_Type3_UFreeze_Unequal4,26,0.0,1.0,10.0,1.3,500000,299433,8586,8586,8586,0,0,0,1.7172,1.7172,1.7172
NEW_RMT_1838_Type3_UFreeze_Unequal4,26,0.0,1.0,10.0,1.4,500000,279507,10321,10321,10321,0,0,0,2.0642,2.0642,2.0642
NEW_RMT_1838_Type3_UFreeze_Unequal4,26,0.0,1.0,10.0,1.5,500000,261652,11961,11961,11961,0,0,0,2.3922,2.3922,2.3922
NEW_RMT_1838_Type3_UFreeze_Unequal4,26,0.0,1.0,10.0,1.6,500000,245893,13542,13542,13542,0,0,0,2.7084,2.7084,2.7084
NEW_RMT_1838_Type3_UFreeze_Unequal4,26,0.0,1.0,10.0,1.8,500000,219308,16650,16650,16650,0,0,0,3.33,3.33,3.33
NEW_RMT_1838_Type3_UFreeze_Unequal4,26,0.0,1.0,10.0,2.0,500000,198117,19202,19202,19202,0,0,0,3.8404,3.8404,3.8404
NEW_RMT_1838_Type3_UFreeze_Unequal4,26,0.0,1.0,10.0,2.2,500000,181074,21496,21496,21496,0,0,0,4.2992,4.2992,4.2992
NEW_RMT_1838_Type3_UFreeze_Unequal4,26,0.0,1.0,10.0,2.4,500000,167376,23354,23354,23354,0,0,0,4.6708,4.6708,4.6708
NEW_RMT_1838_Type3_UFreeze_Unequal4,26,0.0,1.0,10.0,2.6,500000,155692,24971,24971,24971,0,0,0,4.9942,4.9942,4.9942
NEW_RMT_1838_Type3_UFreeze_Unequal4,26,0.0,1.0,10.0,2.8,500000,145962,26364,26364,26364,0,0,0,5.2728,5.2728,5.2728
NEW_RMT_1838_Type3_UFreeze_Unequal4,26,0.0,1.0,10.0,3.0,500000,137606,27599,27599,27599,0,0,0,5.5198,5.5198,5.5198
NEW_RMT_1838_Type3_UFreeze_Unequal4,26,0.0,1.0,10.0,3.2,500000,130544,28624,28624,28624,0,0,0,5.7248,5.7248,5.7248
NEW_RMT_1838_Type3_UFreeze_Unequal4,26,0.0,1.0,10.0,3.4,500000,124265,29412,29412,29412,0,0,0,5.8824,5.8824,5.8824
NEW_RMT_1838_Type3_UFreeze_Unequal4,26,0.0,1.0,10.0,3.6,500000,118713,30108,30108,30108,0,0,0,6.0216,6.0216,6.0216
NEW_RMT_1838_Type3_UFreeze_Unequal4,26,0.0,1.0,10.0,3.8,500000,113873,30675,30675,30675,0,0,0,6.135,6.135,6.135
NEW_RMT_1838_Type3_UFreeze_Unequal4,26,0.0,1.0,10.0,4.0,500000,109475,31275,31275,31275,0,0,0,6.255,6.255,6.255
NEW_RMT_1838_Type3_UFreeze_Unequal4,26,0.0,1.0,10.0,4.5,500000,100262,32125,32125,32125,0,0,0,6.425,6.425,6.425
NEW_RMT_1838_Type3_UFreeze_Unequal4,26,0.0,1.0,10.0,5.0,500000,92855,32571,32571,32571,0,0,0,6.5142,6.5142,6.5142
NEW_RMT_1838_Type3_UFreeze_Unequal4,26,0.0,1.0,10.0,5.5,500000,86748,32825,32825,32824,1,0,0,6.565,6.565,6.5648
NEW_RMT_1838_Type3_UFreeze_Unequal4,26,0.0,1.0,10.0,6.0,500000,81561,32725,32725,32722,3,0,0,6.545,6.545,6.5444
NEW_RMT_1838_Type3_UFreeze_Unequal4,26,0.0,1.0,10.0,7.0,500000,73467,32488,32488,32461,27,0,0,6.4976,6.4976,6.4922
NEW_RMT_1838_Type3_UFreeze_Unequal4,26,0.0,1.0,10.0,8.0,500000,67093,31780,31780,31693,87,0,0,6.356,6.356,6.3386
NEW_RMT_1838_Type3_UFreeze_Unequal4,26,0.0,1.0,10.0,9.0,500000,62006,31082,31082,30827,255,0,0,6.2164,6.2164,6.1654
NEW_RMT_1838_Type3_UFreeze_Unequal4,26,0.0,1.0,10.0,10.0,500000,57917,30293,30293,29849,444,0,0,6.0586,6.0586,5.9698
NEW_RMT_1838_Type3_UFreeze_Unequal5,27,0.0,0.1,10.0,0.1,500000,500000,0,0,0,0,0,0,0.0,0.0,0.0
NEW_RMT_1838_Type3_UFreeze_Unequal5,27,0.0,0.1,10.0,0.2,500000,500000,0,0,0,0,0,0,0.0,0.0,0.0
NEW_RMT_1838_Type3_UFreeze_Unequal5,27,0.0,0.1,10.0,0.3,500000,499997,0,0,0,0,0,0,0.0,0.0,0.0
NEW_RMT_1838_Type3_UFreeze_Unequal5,27,0.0,0.1,10.0,0.4,500000,499589,8,8,8,0,0,0,0.0016,0.0016,0.0016
NEW_RMT_1838_Type3_UFreeze_Unequal5,27,0.0,0.1,10.0,0.5,500000,495402,251,251,251,0,0,0,0.0502,0.0502,0.0502
NEW_RMT_1838_Type3_UFreeze_Unequal5,27,0.0,0.1,10.0,0.58,500000,485969,809,809,809,0,0,0,0.1618,0.1618,0.1618
NEW_RMT_1838_Type3_UFreeze_Unequal5,27,0.0,0.1,10.0,0.6,500000,482642,1008,1008,1008,0,0,0,0.2016,0.2016,0.2016
NEW_RMT_1838_Type3_UFreeze_Unequal5,27,0.0,0.1,10.0,0.7,500000,460746,2562,2562,2562,0,0,0,0.5124,0.5124,0.5124
NEW_RMT_1838_Type3_UFreeze_Unequal5,27,0.0,0.1,10.0,0.8,500000,433299,4870,4870,4870,0,0,0,0.974,0.974,0.974
NEW_RMT_1838_Type3_UFreeze_Unequal5,27,0.0,0.1,10.0,0.9,500000,403836,7807,7807,7807,0,0,0,1.5614,1.5614,1.5614
NEW_RMT_1838_Type3_UFreeze_Unequal5,27,0.0,0.1,10.0,1.0,500000,374316,10835,10835,10835,0,0,0,2.167,2.167,2.167
NEW_RMT_1838_Type3_UFreeze_Unequal5,27,0.0,0.1,10.0,1.1,500000,346971,14066,14066,14066,0,0,0,2.8132,2.8132,2.8132
NEW_RMT_1838_Type3_UFreeze_Unequal5,27,0.0,0.1,10.0,1.2,500000,321807,17172,17172,17172,0,0,0,3.4344,3.4344,3.4344
NEW_RMT_1838_Type3_UFreeze_Unequal5,27,0.0,0.1,10.0,1.3,500000,299433,20277,20277,20277,0,0,0,4.0554,4.0554,4.0554
NEW_RMT_1838_Type3_UFreeze_Unequal5,27,0.0,0.1,10.0,1.4,500000,279507,23118,23118,23118,0,0,0,4.6236,4.6236,4.6236
NEW_RMT_1838_Type3_UFreeze_Unequal5,27,0.0,0.1,10.0,1.5,500000,261652,25762,25762,25761,1,0,0,5.1524,5.1524,5.1522
NEW_RMT_1838_Type3_UFreeze_Unequal5,27,0.0,0.1,10.0,1.6,500000,245893,28313,28313,28311,2,0,0,5.6626,5.6626,5.6622
NEW_RMT_1838_Type3_UFreeze_Unequal5,27,0.0,0.1,10.0,1.8,500000,219308,32442,32442,32433,9,0,0,6.4884,6.4884,6.4866
NEW_RMT_1838_Type3_UFreeze_Unequal5,27,0.0,0.1,10.0,2.0,500000,198117,35742,35742,35718,24,0,0,7.1484,7.1484,7.1436
NEW_RMT_1838_Type3_UFreeze_Unequal5,27,0.0,0.1,10.0,2.2,500000,181074,38380,38380,38310,70,0,0,7.676,7.676,7.662
NEW_RMT_1838_Type3_UFreeze_Unequal5,27,0.0,0.1,10.0,2.4,500000,167376,40655,40655,40478,177,0,0,8.131,8.131,8.0956
NEW_RMT_1838_Type3_UFreeze_Unequal5,27,0.0,0.1,10.0,2.6,500000,155692,42368,42368,42058,310,0,0,8.4736,8.4736,8.4116
NEW_RMT_1838_Type3_UFreeze_Unequal5,27,0.0,0.1,10.0,2.8,500000,145962,43770,43770,43214,556,0,0,8.754,8.754,8.6428
NEW_RMT_1838_Type3_UFreeze_Unequal5,27,0.0,0.1,10.0,3.0,500000,137606,44779,44779,43853,926,0,0,8.9558,8.9558,8.7706
NEW_RMT_1838_Type3_UFreeze_Unequal5,27,0.0,0.1,10.0,3.2,500000,130544,45592,45592,44297,1295,0,0,9.1184,9.1184,8.8594
NEW_RMT_1838_Type3_UFreeze_Unequal5,27,0.0,0.1,10.0,3.4,500000,124265,46235,46235,44517,1718,0,0,9.247,9.247,8.9034
NEW_RMT_1838_Type3_UFreeze_Unequal5,27,0.0,0.1,10.0,3.6,500000,118713,46750,46750,44533,2217,0,0,9.35,9.35,8.9066
NEW_RMT_1838_Type3_UFreeze_Unequal5,27,0.0,0.1,10.0,3.8,500000,113873,47111,47111,44284,2827,0,0,9.4222,9.4222,8.8568
NEW_RMT_1838_Type3_UFreeze_Unequal5,27,0.0,0.1,10.0,4.0,500000,109475,47340,47340,43933,3407,0,0,9.468,9.468,8.7866
NEW_RMT_1838_Type3_UFreeze_Unequal5,27,0.0,0.1,10.0,4.5,500000,100262,47462,47462,42342,5120,0,0,9.4924,9.4924,8.4684
NEW_RMT_1838_Type3_UFreeze_Unequal5,27,0.0,0.1,10.0,5.0,500000,92855,47368,47368,40572,6796,0,0,9.4736,9.4736,8.1144
NEW_RMT_1838_Type3_UFreeze_Unequal5,27,0.0,0.1,10.0,5.5,500000,86748,46848,46848,38323,8525,0,0,9.3696,9.3696,7.6646
NEW_RMT_1838_Type3_UFreeze_Unequal5,27,0.0,0.1,10.0,6.0,500000,81561,46182,46182,36089,10093,0,0,9.2364,9.2364,7.2178
NEW_RMT_1838_Type3_UFreeze_Unequal5,27,0.0,0.1,10.0,7.0,500000,73467,44631,44631,31749,12882,0,0,8.9262,8.9262,6.3498
NEW_RMT_1838_Type3_UFreeze_Unequal5,27,0.0,0.1,10.0,8.0,500000,67093,42917,42917,27772,15145,0,0,8.5834,8.5834,5.5544
NEW_RMT_1838_Type3_UFreeze_Unequal5,27,0.0,0.1,10.0,9.0,500000,62006,41247,41247,24518,16729,0,0,8.2494,8.2494,4.9036
NEW_RMT_1838_Type3_UFreeze_Unequal5,27,0.0,0.1,10.0,10.0,500000,57917,39788,39788,21696,18092,0,0,7.9576,7.9576,4.3392
NEW_RMT_1838_Type3_UFreeze_Unequal6,28,0.0,10.0,0.1,0.1,500000,500000,0,0,0,0,0,0,0.0,0.0,0.0
NEW_RMT_1838_Type3_UFreeze_Unequal6,28,0.0,10.0,0.1,0.2,500000,500000,0,0,0,0,0,0,0.0,0.0,0.0
NEW_RMT_1838_Type3_UFreeze_Unequal6,28,0.0,10.0,0.1,0.3,500000,499997,0,0,0,0,0,0,0.0,0.0,0.0
NEW_RMT_1838_Type3_UFreeze_Unequal6,28,0.0,10.0,0.1,0.4,500000,499589,0,0,0,0,0,0,0.0,0.0,0.0
NEW_RMT_1838_Type3_UFreeze_Unequal6,28,0.0,10.0,0.1,0.5,500000,495402,0,0,0,0,0,0,0.0,0.0,0.0
NEW_RMT_1838_Type3_UFreeze_Unequal6,28,0.0,10.0,0.1,0.58,500000,485969,0,0,0,0,0,0,0.0,0.0,0.0
NEW_RMT_1838_Type3_UFreeze_Unequal6,28,0.0,10.0,0.1,0.6,500000,482642,0,0,0,0,0,0,0.0,0.0,0.0
NEW_RMT_1838_Type3_UFreeze_Unequal6,28,0.0,10.0,0.1,0.7,500000,460746,0,0,0,0,0,0,0.0,0.0,0.0
NEW_RMT_1838_Type3_UFreeze_Unequal6,28,0.0,10.0,0.1,0.8,500000,433299,0,0,0,0,0,0,0.0,0.0,0.0
NEW_RMT_1838_Type3_UFreeze_Unequal6,28,0.0,10.0,0.1,0.9,500000,403836,0,0,0,0,0,0,0.0,0.0,0.0
NEW_RMT_1838_Type3_UFreeze_Unequal6,28,0.0,10.0,0.1,1.0,500000,374316,0,0,0,0,0,0,0.0,0.0,0.0
NEW_RMT_1838_Type3_UFreeze_Unequal6,28,0.0,10.0,0.1,1.1,500000,346971,0,0,0,0,0,0,0.0,0.0,0.0
NEW_RMT_1838_Type3_UFreeze_Unequal6,28,0.0,10.0,0.1,1.2,500000,321807,0,0,0,0,0,0,0.0,0.0,0.0
NEW_RMT_1838_Type3_UFreeze_Unequal6,28,0.0,10.0,0.1,1.3,500000,299433,0,0,0,0,0,0,0.0,0.0,0.0
NEW_RMT_1838_Type3_UFreeze_Unequal6,28,0.0,10.0,0.1,1.4,500000,279507,0,0,0,0,0,0,0.0,0.0,0.0
NEW_RMT_1838_Type3_UFreeze_Unequal6,28,0.0,10.0,0.1,1.5,500000,261652,0,0,0,0,0,0,0.0,0.0,0.0
NEW_RMT_1838_Type3_UFreeze_Unequal6,28,0.0,10.0,0.1,1.6,500000,245893,0,0,0,0,0,0,0.0,0.0,0.0
NEW_RMT_1838_Type3_UFreeze_Unequal6,28,0.0,10.0,0.1,1.8,500000,219308,0,0,0,0,0,0,0.0,0.0,0.0
NEW_RMT_1838_Type3_UFreeze_Unequal6,28,0.0,10.0,0.1,2.0,500000,198117,0,0,0,0,0,0,0.0,0.0,0.0
NEW_RMT_1838_Type3_UFreeze_Unequal6,28,0.0,10.0,0.1,2.2,500000,181074,0,0,0,0,0,0,0.0,0.0,0.0
NEW_RMT_1838_Type3_UFreeze_Unequal6,28,0.0,10.0,0.1,2.4,500000,167376,0,0,0,0,0,0,0.0,0.0,0.0
NEW_RMT_1838_Type3_UFreeze_Unequal6,28,0.0,10.0,0.1,2.6,500000,155692,0,0,0,0,0,0,0.0,0.0,0.0
NEW_RMT_1838_Type3_UFreeze_Unequal6,28,0.0,10.0,0.1,2.8,500000,145962,0,0,0,0,0,0,0.0,0.0,0.0
NEW_RMT_1838_Type3_UFreeze_Unequal6,28,0.0,10.0,0.1,3.0,500000,137606,0,0,0,0,0,0,0.0,0.0,0.0
NEW_RMT_1838_Type3_UFreeze_Unequal6,28,0.0,10.0,0.1,3.2,500000,130544,0,0,0,0,0,0,0.0,0.0,0.0
NEW_RMT_1838_Type3_UFreeze_Unequal6,28,0.0,10.0,0.1,3.4,500000,124265,0,0,0,0,0,0,0.0,0.0,0.0
NEW_RMT_1838_Type3_UFreeze_Unequal6,28,0.0,10.0,0.1,3.6,500000,118713,0,0,0,0,0,0,0.0,0.0,0.0
NEW_RMT_1838_Type3_UFreeze_Unequal6,28,0.0,10.0,0.1,3.8,500000,113873,0,0,0,0,0,0,0.0,0.0,0.0
NEW_RMT_1838_Type3_UFreeze_Unequal6,28,0.0,10.0,0.1,4.0,500000,109475,0,0,0,0,0,0,0.0,0.0,0.0
NEW_RMT_1838_Type3_UFreeze_Unequal6,28,0.0,10.0,0.1,4.5,500000,100262,0,0,0,0,0,0,0.0,0.0,0.0
NEW_RMT_1838_Type3_UFreeze_Unequal6,28,0.0,10.0,0.1,5.0,500000,92855,0,0,0,0,0,0,0.0,0.0,0.0
NEW_RMT_1838_Type3_UFreeze_Unequal6,28,0.0,10.0,0.1,5.5,500000,86748,0,0,0,0,0,0,0.0,0.0,0.0
NEW_RMT_1838_Type3_UFreeze_Unequal6,28,0.0,10.0,0.1,6.0,500000,81561,0,0,0,0,0,0,0.0,0.0,0.0
NEW_RMT_1838_Type3_UFreeze_Unequal6,28,0.0,10.0,0.1,7.0,500000,73467,2,2,2,0,0,0,0.0004,0.0004,0.0004
NEW_RMT_1838_Type3_UFreeze_Unequal6,28,0.0,10.0,0.1,8.0,500000,67093,0,0,0,0,0,0,0.0,0.0,0.0
NEW_RMT_1838_Type3_UFreeze_Unequal6,28,0.0,10.0,0.1,9.0,500000,62006,11,11,11,0,0,0,0.0022,0.0022,0.0022
NEW_RMT_1838_Type3_UFreeze_Unequal6,28,0.0,10.0,0.1,10.0,500000,57917,24,24,24,0,0,0,0.0048,0.0048,0.0048
NEW_RMT_1838_Type2_VFreeze_Equal1,29,1.0,0.0,1.0,0.1,500000,500000,0,0,0,0,0,0,0.0,0.0,0.0
NEW_RMT_1838_Type2_VFreeze_Equal1,29,1.0,0.0,1.0,0.2,500000,500000,0,0,0,0,0,0,0.0,0.0,0.0
NEW_RMT_1838_Type2_VFreeze_Equal1,29,1.0,0.0,1.0,0.3,500000,499997,0,0,0,0,0,0,0.0,0.0,0.0
NEW_RMT_1838_Type2_VFreeze_Equal1,29,1.0,0.0,1.0,0.4,500000,499589,0,0,0,0,0,0,0.0,0.0,0.0
NEW_RMT_1838_Type2_VFreeze_Equal1,29,1.0,0.0,1.0,0.5,500000,495402,0,0,0,0,0,0,0.0,0.0,0.0
NEW_RMT_1838_Type2_VFreeze_Equal1,29,1.0,0.0,1.0,0.58,500000,485969,0,0,0,0,0,0,0.0,0.0,0.0
NEW_RMT_1838_Type2_VFreeze_Equal1,29,1.0,0.0,1.0,0.6,500000,482642,0,0,0,0,0,0,0.0,0.0,0.0
NEW_RMT_1838_Type2_VFreeze_Equal1,29,1.0,0.0,1.0,0.7,500000,460746,0,0,0,0,0,0,0.0,0.0,0.0
NEW_RMT_1838_Type2_VFreeze_Equal1,29,1.0,0.0,1.0,0.8,500000,433299,0,0,0,0,0,0,0.0,0.0,0.0
NEW_RMT_1838_Type2_VFreeze_Equal1,29,1.0,0.0,1.0,0.9,500000,403836,0,0,0,0,0,0,0.0,0.0,0.0
NEW_RMT_1838_Type2_VFreeze_Equal1,29,1.0,0.0,1.0,1.0,500000,374316,0,0,0,0,0,0,0.0,0.0,0.0
NEW_RMT_1838_Type2_VFreeze_Equal1,29,1.0,0.0,1.0,1.1,500000,346971,0,0,0,0,0,0,0.0,0.0,0.0
NEW_RMT_1838_Type2_VFreeze_Equal1,29,1.0,0.0,1.0,1.2,500000,321807,0,0,0,0,0,0,0.0,0.0,0.0
NEW_RMT_1838_Type2_VFreeze_Equal1,29,1.0,0.0,1.0,1.3,500000,299433,0,0,0,0,0,0,0.0,0.0,0.0
NEW_RMT_1838_Type2_VFreeze_Equal1,29,1.0,0.0,1.0,1.4,500000,279507,0,0,0,0,0,0,0.0,0.0,0.0
NEW_RMT_1838_Type2_VFreeze_Equal1,29,1.0,0.0,1.0,1.5,500000,261652,0,0,0,0,0,0,0.0,0.0,0.0
NEW_RMT_1838_Type2_VFreeze_Equal1,29,1.0,0.0,1.0,1.6,500000,245893,0,0,0,0,0,0,0.0,0.0,0.0
NEW_RMT_1838_Type2_VFreeze_Equal1,29,1.0,0.0,1.0,1.8,500000,219308,0,0,0,0,0,0,0.0,0.0,0.0
NEW_RMT_1838_Type2_VFreeze_Equal1,29,1.0,0.0,1.0,2.0,500000,198117,0,0,0,0,0,0,0.0,0.0,0.0
NEW_RMT_1838_Type2_VFreeze_Equal1,29,1.0,0.0,1.0,2.2,500000,181074,0,0,0,0,0,0,0.0,0.0,0.0
NEW_RMT_1838_Type2_VFreeze_Equal1,29,1.0,0.0,1.0,2.4,500000,167376,0,0,0,0,0,0,0.0,0.0,0.0
NEW_RMT_1838_Type2_VFreeze_Equal1,29,1.0,0.0,1.0,2.6,500000,155692,0,0,0,0,0,0,0.0,0.0,0.0
NEW_RMT_1838_Type2_VFreeze_Equal1,29,1.0,0.0,1.0,2.8,500000,145962,0,0,0,0,0,0,0.0,0.0,0.0
NEW_RMT_1838_Type2_VFreeze_Equal1,29,1.0,0.0,1.0,3.0,500000,137606,0,0,0,0,0,0,0.0,0.0,0.0
NEW_RMT_1838_Type2_VFreeze_Equal1,29,1.0,0.0,1.0,3.2,500000,130544,0,0,0,0,0,0,0.0,0.0,0.0
NEW_RMT_1838_Type2_VFreeze_Equal1,29,1.0,0.0,1.0,3.4,500000,124265,0,0,0,0,0,0,0.0,0.0,0.0
NEW_RMT_1838_Type2_VFreeze_Equal1,29,1.0,0.0,1.0,3.6,500000,118713,0,0,0,0,0,0,0.0,0.0,0.0
NEW_RMT_1838_Type2_VFreeze_Equal1,29,1.0,0.0,1.0,3.8,500000,113873,0,0,0,0,0,0,0.0,0.0,0.0
NEW_RMT_1838_Type2_VFreeze_Equal1,29,1.0,0.0,1.0,4.0,500000,109475,0,0,0,0,0,0,0.0,0.0,0.0
NEW_RMT_1838_Type2_VFreeze_Equal1,29,1.0,0.0,1.0,4.5,500000,100262,0,0,0,0,0,0,0.0,0.0,0.0
NEW_RMT_1838_Type2_VFreeze_Equal1,29,1.0,0.0,1.0,5.0,500000,92855,0,0,0,0,0,0,0.0,0.0,0.0
NEW_RMT_1838_Type2_VFreeze_Equal1,29,1.0,0.0,1.0,5.5,500000,86748,0,0,0,0,0,0,0.0,0.0,0.0
NEW_RMT_1838_Type2_VFreeze_Equal1,29,1.0,0.0,1.0,6.0,500000,81561,0,0,0,0,0,0,0.0,0.0,0.0
NEW_RMT_1838_Type2_VFreeze_Equal1,29,1.0,0.0,1.0,7.0,500000,73467,0,0,0,0,0,0,0.0,0.0,0.0
NEW_RMT_1838_Type2_VFreeze_Equal1,29,1.0,0.0,1.0,8.0,500000,67093,0,0,0,0,0,0,0.0,0.0,0.0
NEW_RMT_1838_Type2_VFreeze_Equal1,29,1.0,0.0,1.0,9.0,500000,62006,0,0,0,0,0,0,0.0,0.0,0.0
NEW_RMT_1838_Type2_VFreeze_Equal1,29,1.0,0.0,1.0,10.0,500000,57917,0,0,0,0,0,0,0.0,0.0,0.0
NEW_RMT_1838_Type2_VFreeze_Equal2,30,0.1,0.0,0.1,0.1,500000,500000,0,0,0,0,0,0,0.0,0.0,0.0
NEW_RMT_1838_Type2_VFreeze_Equal2,30,0.1,0.0,0.1,0.2,500000,500000,0,0,0,0,0,0,0.0,0.0,0.0
NEW_RMT_1838_Type2_VFreeze_Equal2,30,0.1,0.0,0.1,0.3,500000,499997,0,0,0,0,0,0,0.0,0.0,0.0
NEW_RMT_1838_Type2_VFreeze_Equal2,30,0.1,0.0,0.1,0.4,500000,499589,0,0,0,0,0,0,0.0,0.0,0.0
NEW_RMT_1838_Type2_VFreeze_Equal2,30,0.1,0.0,0.1,0.5,500000,495402,0,0,0,0,0,0,0.0,0.0,0.0
NEW_RMT_1838_Type2_VFreeze_Equal2,30,0.1,0.0,0.1,0.58,500000,485969,0,0,0,0,0,0,0.0,0.0,0.0
NEW_RMT_1838_Type2_VFreeze_Equal2,30,0.1,0.0,0.1,0.6,500000,482642,0,0,0,0,0,0,0.0,0.0,0.0
NEW_RMT_1838_Type2_VFreeze_Equal2,30,0.1,0.0,0.1,0.7,500000,460746,0,0,0,0,0,0,0.0,0.0,0.0
NEW_RMT_1838_Type2_VFreeze_Equal2,30,0.1,0.0,0.1,0.8,500000,433299,0,0,0,0,0,0,0.0,0.0,0.0
NEW_RMT_1838_Type2_VFreeze_Equal2,30,0.1,0.0,0.1,0.9,500000,403836,0,0,0,0,0,0,0.0,0.0,0.0
NEW_RMT_1838_Type2_VFreeze_Equal2,30,0.1,0.0,0.1,1.0,500000,374316,0,0,0,0,0,0,0.0,0.0,0.0
NEW_RMT_1838_Type2_VFreeze_Equal2,30,0.1,0.0,0.1,1.1,500000,346971,0,0,0,0,0,0,0.0,0.0,0.0
NEW_RMT_1838_Type2_VFreeze_Equal2,30,0.1,0.0,0.1,1.2,500000,321807,0,0,0,0,0,0,0.0,0.0,0.0
NEW_RMT_1838_Type2_VFreeze_Equal2,30,0.1,0.0,0.1,1.3,500000,299433,0,0,0,0,0,0,0.0,0.0,0.0
NEW_RMT_1838_Type2_VFreeze_Equal2,30,0.1,0.0,0.1,1.4,500000,279507,0,0,0,0,0,0,0.0,0.0,0.0
NEW_RMT_1838_Type2_VFreeze_Equal2,30,0.1,0.0,0.1,1.5,500000,261652,0,0,0,0,0,0,0.0,0.0,0.0
NEW_RMT_1838_Type2_VFreeze_Equal2,30,0.1,0.0,0.1,1.6,500000,245893,0,0,0,0,0,0,0.0,0.0,0.0
NEW_RMT_1838_Type2_VFreeze_Equal2,30,0.1,0.0,0.1,1.8,500000,219308,0,0,0,0,0,0,0.0,0.0,0.0
NEW_RMT_1838_Type2_VFreeze_Equal2,30,0.1,0.0,0.1,2.0,500000,198117,0,0,0,0,0,0,0.0,0.0,0.0
NEW_RMT_1838_Type2_VFreeze_Equal2,30,0.1,0.0,0.1,2.2,500000,181074,0,0,0,0,0,0,0.0,0.0,0.0
NEW_RMT_1838_Type2_VFreeze_Equal2,30,0.1,0.0,0.1,2.4,500000,167376,0,0,0,0,0,0,0.0,0.0,0.0
NEW_RMT_1838_Type2_VFreeze_Equal2,30,0.1,0.0,0.1,2.6,500000,155692,0,0,0,0,0,0,0.0,0.0,0.0
NEW_RMT_1838_Type2_VFreeze_Equal2,30,0.1,0.0,0.1,2.8,500000,145962,0,0,0,0,0,0,0.0,0.0,0.0
NEW_RMT_1838_Type2_VFreeze_Equal2,30,0.1,0.0,0.1,3.0,500000,137606,0,0,0,0,0,0,0.0,0.0,0.0
NEW_RMT_1838_Type2_VFreeze_Equal2,30,0.1,0.0,0.1,3.2,500000,130544,0,0,0,0,0,0,0.0,0.0,0.0
NEW_RMT_1838_Type2_VFreeze_Equal2,30,0.1,0.0,0.1,3.4,500000,124265,0,0,0,0,0,0,0.0,0.0,0.0
NEW_RMT_1838_Type2_VFreeze_Equal2,30,0.1,0.0,0.1,3.6,500000,118713,0,0,0,0,0,0,0.0,0.0,0.0
NEW_RMT_1838_Type2_VFreeze_Equal2,30,0.1,0.0,0.1,3.8,500000,113873,0,0,0,0,0,0,0.0,0.0,0.0
NEW_RMT_1838_Type2_VFreeze_Equal2,30,0.1,0.0,0.1,4.0,500000,109475,0,0,0,0,0,0,0.0,0.0,0.0
NEW_RMT_1838_Type2_VFreeze_Equal2,30,0.1,0.0,0.1,4.5,500000,100262,0,0,0,0,0,0,0.0,0.0,0.0
NEW_RMT_1838_Type2_VFreeze_Equal2,30,0.1,0.0,0.1,5.0,500000,92855,0,0,0,0,0,0,0.0,0.0,0.0
NEW_RMT_1838_Type2_VFreeze_Equal2,30,0.1,0.0,0.1,5.5,500000,86748,0,0,0,0,0,0,0.0,0.0,0.0
NEW_RMT_1838_Type2_VFreeze_Equal2,30,0.1,0.0,0.1,6.0,500000,81561,0,0,0,0,0,0,0.0,0.0,0.0
NEW_RMT_1838_Type2_VFreeze_Equal2,30,0.1,0.0,0.1,7.0,500000,73467,0,0,0,0,0,0,0.0,0.0,0.0
NEW_RMT_1838_Type2_VFreeze_Equal2,30,0.1,0.0,0.1,8.0,500000,67093,0,0,0,0,0,0,0.0,0.0,0.0
NEW_RMT_1838_Type2_VFreeze_Equal2,30,0.1,0.0,0.1,9.0,500000,62006,0,0,0,0,0,0,0.0,0.0,0.0
NEW_RMT_1838_Type2_VFreeze_Equal2,30,0.1,0.0,0.1,10.0,500000,57917,0,0,0,0,0,0,0.0,0.0,0.0
NEW_RMT_1838_Type2_VFreeze_Equal3,31,10.0,0.0,10.0,0.1,500000,500000,0,0,0,0,0,0,0.0,0.0,0.0
NEW_RMT_1838_Type2_VFreeze_Equal3,31,10.0,0.0,10.0,0.2,500000,500000,0,0,0,0,0,0,0.0,0.0,0.0
NEW_RMT_1838_Type2_VFreeze_Equal3,31,10.0,0.0,10.0,0.3,500000,499997,0,0,0,0,0,0,0.0,0.0,0.0
NEW_RMT_1838_Type2_VFreeze_Equal3,31,10.0,0.0,10.0,0.4,500000,499589,0,0,0,0,0,0,0.0,0.0,0.0
NEW_RMT_1838_Type2_VFreeze_Equal3,31,10.0,0.0,10.0,0.5,500000,495402,0,0,0,0,0,0,0.0,0.0,0.0
NEW_RMT_1838_Type2_VFreeze_Equal3,31,10.0,0.0,10.0,0.58,500000,485969,0,0,0,0,0,0,0.0,0.0,0.0
NEW_RMT_1838_Type2_VFreeze_Equal3,31,10.0,0.0,10.0,0.6,500000,482642,0,0,0,0,0,0,0.0,0.0,0.0
NEW_RMT_1838_Type2_VFreeze_Equal3,31,10.0,0.0,10.0,0.7,500000,460746,0,0,0,0,0,0,0.0,0.0,0.0
NEW_RMT_1838_Type2_VFreeze_Equal3,31,10.0,0.0,10.0,0.8,500000,433299,0,0,0,0,0,0,0.0,0.0,0.0
NEW_RMT_1838_Type2_VFreeze_Equal3,31,10.0,0.0,10.0,0.9,500000,403836,0,0,0,0,0,0,0.0,0.0,0.0
NEW_RMT_1838_Type2_VFreeze_Equal3,31,10.0,0.0,10.0,1.0,500000,374316,0,0,0,0,0,0,0.0,0.0,0.0
NEW_RMT_1838_Type2_VFreeze_Equal3,31,10.0,0.0,10.0,1.1,500000,346971,0,0,0,0,0,0,0.0,0.0,0.0
NEW_RMT_1838_Type2_VFreeze_Equal3,31,10.0,0.0,10.0,1.2,500000,321807,0,0,0,0,0,0,0.0,0.0,0.0
NEW_RMT_1838_Type2_VFreeze_Equal3,31,10.0,0.0,10.0,1.3,500000,299433,0,0,0,0,0,0,0.0,0.0,0.0
NEW_RMT_1838_Type2_VFreeze_Equal3,31,10.0,0.0,10.0,1.4,500000,279507,0,0,0,0,0,0,0.0,0.0,0.0
NEW_RMT_1838_Type2_VFreeze_Equal3,31,10.0,0.0,10.0,1.5,500000,261652,0,0,0,0,0,0,0.0,0.0,0.0
NEW_RMT_1838_Type2_VFreeze_Equal3,31,10.0,0.0,10.0,1.6,500000,245893,0,0,0,0,0,0,0.0,0.0,0.0
NEW_RMT_1838_Type2_VFreeze_Equal3,31,10.0,0.0,10.0,1.8,500000,219308,0,0,0,0,0,0,0.0,0.0,0.0
NEW_RMT_1838_Type2_VFreeze_Equal3,31,10.0,0.0,10.0,2.0,500000,198117,0,0,0,0,0,0,0.0,0.0,0.0
NEW_RMT_1838_Type2_VFreeze_Equal3,31,10.0,0.0,10.0,2.2,500000,181074,0,0,0,0,0,0,0.0,0.0,0.0
NEW_RMT_1838_Type2_VFreeze_Equal3,31,10.0,0.0,10.0,2.4,500000,167376,0,0,0,0,0,0,0.0,0.0,0.0
NEW_RMT_1838_Type2_VFreeze_Equal3,31,10.0,0.0,10.0,2.6,500000,155692,0,0,0,0,0,0,0.0,0.0,0.0
NEW_RMT_1838_Type2_VFreeze_Equal3,31,10.0,0.0,10.0,2.8,500000,145962,0,0,0,0,0,0,0.0,0.0,0.0
NEW_RMT_1838_Type2_VFreeze_Equal3,31,10.0,0.0,10.0,3.0,500000,137606,0,0,0,0,0,0,0.0,0.0,0.0
NEW_RMT_1838_Type2_VFreeze_Equal3,31,10.0,0.0,10.0,3.2,500000,130544,0,0,0,0,0,0,0.0,0.0,0.0
NEW_RMT_1838_Type2_VFreeze_Equal3,31,10.0,0.0,10.0,3.4,500000,124265,0,0,0,0,0,0,0.0,0.0,0.0
NEW_RMT_1838_Type2_VFreeze_Equal3,31,10.0,0.0,10.0,3.6,500000,118713,0,0,0,0,0,0,0.0,0.0,0.0
NEW_RMT_1838_Type2_VFreeze_Equal3,31,10.0,0.0,10.0,3.8,500000,113873,0,0,0,0,0,0,0.0,0.0,0.0
NEW_RMT_1838_Type2_VFreeze_Equal3,31,10.0,0.0,10.0,4.0,500000,109475,0,0,0,0,0,0,0.0,0.0,0.0
NEW_RMT_1838_Type2_VFreeze_Equal3,31,10.0,0.0,10.0,4.5,500000,100262,0,0,0,0,0,0,0.0,0.0,0.0
NEW_RMT_1838_Type2_VFreeze_Equal3,31,10.0,0.0,10.0,5.0,500000,92855,0,0,0,0,0,0,0.0,0.0,0.0
NEW_RMT_1838_Type2_VFreeze_Equal3,31,10.0,0.0,10.0,5.5,500000,86748,0,0,0,0,0,0,0.0,0.0,0.0
NEW_RMT_1838_Type2_VFreeze_Equal3,31,10.0,0.0,10.0,6.0,500000,81561,0,0,0,0,0,0,0.0,0.0,0.0
NEW_RMT_1838_Type2_VFreeze_Equal3,31,10.0,0.0,10.0,7.0,500000,73467,0,0,0,0,0,0,0.0,0.0,0.0
NEW_RMT_1838_Type2_VFreeze_Equal3,31,10.0,0.0,10.0,8.0,500000,67093,0,0,0,0,0,0,0.0,0.0,0.0
NEW_RMT_1838_Type2_VFreeze_Equal3,31,10.0,0.0,10.0,9.0,500000,62006,0,0,0,0,0,0,0.0,0.0,0.0
NEW_RMT_1838_Type2_VFreeze_Equal3,31,10.0,0.0,10.0,10.0,500000,57917,0,0,0,0,0,0,0.0,0.0,0.0
NEW_RMT_1838_Type2_VFreeze_Unequal1,32,0.1,0.0,1.0,0.1,500000,500000,0,0,0,0,0,0,0.0,0.0,0.0
NEW_RMT_1838_Type2_VFreeze_Unequal1,32,0.1,0.0,1.0,0.2,500000,500000,0,0,0,0,0,0,0.0,0.0,0.0
NEW_RMT_1838_Type2_VFreeze_Unequal1,32,0.1,0.0,1.0,0.3,500000,499997,0,0,0,0,0,0,0.0,0.0,0.0
NEW_RMT_1838_Type2_VFreeze_Unequal1,32,0.1,0.0,1.0,0.4,500000,499589,0,0,0,0,0,0,0.0,0.0,0.0
NEW_RMT_1838_Type2_VFreeze_Unequal1,32,0.1,0.0,1.0,0.5,500000,495402,15,15,15,0,0,0,0.003,0.003,0.003
NEW_RMT_1838_Type2_VFreeze_Unequal1,32,0.1,0.0,1.0,0.58,500000,485969,98,98,98,0,0,0,0.0196,0.0196,0.0196
NEW_RMT_1838_Type2_VFreeze_Unequal1,32,0.1,0.0,1.0,0.6,500000,482642,126,126,126,0,0,0,0.0252,0.0252,0.0252
NEW_RMT_1838_Type2_VFreeze_Unequal1,32,0.1,0.0,1.0,0.7,500000,460746,385,385,385,0,0,0,0.077,0.077,0.077
NEW_RMT_1838_Type2_VFreeze_Unequal1,32,0.1,0.0,1.0,0.8,500000,433299,884,884,884,0,0,0,0.1768,0.1768,0.1768
NEW_RMT_1838_Type2_VFreeze_Unequal1,32,0.1,0.0,1.0,0.9,500000,403836,1616,1616,1616,0,0,0,0.3232,0.3232,0.3232
NEW_RMT_1838_Type2_VFreeze_Unequal1,32,0.1,0.0,1.0,1.0,500000,374316,2461,2461,2461,0,0,0,0.4922,0.4922,0.4922
NEW_RMT_1838_Type2_VFreeze_Unequal1,32,0.1,0.0,1.0,1.1,500000,346971,3591,3591,3591,0,0,0,0.7182,0.7182,0.7182
NEW_RMT_1838_Type2_VFreeze_Unequal1,32,0.1,0.0,1.0,1.2,500000,321807,4636,4636,4636,0,0,0,0.9272,0.9272,0.9272
NEW_RMT_1838_Type2_VFreeze_Unequal1,32,0.1,0.0,1.0,1.3,500000,299433,5853,5853,5853,0,0,0,1.1706,1.1706,1.1706
NEW_RMT_1838_Type2_VFreeze_Unequal1,32,0.1,0.0,1.0,1.4,500000,279507,7037,7037,7037,0,0,0,1.4074,1.4074,1.4074
NEW_RMT_1838_Type2_VFreeze_Unequal1,32,0.1,0.0,1.0,1.5,500000,261652,8170,8170,8170,0,0,0,1.634,1.634,1.634
NEW_RMT_1838_Type2_VFreeze_Unequal1,32,0.1,0.0,1.0,1.6,500000,245893,9142,9142,9141,1,0,0,1.8284,1.8284,1.8282
NEW_RMT_1838_Type2_VFreeze_Unequal1,32,0.1,0.0,1.0,1.8,500000,219308,11192,11192,11188,4,0,0,2.2384,2.2384,2.2376
NEW_RMT_1838_Type2_VFreeze_Unequal1,32,0.1,0.0,1.0,2.0,500000,198117,12848,12848,12838,10,0,0,2.5696,2.5696,2.5676
NEW_RMT_1838_Type2_VFreeze_Unequal1,32,0.1,0.0,1.0,2.2,500000,181074,14318,14318,14291,27,0,0,2.8636,2.8636,2.8582
NEW_RMT_1838_Type2_VFreeze_Unequal1,32,0.1,0.0,1.0,2.4,500000,167376,15432,15432,15370,62,0,0,3.0864,3.0864,3.074
NEW_RMT_1838_Type2_VFreeze_Unequal1,32,0.1,0.0,1.0,2.6,500000,155692,16337,16337,16215,122,0,0,3.2674,3.2674,3.243
NEW_RMT_1838_Type2_VFreeze_Unequal1,32,0.1,0.0,1.0,2.8,500000,145962,17091,17091,16873,218,0,0,3.4182,3.4182,3.3746
NEW_RMT_1838_Type2_VFreeze_Unequal1,32,0.1,0.0,1.0,3.0,500000,137606,17724,17724,17351,373,0,0,3.5448,3.5448,3.4702
NEW_RMT_1838_Type2_VFreeze_Unequal1,32,0.1,0.0,1.0,3.2,500000,130544,18269,18269,17717,552,0,0,3.6538,3.6538,3.5434
NEW_RMT_1838_Type2_VFreeze_Unequal1,32,0.1,0.0,1.0,3.4,500000,124265,18694,18694,17903,791,0,0,3.7388,3.7388,3.5806
NEW_RMT_1838_Type2_VFreeze_Unequal1,32,0.1,0.0,1.0,3.6,500000,118713,19029,19029,17983,1046,0,0,3.8058,3.8058,3.5966
NEW_RMT_1838_Type2_VFreeze_Unequal1,32,0.1,0.0,1.0,3.8,500000,113873,19235,19235,17943,1292,0,0,3.847,3.847,3.5886
NEW_RMT_1838_Type2_VFreeze_Unequal1,32,0.1,0.0,1.0,4.0,500000,109475,19347,19347,17738,1609,0,0,3.8694,3.8694,3.5476
NEW_RMT_1838_Type2_VFreeze_Unequal1,32,0.1,0.0,1.0,4.5,500000,100262,19598,19598,17116,2482,0,0,3.9196,3.9196,3.4232
NEW_RMT_1838_Type2_VFreeze_Unequal1,32,0.1,0.0,1.0,5.0,500000,92855,19535,19535,16140,3395,0,0,3.907,3.907,3.228
NEW_RMT_1838_Type2_VFreeze_Unequal1,32,0.1,0.0,1.0,5.5,500000,86748,19428,19428,15164,4264,0,0,3.8856,3.8856,3.0328
NEW_RMT_1838_Type2_VFreeze_Unequal1,32,0.1,0.0,1.0,6.0,500000,81561,19112,19112,14060,5052,0,0,3.8224,3.8224,2.812
NEW_RMT_1838_Type2_VFreeze_Unequal1,32,0.1,0.0,1.0,7.0,500000,73467,18431,18431,11956,6475,0,0,3.6862,3.6862,2.3912
NEW_RMT_1838_Type2_VFreeze_Unequal1,32,0.1,0.0,1.0,8.0,500000,67093,17611,17611,10048,7563,0,0,3.5222,3.5222,2.0096
NEW_RMT_1838_Type2_VFreeze_Unequal1,32,0.1,0.0,1.0,9.0,500000,62006,16811,16811,8503,8308,0,0,3.3622,3.3622,1.7006
NEW_RMT_1838_Type2_VFreeze_Unequal1,32,0.1,0.0,1.0,10.0,500000,57917,16080,16080,7306,8774,0,0,3.216,3.216,1.4612
NEW_RMT_1838_Type2_VFreeze_Unequal2,33,1.0,0.0,0.1,0.1,500000,500000,0,0,0,0,0,0,0.0,0.0,0.0
NEW_RMT_1838_Type2_VFreeze_Unequal2,33,1.0,0.0,0.1,0.2,500000,500000,0,0,0,0,0,0,0.0,0.0,0.0
NEW_RMT_1838_Type2_VFreeze_Unequal2,33,1.0,0.0,0.1,0.3,500000,499997,0,0,0,0,0,0,0.0,0.0,0.0
NEW_RMT_1838_Type2_VFreeze_Unequal2,33,1.0,0.0,0.1,0.4,500000,499589,0,0,0,0,0,0,0.0,0.0,0.0
NEW_RMT_1838_Type2_VFreeze_Unequal2,33,1.0,0.0,0.1,0.5,500000,495402,0,0,0,0,0,0,0.0,0.0,0.0
NEW_RMT_1838_Type2_VFreeze_Unequal2,33,1.0,0.0,0.1,0.58,500000,485969,0,0,0,0,0,0,0.0,0.0,0.0
NEW_RMT_1838_Type2_VFreeze_Unequal2,33,1.0,0.0,0.1,0.6,500000,482642,0,0,0,0,0,0,0.0,0.0,0.0
NEW_RMT_1838_Type2_VFreeze_Unequal2,33,1.0,0.0,0.1,0.7,500000,460746,0,0,0,0,0,0,0.0,0.0,0.0
NEW_RMT_1838_Type2_VFreeze_Unequal2,33,1.0,0.0,0.1,0.8,500000,433299,0,0,0,0,0,0,0.0,0.0,0.0
NEW_RMT_1838_Type2_VFreeze_Unequal2,33,1.0,0.0,0.1,0.9,500000,403836,0,0,0,0,0,0,0.0,0.0,0.0
NEW_RMT_1838_Type2_VFreeze_Unequal2,33,1.0,0.0,0.1,1.0,500000,374316,0,0,0,0,0,0,0.0,0.0,0.0
NEW_RMT_1838_Type2_VFreeze_Unequal2,33,1.0,0.0,0.1,1.1,500000,346971,0,0,0,0,0,0,0.0,0.0,0.0
NEW_RMT_1838_Type2_VFreeze_Unequal2,33,1.0,0.0,0.1,1.2,500000,321807,0,0,0,0,0,0,0.0,0.0,0.0
NEW_RMT_1838_Type2_VFreeze_Unequal2,33,1.0,0.0,0.1,1.3,500000,299433,0,0,0,0,0,0,0.0,0.0,0.0
NEW_RMT_1838_Type2_VFreeze_Unequal2,33,1.0,0.0,0.1,1.4,500000,279507,0,0,0,0,0,0,0.0,0.0,0.0
NEW_RMT_1838_Type2_VFreeze_Unequal2,33,1.0,0.0,0.1,1.5,500000,261652,0,0,0,0,0,0,0.0,0.0,0.0
NEW_RMT_1838_Type2_VFreeze_Unequal2,33,1.0,0.0,0.1,1.6,500000,245893,0,0,0,0,0,0,0.0,0.0,0.0
NEW_RMT_1838_Type2_VFreeze_Unequal2,33,1.0,0.0,0.1,1.8,500000,219308,0,0,0,0,0,0,0.0,0.0,0.0
NEW_RMT_1838_Type2_VFreeze_Unequal2,33,1.0,0.0,0.1,2.0,500000,198117,0,0,0,0,0,0,0.0,0.0,0.0
NEW_RMT_1838_Type2_VFreeze_Unequal2,33,1.0,0.0,0.1,2.2,500000,181074,0,0,0,0,1,0,0.0,0.0,0.0
NEW_RMT_1838_Type2_VFreeze_Unequal2,33,1.0,0.0,0.1,2.4,500000,167376,0,0,0,0,1,0,0.0,0.0,0.0
NEW_RMT_1838_Type2_VFreeze_Unequal2,33,1.0,0.0,0.1,2.6,500000,155692,0,0,0,0,1,0,0.0,0.0,0.0
NEW_RMT_1838_Type2_VFreeze_Unequal2,33,1.0,0.0,0.1,2.8,500000,145962,0,0,0,0,3,0,0.0,0.0,0.0
NEW_RMT_1838_Type2_VFreeze_Unequal2,33,1.0,0.0,0.1,3.0,500000,137606,0,0,0,0,5,0,0.0,0.0,0.0
NEW_RMT_1838_Type2_VFreeze_Unequal2,33,1.0,0.0,0.1,3.2,500000,130544,0,0,0,0,9,0,0.0,0.0,0.0
NEW_RMT_1838_Type2_VFreeze_Unequal2,33,1.0,0.0,0.1,3.4,500000,124265,0,0,0,0,12,0,0.0,0.0,0.0
NEW_RMT_1838_Type2_VFreeze_Unequal2,33,1.0,0.0,0.1,3.6,500000,118713,0,0,0,0,20,0,0.0,0.0,0.0
NEW_RMT_1838_Type2_VFreeze_Unequal2,33,1.0,0.0,0.1,3.8,500000,113873,0,0,0,0,22,0,0.0,0.0,0.0
NEW_RMT_1838_Type2_VFreeze_Unequal2,33,1.0,0.0,0.1,4.0,500000,109475,0,0,0,0,32,0,0.0,0.0,0.0
NEW_RMT_1838_Type2_VFreeze_Unequal2,33,1.0,0.0,0.1,4.5,500000,100262,0,0,0,0,75,0,0.0,0.0,0.0
NEW_RMT_1838_Type2_VFreeze_Unequal2,33,1.0,0.0,0.1,5.0,500000,92855,0,0,0,0,152,0,0.0,0.0,0.0
NEW_RMT_1838_Type2_VFreeze_Unequal2,33,1.0,0.0,0.1,5.5,500000,86748,0,0,0,0,229,0,0.0,0.0,0.0
NEW_RMT_1838_Type2_VFreeze_Unequal2,33,1.0,0.0,0.1,6.0,500000,81561,0,0,0,0,325,0,0.0,0.0,0.0
NEW_RMT_1838_Type2_VFreeze_Unequal2,33,1.0,0.0,0.1,7.0,500000,73467,0,0,0,0,511,0,0.0,0.0,0.0
NEW_RMT_1838_Type2_VFreeze_Unequal2,33,1.0,0.0,0.1,8.0,500000,67093,0,0,0,0,717,0,0.0,0.0,0.0
NEW_RMT_1838_Type2_VFreeze_Unequal2,33,1.0,0.0,0.1,9.0,500000,62006,0,0,0,0,891,0,0.0,0.0,0.0
NEW_RMT_1838_Type2_VFreeze_Unequal2,33,1.0,0.0,0.1,10.0,500000,57917,0,0,0,0,1055,0,0.0,0.0,0.0
NEW_RMT_1838_Type2_VFreeze_Unequal3,34,0.1,0.0,10.0,0.1,500000,500000,0,0,0,0,0,0,0.0,0.0,0.0
NEW_RMT_1838_Type2_VFreeze_Unequal3,34,0.1,0.0,10.0,0.2,500000,500000,0,0,0,0,0,0,0.0,0.0,0.0
NEW_RMT_1838_Type2_VFreeze_Unequal3,34,0.1,0.0,10.0,0.3,500000,499997,0,0,0,0,0,0,0.0,0.0,0.0
NEW_RMT_1838_Type2_VFreeze_Unequal3,34,0.1,0.0,10.0,0.4,500000,499589,8,8,8,0,0,0,0.0016,0.0016,0.0016
NEW_RMT_1838_Type2_VFreeze_Unequal3,34,0.1,0.0,10.0,0.5,500000,495402,246,246,246,0,0,0,0.0492,0.0492,0.0492
NEW_RMT_1838_Type2_VFreeze_Unequal3,34,0.1,0.0,10.0,0.58,500000,485969,783,783,783,0,0,0,0.1566,0.1566,0.1566
NEW_RMT_1838_Type2_VFreeze_Unequal3,34,0.1,0.0,10.0,0.6,500000,482642,969,969,969,0,0,0,0.1938,0.1938,0.1938
NEW_RMT_1838_Type2_VFreeze_Unequal3,34,0.1,0.0,10.0,0.7,500000,460746,2481,2481,2481,0,0,0,0.4962,0.4962,0.4962
NEW_RMT_1838_Type2_VFreeze_Unequal3,34,0.1,0.0,10.0,0.8,500000,433299,4692,4692,4692,0,0,0,0.9384,0.9384,0.9384
NEW_RMT_1838_Type2_VFreeze_Unequal3,34,0.1,0.0,10.0,0.9,500000,403836,7538,7538,7538,0,0,0,1.5076,1.5076,1.5076
NEW_RMT_1838_Type2_VFreeze_Unequal3,34,0.1,0.0,10.0,1.0,500000,374316,10480,10480,10480,0,0,0,2.096,2.096,2.096
NEW_RMT_1838_Type2_VFreeze_Unequal3,34,0.1,0.0,10.0,1.1,500000,346971,13597,13597,13597,0,0,0,2.7194,2.7194,2.7194
NEW_RMT_1838_Type2_VFreeze_Unequal3,34,0.1,0.0,10.0,1.2,500000,321807,16596,16596,16596,0,0,0,3.3192,3.3192,3.3192
NEW_RMT_1838_Type2_VFreeze_Unequal3,34,0.1,0.0,10.0,1.3,500000,299433,19560,19560,19560,0,0,0,3.912,3.912,3.912
NEW_RMT_1838_Type2_VFreeze_Unequal3,34,0.1,0.0,10.0,1.4,500000,279507,22282,22282,22282,0,0,0,4.4564,4.4564,4.4564
NEW_RMT_1838_Type2_VFreeze_Unequal3,34,0.1,0.0,10.0,1.5,500000,261652,24793,24793,24792,1,0,0,4.9586,4.9586,4.9584
NEW_RMT_1838_Type2_VFreeze_Unequal3,34,0.1,0.0,10.0,1.6,500000,245893,27271,27271,27269,2,0,0,5.4542,5.4542,5.4538
NEW_RMT_1838_Type2_VFreeze_Unequal3,34,0.1,0.0,10.0,1.8,500000,219308,31154,31154,31147,7,0,0,6.2308,6.2308,6.2294
NEW_RMT_1838_Type2_VFreeze_Unequal3,34,0.1,0.0,10.0,2.0,500000,198117,34323,34323,34300,23,0,0,6.8646,6.8646,6.86
NEW_RMT_1838_Type2_VFreeze_Unequal3,34,0.1,0.0,10.0,2.2,500000,181074,36737,36737,36675,62,0,0,7.3474,7.3474,7.335
NEW_RMT_1838_Type2_VFreeze_Unequal3,34,0.1,0.0,10.0,2.4,500000,167376,38883,38883,38718,165,0,0,7.7766,7.7766,7.7436
NEW_RMT_1838_Type2_VFreeze_Unequal3,34,0.1,0.0,10.0,2.6,500000,155692,40419,40419,40139,280,0,0,8.0838,8.0838,8.0278
NEW_RMT_1838_Type2_VFreeze_Unequal3,34,0.1,0.0,10.0,2.8,500000,145962,41784,41784,41269,515,0,0,8.3568,8.3568,8.2538
NEW_RMT_1838_Type2_VFreeze_Unequal3,34,0.1,0.0,10.0,3.0,500000,137606,42651,42651,41797,854,0,0,8.5302,8.5302,8.3594
NEW_RMT_1838_Type2_VFreeze_Unequal3,34,0.1,0.0,10.0,3.2,500000,130544,43372,43372,42159,1213,0,0,8.6744,8.6744,8.4318
NEW_RMT_1838_Type2_VFreeze_Unequal3,34,0.1,0.0,10.0,3.4,500000,124265,43970,43970,42376,1594,0,0,8.794,8.794,8.4752
NEW_RMT_1838_Type2_VFreeze_Unequal3,34,0.1,0.0,10.0,3.6,500000,118713,44406,44406,42349,2057,0,0,8.8812,8.8812,8.4698
NEW_RMT_1838_Type2_VFreeze_Unequal3,34,0.1,0.0,10.0,3.8,500000,113873,44657,44657,42027,2630,0,0,8.9314,8.9314,8.4054
NEW_RMT_1838_Type2_VFreeze_Unequal3,34,0.1,0.0,10.0,4.0,500000,109475,44821,44821,41651,3170,0,0,8.9642,8.9642,8.3302
NEW_RMT_1838_Type2_VFreeze_Unequal3,34,0.1,0.0,10.0,4.5,500000,100262,44749,44749,39982,4767,0,0,8.9498,8.9498,7.9964
NEW_RMT_1838_Type2_VFreeze_Unequal3,34,0.1,0.0,10.0,5.0,500000,92855,44421,44421,38050,6371,0,0,8.8842,8.8842,7.61
NEW_RMT_1838_Type2_VFreeze_Unequal3,34,0.1,0.0,10.0,5.5,500000,86748,43867,43867,35934,7933,0,0,8.7734,8.7734,7.1868
NEW_RMT_1838_Type2_VFreeze_Unequal3,34,0.1,0.0,10.0,6.0,500000,81561,43104,43104,33706,9398,0,0,8.6208,8.6208,6.7412
NEW_RMT_1838_Type2_VFreeze_Unequal3,34,0.1,0.0,10.0,7.0,500000,73467,41542,41542,29544,11998,0,0,8.3084,8.3084,5.9088
NEW_RMT_1838_Type2_VFreeze_Unequal3,34,0.1,0.0,10.0,8.0,500000,67093,39694,39694,25627,14067,0,0,7.9388,7.9388,5.1254
NEW_RMT_1838_Type2_VFreeze_Unequal3,34,0.1,0.0,10.0,9.0,500000,62006,37917,37917,22408,15509,0,0,7.5834,7.5834,4.4816
NEW_RMT_1838_Type2_VFreeze_Unequal3,34,0.1,0.0,10.0,10.0,500000,57917,36335,36335,19629,16706,0,0,7.267,7.267,3.9258
NEW_RMT_1838_Type2_VFreeze_Unequal4,35,10.0,0.0,0.1,0.1,500000,500000,0,0,0,0,0,0,0.0,0.0,0.0
NEW_RMT_1838_Type2_VFreeze_Unequal4,35,10.0,0.0,0.1,0.2,500000,500000,0,0,0,0,0,0,0.0,0.0,0.0
NEW_RMT_1838_Type2_VFreeze_Unequal4,35,10.0,0.0,0.1,0.3,500000,499997,0,0,0,0,0,0,0.0,0.0,0.0
NEW_RMT_1838_Type2_VFreeze_Unequal4,35,10.0,0.0,0.1,0.4,500000,499589,0,0,0,0,0,0,0.0,0.0,0.0
NEW_RMT_1838_Type2_VFreeze_Unequal4,35,10.0,0.0,0.1,0.5,500000,495402,0,0,0,0,0,0,0.0,0.0,0.0
NEW_RMT_1838_Type2_VFreeze_Unequal4,35,10.0,0.0,0.1,0.58,500000,485969,0,0,0,0,0,0,0.0,0.0,0.0
NEW_RMT_1838_Type2_VFreeze_Unequal4,35,10.0,0.0,0.1,0.6,500000,482642,0,0,0,0,0,0,0.0,0.0,0.0
NEW_RMT_1838_Type2_VFreeze_Unequal4,35,10.0,0.0,0.1,0.7,500000,460746,0,0,0,0,0,0,0.0,0.0,0.0
NEW_RMT_1838_Type2_VFreeze_Unequal4,35,10.0,0.0,0.1,0.8,500000,433299,0,0,0,0,0,0,0.0,0.0,0.0
NEW_RMT_1838_Type2_VFreeze_Unequal4,35,10.0,0.0,0.1,0.9,500000,403836,0,0,0,0,0,0,0.0,0.0,0.0
NEW_RMT_1838_Type2_VFreeze_Unequal4,35,10.0,0.0,0.1,1.0,500000,374316,0,0,0,0,0,0,0.0,0.0,0.0
NEW_RMT_1838_Type2_VFreeze_Unequal4,35,10.0,0.0,0.1,1.1,500000,346971,0,0,0,0,0,0,0.0,0.0,0.0
NEW_RMT_1838_Type2_VFreeze_Unequal4,35,10.0,0.0,0.1,1.2,500000,321807,0,0,0,0,0,0,0.0,0.0,0.0
NEW_RMT_1838_Type2_VFreeze_Unequal4,35,10.0,0.0,0.1,1.3,500000,299433,0,0,0,0,0,0,0.0,0.0,0.0
NEW_RMT_1838_Type2_VFreeze_Unequal4,35,10.0,0.0,0.1,1.4,500000,279507,0,0,0,0,0,0,0.0,0.0,0.0
NEW_RMT_1838_Type2_VFreeze_Unequal4,35,10.0,0.0,0.1,1.5,500000,261652,0,0,0,0,0,0,0.0,0.0,0.0
NEW_RMT_1838_Type2_VFreeze_Unequal4,35,10.0,0.0,0.1,1.6,500000,245893,0,0,0,0,0,0,0.0,0.0,0.0
NEW_RMT_1838_Type2_VFreeze_Unequal4,35,10.0,0.0,0.1,1.8,500000,219308,0,0,0,0,0,0,0.0,0.0,0.0
NEW_RMT_1838_Type2_VFreeze_Unequal4,35,10.0,0.0,0.1,2.0,500000,198117,0,0,0,0,1,0,0.0,0.0,0.0
NEW_RMT_1838_Type2_VFreeze_Unequal4,35,10.0,0.0,0.1,2.2,500000,181074,0,0,0,0,2,0,0.0,0.0,0.0
NEW_RMT_1838_Type2_VFreeze_Unequal4,35,10.0,0.0,0.1,2.4,500000,167376,0,0,0,0,4,0,0.0,0.0,0.0
NEW_RMT_1838_Type2_VFreeze_Unequal4,35,10.0,0.0,0.1,2.6,500000,155692,0,0,0,0,5,0,0.0,0.0,0.0
NEW_RMT_1838_Type2_VFreeze_Unequal4,35,10.0,0.0,0.1,2.8,500000,145962,0,0,0,0,13,0,0.0,0.0,0.0
NEW_RMT_1838_Type2_VFreeze_Unequal4,35,10.0,0.0,0.1,3.0,500000,137606,0,0,0,0,17,0,0.0,0.0,0.0
NEW_RMT_1838_Type2_VFreeze_Unequal4,35,10.0,0.0,0.1,3.2,500000,130544,0,0,0,0,24,0,0.0,0.0,0.0
NEW_RMT_1838_Type2_VFreeze_Unequal4,35,10.0,0.0,0.1,3.4,500000,124265,0,0,0,0,49,0,0.0,0.0,0.0
NEW_RMT_1838_Type2_VFreeze_Unequal4,35,10.0,0.0,0.1,3.6,500000,118713,0,0,0,0,69,0,0.0,0.0,0.0
NEW_RMT_1838_Type2_VFreeze_Unequal4,35,10.0,0.0,0.1,3.8,500000,113873,0,0,0,0,107,0,0.0,0.0,0.0
NEW_RMT_1838_Type2_VFreeze_Unequal4,35,10.0,0.0,0.1,4.0,500000,109475,0,0,0,0,143,0,0.0,0.0,0.0
NEW_RMT_1838_Type2_VFreeze_Unequal4,35,10.0,0.0,0.1,4.5,500000,100262,0,0,0,0,284,0,0.0,0.0,0.0
NEW_RMT_1838_Type2_VFreeze_Unequal4,35,10.0,0.0,0.1,5.0,500000,92855,0,0,0,0,461,0,0.0,0.0,0.0
NEW_RMT_1838_Type2_VFreeze_Unequal4,35,10.0,0.0,0.1,5.5,500000,86748,0,0,0,0,652,0,0.0,0.0,0.0
NEW_RMT_1838_Type2_VFreeze_Unequal4,35,10.0,0.0,0.1,6.0,500000,81561,0,0,0,0,827,0,0.0,0.0,0.0
NEW_RMT_1838_Type2_VFreeze_Unequal4,35,10.0,0.0,0.1,7.0,500000,73467,0,0,0,0,1281,0,0.0,0.0,0.0
NEW_RMT_1838_Type2_VFreeze_Unequal4,35,10.0,0.0,0.1,8.0,500000,67093,0,0,0,0,1680,0,0.0,0.0,0.0
NEW_RMT_1838_Type2_VFreeze_Unequal4,35,10.0,0.0,0.1,9.0,500000,62006,0,0,0,0,2080,0,0.0,0.0,0.0
NEW_RMT_1838_Type2_VFreeze_Unequal4,35,10.0,0.0,0.1,10.0,500000,57917,0,0,0,0,2459,0,0.0,0.0,0.0
NEW_RMT_1838_Type2_VFreeze_Unequal5,36,1.0,0.0,10.0,0.1,500000,500000,0,0,0,0,0,0,0.0,0.0,0.0
NEW_RMT_1838_Type2_VFreeze_Unequal5,36,1.0,0.0,10.0,0.2,500000,500000,0,0,0,0,0,0,0.0,0.0,0.0
NEW_RMT_1838_Type2_VFreeze_Unequal5,36,1.0,0.0,10.0,0.3,500000,499997,0,0,0,0,0,0,0.0,0.0,0.0
NEW_RMT_1838_Type2_VFreeze_Unequal5,36,1.0,0.0,10.0,0.4,500000,499589,0,0,0,0,0,0,0.0,0.0,0.0
NEW_RMT_1838_Type2_VFreeze_Unequal5,36,1.0,0.0,10.0,0.5,500000,495402,15,15,15,0,0,0,0.003,0.003,0.003
NEW_RMT_1838_Type2_VFreeze_Unequal5,36,1.0,0.0,10.0,0.58,500000,485969,94,94,94,0,0,0,0.0188,0.0188,0.0188
NEW_RMT_1838_Type2_VFreeze_Unequal5,36,1.0,0.0,10.0,0.6,500000,482642,122,122,122,0,0,0,0.0244,0.0244,0.0244
NEW_RMT_1838_Type2_VFreeze_Unequal5,36,1.0,0.0,10.0,0.7,500000,460746,382,382,382,0,0,0,0.0764,0.0764,0.0764
NEW_RMT_1838_Type2_VFreeze_Unequal5,36,1.0,0.0,10.0,0.8,500000,433299,863,863,863,0,0,0,0.1726,0.1726,0.1726
NEW_RMT_1838_Type2_VFreeze_Unequal5,36,1.0,0.0,10.0,0.9,500000,403836,1593,1593,1593,0,0,0,0.3186,0.3186,0.3186
NEW_RMT_1838_Type2_VFreeze_Unequal5,36,1.0,0.0,10.0,1.0,500000,374316,2436,2436,2436,0,0,0,0.4872,0.4872,0.4872
NEW_RMT_1838_Type2_VFreeze_Unequal5,36,1.0,0.0,10.0,1.1,500000,346971,3552,3552,3552,0,0,0,0.7104,0.7104,0.7104
NEW_RMT_1838_Type2_VFreeze_Unequal5,36,1.0,0.0,10.0,1.2,500000,321807,4604,4604,4604,0,0,0,0.9208,0.9208,0.9208
NEW_RMT_1838_Type2_VFreeze_Unequal5,36,1.0,0.0,10.0,1.3,500000,299433,5811,5811,5811,0,0,0,1.1622,1.1622,1.1622
NEW_RMT_1838_Type2_VFreeze_Unequal5,36,1.0,0.0,10.0,1.4,500000,279507,6990,6990,6990,0,0,0,1.398,1.398,1.398
NEW_RMT_1838_Type2_VFreeze_Unequal5,36,1.0,0.0,10.0,1.5,500000,261652,8125,8125,8125,0,0,0,1.625,1.625,1.625
NEW_RMT_1838_Type2_VFreeze_Unequal5,36,1.0,0.0,10.0,1.6,500000,245893,9096,9096,9096,0,0,0,1.8192,1.8192,1.8192
NEW_RMT_1838_Type2_VFreeze_Unequal5,36,1.0,0.0,10.0,1.8,500000,219308,11138,11138,11138,0,0,0,2.2276,2.2276,2.2276
NEW_RMT_1838_Type2_VFreeze_Unequal5,36,1.0,0.0,10.0,2.0,500000,198117,12814,12814,12814,0,0,0,2.5628,2.5628,2.5628
NEW_RMT_1838_Type2_VFreeze_Unequal5,36,1.0,0.0,10.0,2.2,500000,181074,14283,14283,14283,0,0,0,2.8566,2.8566,2.8566
NEW_RMT_1838_Type2_VFreeze_Unequal5,36,1.0,0.0,10.0,2.4,500000,167376,15394,15394,15394,0,0,0,3.0788,3.0788,3.0788
NEW_RMT_1838_Type2_VFreeze_Unequal5,36,1.0,0.0,10.0,2.6,500000,155692,16301,16301,16301,0,0,0,3.2602,3.2602,3.2602
NEW_RMT_1838_Type2_VFreeze_Unequal5,36,1.0,0.0,10.0,2.8,500000,145962,17052,17052,17052,0,0,0,3.4104,3.4104,3.4104
NEW_RMT_1838_Type2_VFreeze_Unequal5,36,1.0,0.0,10.0,3.0,500000,137606,17689,17689,17689,0,0,0,3.5378,3.5378,3.5378
NEW_RMT_1838_Type2_VFreeze_Unequal5,36,1.0,0.0,10.0,3.2,500000,130544,18241,18241,18241,0,0,0,3.6482,3.6482,3.6482
NEW_RMT_1838_Type2_VFreeze_Unequal5,36,1.0,0.0,10.0,3.4,500000,124265,18661,18661,18661,0,0,0,3.7322,3.7322,3.7322
NEW_RMT_1838_Type2_VFreeze_Unequal5,36,1.0,0.0,10.0,3.6,500000,118713,18999,18999,18999,0,0,0,3.7998,3.7998,3.7998
NEW_RMT_1838_Type2_VFreeze_Unequal5,36,1.0,0.0,10.0,3.8,500000,113873,19211,19211,19211,0,0,0,3.8422,3.8422,3.8422
NEW_RMT_1838_Type2_VFreeze_Unequal5,36,1.0,0.0,10.0,4.0,500000,109475,19319,19319,19319,0,0,0,3.8638,3.8638,3.8638
NEW_RMT_1838_Type2_VFreeze_Unequal5,36,1.0,0.0,10.0,4.5,500000,100262,19571,19571,19571,0,0,0,3.9142,3.9142,3.9142
NEW_RMT_1838_Type2_VFreeze_Unequal5,36,1.0,0.0,10.0,5.0,500000,92855,19519,19519,19519,0,0,0,3.9038,3.9038,3.9038
NEW_RMT_1838_Type2_VFreeze_Unequal5,36,1.0,0.0,10.0,5.5,500000,86748,19412,19412,19412,0,0,0,3.8824,3.8824,3.8824
NEW_RMT_1838_Type2_VFreeze_Unequal5,36,1.0,0.0,10.0,6.0,500000,81561,19098,19098,19097,1,0,0,3.8196,3.8196,3.8194
NEW_RMT_1838_Type2_VFreeze_Unequal5,36,1.0,0.0,10.0,7.0,500000,73467,18422,18422,18412,10,0,0,3.6844,3.6844,3.6824
NEW_RMT_1838_Type2_VFreeze_Unequal5,36,1.0,0.0,10.0,8.0,500000,67093,17598,17598,17565,33,0,0,3.5196,3.5196,3.513
NEW_RMT_1838_Type2_VFreeze_Unequal5,36,1.0,0.0,10.0,9.0,500000,62006,16802,16802,16705,97,0,0,3.3604,3.3604,3.341
NEW_RMT_1838_Type2_VFreeze_Unequal5,36,1.0,0.0,10.0,10.0,500000,57917,16072,16072,15872,200,0,0,3.2144,3.2144,3.1744
NEW_RMT_1838_Type2_VFreeze_Unequal6,37,10.0,0.0,1.0,0.1,500000,500000,0,0,0,0,0,0,0.0,0.0,0.0
NEW_RMT_1838_Type2_VFreeze_Unequal6,37,10.0,0.0,1.0,0.2,500000,500000,0,0,0,0,0,0,0.0,0.0,0.0
NEW_RMT_1838_Type2_VFreeze_Unequal6,37,10.0,0.0,1.0,0.3,500000,499997,0,0,0,0,0,0,0.0,0.0,0.0
NEW_RMT_1838_Type2_VFreeze_Unequal6,37,10.0,0.0,1.0,0.4,500000,499589,0,0,0,0,0,0,0.0,0.0,0.0
NEW_RMT_1838_Type2_VFreeze_Unequal6,37,10.0,0.0,1.0,0.5,500000,495402,0,0,0,0,0,0,0.0,0.0,0.0
NEW_RMT_1838_Type2_VFreeze_Unequal6,37,10.0,0.0,1.0,0.58,500000,485969,0,0,0,0,0,0,0.0,0.0,0.0
NEW_RMT_1838_Type2_VFreeze_Unequal6,37,10.0,0.0,1.0,0.6,500000,482642,0,0,0,0,0,0,0.0,0.0,0.0
NEW_RMT_1838_Type2_VFreeze_Unequal6,37,10.0,0.0,1.0,0.7,500000,460746,0,0,0,0,0,0,0.0,0.0,0.0
NEW_RMT_1838_Type2_VFreeze_Unequal6,37,10.0,0.0,1.0,0.8,500000,433299,0,0,0,0,0,0,0.0,0.0,0.0
NEW_RMT_1838_Type2_VFreeze_Unequal6,37,10.0,0.0,1.0,0.9,500000,403836,0,0,0,0,0,0,0.0,0.0,0.0
NEW_RMT_1838_Type2_VFreeze_Unequal6,37,10.0,0.0,1.0,1.0,500000,374316,0,0,0,0,0,0,0.0,0.0,0.0
NEW_RMT_1838_Type2_VFreeze_Unequal6,37,10.0,0.0,1.0,1.1,500000,346971,0,0,0,0,0,0,0.0,0.0,0.0
NEW_RMT_1838_Type2_VFreeze_Unequal6,37,10.0,0.0,1.0,1.2,500000,321807,0,0,0,0,0,0,0.0,0.0,0.0
NEW_RMT_1838_Type2_VFreeze_Unequal6,37,10.0,0.0,1.0,1.3,500000,299433,0,0,0,0,0,0,0.0,0.0,0.0
NEW_RMT_1838_Type2_VFreeze_Unequal6,37,10.0,0.0,1.0,1.4,500000,279507,0,0,0,0,0,0,0.0,0.0,0.0
NEW_RMT_1838_Type2_VFreeze_Unequal6,37,10.0,0.0,1.0,1.5,500000,261652,0,0,0,0,0,0,0.0,0.0,0.0
NEW_RMT_1838_Type2_VFreeze_Unequal6,37,10.0,0.0,1.0,1.6,500000,245893,0,0,0,0,0,0,0.0,0.0,0.0
NEW_RMT_1838_Type2_VFreeze_Unequal6,37,10.0,0.0,1.0,1.8,500000,219308,0,0,0,0,0,0,0.0,0.0,0.0
NEW_RMT_1838_Type2_VFreeze_Unequal6,37,10.0,0.0,1.0,2.0,500000,198117,0,0,0,0,0,0,0.0,0.0,0.0
NEW_RMT_1838_Type2_VFreeze_Unequal6,37,10.0,0.0,1.0,2.2,500000,181074,0,0,0,0,1,0,0.0,0.0,0.0
NEW_RMT_1838_Type2_VFreeze_Unequal6,37,10.0,0.0,1.0,2.4,500000,167376,0,0,0,0,1,0,0.0,0.0,0.0
NEW_RMT_1838_Type2_VFreeze_Unequal6,37,10.0,0.0,1.0,2.6,500000,155692,0,0,0,0,1,0,0.0,0.0,0.0
NEW_RMT_1838_Type2_VFreeze_Unequal6,37,10.0,0.0,1.0,2.8,500000,145962,0,0,0,0,3,0,0.0,0.0,0.0
NEW_RMT_1838_Type2_VFreeze_Unequal6,37,10.0,0.0,1.0,3.0,500000,137606,0,0,0,0,5,0,0.0,0.0,0.0
NEW_RMT_1838_Type2_VFreeze_Unequal6,37,10.0,0.0,1.0,3.2,500000,130544,0,0,0,0,9,0,0.0,0.0,0.0
NEW_RMT_1838_Type2_VFreeze_Unequal6,37,10.0,0.0,1.0,3.4,500000,124265,0,0,0,0,12,0,0.0,0.0,0.0
NEW_RMT_1838_Type2_VFreeze_Unequal6,37,10.0,0.0,1.0,3.6,500000,118713,0,0,0,0,19,0,0.0,0.0,0.0
NEW_RMT_1838_Type2_VFreeze_Unequal6,37,10.0,0.0,1.0,3.8,500000,113873,0,0,0,0,21,0,0.0,0.0,0.0
NEW_RMT_1838_Type2_VFreeze_Unequal6,37,10.0,0.0,1.0,4.0,500000,109475,0,0,0,0,32,0,0.0,0.0,0.0
NEW_RMT_1838_Type2_VFreeze_Unequal6,37,10.0,0.0,1.0,4.5,500000,100262,0,0,0,0,75,0,0.0,0.0,0.0
NEW_RMT_1838_Type2_VFreeze_Unequal6,37,10.0,0.0,1.0,5.0,500000,92855,0,0,0,0,147,0,0.0,0.0,0.0
NEW_RMT_1838_Type2_VFreeze_Unequal6,37,10.0,0.0,1.0,5.5,500000,86748,0,0,0,0,224,0,0.0,0.0,0.0
NEW_RMT_1838_Type2_VFreeze_Unequal6,37,10.0,0.0,1.0,6.0,500000,81561,0,0,0,0,323,0,0.0,0.0,0.0
NEW_RMT_1838_Type2_VFreeze_Unequal6,37,10.0,0.0,1.0,7.0,500000,73467,0,0,0,0,505,0,0.0,0.0,0.0
NEW_RMT_1838_Type2_VFreeze_Unequal6,37,10.0,0.0,1.0,8.0,500000,67093,0,0,0,0,713,0,0.0,0.0,0.0
NEW_RMT_1838_Type2_VFreeze_Unequal6,37,10.0,0.0,1.0,9.0,500000,62006,0,0,0,0,887,0,0.0,0.0,0.0
NEW_RMT_1838_Type2_VFreeze_Unequal6,37,10.0,0.0,1.0,10.0,500000,57917,0,0,0,0,1046,0,0.0,0.0,0.0
